sequence_index,row_kind,event,action_tick,frame_index,time_s,phase,source_time_s,q_rad::waist_yaw_joint,q_rad::waist_roll_joint,q_rad::waist_pitch_joint,q_rad::head_yaw_joint,q_rad::head_pitch_joint,q_rad::left_shoulder_pitch_joint,q_rad::left_shoulder_roll_joint,q_rad::left_shoulder_yaw_joint,q_rad::left_elbow_joint,q_rad::left_wrist_roll_joint,q_rad::left_wrist_pitch_joint,q_rad::left_wrist_yaw_joint,q_rad::right_shoulder_pitch_joint,q_rad::right_shoulder_roll_joint,q_rad::right_shoulder_yaw_joint,q_rad::right_elbow_joint,q_rad::right_wrist_roll_joint,q_rad::right_wrist_pitch_joint,q_rad::right_wrist_yaw_joint,q_rad::left_hip_pitch_joint,q_rad::left_hip_roll_joint,q_rad::left_hip_yaw_joint,q_rad::left_knee_joint,q_rad::left_ankle_pitch_joint,q_rad::left_ankle_roll_joint,q_rad::right_hip_pitch_joint,q_rad::right_hip_roll_joint,q_rad::right_hip_yaw_joint,q_rad::right_knee_joint,q_rad::right_ankle_pitch_joint,q_rad::right_ankle_roll_joint,qd_rad_s::waist_yaw_joint,qd_rad_s::waist_roll_joint,qd_rad_s::waist_pitch_joint,qd_rad_s::head_yaw_joint,qd_rad_s::head_pitch_joint,qd_rad_s::left_shoulder_pitch_joint,qd_rad_s::left_shoulder_roll_joint,qd_rad_s::left_shoulder_yaw_joint,qd_rad_s::left_elbow_joint,qd_rad_s::left_wrist_roll_joint,qd_rad_s::left_wrist_pitch_joint,qd_rad_s::left_wrist_yaw_joint,qd_rad_s::right_shoulder_pitch_joint,qd_rad_s::right_shoulder_roll_joint,qd_rad_s::right_shoulder_yaw_joint,qd_rad_s::right_elbow_joint,qd_rad_s::right_wrist_roll_joint,qd_rad_s::right_wrist_pitch_joint,qd_rad_s::right_wrist_yaw_joint,qd_rad_s::left_hip_pitch_joint,qd_rad_s::left_hip_roll_joint,qd_rad_s::left_hip_yaw_joint,qd_rad_s::left_knee_joint,qd_rad_s::left_ankle_pitch_joint,qd_rad_s::left_ankle_roll_joint,qd_rad_s::right_hip_pitch_joint,qd_rad_s::right_hip_roll_joint,qd_rad_s::right_hip_yaw_joint,qd_rad_s::right_knee_joint,qd_rad_s::right_ankle_pitch_joint,qd_rad_s::right_ankle_roll_joint,qdd_rad_s2::waist_yaw_joint,qdd_rad_s2::waist_roll_joint,qdd_rad_s2::waist_pitch_joint,qdd_rad_s2::head_yaw_joint,qdd_rad_s2::head_pitch_joint,qdd_rad_s2::left_shoulder_pitch_joint,qdd_rad_s2::left_shoulder_roll_joint,qdd_rad_s2::left_shoulder_yaw_joint,qdd_rad_s2::left_elbow_joint,qdd_rad_s2::left_wrist_roll_joint,qdd_rad_s2::left_wrist_pitch_joint,qdd_rad_s2::left_wrist_yaw_joint,qdd_rad_s2::right_shoulder_pitch_joint,qdd_rad_s2::right_shoulder_roll_joint,qdd_rad_s2::right_shoulder_yaw_joint,qdd_rad_s2::right_elbow_joint,qdd_rad_s2::right_wrist_roll_joint,qdd_rad_s2::right_wrist_pitch_joint,qdd_rad_s2::right_wrist_yaw_joint,qdd_rad_s2::left_hip_pitch_joint,qdd_rad_s2::left_hip_roll_joint,qdd_rad_s2::left_hip_yaw_joint,qdd_rad_s2::left_knee_joint,qdd_rad_s2::left_ankle_pitch_joint,qdd_rad_s2::left_ankle_roll_joint,qdd_rad_s2::right_hip_pitch_joint,qdd_rad_s2::right_hip_roll_joint,qdd_rad_s2::right_hip_yaw_joint,qdd_rad_s2::right_knee_joint,qdd_rad_s2::right_ankle_pitch_joint,qdd_rad_s2::right_ankle_roll_joint
0,PREAMBLE,WAIT_LOAD_CLEAR,,,,,,,,,,,,,,,,,,,,,,,,,,,,,,,,,,,,,,,,,,,,,,,,,,,,,,,,,,,,,,,,,,,,,,,,,,,,,,,,,,,,,,,,,,,,,,,,,,
1,PREAMBLE,GRAB,,,,,,,,,,,,,,,,,,,,,,,,,,,,,,,,,,,,,,,,,,,,,,,,,,,,,,,,,,,,,,,,,,,,,,,,,,,,,,,,,,,,,,,,,,,,,,,,,,
2,PREAMBLE,WAIT_GRAB_ACK,,,,,,,,,,,,,,,,,,,,,,,,,,,,,,,,,,,,,,,,,,,,,,,,,,,,,,,,,,,,,,,,,,,,,,,,,,,,,,,,,,,,,,,,,,,,,,,,,,
3,PREAMBLE,WAIT_SECURE_CLEAR,,,,,,,,,,,,,,,,,,,,,,,,,,,,,,,,,,,,,,,,,,,,,,,,,,,,,,,,,,,,,,,,,,,,,,,,,,,,,,,,,,,,,,,,,,,,,,,,,,
4,PREAMBLE,WAIT_SPACE,,,,,,,,,,,,,,,,,,,,,,,,,,,,,,,,,,,,,,,,,,,,,,,,,,,,,,,,,,,,,,,,,,,,,,,,,,,,,,,,,,,,,,,,,,,,,,,,,,
5,FRAME,SPACE,0,0,0,READY,-0.5,0,0,0,0,0,-1.4046392751347738,0.3358505556397568,-0.15599707196624429,-0.43373972580696757,0.018652721324241759,0.28070492315996365,-1.2929643037189176,-1.0426986999028185,-0.92103131174336617,1.3522660140684255,-0.56122420738758738,0.45344145240495265,0.24544670324231041,0.074281866327503429,-0.15109999999999998,0.0055999999999999999,-0.034799999999999998,0.2868,-0.093399999999999997,-0.0077999999999999996,-0.15109999999999998,-0.0055999999999999999,0.034799999999999998,0.2868,-0.093399999999999997,0.0077999999999999996,0,0,0,0,0,0,0,0,0,0,0,0,0,0,0,0,0,0,0,0,0,0,0,0,0,0,0,0,0,0,0,0,0,0,0,0,0,0,0,0,0,0,0,0,0,0,0,0,0,0,0,0,0,0,0,0,0,0,0,0,0,0
6,FRAME,NONE,1,1,0.01,READY,-0.48999999999999999,0,0,0,0,0,-1.4046392751347738,0.3358505556397568,-0.15599707196624429,-0.43373972580696757,0.018652721324241759,0.28070492315996365,-1.2929643037189176,-1.0426986999028185,-0.92103131174336617,1.3522660140684255,-0.56122420738758738,0.45344145240495265,0.24544670324231041,0.074281866327503429,-0.15109999999999998,0.0055999999999999999,-0.034799999999999998,0.2868,-0.093399999999999997,-0.0077999999999999996,-0.15109999999999998,-0.0055999999999999999,0.034799999999999998,0.2868,-0.093399999999999997,0.0077999999999999996,0,0,0,0,0,0,0,0,0,0,0,0,0,0,0,0,0,0,0,0,0,0,0,0,0,0,0,0,0,0,0,0,0,0,0,0,0,0,0,0,0,0,0,0,0,0,0,0,0,0,0,0,0,0,0,0,0,0,0,0,0,0
7,FRAME,NONE,2,2,0.02,READY,-0.47999999999999998,0,0,0,0,0,-1.4046392751347738,0.3358505556397568,-0.15599707196624429,-0.43373972580696757,0.018652721324241759,0.28070492315996365,-1.2929643037189176,-1.0426986999028185,-0.92103131174336617,1.3522660140684255,-0.56122420738758738,0.45344145240495265,0.24544670324231041,0.074281866327503429,-0.15109999999999998,0.0055999999999999999,-0.034799999999999998,0.2868,-0.093399999999999997,-0.0077999999999999996,-0.15109999999999998,-0.0055999999999999999,0.034799999999999998,0.2868,-0.093399999999999997,0.0077999999999999996,0,0,0,0,0,0,0,0,0,0,0,0,0,0,0,0,0,0,0,0,0,0,0,0,0,0,0,0,0,0,0,0,0,0,0,0,0,0,0,0,0,0,0,0,0,0,0,0,0,0,0,0,0,0,0,0,0,0,0,0,0,0
8,FRAME,NONE,3,3,0.029999999999999999,READY,-0.46999999999999997,0,0,0,0,0,-1.4046392751347738,0.3358505556397568,-0.15599707196624429,-0.43373972580696757,0.018652721324241759,0.28070492315996365,-1.2929643037189176,-1.0426986999028185,-0.92103131174336617,1.3522660140684255,-0.56122420738758738,0.45344145240495265,0.24544670324231041,0.074281866327503429,-0.15109999999999998,0.0055999999999999999,-0.034799999999999998,0.2868,-0.093399999999999997,-0.0077999999999999996,-0.15109999999999998,-0.0055999999999999999,0.034799999999999998,0.2868,-0.093399999999999997,0.0077999999999999996,0,0,0,0,0,0,0,0,0,0,0,0,0,0,0,0,0,0,0,0,0,0,0,0,0,0,0,0,0,0,0,0,0,0,0,0,0,0,0,0,0,0,0,0,0,0,0,0,0,0,0,0,0,0,0,0,0,0,0,0,0,0
9,FRAME,NONE,4,4,0.040000000000000001,READY,-0.46000000000000002,0,0,0,0,0,-1.4046392751347738,0.3358505556397568,-0.15599707196624429,-0.43373972580696757,0.018652721324241759,0.28070492315996365,-1.2929643037189176,-1.0426986999028185,-0.92103131174336617,1.3522660140684255,-0.56122420738758738,0.45344145240495265,0.24544670324231041,0.074281866327503429,-0.15109999999999998,0.0055999999999999999,-0.034799999999999998,0.2868,-0.093399999999999997,-0.0077999999999999996,-0.15109999999999998,-0.0055999999999999999,0.034799999999999998,0.2868,-0.093399999999999997,0.0077999999999999996,0,0,0,0,0,0,0,0,0,0,0,0,0,0,0,0,0,0,0,0,0,0,0,0,0,0,0,0,0,0,0,0,0,0,0,0,0,0,0,0,0,0,0,0,0,0,0,0,0,0,0,0,0,0,0,0,0,0,0,0,0,0
10,FRAME,NONE,5,5,0.050000000000000003,READY,-0.45000000000000001,0,0,0,0,0,-1.4046392751347738,0.3358505556397568,-0.15599707196624429,-0.43373972580696757,0.018652721324241759,0.28070492315996365,-1.2929643037189176,-1.0426986999028185,-0.92103131174336617,1.3522660140684255,-0.56122420738758738,0.45344145240495265,0.24544670324231041,0.074281866327503429,-0.15109999999999998,0.0055999999999999999,-0.034799999999999998,0.2868,-0.093399999999999997,-0.0077999999999999996,-0.15109999999999998,-0.0055999999999999999,0.034799999999999998,0.2868,-0.093399999999999997,0.0077999999999999996,0,0,0,0,0,0,0,0,0,0,0,0,0,0,0,0,0,0,0,0,0,0,0,0,0,0,0,0,0,0,0,0,0,0,0,0,0,0,0,0,0,0,0,0,0,0,0,0,0,0,0,0,0,0,0,0,0,0,0,0,0,0
11,FRAME,NONE,6,6,0.059999999999999998,READY,-0.44,0,0,0,0,0,-1.4046392751347738,0.3358505556397568,-0.15599707196624429,-0.43373972580696757,0.018652721324241759,0.28070492315996365,-1.2929643037189176,-1.0426986999028185,-0.92103131174336617,1.3522660140684255,-0.56122420738758738,0.45344145240495265,0.24544670324231041,0.074281866327503429,-0.15109999999999998,0.0055999999999999999,-0.034799999999999998,0.2868,-0.093399999999999997,-0.0077999999999999996,-0.15109999999999998,-0.0055999999999999999,0.034799999999999998,0.2868,-0.093399999999999997,0.0077999999999999996,0,0,0,0,0,0,0,0,0,0,0,0,0,0,0,0,0,0,0,0,0,0,0,0,0,0,0,0,0,0,0,0,0,0,0,0,0,0,0,0,0,0,0,0,0,0,0,0,0,0,0,0,0,0,0,0,0,0,0,0,0,0
12,FRAME,NONE,7,7,0.070000000000000007,READY,-0.42999999999999999,0,0,0,0,0,-1.4046392751347738,0.3358505556397568,-0.15599707196624429,-0.43373972580696757,0.018652721324241759,0.28070492315996365,-1.2929643037189176,-1.0426986999028185,-0.92103131174336617,1.3522660140684255,-0.56122420738758738,0.45344145240495265,0.24544670324231041,0.074281866327503429,-0.15109999999999998,0.0055999999999999999,-0.034799999999999998,0.2868,-0.093399999999999997,-0.0077999999999999996,-0.15109999999999998,-0.0055999999999999999,0.034799999999999998,0.2868,-0.093399999999999997,0.0077999999999999996,0,0,0,0,0,0,0,0,0,0,0,0,0,0,0,0,0,0,0,0,0,0,0,0,0,0,0,0,0,0,0,0,0,0,0,0,0,0,0,0,0,0,0,0,0,0,0,0,0,0,0,0,0,0,0,0,0,0,0,0,0,0
13,FRAME,NONE,8,8,0.080000000000000002,READY,-0.41999999999999998,0,0,0,0,0,-1.4046392751347738,0.3358505556397568,-0.15599707196624429,-0.43373972580696757,0.018652721324241759,0.28070492315996365,-1.2929643037189176,-1.0426986999028185,-0.92103131174336617,1.3522660140684255,-0.56122420738758738,0.45344145240495265,0.24544670324231041,0.074281866327503429,-0.15109999999999998,0.0055999999999999999,-0.034799999999999998,0.2868,-0.093399999999999997,-0.0077999999999999996,-0.15109999999999998,-0.0055999999999999999,0.034799999999999998,0.2868,-0.093399999999999997,0.0077999999999999996,0,0,0,0,0,0,0,0,0,0,0,0,0,0,0,0,0,0,0,0,0,0,0,0,0,0,0,0,0,0,0,0,0,0,0,0,0,0,0,0,0,0,0,0,0,0,0,0,0,0,0,0,0,0,0,0,0,0,0,0,0,0
14,FRAME,NONE,9,9,0.089999999999999997,READY,-0.40999999999999998,0,0,0,0,0,-1.4046392751347738,0.3358505556397568,-0.15599707196624429,-0.43373972580696757,0.018652721324241759,0.28070492315996365,-1.2929643037189176,-1.0426986999028185,-0.92103131174336617,1.3522660140684255,-0.56122420738758738,0.45344145240495265,0.24544670324231041,0.074281866327503429,-0.15109999999999998,0.0055999999999999999,-0.034799999999999998,0.2868,-0.093399999999999997,-0.0077999999999999996,-0.15109999999999998,-0.0055999999999999999,0.034799999999999998,0.2868,-0.093399999999999997,0.0077999999999999996,0,0,0,0,0,0,0,0,0,0,0,0,0,0,0,0,0,0,0,0,0,0,0,0,0,0,0,0,0,0,0,0,0,0,0,0,0,0,0,0,0,0,0,0,0,0,0,0,0,0,0,0,0,0,0,0,0,0,0,0,0,0
15,FRAME,NONE,10,10,0.10000000000000001,READY,-0.40000000000000002,0,0,0,0,0,-1.4046392751347738,0.3358505556397568,-0.15599707196624429,-0.43373972580696757,0.018652721324241759,0.28070492315996365,-1.2929643037189176,-1.0426986999028185,-0.92103131174336617,1.3522660140684255,-0.56122420738758738,0.45344145240495265,0.24544670324231041,0.074281866327503429,-0.15109999999999998,0.0055999999999999999,-0.034799999999999998,0.2868,-0.093399999999999997,-0.0077999999999999996,-0.15109999999999998,-0.0055999999999999999,0.034799999999999998,0.2868,-0.093399999999999997,0.0077999999999999996,0,0,0,0,0,0,0,0,0,0,0,0,0,0,0,0,0,0,0,0,0,0,0,0,0,0,0,0,0,0,0,0,0,0,0,0,0,0,0,0,0,0,0,0,0,0,0,0,0,0,0,0,0,0,0,0,0,0,0,0,0,0
16,FRAME,NONE,11,11,0.11,READY,-0.39000000000000001,0,0,0,0,0,-1.4046392751347738,0.3358505556397568,-0.15599707196624429,-0.43373972580696757,0.018652721324241759,0.28070492315996365,-1.2929643037189176,-1.0426986999028185,-0.92103131174336617,1.3522660140684255,-0.56122420738758738,0.45344145240495265,0.24544670324231041,0.074281866327503429,-0.15109999999999998,0.0055999999999999999,-0.034799999999999998,0.2868,-0.093399999999999997,-0.0077999999999999996,-0.15109999999999998,-0.0055999999999999999,0.034799999999999998,0.2868,-0.093399999999999997,0.0077999999999999996,0,0,0,0,0,0,0,0,0,0,0,0,0,0,0,0,0,0,0,0,0,0,0,0,0,0,0,0,0,0,0,0,0,0,0,0,0,0,0,0,0,0,0,0,0,0,0,0,0,0,0,0,0,0,0,0,0,0,0,0,0,0
17,FRAME,NONE,12,12,0.12,READY,-0.38,0,0,0,0,0,-1.4046392751347738,0.3358505556397568,-0.15599707196624429,-0.43373972580696757,0.018652721324241759,0.28070492315996365,-1.2929643037189176,-1.0426986999028185,-0.92103131174336617,1.3522660140684255,-0.56122420738758738,0.45344145240495265,0.24544670324231041,0.074281866327503429,-0.15109999999999998,0.0055999999999999999,-0.034799999999999998,0.2868,-0.093399999999999997,-0.0077999999999999996,-0.15109999999999998,-0.0055999999999999999,0.034799999999999998,0.2868,-0.093399999999999997,0.0077999999999999996,0,0,0,0,0,0,0,0,0,0,0,0,0,0,0,0,0,0,0,0,0,0,0,0,0,0,0,0,0,0,0,0,0,0,0,0,0,0,0,0,0,0,0,0,0,0,0,0,0,0,0,0,0,0,0,0,0,0,0,0,0,0
18,FRAME,NONE,13,13,0.13,READY,-0.37,0,0,0,0,0,-1.4046392751347738,0.3358505556397568,-0.15599707196624429,-0.43373972580696757,0.018652721324241759,0.28070492315996365,-1.2929643037189176,-1.0426986999028185,-0.92103131174336617,1.3522660140684255,-0.56122420738758738,0.45344145240495265,0.24544670324231041,0.074281866327503429,-0.15109999999999998,0.0055999999999999999,-0.034799999999999998,0.2868,-0.093399999999999997,-0.0077999999999999996,-0.15109999999999998,-0.0055999999999999999,0.034799999999999998,0.2868,-0.093399999999999997,0.0077999999999999996,0,0,0,0,0,0,0,0,0,0,0,0,0,0,0,0,0,0,0,0,0,0,0,0,0,0,0,0,0,0,0,0,0,0,0,0,0,0,0,0,0,0,0,0,0,0,0,0,0,0,0,0,0,0,0,0,0,0,0,0,0,0
19,FRAME,NONE,14,14,0.14000000000000001,READY,-0.35999999999999999,0,0,0,0,0,-1.4046392751347738,0.3358505556397568,-0.15599707196624429,-0.43373972580696757,0.018652721324241759,0.28070492315996365,-1.2929643037189176,-1.0426986999028185,-0.92103131174336617,1.3522660140684255,-0.56122420738758738,0.45344145240495265,0.24544670324231041,0.074281866327503429,-0.15109999999999998,0.0055999999999999999,-0.034799999999999998,0.2868,-0.093399999999999997,-0.0077999999999999996,-0.15109999999999998,-0.0055999999999999999,0.034799999999999998,0.2868,-0.093399999999999997,0.0077999999999999996,0,0,0,0,0,0,0,0,0,0,0,0,0,0,0,0,0,0,0,0,0,0,0,0,0,0,0,0,0,0,0,0,0,0,0,0,0,0,0,0,0,0,0,0,0,0,0,0,0,0,0,0,0,0,0,0,0,0,0,0,0,0
20,FRAME,NONE,15,15,0.14999999999999999,READY,-0.34999999999999998,0,0,0,0,0,-1.4046392751347738,0.3358505556397568,-0.15599707196624429,-0.43373972580696757,0.018652721324241759,0.28070492315996365,-1.2929643037189176,-1.0426986999028185,-0.92103131174336617,1.3522660140684255,-0.56122420738758738,0.45344145240495265,0.24544670324231041,0.074281866327503429,-0.15109999999999998,0.0055999999999999999,-0.034799999999999998,0.2868,-0.093399999999999997,-0.0077999999999999996,-0.15109999999999998,-0.0055999999999999999,0.034799999999999998,0.2868,-0.093399999999999997,0.0077999999999999996,0,0,0,0,0,0,0,0,0,0,0,0,0,0,0,0,0,0,0,0,0,0,0,0,0,0,0,0,0,0,0,0,0,0,0,0,0,0,0,0,0,0,0,0,0,0,0,0,0,0,0,0,0,0,0,0,0,0,0,0,0,0
21,FRAME,NONE,16,16,0.16,READY,-0.34000000000000002,0,0,0,0,0,-1.4046392751347738,0.3358505556397568,-0.15599707196624429,-0.43373972580696757,0.018652721324241759,0.28070492315996365,-1.2929643037189176,-1.0426986999028185,-0.92103131174336617,1.3522660140684255,-0.56122420738758738,0.45344145240495265,0.24544670324231041,0.074281866327503429,-0.15109999999999998,0.0055999999999999999,-0.034799999999999998,0.2868,-0.093399999999999997,-0.0077999999999999996,-0.15109999999999998,-0.0055999999999999999,0.034799999999999998,0.2868,-0.093399999999999997,0.0077999999999999996,0,0,0,0,0,0,0,0,0,0,0,0,0,0,0,0,0,0,0,0,0,0,0,0,0,0,0,0,0,0,0,0,0,0,0,0,0,0,0,0,0,0,0,0,0,0,0,0,0,0,0,0,0,0,0,0,0,0,0,0,0,0
22,FRAME,NONE,17,17,0.17000000000000001,READY,-0.33000000000000002,0,0,0,0,0,-1.4046392751347738,0.3358505556397568,-0.15599707196624429,-0.43373972580696757,0.018652721324241759,0.28070492315996365,-1.2929643037189176,-1.0426986999028185,-0.92103131174336617,1.3522660140684255,-0.56122420738758738,0.45344145240495265,0.24544670324231041,0.074281866327503429,-0.15109999999999998,0.0055999999999999999,-0.034799999999999998,0.2868,-0.093399999999999997,-0.0077999999999999996,-0.15109999999999998,-0.0055999999999999999,0.034799999999999998,0.2868,-0.093399999999999997,0.0077999999999999996,0,0,0,0,0,0,0,0,0,0,0,0,0,0,0,0,0,0,0,0,0,0,0,0,0,0,0,0,0,0,0,0,0,0,0,0,0,0,0,0,0,0,0,0,0,0,0,0,0,0,0,0,0,0,0,0,0,0,0,0,0,0
23,FRAME,NONE,18,18,0.17999999999999999,READY,-0.32000000000000001,0,0,0,0,0,-1.4046392751347738,0.3358505556397568,-0.15599707196624429,-0.43373972580696757,0.018652721324241759,0.28070492315996365,-1.2929643037189176,-1.0426986999028185,-0.92103131174336617,1.3522660140684255,-0.56122420738758738,0.45344145240495265,0.24544670324231041,0.074281866327503429,-0.15109999999999998,0.0055999999999999999,-0.034799999999999998,0.2868,-0.093399999999999997,-0.0077999999999999996,-0.15109999999999998,-0.0055999999999999999,0.034799999999999998,0.2868,-0.093399999999999997,0.0077999999999999996,0,0,0,0,0,0,0,0,0,0,0,0,0,0,0,0,0,0,0,0,0,0,0,0,0,0,0,0,0,0,0,0,0,0,0,0,0,0,0,0,0,0,0,0,0,0,0,0,0,0,0,0,0,0,0,0,0,0,0,0,0,0
24,FRAME,NONE,19,19,0.19,READY,-0.31,0,0,0,0,0,-1.4046392751347738,0.3358505556397568,-0.15599707196624429,-0.43373972580696757,0.018652721324241759,0.28070492315996365,-1.2929643037189176,-1.0426986999028185,-0.92103131174336617,1.3522660140684255,-0.56122420738758738,0.45344145240495265,0.24544670324231041,0.074281866327503429,-0.15109999999999998,0.0055999999999999999,-0.034799999999999998,0.2868,-0.093399999999999997,-0.0077999999999999996,-0.15109999999999998,-0.0055999999999999999,0.034799999999999998,0.2868,-0.093399999999999997,0.0077999999999999996,0,0,0,0,0,0,0,0,0,0,0,0,0,0,0,0,0,0,0,0,0,0,0,0,0,0,0,0,0,0,0,0,0,0,0,0,0,0,0,0,0,0,0,0,0,0,0,0,0,0,0,0,0,0,0,0,0,0,0,0,0,0
25,FRAME,NONE,20,20,0.20000000000000001,READY,-0.29999999999999999,0,0,0,0,0,-1.4046392751347738,0.3358505556397568,-0.15599707196624429,-0.43373972580696757,0.018652721324241759,0.28070492315996365,-1.2929643037189176,-1.0426986999028185,-0.92103131174336617,1.3522660140684255,-0.56122420738758738,0.45344145240495265,0.24544670324231041,0.074281866327503429,-0.15109999999999998,0.0055999999999999999,-0.034799999999999998,0.2868,-0.093399999999999997,-0.0077999999999999996,-0.15109999999999998,-0.0055999999999999999,0.034799999999999998,0.2868,-0.093399999999999997,0.0077999999999999996,0,0,0,0,0,0,0,0,0,0,0,0,0,0,0,0,0,0,0,0,0,0,0,0,0,0,0,0,0,0,0,0,0,0,0,0,0,0,0,0,0,0,0,0,0,0,0,0,0,0,0,0,0,0,0,0,0,0,0,0,0,0
26,FRAME,NONE,21,21,0.20999999999999999,READY,-0.28999999999999998,0,0,0,0,0,-1.4046392751347738,0.3358505556397568,-0.15599707196624429,-0.43373972580696757,0.018652721324241759,0.28070492315996365,-1.2929643037189176,-1.0426986999028185,-0.92103131174336617,1.3522660140684255,-0.56122420738758738,0.45344145240495265,0.24544670324231041,0.074281866327503429,-0.15109999999999998,0.0055999999999999999,-0.034799999999999998,0.2868,-0.093399999999999997,-0.0077999999999999996,-0.15109999999999998,-0.0055999999999999999,0.034799999999999998,0.2868,-0.093399999999999997,0.0077999999999999996,0,0,0,0,0,0,0,0,0,0,0,0,0,0,0,0,0,0,0,0,0,0,0,0,0,0,0,0,0,0,0,0,0,0,0,0,0,0,0,0,0,0,0,0,0,0,0,0,0,0,0,0,0,0,0,0,0,0,0,0,0,0
27,FRAME,NONE,22,22,0.22,READY,-0.28000000000000003,0,0,0,0,0,-1.4046392751347738,0.3358505556397568,-0.15599707196624429,-0.43373972580696757,0.018652721324241759,0.28070492315996365,-1.2929643037189176,-1.0426986999028185,-0.92103131174336617,1.3522660140684255,-0.56122420738758738,0.45344145240495265,0.24544670324231041,0.074281866327503429,-0.15109999999999998,0.0055999999999999999,-0.034799999999999998,0.2868,-0.093399999999999997,-0.0077999999999999996,-0.15109999999999998,-0.0055999999999999999,0.034799999999999998,0.2868,-0.093399999999999997,0.0077999999999999996,0,0,0,0,0,0,0,0,0,0,0,0,0,0,0,0,0,0,0,0,0,0,0,0,0,0,0,0,0,0,0,0,0,0,0,0,0,0,0,0,0,0,0,0,0,0,0,0,0,0,0,0,0,0,0,0,0,0,0,0,0,0
28,FRAME,NONE,23,23,0.23000000000000001,READY,-0.27000000000000002,0,0,0,0,0,-1.4046392751347738,0.3358505556397568,-0.15599707196624429,-0.43373972580696757,0.018652721324241759,0.28070492315996365,-1.2929643037189176,-1.0426986999028185,-0.92103131174336617,1.3522660140684255,-0.56122420738758738,0.45344145240495265,0.24544670324231041,0.074281866327503429,-0.15109999999999998,0.0055999999999999999,-0.034799999999999998,0.2868,-0.093399999999999997,-0.0077999999999999996,-0.15109999999999998,-0.0055999999999999999,0.034799999999999998,0.2868,-0.093399999999999997,0.0077999999999999996,0,0,0,0,0,0,0,0,0,0,0,0,0,0,0,0,0,0,0,0,0,0,0,0,0,0,0,0,0,0,0,0,0,0,0,0,0,0,0,0,0,0,0,0,0,0,0,0,0,0,0,0,0,0,0,0,0,0,0,0,0,0
29,FRAME,NONE,24,24,0.23999999999999999,READY,-0.26000000000000001,0,0,0,0,0,-1.4046392751347738,0.3358505556397568,-0.15599707196624429,-0.43373972580696757,0.018652721324241759,0.28070492315996365,-1.2929643037189176,-1.0426986999028185,-0.92103131174336617,1.3522660140684255,-0.56122420738758738,0.45344145240495265,0.24544670324231041,0.074281866327503429,-0.15109999999999998,0.0055999999999999999,-0.034799999999999998,0.2868,-0.093399999999999997,-0.0077999999999999996,-0.15109999999999998,-0.0055999999999999999,0.034799999999999998,0.2868,-0.093399999999999997,0.0077999999999999996,0,0,0,0,0,0,0,0,0,0,0,0,0,0,0,0,0,0,0,0,0,0,0,0,0,0,0,0,0,0,0,0,0,0,0,0,0,0,0,0,0,0,0,0,0,0,0,0,0,0,0,0,0,0,0,0,0,0,0,0,0,0
30,FRAME,NONE,25,25,0.25,READY,-0.25,0,0,0,0,0,-1.4046392751347738,0.3358505556397568,-0.15599707196624429,-0.43373972580696757,0.018652721324241759,0.28070492315996365,-1.2929643037189176,-1.0426986999028185,-0.92103131174336617,1.3522660140684255,-0.56122420738758738,0.45344145240495265,0.24544670324231041,0.074281866327503429,-0.15109999999999998,0.0055999999999999999,-0.034799999999999998,0.2868,-0.093399999999999997,-0.0077999999999999996,-0.15109999999999998,-0.0055999999999999999,0.034799999999999998,0.2868,-0.093399999999999997,0.0077999999999999996,0,0,0,0,0,0,0,0,0,0,0,0,0,0,0,0,0,0,0,0,0,0,0,0,0,0,0,0,0,0,0,0,0,0,0,0,0,0,0,0,0,0,0,0,0,0,0,0,0,0,0,0,0,0,0,0,0,0,0,0,0,0
31,FRAME,NONE,26,26,0.26000000000000001,READY,-0.23999999999999999,0,0,0,0,0,-1.4046392751347738,0.3358505556397568,-0.15599707196624429,-0.43373972580696757,0.018652721324241759,0.28070492315996365,-1.2929643037189176,-1.0426986999028185,-0.92103131174336617,1.3522660140684255,-0.56122420738758738,0.45344145240495265,0.24544670324231041,0.074281866327503429,-0.15109999999999998,0.0055999999999999999,-0.034799999999999998,0.2868,-0.093399999999999997,-0.0077999999999999996,-0.15109999999999998,-0.0055999999999999999,0.034799999999999998,0.2868,-0.093399999999999997,0.0077999999999999996,0,0,0,0,0,0,0,0,0,0,0,0,0,0,0,0,0,0,0,0,0,0,0,0,0,0,0,0,0,0,0,0,0,0,0,0,0,0,0,0,0,0,0,0,0,0,0,0,0,0,0,0,0,0,0,0,0,0,0,0,0,0
32,FRAME,NONE,27,27,0.27000000000000002,READY,-0.23000000000000001,0,0,0,0,0,-1.4046392751347738,0.3358505556397568,-0.15599707196624429,-0.43373972580696757,0.018652721324241759,0.28070492315996365,-1.2929643037189176,-1.0426986999028185,-0.92103131174336617,1.3522660140684255,-0.56122420738758738,0.45344145240495265,0.24544670324231041,0.074281866327503429,-0.15109999999999998,0.0055999999999999999,-0.034799999999999998,0.2868,-0.093399999999999997,-0.0077999999999999996,-0.15109999999999998,-0.0055999999999999999,0.034799999999999998,0.2868,-0.093399999999999997,0.0077999999999999996,0,0,0,0,0,0,0,0,0,0,0,0,0,0,0,0,0,0,0,0,0,0,0,0,0,0,0,0,0,0,0,0,0,0,0,0,0,0,0,0,0,0,0,0,0,0,0,0,0,0,0,0,0,0,0,0,0,0,0,0,0,0
33,FRAME,NONE,28,28,0.28000000000000003,READY,-0.22,0,0,0,0,0,-1.4046392751347738,0.3358505556397568,-0.15599707196624429,-0.43373972580696757,0.018652721324241759,0.28070492315996365,-1.2929643037189176,-1.0426986999028185,-0.92103131174336617,1.3522660140684255,-0.56122420738758738,0.45344145240495265,0.24544670324231041,0.074281866327503429,-0.15109999999999998,0.0055999999999999999,-0.034799999999999998,0.2868,-0.093399999999999997,-0.0077999999999999996,-0.15109999999999998,-0.0055999999999999999,0.034799999999999998,0.2868,-0.093399999999999997,0.0077999999999999996,0,0,0,0,0,0,0,0,0,0,0,0,0,0,0,0,0,0,0,0,0,0,0,0,0,0,0,0,0,0,0,0,0,0,0,0,0,0,0,0,0,0,0,0,0,0,0,0,0,0,0,0,0,0,0,0,0,0,0,0,0,0
34,FRAME,NONE,29,29,0.28999999999999998,READY,-0.20999999999999999,0,0,0,0,0,-1.4046392751347738,0.3358505556397568,-0.15599707196624429,-0.43373972580696757,0.018652721324241759,0.28070492315996365,-1.2929643037189176,-1.0426986999028185,-0.92103131174336617,1.3522660140684255,-0.56122420738758738,0.45344145240495265,0.24544670324231041,0.074281866327503429,-0.15109999999999998,0.0055999999999999999,-0.034799999999999998,0.2868,-0.093399999999999997,-0.0077999999999999996,-0.15109999999999998,-0.0055999999999999999,0.034799999999999998,0.2868,-0.093399999999999997,0.0077999999999999996,0,0,0,0,0,0,0,0,0,0,0,0,0,0,0,0,0,0,0,0,0,0,0,0,0,0,0,0,0,0,0,0,0,0,0,0,0,0,0,0,0,0,0,0,0,0,0,0,0,0,0,0,0,0,0,0,0,0,0,0,0,0
35,FRAME,NONE,30,30,0.29999999999999999,READY,-0.20000000000000001,0,0,0,0,0,-1.4046392751347738,0.3358505556397568,-0.15599707196624429,-0.43373972580696757,0.018652721324241759,0.28070492315996365,-1.2929643037189176,-1.0426986999028185,-0.92103131174336617,1.3522660140684255,-0.56122420738758738,0.45344145240495265,0.24544670324231041,0.074281866327503429,-0.15109999999999998,0.0055999999999999999,-0.034799999999999998,0.2868,-0.093399999999999997,-0.0077999999999999996,-0.15109999999999998,-0.0055999999999999999,0.034799999999999998,0.2868,-0.093399999999999997,0.0077999999999999996,0,0,0,0,0,0,0,0,0,0,0,0,0,0,0,0,0,0,0,0,0,0,0,0,0,0,0,0,0,0,0,0,0,0,0,0,0,0,0,0,0,0,0,0,0,0,0,0,0,0,0,0,0,0,0,0,0,0,0,0,0,0
36,FRAME,NONE,31,31,0.31,READY,-0.19,0,0,0,0,0,-1.4046392751347738,0.3358505556397568,-0.15599707196624429,-0.43373972580696757,0.018652721324241759,0.28070492315996365,-1.2929643037189176,-1.0426986999028185,-0.92103131174336617,1.3522660140684255,-0.56122420738758738,0.45344145240495265,0.24544670324231041,0.074281866327503429,-0.15109999999999998,0.0055999999999999999,-0.034799999999999998,0.2868,-0.093399999999999997,-0.0077999999999999996,-0.15109999999999998,-0.0055999999999999999,0.034799999999999998,0.2868,-0.093399999999999997,0.0077999999999999996,0,0,0,0,0,0,0,0,0,0,0,0,0,0,0,0,0,0,0,0,0,0,0,0,0,0,0,0,0,0,0,0,0,0,0,0,0,0,0,0,0,0,0,0,0,0,0,0,0,0,0,0,0,0,0,0,0,0,0,0,0,0
37,FRAME,NONE,32,32,0.32000000000000001,READY,-0.17999999999999999,0,0,0,0,0,-1.4046392751347738,0.3358505556397568,-0.15599707196624429,-0.43373972580696757,0.018652721324241759,0.28070492315996365,-1.2929643037189176,-1.0426986999028185,-0.92103131174336617,1.3522660140684255,-0.56122420738758738,0.45344145240495265,0.24544670324231041,0.074281866327503429,-0.15109999999999998,0.0055999999999999999,-0.034799999999999998,0.2868,-0.093399999999999997,-0.0077999999999999996,-0.15109999999999998,-0.0055999999999999999,0.034799999999999998,0.2868,-0.093399999999999997,0.0077999999999999996,0,0,0,0,0,0,0,0,0,0,0,0,0,0,0,0,0,0,0,0,0,0,0,0,0,0,0,0,0,0,0,0,0,0,0,0,0,0,0,0,0,0,0,0,0,0,0,0,0,0,0,0,0,0,0,0,0,0,0,0,0,0
38,FRAME,NONE,33,33,0.33000000000000002,READY,-0.17000000000000001,0,0,0,0,0,-1.4046392751347738,0.3358505556397568,-0.15599707196624429,-0.43373972580696757,0.018652721324241759,0.28070492315996365,-1.2929643037189176,-1.0426986999028185,-0.92103131174336617,1.3522660140684255,-0.56122420738758738,0.45344145240495265,0.24544670324231041,0.074281866327503429,-0.15109999999999998,0.0055999999999999999,-0.034799999999999998,0.2868,-0.093399999999999997,-0.0077999999999999996,-0.15109999999999998,-0.0055999999999999999,0.034799999999999998,0.2868,-0.093399999999999997,0.0077999999999999996,0,0,0,0,0,0,0,0,0,0,0,0,0,0,0,0,0,0,0,0,0,0,0,0,0,0,0,0,0,0,0,0,0,0,0,0,0,0,0,0,0,0,0,0,0,0,0,0,0,0,0,0,0,0,0,0,0,0,0,0,0,0
39,FRAME,NONE,34,34,0.34000000000000002,READY,-0.16,0,0,0,0,0,-1.4046392751347738,0.3358505556397568,-0.15599707196624429,-0.43373972580696757,0.018652721324241759,0.28070492315996365,-1.2929643037189176,-1.0426986999028185,-0.92103131174336617,1.3522660140684255,-0.56122420738758738,0.45344145240495265,0.24544670324231041,0.074281866327503429,-0.15109999999999998,0.0055999999999999999,-0.034799999999999998,0.2868,-0.093399999999999997,-0.0077999999999999996,-0.15109999999999998,-0.0055999999999999999,0.034799999999999998,0.2868,-0.093399999999999997,0.0077999999999999996,0,0,0,0,0,0,0,0,0,0,0,0,0,0,0,0,0,0,0,0,0,0,0,0,0,0,0,0,0,0,0,0,0,0,0,0,0,0,0,0,0,0,0,0,0,0,0,0,0,0,0,0,0,0,0,0,0,0,0,0,0,0
40,FRAME,NONE,35,35,0.34999999999999998,READY,-0.14999999999999999,0,0,0,0,0,-1.4046392751347738,0.3358505556397568,-0.15599707196624429,-0.43373972580696757,0.018652721324241759,0.28070492315996365,-1.2929643037189176,-1.0426986999028185,-0.92103131174336617,1.3522660140684255,-0.56122420738758738,0.45344145240495265,0.24544670324231041,0.074281866327503429,-0.15109999999999998,0.0055999999999999999,-0.034799999999999998,0.2868,-0.093399999999999997,-0.0077999999999999996,-0.15109999999999998,-0.0055999999999999999,0.034799999999999998,0.2868,-0.093399999999999997,0.0077999999999999996,0,0,0,0,0,0,0,0,0,0,0,0,0,0,0,0,0,0,0,0,0,0,0,0,0,0,0,0,0,0,0,0,0,0,0,0,0,0,0,0,0,0,0,0,0,0,0,0,0,0,0,0,0,0,0,0,0,0,0,0,0,0
41,FRAME,NONE,36,36,0.35999999999999999,READY,-0.14000000000000001,0,0,0,0,0,-1.4046392751347738,0.3358505556397568,-0.15599707196624429,-0.43373972580696757,0.018652721324241759,0.28070492315996365,-1.2929643037189176,-1.0426986999028185,-0.92103131174336617,1.3522660140684255,-0.56122420738758738,0.45344145240495265,0.24544670324231041,0.074281866327503429,-0.15109999999999998,0.0055999999999999999,-0.034799999999999998,0.2868,-0.093399999999999997,-0.0077999999999999996,-0.15109999999999998,-0.0055999999999999999,0.034799999999999998,0.2868,-0.093399999999999997,0.0077999999999999996,0,0,0,0,0,0,0,0,0,0,0,0,0,0,0,0,0,0,0,0,0,0,0,0,0,0,0,0,0,0,0,0,0,0,0,0,0,0,0,0,0,0,0,0,0,0,0,0,0,0,0,0,0,0,0,0,0,0,0,0,0,0
42,FRAME,NONE,37,37,0.37,READY,-0.13,0,0,0,0,0,-1.4046392751347738,0.3358505556397568,-0.15599707196624429,-0.43373972580696757,0.018652721324241759,0.28070492315996365,-1.2929643037189176,-1.0426986999028185,-0.92103131174336617,1.3522660140684255,-0.56122420738758738,0.45344145240495265,0.24544670324231041,0.074281866327503429,-0.15109999999999998,0.0055999999999999999,-0.034799999999999998,0.2868,-0.093399999999999997,-0.0077999999999999996,-0.15109999999999998,-0.0055999999999999999,0.034799999999999998,0.2868,-0.093399999999999997,0.0077999999999999996,0,0,0,0,0,0,0,0,0,0,0,0,0,0,0,0,0,0,0,0,0,0,0,0,0,0,0,0,0,0,0,0,0,0,0,0,0,0,0,0,0,0,0,0,0,0,0,0,0,0,0,0,0,0,0,0,0,0,0,0,0,0
43,FRAME,NONE,38,38,0.38,READY,-0.12,0,0,0,0,0,-1.4046392751347738,0.3358505556397568,-0.15599707196624429,-0.43373972580696757,0.018652721324241759,0.28070492315996365,-1.2929643037189176,-1.0426986999028185,-0.92103131174336617,1.3522660140684255,-0.56122420738758738,0.45344145240495265,0.24544670324231041,0.074281866327503429,-0.15109999999999998,0.0055999999999999999,-0.034799999999999998,0.2868,-0.093399999999999997,-0.0077999999999999996,-0.15109999999999998,-0.0055999999999999999,0.034799999999999998,0.2868,-0.093399999999999997,0.0077999999999999996,0,0,0,0,0,0,0,0,0,0,0,0,0,0,0,0,0,0,0,0,0,0,0,0,0,0,0,0,0,0,0,0,0,0,0,0,0,0,0,0,0,0,0,0,0,0,0,0,0,0,0,0,0,0,0,0,0,0,0,0,0,0
44,FRAME,NONE,39,39,0.39000000000000001,READY,-0.11,0,0,0,0,0,-1.4046392751347738,0.3358505556397568,-0.15599707196624429,-0.43373972580696757,0.018652721324241759,0.28070492315996365,-1.2929643037189176,-1.0426986999028185,-0.92103131174336617,1.3522660140684255,-0.56122420738758738,0.45344145240495265,0.24544670324231041,0.074281866327503429,-0.15109999999999998,0.0055999999999999999,-0.034799999999999998,0.2868,-0.093399999999999997,-0.0077999999999999996,-0.15109999999999998,-0.0055999999999999999,0.034799999999999998,0.2868,-0.093399999999999997,0.0077999999999999996,0,0,0,0,0,0,0,0,0,0,0,0,0,0,0,0,0,0,0,0,0,0,0,0,0,0,0,0,0,0,0,0,0,0,0,0,0,0,0,0,0,0,0,0,0,0,0,0,0,0,0,0,0,0,0,0,0,0,0,0,0,0
45,FRAME,NONE,40,40,0.40000000000000002,READY,-0.10000000000000001,0,0,0,0,0,-1.4046392751347738,0.3358505556397568,-0.15599707196624429,-0.43373972580696757,0.018652721324241759,0.28070492315996365,-1.2929643037189176,-1.0426986999028185,-0.92103131174336617,1.3522660140684255,-0.56122420738758738,0.45344145240495265,0.24544670324231041,0.074281866327503429,-0.15109999999999998,0.0055999999999999999,-0.034799999999999998,0.2868,-0.093399999999999997,-0.0077999999999999996,-0.15109999999999998,-0.0055999999999999999,0.034799999999999998,0.2868,-0.093399999999999997,0.0077999999999999996,0,0,0,0,0,0,0,0,0,0,0,0,0,0,0,0,0,0,0,0,0,0,0,0,0,0,0,0,0,0,0,0,0,0,0,0,0,0,0,0,0,0,0,0,0,0,0,0,0,0,0,0,0,0,0,0,0,0,0,0,0,0
46,FRAME,NONE,41,41,0.40999999999999998,READY,-0.089999999999999997,0,0,0,0,0,-1.4046392751347738,0.3358505556397568,-0.15599707196624429,-0.43373972580696757,0.018652721324241759,0.28070492315996365,-1.2929643037189176,-1.0426986999028185,-0.92103131174336617,1.3522660140684255,-0.56122420738758738,0.45344145240495265,0.24544670324231041,0.074281866327503429,-0.15109999999999998,0.0055999999999999999,-0.034799999999999998,0.2868,-0.093399999999999997,-0.0077999999999999996,-0.15109999999999998,-0.0055999999999999999,0.034799999999999998,0.2868,-0.093399999999999997,0.0077999999999999996,0,0,0,0,0,0,0,0,0,0,0,0,0,0,0,0,0,0,0,0,0,0,0,0,0,0,0,0,0,0,0,0,0,0,0,0,0,0,0,0,0,0,0,0,0,0,0,0,0,0,0,0,0,0,0,0,0,0,0,0,0,0
47,FRAME,NONE,42,42,0.41999999999999998,READY,-0.080000000000000002,0,0,0,0,0,-1.4046392751347738,0.3358505556397568,-0.15599707196624429,-0.43373972580696757,0.018652721324241759,0.28070492315996365,-1.2929643037189176,-1.0426986999028185,-0.92103131174336617,1.3522660140684255,-0.56122420738758738,0.45344145240495265,0.24544670324231041,0.074281866327503429,-0.15109999999999998,0.0055999999999999999,-0.034799999999999998,0.2868,-0.093399999999999997,-0.0077999999999999996,-0.15109999999999998,-0.0055999999999999999,0.034799999999999998,0.2868,-0.093399999999999997,0.0077999999999999996,0,0,0,0,0,0,0,0,0,0,0,0,0,0,0,0,0,0,0,0,0,0,0,0,0,0,0,0,0,0,0,0,0,0,0,0,0,0,0,0,0,0,0,0,0,0,0,0,0,0,0,0,0,0,0,0,0,0,0,0,0,0
48,FRAME,NONE,43,43,0.42999999999999999,READY,-0.070000000000000007,0,0,0,0,0,-1.4046392751347738,0.3358505556397568,-0.15599707196624429,-0.43373972580696757,0.018652721324241759,0.28070492315996365,-1.2929643037189176,-1.0426986999028185,-0.92103131174336617,1.3522660140684255,-0.56122420738758738,0.45344145240495265,0.24544670324231041,0.074281866327503429,-0.15109999999999998,0.0055999999999999999,-0.034799999999999998,0.2868,-0.093399999999999997,-0.0077999999999999996,-0.15109999999999998,-0.0055999999999999999,0.034799999999999998,0.2868,-0.093399999999999997,0.0077999999999999996,0,0,0,0,0,0,0,0,0,0,0,0,0,0,0,0,0,0,0,0,0,0,0,0,0,0,0,0,0,0,0,0,0,0,0,0,0,0,0,0,0,0,0,0,0,0,0,0,0,0,0,0,0,0,0,0,0,0,0,0,0,0
49,FRAME,NONE,44,44,0.44,READY,-0.059999999999999998,0,0,0,0,0,-1.4046392751347738,0.3358505556397568,-0.15599707196624429,-0.43373972580696757,0.018652721324241759,0.28070492315996365,-1.2929643037189176,-1.0426986999028185,-0.92103131174336617,1.3522660140684255,-0.56122420738758738,0.45344145240495265,0.24544670324231041,0.074281866327503429,-0.15109999999999998,0.0055999999999999999,-0.034799999999999998,0.2868,-0.093399999999999997,-0.0077999999999999996,-0.15109999999999998,-0.0055999999999999999,0.034799999999999998,0.2868,-0.093399999999999997,0.0077999999999999996,0,0,0,0,0,0,0,0,0,0,0,0,0,0,0,0,0,0,0,0,0,0,0,0,0,0,0,0,0,0,0,0,0,0,0,0,0,0,0,0,0,0,0,0,0,0,0,0,0,0,0,0,0,0,0,0,0,0,0,0,0,0
50,FRAME,NONE,45,45,0.45000000000000001,READY,-0.050000000000000003,0,0,0,0,0,-1.4046392751347738,0.3358505556397568,-0.15599707196624429,-0.43373972580696757,0.018652721324241759,0.28070492315996365,-1.2929643037189176,-1.0426986999028185,-0.92103131174336617,1.3522660140684255,-0.56122420738758738,0.45344145240495265,0.24544670324231041,0.074281866327503429,-0.15109999999999998,0.0055999999999999999,-0.034799999999999998,0.2868,-0.093399999999999997,-0.0077999999999999996,-0.15109999999999998,-0.0055999999999999999,0.034799999999999998,0.2868,-0.093399999999999997,0.0077999999999999996,0,0,0,0,0,0,0,0,0,0,0,0,0,0,0,0,0,0,0,0,0,0,0,0,0,0,0,0,0,0,0,0,0,0,0,0,0,0,0,0,0,0,0,0,0,0,0,0,0,0,0,0,0,0,0,0,0,0,0,0,0,0
51,FRAME,NONE,46,46,0.46000000000000002,READY,-0.040000000000000001,0,0,0,0,0,-1.4046392751347738,0.3358505556397568,-0.15599707196624429,-0.43373972580696757,0.018652721324241759,0.28070492315996365,-1.2929643037189176,-1.0426986999028185,-0.92103131174336617,1.3522660140684255,-0.56122420738758738,0.45344145240495265,0.24544670324231041,0.074281866327503429,-0.15109999999999998,0.0055999999999999999,-0.034799999999999998,0.2868,-0.093399999999999997,-0.0077999999999999996,-0.15109999999999998,-0.0055999999999999999,0.034799999999999998,0.2868,-0.093399999999999997,0.0077999999999999996,0,0,0,0,0,0,0,0,0,0,0,0,0,0,0,0,0,0,0,0,0,0,0,0,0,0,0,0,0,0,0,0,0,0,0,0,0,0,0,0,0,0,0,0,0,0,0,0,0,0,0,0,0,0,0,0,0,0,0,0,0,0
52,FRAME,NONE,47,47,0.46999999999999997,READY,-0.029999999999999999,0,0,0,0,0,-1.4046392751347738,0.3358505556397568,-0.15599707196624429,-0.43373972580696757,0.018652721324241759,0.28070492315996365,-1.2929643037189176,-1.0426986999028185,-0.92103131174336617,1.3522660140684255,-0.56122420738758738,0.45344145240495265,0.24544670324231041,0.074281866327503429,-0.15109999999999998,0.0055999999999999999,-0.034799999999999998,0.2868,-0.093399999999999997,-0.0077999999999999996,-0.15109999999999998,-0.0055999999999999999,0.034799999999999998,0.2868,-0.093399999999999997,0.0077999999999999996,0,0,0,0,0,0,0,0,0,0,0,0,0,0,0,0,0,0,0,0,0,0,0,0,0,0,0,0,0,0,0,0,0,0,0,0,0,0,0,0,0,0,0,0,0,0,0,0,0,0,0,0,0,0,0,0,0,0,0,0,0,0
53,FRAME,RELEASE,48,48,0.47999999999999998,READY,-0.02,0,0,0,0,0,-1.4046392751347738,0.3358505556397568,-0.15599707196624429,-0.43373972580696757,0.018652721324241759,0.28070492315996365,-1.2929643037189176,-1.0426986999028185,-0.92103131174336617,1.3522660140684255,-0.56122420738758738,0.45344145240495265,0.24544670324231041,0.074281866327503429,-0.15109999999999998,0.0055999999999999999,-0.034799999999999998,0.2868,-0.093399999999999997,-0.0077999999999999996,-0.15109999999999998,-0.0055999999999999999,0.034799999999999998,0.2868,-0.093399999999999997,0.0077999999999999996,0,0,0,0,0,0,0,0,0,0,0,0,0,0,0,0,0,0,0,0,0,0,0,0,0,0,0,0,0,0,0,0,0,0,0,0,0,0,0,0,0,0,0,0,0,0,0,0,0,0,0,0,0,0,0,0,0,0,0,0,0,0
54,FRAME,NONE,49,49,0.48999999999999999,READY,-0.01,0,0,0,0,0,-1.4046392751347738,0.3358505556397568,-0.15599707196624429,-0.43373972580696757,0.018652721324241759,0.28070492315996365,-1.2929643037189176,-1.0426986999028185,-0.92103131174336617,1.3522660140684255,-0.56122420738758738,0.45344145240495265,0.24544670324231041,0.074281866327503429,-0.15109999999999998,0.0055999999999999999,-0.034799999999999998,0.2868,-0.093399999999999997,-0.0077999999999999996,-0.15109999999999998,-0.0055999999999999999,0.034799999999999998,0.2868,-0.093399999999999997,0.0077999999999999996,0,0,0,0,0,0,0,0,0,0,0,0,0,0,0,0,0,0,0,0,0,0,0,0,0,0,0,0,0,0,0,0,0,0,0,0,0,0,0,0,0,0,0,0,0,0,0,0,0,0,0,0,0,0,0,0,0,0,0,0,0,0
55,FRAME,NONE,50,50,0.5,READY,0,0,0,0,0,0,-1.4046392751347738,0.3358505556397568,-0.15599707196624429,-0.43373972580696757,0.018652721324241759,0.28070492315996365,-1.2929643037189176,-1.0426986999028185,-0.92103131174336617,1.3522660140684255,-0.56122420738758738,0.45344145240495265,0.24544670324231041,0.074281866327503429,-0.15109999999999998,0.0055999999999999999,-0.034799999999999998,0.2868,-0.093399999999999997,-0.0077999999999999996,-0.15109999999999998,-0.0055999999999999999,0.034799999999999998,0.2868,-0.093399999999999997,0.0077999999999999996,0,0,0,0,0,0,0,0,0,0,0,0,0,0,0,0,0,0,0,0,0,0,0,0,0,0,0,0,0,0,0,0,0,0,0,0,0,0,0,0,0,0,0,0,0,0,0,0,0,0,0,0,0,0,0,0,0,0,0,0,0,0
56,FRAME,NONE,51,51,0.51000000000000001,SERVE_FOLLOW,0,0,0,0,0,0,-1.4046392751347738,0.3358505556397568,-0.15599707196624429,-0.43373972580696757,0.018652721324241759,0.28070492315996365,-1.2929643037189176,-1.0426986999028185,-0.92103131174336617,1.3522660140684255,-0.56122420738758738,0.45344145240495265,0.24544670324231041,0.074281866327503429,-0.15109999999999998,0.0055999999999999999,-0.034799999999999998,0.2868,-0.093399999999999997,-0.0077999999999999996,-0.15109999999999998,-0.0055999999999999999,0.034799999999999998,0.2868,-0.093399999999999997,0.0077999999999999996,0,0,0,0,0,0,0,0,0,0,0,0,0,0,0,0,0,0,0,0,0,0,0,0,0,0,0,0,0,0,0,0,0,0,0,0,0,0,0,0,0,0,0,0,0,0,0,0,0,0,0,0,0,0,0,0,0,0,0,0,0,0
57,FRAME,DETACH_TARGET,52,52,0.52000000000000002,SERVE_FOLLOW,0,0,0,0,0,0,-1.4046392751347738,0.3358505556397568,-0.15599707196624429,-0.43373972580696757,0.018652721324241759,0.28070492315996365,-1.2929643037189176,-1.0426986999028185,-0.92103131174336617,1.3522660140684255,-0.56122420738758738,0.45344145240495265,0.24544670324231041,0.074281866327503429,-0.15109999999999998,0.0055999999999999999,-0.034799999999999998,0.2868,-0.093399999999999997,-0.0077999999999999996,-0.15109999999999998,-0.0055999999999999999,0.034799999999999998,0.2868,-0.093399999999999997,0.0077999999999999996,0,0,0,0,0,0,0,0,0,0,0,0,0,0,0,0,0,0,0,0,0,0,0,0,0,0,0,0,0,0,0,0,0,0,0,0,0,0,0,0,0,0,0,0,0,0,0,0,0,0,0,0,0,0,0,0,0,0,0,0,0,0
58,FRAME,NONE,53,53,0.53000000000000003,SERVE_FOLLOW,0,0,0,0,0,0,-1.4046392751347738,0.3358505556397568,-0.15599707196624429,-0.43373972580696757,0.018652721324241759,0.28070492315996365,-1.2929643037189176,-1.0426986999028185,-0.92103131174336617,1.3522660140684255,-0.56122420738758738,0.45344145240495265,0.24544670324231041,0.074281866327503429,-0.15109999999999998,0.0055999999999999999,-0.034799999999999998,0.2868,-0.093399999999999997,-0.0077999999999999996,-0.15109999999999998,-0.0055999999999999999,0.034799999999999998,0.2868,-0.093399999999999997,0.0077999999999999996,0,0,0,0,0,0,0,0,0,0,0,0,0,0,0,0,0,0,0,0,0,0,0,0,0,0,0,0,0,0,0,0,0,0,0,0,0,0,0,0,0,0,0,0,0,0,0,0,0,0,0,0,0,0,0,0,0,0,0,0,0,0
59,FRAME,NONE,54,54,0.54000000000000004,SERVE_FOLLOW,0,0,0,0,0,0,-1.4046392751347738,0.3358505556397568,-0.15599707196624429,-0.43373972580696757,0.018652721324241759,0.28070492315996365,-1.2929643037189176,-1.0426986999028185,-0.92103131174336617,1.3522660140684255,-0.56122420738758738,0.45344145240495265,0.24544670324231041,0.074281866327503429,-0.15109999999999998,0.0055999999999999999,-0.034799999999999998,0.2868,-0.093399999999999997,-0.0077999999999999996,-0.15109999999999998,-0.0055999999999999999,0.034799999999999998,0.2868,-0.093399999999999997,0.0077999999999999996,0,0,0,0,0,0,0,0,0,0,0,0,0,0,0,0,0,0,0,0,0,0,0,0,0,0,0,0,0,0,0,0,0,0,0,0,0,0,0,0,0,0,0,0,0,0,0,0,0,0,0,0,0,0,0,0,0,0,0,0,0,0
60,FRAME,NONE,55,55,0.55000000000000004,SERVE_FOLLOW,0,0,0,0,0,0,-1.4046392751347738,0.3358505556397568,-0.15599707196624429,-0.43373972580696757,0.018652721324241759,0.28070492315996365,-1.2929643037189176,-1.0426986999028185,-0.92103131174336617,1.3522660140684255,-0.56122420738758738,0.45344145240495265,0.24544670324231041,0.074281866327503429,-0.15109999999999998,0.0055999999999999999,-0.034799999999999998,0.2868,-0.093399999999999997,-0.0077999999999999996,-0.15109999999999998,-0.0055999999999999999,0.034799999999999998,0.2868,-0.093399999999999997,0.0077999999999999996,0,0,0,0,0,0,0,0,0,0,0,0,0,0,0,0,0,0,0,0,0,0,0,0,0,0,0,0,0,0,0,0,0,0,0,0,0,0,0,0,0,0,0,0,0,0,0,0,0,0,0,0,0,0,0,0,0,0,0,0,0,0
61,FRAME,NONE,56,56,0.56000000000000005,SERVE_FOLLOW,0,0,0,0,0,0,-1.4046392751347738,0.3358505556397568,-0.15599707196624429,-0.43373972580696757,0.018652721324241759,0.28070492315996365,-1.2929643037189176,-1.0426986999028185,-0.92103131174336617,1.3522660140684255,-0.56122420738758738,0.45344145240495265,0.24544670324231041,0.074281866327503429,-0.15109999999999998,0.0055999999999999999,-0.034799999999999998,0.2868,-0.093399999999999997,-0.0077999999999999996,-0.15109999999999998,-0.0055999999999999999,0.034799999999999998,0.2868,-0.093399999999999997,0.0077999999999999996,0,0,0,0,0,0,0,0,0,0,0,0,0,0,0,0,0,0,0,0,0,0,0,0,0,0,0,0,0,0,0,0,0,0,0,0,0,0,0,0,0,0,0,0,0,0,0,0,0,0,0,0,0,0,0,0,0,0,0,0,0,0
62,FRAME,NONE,57,57,0.56999999999999995,SERVE_FOLLOW,0.01,0,0,0,0,0,-1.4046392751347738,0.3358505556397568,-0.15599707196624429,-0.43373972580696757,0.018652721324241759,0.28070492315996365,-1.2929643037189176,-1.0426986999028185,-0.92103131174336617,1.3522660140684255,-0.56122420738758738,0.45344145240495265,0.24544670324231041,0.074281866327503429,-0.15109999999999998,0.0055999999999999999,-0.034799999999999998,0.2868,-0.093399999999999997,-0.0077999999999999996,-0.15109999999999998,-0.0055999999999999999,0.034799999999999998,0.2868,-0.093399999999999997,0.0077999999999999996,0,0,0,0,0,0,0,0,0,0,0,0,0,0,0,0,0,0,0,0,0,0,0,0,0,0,0,0,0,0,0,0,0,0,0,0,0,0,0,0,0,0,0,0,0,0,0,0,0,0,0,0,0,0,0,0,0,0,0,0,0,0
63,FRAME,NONE,58,58,0.57999999999999996,SERVE_FOLLOW,0.02,0,0,0,0,0,-1.4046392751347738,0.3358505556397568,-0.15599707196624429,-0.43373972580696757,0.018652721324241759,0.28070492315996365,-1.2929643037189176,-1.0426986999028185,-0.92103131174336617,1.3522660140684255,-0.56122420738758738,0.45344145240495265,0.24544670324231041,0.074281866327503429,-0.15109999999999998,0.0055999999999999999,-0.034799999999999998,0.2868,-0.093399999999999997,-0.0077999999999999996,-0.15109999999999998,-0.0055999999999999999,0.034799999999999998,0.2868,-0.093399999999999997,0.0077999999999999996,0,0,0,0,0,0,0,0,0,0,0,0,0,0,0,0,0,0,0,0,0,0,0,0,0,0,0,0,0,0,0,0,0,0,0,0,0,0,0,0,0,0,0,0,0,0,0,0,0,0,0,0,0,0,0,0,0,0,0,0,0,0
64,FRAME,NONE,59,59,0.58999999999999997,SERVE_FOLLOW,0.029999999999999999,0,0,0,0,0,-1.4046392751347738,0.3358505556397568,-0.15599707196624429,-0.43373972580696757,0.018652721324241759,0.28070492315996365,-1.2929643037189176,-1.0426986999028185,-0.92103131174336617,1.3522660140684255,-0.56122420738758738,0.45344145240495265,0.24544670324231041,0.074281866327503429,-0.15109999999999998,0.0055999999999999999,-0.034799999999999998,0.2868,-0.093399999999999997,-0.0077999999999999996,-0.15109999999999998,-0.0055999999999999999,0.034799999999999998,0.2868,-0.093399999999999997,0.0077999999999999996,0,0,0,0,0,0,0,0,0,0,0,0,0,0,0,0,0,0,0,0,0,0,0,0,0,0,0,0,0,0,0,0,0,0,0,0,0,0,0,0,0,0,0,0,0,0,0,0,0,0,0,0,0,0,0,0,0,0,0,0,0,0
65,FRAME,STRIKE_MOTION_START,60,60,0.59999999999999998,SERVE_FOLLOW,0.040000000000000001,0,0,0,0,0,-1.4046392751347738,0.3358505556397568,-0.15599707196624429,-0.43373972580696757,0.018652721324241759,0.28070492315996365,-1.2929643037189176,-1.0426986999028185,-0.92103131174336617,1.3522660140684255,-0.56122420738758738,0.45344145240495265,0.24544670324231041,0.074281866327503429,-0.15109999999999998,0.0055999999999999999,-0.034799999999999998,0.2868,-0.093399999999999997,-0.0077999999999999996,-0.15109999999999998,-0.0055999999999999999,0.034799999999999998,0.2868,-0.093399999999999997,0.0077999999999999996,0,0,0,0,0,0,0,0,0,0,0,0,0,-0,0,-0,-0,-0,-0,0,0,0,0,0,0,0,0,0,0,0,0,0,0,0,0,0,0,0,0,0,0,0,0,0,0,0,0,0,0,0,0,0,0,0,0,0,0,0,0,0,0,0
66,FRAME,NONE,61,61,0.60999999999999999,SERVE_FOLLOW,0.050000000000000003,0,0,0,0,0,-1.4046392751347738,0.3358505556397568,-0.15599707196624429,-0.43373972580696757,0.018652721324241759,0.28070492315996365,-1.2929643037189176,-1.0420713152985779,-0.92179877273737831,1.3522606002045674,-0.56235861663396092,0.45315745965219384,0.24460118836162575,0.073824685855397948,-0.15109999999999998,0.0055999999999999999,-0.034799999999999998,0.2868,-0.093399999999999997,-0.0077999999999999996,-0.15109999999999998,-0.0055999999999999999,0.034799999999999998,0.2868,-0.093399999999999997,0.0077999999999999996,0,0,0,0,0,0,0,0,0,0,0,0,0.043118563045756279,-0.052306822529057363,0.00082484743176617151,-0.078355933829628979,-0.0200354916029481,-0.058439826731835239,-0.031954721584543162,0,0,0,0,0,0,0,0,0,0,0,0,0,0,0,0,0,0,0,0,0,0,0,0,0,0,0,0,0,0,0,0,0,0,0,0,0,0,0,0,0,0,0
67,FRAME,NONE,62,62,0.62,SERVE_FOLLOW,0.059999999999999998,0,0,0,0,0,-1.4046392751347738,0.3358505556397568,-0.15599707196624429,-0.43373972580696757,0.018652721324241759,0.28070492315996365,-1.2929643037189176,-1.0402126151159206,-0.92407246558879819,1.3522445610004268,-0.56571943655078782,0.45231609794542249,0.24209625175249427,0.072470235297851626,-0.15109999999999998,0.0055999999999999999,-0.034799999999999998,0.2868,-0.093399999999999997,-0.0077999999999999996,-0.15109999999999998,-0.0055999999999999999,0.034799999999999998,0.2868,-0.093399999999999997,0.0077999999999999996,0,0,0,0,0,0,0,0,0,0,0,0,0.097030938851815268,-0.11108044018164516,0.0058065462860740968,-0.1732687752036777,-0.049331635584176602,-0.12733385774836314,-0.07108518221395814,0,0,0,0,0,0,0,0,0,0,0,0,0,0,0,0,0,0,0,0,0,0,0,0,0,0,0,0,0,0,0,0,0,0,0,0,0,0,0,0,0,0,0
68,FRAME,NONE,63,63,0.63,SERVE_FOLLOW,0.070000000000000007,0,0,0,0,0,-1.4046392751347738,0.3358505556397568,-0.15599707196624429,-0.43373972580696757,0.018652721324241759,0.28070492315996365,-1.2929643037189176,-1.0371577797999449,-0.92780935510169893,1.3522182000371545,-0.57124305540462594,0.45093329211189609,0.23797930546430057,0.070244150943020167,-0.15109999999999998,0.0055999999999999999,-0.034799999999999998,0.2868,-0.093399999999999997,-0.0077999999999999996,-0.15109999999999998,-0.0055999999999999999,0.034799999999999998,0.2868,-0.093399999999999997,0.0077999999999999996,0,0,0,0,0,0,0,0,0,0,0,0,0.17264860898142656,-0.18353576020610018,0.018743342860300709,-0.30178858676405129,-0.096815972671655356,-0.2176771492182896,-0.12472954358670056,0,0,0,0,0,0,0,0,0,0,0,0,0,0,0,0,0,0,0,0,0,0,0,0,0,0,0,0,0,0,0,0,0,0,0,0,0,0,0,0,0,0,0
69,FRAME,NONE,64,64,0.64000000000000001,SERVE_FOLLOW,0.080000000000000002,0,0,0,0,0,-1.4046392751347738,0.3358505556397568,-0.15599707196624429,-0.43373972580696757,0.018652721324241759,0.28070492315996365,-1.2929643037189176,-1.0329419897957481,-0.93296640608015513,1.352181820895902,-0.578865861462034,0.44902496697887218,0.23229776154642875,0.067172069079058927,-0.15109999999999998,0.0055999999999999999,-0.034799999999999998,0.2868,-0.093399999999999997,-0.0077999999999999996,-0.15109999999999998,-0.0055999999999999999,0.034799999999999998,0.2868,-0.093399999999999997,0.0077999999999999996,0,0,0,0,0,0,0,0,0,0,0,0,0.27977908126431811,-0.27615771857730836,0.043049194286190952,-0.47924038389830592,-0.17051279590774041,-0.3393523278809632,-0.19948352580697784,0,0,0,0,0,0,0,0,0,0,0,0,0,0,0,0,0,0,0,0,0,0,0,0,0,0,0,0,0,0,0,0,0,0,0,0,0,0,0,0,0,0,0
70,FRAME,NONE,65,65,0.65000000000000002,SERVE_FOLLOW,0.089999999999999997,0,0,0,0,0,-1.4046392751347738,0.3358505556397568,-0.15599707196624429,-0.43373972580696757,0.018652721324241759,0.28070492315996365,-1.2929643037189176,-1.0276004255484277,-0.93950058332824093,1.3521357271578198,-0.58852424298957062,0.44660704737360812,0.22509903204826273,0.063279625994123248,-0.15109999999999998,0.0055999999999999999,-0.034799999999999998,0.2868,-0.093399999999999997,-0.0077999999999999996,-0.15109999999999998,-0.0055999999999999999,0.034799999999999998,0.2868,-0.093399999999999997,0.0077999999999999996,0,0,0,0,0,0,0,0,0,0,0,0,0.42715835961238774,-0.3947227497400419,0.081765071152376342,-0.71927487142360025,-0.27756971675757419,-0.50116230955900376,-0.30122224390222685,0,0,0,0,0,0,0,0,0,0,0,0,0,0,0,0,0,0,0,0,0,0,0,0,6.4978143553265406,-9.1100759523713286,-0.90484995593993145,-14.416370939216163,-0.68750995560261907,-8.37306433702752,-5.3834347806934577,0,0,0,0,0,0,0,0,0,0,0,0
71,FRAME,NONE,66,66,0.66000000000000003,SERVE_FOLLOW,0.10000000000000001,0,0,0,0,0,-1.4046392751347738,0.3358505556397568,-0.15599707196624429,-0.43373972580696757,0.018652721324241759,0.28070492315996365,-1.2929643037189176,-1.0216974221149984,-0.94522137833459707,1.3528813404775146,-0.59845573475725877,0.44302653815260207,0.21812453291218684,0.059224587834281812,-0.15109999999999998,0.0055999999999999999,-0.034799999999999998,0.2868,-0.093399999999999997,-0.0077999999999999996,-0.15109999999999998,-0.0055999999999999999,0.034799999999999998,0.2868,-0.093399999999999997,0.0077999999999999996,0,0,0,0,0,0,0,0,0,0,0,0,0.55189775143630238,-0.48702418344570925,0.11921336684776358,-0.91815502845316843,-0.37380092882810045,-0.63212620962224797,-0.38606090484733963,0,0,0,0,0,0,0,0,0,0,0,0,0,0,0,0,0,0,0,0,0,0,0,0,12.995628710653767,-18.220151904743616,-1.8096999118799584,-28.832741878433847,-1.3750199112053108,-16.746128674055925,-10.766869561387484,0,0,0,0,0,0,0,0,0,0,0,0
72,FRAME,NONE,67,67,0.67000000000000004,SERVE_FOLLOW,0.11,0,0,0,0,0,-1.4046392751347738,0.3358505556397568,-0.15599707196624429,-0.43373972580696757,0.018652721324241759,0.28070492315996365,-1.2929643037189176,-1.0151036740492871,-0.95075329059790969,1.3541699396381719,-0.60912480779843736,0.43850729561550345,0.21089510090338542,0.054836095495349277,-0.15109999999999998,0.0055999999999999999,-0.034799999999999998,0.2868,-0.093399999999999997,-0.0077999999999999996,-0.15109999999999998,-0.0055999999999999999,0.034799999999999998,0.2868,-0.093399999999999997,0.0077999999999999996,0,0,0,0,0,0,0,0,0,0,0,0,0.6543483541487507,-0.55234009207012535,0.15607435161592847,-1.0759383542162708,-0.46014646637967832,-0.73191431396803541,-0.45409273533964822,0,0,0,0,0,0,0,0,0,0,0,0,0,0,0,0,0,0,0,0,0,0,0,0,23.478083056470549,-26.76237033329808,0.34618259232936133,-48.557968571608313,-6.5671592135452066,-27.385259231094086,-18.535922796017168,0,0,0,0,0,0,0,0,0,0,0,0
73,FRAME,NONE,68,68,0.68000000000000005,SERVE_FOLLOW,0.12,0,0,0,0,0,-1.4046392751347738,0.3358505556397568,-0.15599707196624429,-0.43373972580696757,0.018652721324241759,0.28070492315996365,-1.2929643037189176,-1.0068847495863307,-0.95677543356647521,1.3562328315667715,-0.62197728270669073,0.43234719990488213,0.20246958390116193,0.0495203848646696,-0.15109999999999998,0.0055999999999999999,-0.034799999999999998,0.2868,-0.093399999999999997,-0.0077999999999999996,-0.15109999999999998,-0.0055999999999999999,0.034799999999999998,0.2868,-0.093399999999999997,0.0077999999999999996,0,0,0,0,0,0,0,0,0,0,0,0,0.72168762071470904,-0.57732673672676738,0.19090657990185123,-1.1705853220689935,-0.52886796538513792,-0.78509697209708473,-0.49612586429454264,0,0,0,0,0,0,0,0,0,0,0,0,0,0,0,0,0,0,0,0,0,0,0,0,33.960537402288466,-35.304588761853466,2.5020650965389133,-68.283195264784922,-11.759298515885662,-38.024389788133398,-26.304976030647691,0,0,0,0,0,0,0,0,0,0,0,0
74,FRAME,NONE,69,69,0.68999999999999995,SERVE_FOLLOW,0.13500000000000001,0,0,0,0,0,-1.4046392751347738,0.33585055563975652,-0.15599707196624493,-0.43373972580696779,0.018652721324242158,0.28070492315996365,-1.2929643037189174,-0.99645365055302526,-0.9630377219825611,1.3595730780361099,-0.63758350506467831,0.42369580969439996,0.19270250363060931,0.043018091671966241,-0.15109999999999998,0.0055999999999999999,-0.034799999999999998,0.2868,-0.093399999999999997,-0.0077999999999999996,-0.15109999999999998,-0.0055999999999999999,0.034799999999999998,0.2868,-0.093399999999999997,0.0077999999999999996,0,0,0,0,0,0,0,0,0,0,0,0,0.70334965041800734,-0.51759717165274732,0.212736893174129,-1.1180786192697441,-0.54535854771866377,-0.73410951632221677,-0.47671606564632091,0,0,0,0,0,0,0,0,0,0,0,0,0,0,0,0,0,0,0,0,0,0,0,0,14.467094336308538,-7.9743609047390542,5.2166149643587509,-25.034082447135745,-9.6967686490777716,-12.905196777050442,-10.154671688567063,0,0,0,0,0,0,0,0,0,0,0,0
75,FRAME,NONE,70,70,0.69999999999999996,SERVE_FOLLOW,0.14499999999999999,0,0,0,0,0,-1.4046392751347729,0.33585055563975658,-0.1559970719662446,-0.43373972580696801,0.018652721324242085,0.28070492315996315,-1.2929643037189174,-0.98833753513845135,-0.96788585834691876,1.3621663613136694,-0.64968591459889846,0.41694734481369478,0.18515064939936202,0.037982947883972912,-0.15109999999999998,0.0055999999999999999,-0.034799999999999998,0.2868,-0.093399999999999997,-0.0077999999999999996,-0.15109999999999998,-0.0055999999999999999,0.034799999999999998,0.2868,-0.093399999999999997,0.0077999999999999996,0,0,0,0,0,0,0,0,0,0,0,0,0.63098685343383831,-0.42796167580135391,0.21236742210489651,-0.98482592590137041,-0.5131560174285752,-0.63387805211326853,-0.42217527239351538,0,0,0,0,0,0,0,0,0,0,0,0,0,0,0,0,0,0,0,0,0,0,0,0,-2.5131743648351952,9.6779334761876967,3.9655824160896458,9.1075151852560161,-3.8171193911354697,6.1069981170159444,2.9978163267564737,0,0,0,0,0,0,0,0,0,0,0,0
76,FRAME,NONE,71,71,0.70999999999999996,SERVE_FOLLOW,0.155,0,0,0,0,0,-1.4046392751347736,0.3358505556397563,-0.15599707196624499,-0.43373972580696785,0.018652721324242439,0.28070492315996354,-1.2929643037189171,-0.98227914261340632,-0.97147984521308495,1.3640963524897531,-0.65867860139708867,0.41189233515147611,0.17956227577260817,0.034249092685930904,-0.15109999999999998,0.0055999999999999999,-0.034799999999999998,0.2868,-0.093399999999999997,-0.0077999999999999996,-0.15109999999999998,-0.0055999999999999999,0.034799999999999998,0.2868,-0.093399999999999997,0.0077999999999999996,0,0,0,0,0,0,0,0,0,0,0,0,0.50007619691662208,-0.30821925308975295,0.18657953752872913,-0.76520916400300909,-0.42668909281785566,-0.48181808732088571,-0.32991014267569957,0,0,0,0,0,0,0,0,0,0,0,0,0,0,0,0,0,0,0,0,0,0,0,0,-23.478083056469895,26.762370333297547,-0.34618259232922721,48.557968571607091,6.5671592135448815,27.385259231093421,18.535922796016685,0,0,0,0,0,0,0,0,0,0,0,0
77,FRAME,NONE,72,72,0.71999999999999997,SERVE_FOLLOW,0.16500000000000001,0,0,0,0,0,-1.4046392751347732,0.33585055563975641,-0.15599707196624496,-0.43373972580696812,0.01865272132424238,0.28070492315996365,-1.2929643037189171,-0.98227914261340632,-0.97147984521308506,1.3640963524897531,-0.65867860139708867,0.41189233515147611,0.17956227577260817,0.034249092685930904,-0.15109999999999998,0.0055999999999999999,-0.034799999999999998,0.2868,-0.093399999999999997,-0.0077999999999999996,-0.15109999999999998,-0.0055999999999999999,0.034799999999999998,0.2868,-0.093399999999999997,0.0077999999999999996,0,0,0,0,0,0,0,0,0,0,0,0,0.27621949908051247,-0.17024639089073859,0.10305810736968948,-0.42266697210539261,-0.2356837782081381,-0.26613454419206323,-0.18222745836202206,0,0,0,0,0,0,0,0,0,0,0,0,0,0,0,0,0,0,0,0,0,0,0,0,-31.932793020182746,33.456135876131938,-1.5257489039316896,67.88363616835025,10.754138147985286,38.086977156763567,25.148015582467366,0,0,0,0,0,0,0,0,0,0,0,0
78,FRAME,NONE,73,73,0.72999999999999998,SERVE_FOLLOW,0.17499999999999999,0,0,0,0,0,-1.4046392751347732,0.33585055563975641,-0.15599707196624496,-0.43373972580696812,0.01865272132424238,0.28070492315996365,-1.2929643037189171,-0.98227914261340632,-0.97147984521308495,1.3640963524897531,-0.65867860139708867,0.41189233515147611,0.17956227577260817,0.034249092685930904,-0.15109999999999998,0.0055999999999999999,-0.034799999999999998,0.2868,-0.093399999999999997,-0.0077999999999999996,-0.15109999999999998,-0.0055999999999999999,0.034799999999999998,0.2868,-0.093399999999999997,0.0077999999999999996,0,0,0,0,0,0,0,0,0,0,0,0,0.074438312732586762,-0.019236852070808629,0.055355616045965922,-0.03678792680074465,-0.077081413130977453,-0.018582250658026885,-0.036798563824832792,0,0,0,0,0,0,0,0,0,0,0,0,0,0,0,0,0,0,0,0,0,0,0,0,-27.877304255970845,29.759230104688466,0.42688348128298026,67.084517975480807,8.7438174121843009,38.212151894023918,22.834094686106457,0,0,0,0,0,0,0,0,0,0,0,0
79,FRAME,NONE,74,74,0.73999999999999999,SERVE_FOLLOW,0.185,0,0,0,0,0,-1.4046392751347732,0.33585055563975641,-0.15599707196624496,-0.43373972580696812,0.01865272132424238,0.28070492315996365,-1.2929643037189171,-0.98227914261340632,-0.97147984521308495,1.3640963524897531,-0.65867860139708867,0.41189233515147616,0.17956227577260817,0.034249092685930904,-0.15109999999999998,0.0055999999999999999,-0.034799999999999998,0.2868,-0.093399999999999997,-0.0077999999999999996,-0.15109999999999998,-0.0055999999999999999,0.034799999999999998,0.2868,-0.093399999999999997,0.0077999999999999996,0,0,0,0,0,0,0,0,0,0,0,0,-0.073020227951133485,0.13625899323695362,0.067227960224979649,0.37586355949392281,0.015836284210731879,0.25235635191120614,0.090334986257934458,0,0,0,0,0,0,0,0,0,0,0,0,0,0,0,0,0,0,0,0,0,0,0,0,-24.678948454319038,37.323327306913555,5.6752762348025172,76.134631421393593,1.2163602759652177,45.076120996899462,18.717745014546878,0,0,0,0,0,0,0,0,0,0,0,0
80,FRAME,NONE,75,75,0.75,SERVE_FOLLOW,0.19500000000000001,0,0,0,0,0,-1.4046392751347732,0.33585055563975641,-0.15599707196624496,-0.43373972580696812,0.01865272132424238,0.28070492315996365,-1.2929643037189171,-0.98263964935607828,-0.97082527721228529,1.3644315916489003,-0.65687100405496213,0.41197088351789529,0.18077457024112753,0.034676928395465378,-0.15109999999999998,0.0055999999999999999,-0.034799999999999998,0.2868,-0.093399999999999997,-0.0077999999999999996,-0.15109999999999998,-0.0055999999999999999,0.034799999999999998,0.2868,-0.093399999999999997,0.0077999999999999996,0,0,0,0,0,0,0,0,0,0,0,0,-0.1793683102479175,0.36878777600721552,0.15464929918867046,0.88575917844604724,0.024530492107566099,0.60845011649059744,0.19057979974191006,0,0,0,0,0,0,0,0,0,0,0,0,0,0,0,0,0,0,0,0,0,0,0,0,-22.337725615227541,56.148427482809971,14.219429356627719,95.033976506091022,-11.828233260673308,58.678884465391853,12.798966567788193,0,0,0,0,0,0,0,0,0,0,0,0
81,FRAME,NONE,76,76,0.76000000000000001,SERVE_FOLLOW,0.20499999999999999,0,0,0,0,0,-1.4046392751347734,0.3358505556397563,-0.15599707196624532,-0.43373972580696818,0.018652721324242564,0.28070492315996393,-1.2929643037189167,-0.98464092951421389,-0.96718664834430523,1.366293085279414,-0.64682875897019654,0.41240428040322974,0.18751712938511472,0.037054863986132419,-0.15109999999999998,0.0055999999999999999,-0.034799999999999998,0.2868,-0.093399999999999997,-0.0077999999999999996,-0.15109999999999998,-0.0055999999999999999,0.034799999999999998,0.2868,-0.093399999999999997,0.0077999999999999996,0,0,0,0,0,0,0,0,0,0,0,0,-0.40394869200265271,0.98829325630024845,0.30000864822315598,1.8221195652135052,-0.011537095649793369,1.3185577365608263,0.28466992400345742,0,0,0,0,0,0,0,0,0,0,0,0,0,0,0,0,0,0,0,0,0,0,0,0,-23.398873985549336,73.563545930927845,18.885860476485689,110.45426107261245,-19.892974078494063,68.147070722126699,9.1097677729607653,0,0,0,0,0,0,0,0,0,0,0,0
82,FRAME,NONE,77,77,0.77000000000000002,SERVE_FOLLOW,0.215,0,0,0,0,0,-1.4046392751347734,0.33585055563975669,-0.1559970719662446,-0.43373972580696762,0.018652721324241874,0.28070492315996343,-1.2929643037189174,-0.98856942681572235,-0.95982522824563443,1.3699037385264288,-0.62717230980080163,0.41315948351365828,0.20085881551130066,0.041622310969428498,-0.15109999999999998,0.0055999999999999999,-0.034799999999999998,0.2868,-0.093399999999999997,-0.0077999999999999996,-0.15109999999999998,-0.0055999999999999999,0.034799999999999998,0.2868,-0.093399999999999997,0.0077999999999999996,0,0,0,0,0,0,0,0,0,0,0,0,-0.77127527097928295,2.0862385790583122,0.51440712905493502,3.2694314363645156,-0.1091376753659344,2.4637790295847415,0.36582283349607547,0,0,0,0,0,0,0,0,0,0,0,0,0,0,0,0,0,0,0,0,0,0,0,0,-27.862393565285277,89.568682651266897,19.67456959437548,122.39548512095712,-22.977862177495854,73.480679767103013,7.6501486300651322,0,0,0,0,0,0,0,0,0,0,0,0
83,FRAME,NOMINAL_CONTACT,78,78,0.78000000000000003,SERVE_FOLLOW,0.22500000000000001,0,0,0,0,0,-1.4046392751347738,0.33585055563975647,-0.15599707196624479,-0.43373972580696735,0.018652721324241998,0.28070492315996365,-1.2929643037189174,-0.9975075639651827,-0.93479083319950951,1.3757037617349634,-0.58933533944031968,0.41152177319960903,0.22976469556522147,0.045493201257527288,-0.15109999999999998,0.0055999999999999999,-0.034799999999999998,0.2868,-0.093399999999999997,-0.0077999999999999996,-0.15109999999999998,-0.0055999999999999999,0.034799999999999998,0.2868,-0.093399999999999997,0.0077999999999999996,0,0,0,0,0,0,0,0,0,0,0,0,-1.143370325931039,3.1924937670357165,0.70311495486414188,4.6132861636194011,-0.20659762467942622,3.5236670926057565,0.44662521673873296,0,0,0,0,0,0,0,0,0,0,0,0,0,0,0,0,0,0,0,0,0,0,0,0,-26.349981763285964,82.833628407807296,17.256789657846561,108.77104887424954,-19.764466283338475,61.777486785197794,7.4495692676247174,0,0,0,0,0,0,0,0,0,0,0,0
84,FRAME,NONE,79,79,0.79000000000000004,SERVE_FOLLOW,0.23499999999999999,0,0,0,0,0,-1.4046392751347732,0.33585055563975652,-0.15599707196624482,-0.43373972580696818,0.018652721324242207,0.28070492315996398,-1.2929643037189171,-1.0113247318844993,-0.89134757936042153,1.3835571060947685,-0.53290183837299454,0.40689427781973836,0.27495789479528315,0.048613568003414938,-0.15109999999999998,0.0055999999999999999,-0.034799999999999998,0.2868,-0.093399999999999997,-0.0077999999999999996,-0.15109999999999998,-0.0055999999999999999,0.034799999999999998,0.2868,-0.093399999999999997,0.0077999999999999996,0,0,0,0,0,0,0,0,0,0,0,0,-1.4504429772422751,4.1072386723994994,0.82239784086826928,5.5715175195293023,-0.29625895035191829,4.2776125694446492,0.5071942628992494,0,0,0,0,0,0,0,0,0,0,0,0,0,0,0,0,0,0,0,0,0,0,0,0,-18.861638579549894,53.358383200543308,11.632520666898127,69.580952332483349,-10.252786396020339,33.037491776406796,8.5080296856398405,0,0,0,0,0,0,0,0,0,0,0,0
85,FRAME,NONE,80,80,0.80000000000000004,SERVE_FOLLOW,0.245,0,0,0,0,0,-1.4046392751347738,0.33585055563975635,-0.15599707196624488,-0.43373972580696779,0.018652721324242311,0.28070492315996393,-1.2929643037189174,-1.0258266795545705,-0.84865935867060582,1.3911965137491569,-0.47644231030530454,0.40337039888352449,0.31867409270227187,0.054002933011230547,-0.15109999999999998,0.0055999999999999999,-0.034799999999999998,0.2868,-0.093399999999999997,-0.0077999999999999996,-0.15109999999999998,-0.0055999999999999999,0.034799999999999998,0.2868,-0.093399999999999997,0.0077999999999999996,0,0,0,0,0,0,0,0,0,0,0,0,-1.6069290314354456,4.5000521784051841,0.89734617381710946,6.0158505267336926,-0.347749053698309,4.5630436928086908,0.59756146884021377,0,0,0,0,0,0,0,0,0,0,0,0,0,0,0,0,0,0,0,0,0,0,0,0,-10.742671472158259,26.338441825811891,7.5649909760092049,35.906718572106961,-3.6575304922792924,9.112105103368032,8.0009607969419321,0,0,0,0,0,0,0,0,0,0,0,0
86,FRAME,NONE,81,81,0.81000000000000005,SERVE_FOLLOW,0.255,0,0,0,0,0,-1.404639275134774,0.33585055563975647,-0.15599707196624488,-0.4337397258069674,0.01865272132424212,0.28070492315996387,-1.2929643037189174,-1.0410922836008811,-0.8067362906929133,1.3986568772926664,-0.42001120403688436,0.40095829603474764,0.36095555994359546,0.061630284685654339,-0.15109999999999998,0.0055999999999999999,-0.034799999999999998,0.2868,-0.093399999999999997,-0.0077999999999999996,-0.15109999999999998,-0.0055999999999999999,0.034799999999999998,0.2868,-0.093399999999999997,0.0077999999999999996,0,0,0,0,0,0,0,0,0,0,0,0,-1.6216694162061835,4.3768777822963463,0.92876395845288051,5.9520329139601396,-0.3451607421521995,4.3786046804271965,0.71700798490095474,0,0,0,0,0,0,0,0,0,0,0,0,0,0,0,0,0,0,0,0,0,0,0,0,-1.993080441110914,1.7738042836137851,5.0542005851802259,7.7483475931219772,0.021301427883861024,-9.9986732339171382,5.9283626015305737,0,0,0,0,0,0,0,0,0,0,0,0
87,FRAME,NONE,82,82,0.81999999999999995,SERVE_FOLLOW,0.26500000000000001,0,0,0,0,0,-1.4046392751347734,0.3358505556397563,-0.15599707196624507,-0.4337397258069679,0.018652721324242314,0.28070492315996365,-1.2929643037189169,-1.0556446365545757,-0.76632295787307059,1.4065674009868632,-0.36476597104220304,0.39721463425759296,0.40133207652306058,0.069497111989722665,-0.15109999999999998,0.0055999999999999999,-0.034799999999999998,0.2868,-0.093399999999999997,-0.0077999999999999996,-0.15109999999999998,-0.0055999999999999999,0.034799999999999998,0.2868,-0.093399999999999997,0.0077999999999999996,0,0,0,0,0,0,0,0,0,0,0,0,-1.5873443511209184,4.2340369264459277,0.9775266819651478,5.8489668637890864,-0.39862963730571188,4.1779267447566566,0.76684668565264524,0,0,0,0,0,0,0,0,0,0,0,0,0,0,0,0,0,0,0,0,0,0,0,0,4.0941785721123969,-11.047644959519687,3.7863484202992086,-7.580045555811493,0.90434560423139199,-19.994283356773813,2.906029435494315,0,0,0,0,0,0,0,0,0,0,0,0
88,FRAME,NONE,83,83,0.82999999999999996,SERVE_FOLLOW,0.27500000000000002,0,0,0,0,0,-1.4046392751347736,0.33585055563975647,-0.15599707196624482,-0.43373972580696729,0.018652721324242314,0.28070492315996354,-1.2929643037189174,-1.0695905383981335,-0.72743321168692765,1.4149740425028738,-0.31073952589706061,0.39220737966474511,0.43980748674115566,0.077588652683856299,-0.15109999999999998,0.0055999999999999999,-0.034799999999999998,0.2868,-0.093399999999999997,-0.0077999999999999996,-0.15109999999999998,-0.0055999999999999999,0.034799999999999998,0.2868,-0.093399999999999997,0.0077999999999999996,0,0,0,0,0,0,0,0,0,0,0,0,-1.5037783467714707,4.0716089811860288,1.0438808618505679,5.7076210504205811,-0.50617102277111425,3.9597401506722276,0.74751151068957944,0,0,0,0,0,0,0,0,0,0,0,0,0,0,0,0,0,0,0,0,0,0,0,0,7.5191055675109606,-12.125905903585387,3.761434481366484,-10.078460874690037,-1.008397963237444,-20.874725265199579,-1.0660387011670975,0,0,0,0,0,0,0,0,0,0,0,0
89,FRAME,NONE,84,84,0.83999999999999997,SERVE_FOLLOW,0.28499999999999998,0,0,0,0,0,-1.4046392751347738,0.33585055563975674,-0.15599707196624463,-0.43373972580696812,0.018652721324241943,0.28070492315996382,-1.2929643037189176,-1.0823811641270515,-0.69003619437386143,1.423834415904911,-0.25815773034362344,0.38611215258425824,0.4762051585544867,0.085341138402178385,-0.15109999999999998,0.0055999999999999999,-0.034799999999999998,0.2868,-0.093399999999999997,-0.0077999999999999996,-0.15109999999999998,-0.0055999999999999999,0.034799999999999998,0.2868,-0.093399999999999997,0.0077999999999999996,0,0,0,0,0,0,0,0,0,0,0,0,-1.4037755794081666,3.908999512347191,1.1024250113352343,5.5566330257128795,-0.59720443680320578,3.7370689164254576,0.71376725723350809,0,0,0,0,0,0,0,0,0,0,0,0,0,0,0,0,0,0,0,0,0,0,0,0,9.8198469762409406,-12.75329922885885,3.3414716046767619,-11.667768625223241,-1.5165203055336969,-21.366731995928163,-3.2978220427683125,0,0,0,0,0,0,0,0,0,0,0,0
90,FRAME,NONE,85,85,0.84999999999999998,SERVE_FOLLOW,0.29499999999999998,0,0,0,0,0,-1.4046392751347732,0.3358505556397568,-0.15599707196624471,-0.43373972580696818,0.018652721324242078,0.28070492315996337,-1.2929643037189171,-1.0940953478924558,-0.65414164799280872,1.4331858728826288,-0.20704080660070628,0.37902178267949671,0.51052055187521328,0.092733439440131307,-0.15109999999999998,0.0055999999999999999,-0.034799999999999998,0.2868,-0.093399999999999997,-0.0077999999999999996,-0.15109999999999998,-0.0055999999999999999,0.034799999999999998,0.2868,-0.093399999999999997,0.0077999999999999996,0,0,0,0,0,0,0,0,0,0,0,0,-1.2861282593088275,3.7465023278306298,1.152876979359813,5.3965003457405158,-0.67191830565647392,3.5098587474819367,0.66560968749150851,0,0,0,0,0,0,0,0,0,0,0,0,0,0,0,0,0,0,0,0,0,0,0,0,10.99640279830205,-12.929824935339957,2.5264597902299277,-12.34796880741087,-0.62002142265698224,-21.470303548959457,-3.7893205893088724,0,0,0,0,0,0,0,0,0,0,0,0
91,FRAME,NONE,86,86,0.85999999999999999,SERVE_FOLLOW,0.30499999999999999,0,0,0,0,0,-1.4046392751347729,0.33585055563975647,-0.1559970719662449,-0.43373972580696835,0.018652721324242234,0.28070492315996365,-1.2929643037189171,-1.1046240778581402,-0.61978366034855525,1.4428719912885282,-0.15746106041270466,0.37126451631808594,0.54270472396702529,0.099722609498283293,-0.15109999999999998,0.0055999999999999999,-0.034799999999999998,0.2868,-0.093399999999999997,-0.0077999999999999996,-0.15109999999999998,-0.0055999999999999999,0.034799999999999998,0.2868,-0.093399999999999997,0.0077999999999999996,0,0,0,0,0,0,0,0,0,0,0,0,-1.1655305497265052,3.5810511341995186,1.1933940671101024,5.2306155105333394,-0.73005151310983574,3.2818713669353525,0.61891734247966446,0,0,0,0,0,0,0,0,0,0,0,0,0,0,0,0,0,0,0,0,0,0,0,0,11.730706067877481,-13.225198992595816,1.7354769668645322,-12.961145241070152,0.14794790277529968,-21.542464519354088,-3.9088716215479922,0,0,0,0,0,0,0,0,0,0,0,0
92,FRAME,NONE,87,87,0.87,SERVE_FOLLOW,0.315,0,0,0,0,0,-1.4046392751347738,0.33585055563975619,-0.15599707196624513,-0.43373972580696768,0.018652721324242384,0.28070492315996398,-1.2929643037189171,-1.1140151949944885,-0.58696465450282775,1.4529155340505548,-0.1094334944880464,0.36293074661692842,0.57275946991184234,0.10628930637250433,-0.15109999999999998,0.0055999999999999999,-0.034799999999999998,0.2868,-0.093399999999999997,-0.0077999999999999996,-0.15109999999999998,-0.0055999999999999999,0.034799999999999998,0.2868,-0.093399999999999997,0.0077999999999999996,0,0,0,0,0,0,0,0,0,0,0,0,-1.0410658695115265,3.4129305522362672,1.2238059664704775,5.0593097763963772,-0.77231138701646695,3.0532040025230329,0.57374954684639479,0,0,0,0,0,0,0,0,0,0,0,0,0,0,0,0,0,0,0,0,0,0,0,0,12.022756784967106,-13.63942140062646,0.96852313458058159,-13.507297926201071,0.78738767076311189,-21.583214907112048,-3.6564751394855639,0,0,0,0,0,0,0,0,0,0,0,0
93,FRAME,NONE,88,88,0.88,SERVE_FOLLOW,0.32500000000000001,0,0,0,0,0,-1.4046392751347745,0.33585055563975624,-0.15599707196624507,-0.43373972580696707,0.018652721324242172,0.28070492315996332,-1.2929643037189171,-1.1222513297701946,-0.55576467226052484,1.4631824768944883,-0.063053187226139451,0.35422990056566439,0.60065093240312584,0.11247091034460739,-0.15109999999999998,0.0055999999999999999,-0.034799999999999998,0.2868,-0.093399999999999997,-0.0077999999999999996,-0.15109999999999998,-0.0055999999999999999,0.034799999999999998,0.2868,-0.093399999999999997,0.0077999999999999996,0,0,0,0,0,0,0,0,0,0,0,0,-0.91699597402851762,3.2393013779976805,1.2458096485860897,4.8803625825849357,-0.80363601393036188,2.8237703956523146,0.53164971322997812,0,0,0,0,0,0,0,0,0,0,0,0,0,0,0,0,0,0,0,0,0,0,0,0,12.14501940332253,-14.194734818511549,0.25105959729461408,-14.211298632907869,1.278643472302909,-21.632327407835316,-3.4235978804065952,0,0,0,0,0,0,0,0,0,0,0,0
94,FRAME,NONE,89,89,0.89000000000000001,SERVE_FOLLOW,0.33500000000000002,0,0,0,0,0,-1.4046392751347738,0.33585055563975652,-0.15599707196624454,-0.43373972580696724,0.018652721324242012,0.28070492315996365,-1.2929643037189176,-1.1293895237263198,-0.52618208842928327,1.4737302367880218,-0.018325569785705275,0.34528919635435462,0.6263712932413168,0.11821767828999902,-0.15109999999999998,0.0055999999999999999,-0.034799999999999998,0.2868,-0.093399999999999997,-0.0077999999999999996,-0.15109999999999998,-0.0055999999999999999,0.034799999999999998,0.2868,-0.093399999999999997,0.0077999999999999996,0,0,0,0,0,0,0,0,0,0,0,0,-0.79262153225983023,3.0604724538467325,1.2593285202989635,4.6942521754291988,-0.82459316049053921,2.593503960765132,0.49274660012207155,0,0,0,0,0,0,0,0,0,0,0,0,0,0,0,0,0,0,0,0,0,0,0,0,12.097493922943706,-14.891139246251122,-0.4169136449933557,-15.073147361190589,1.621715307394648,-21.689802021523896,-3.2102398443110904,0,0,0,0,0,0,0,0,0,0,0,0
95,FRAME,NONE,90,90,0.90000000000000002,SERVE_FOLLOW,0.34499999999999997,0,0,0,0,0,-1.404639275134774,0.3358505556397563,-0.15599707196624496,-0.43373972580696779,0.018652721324242155,0.28070492315996393,-1.2929643037189171,-1.1353814679457837,-0.49834554981204282,1.4843298080967691,0.024585869456735215,0.33613568734333138,0.64991291050659539,0.12364485177003898,-0.15109999999999998,0.0055999999999999999,-0.034799999999999998,0.2868,-0.093399999999999997,-0.0077999999999999996,-0.15109999999999998,-0.0055999999999999999,0.034799999999999998,0.2868,-0.093399999999999997,0.0077999999999999996,0,0,0,0,0,0,0,0,0,0,0,0,-0.67090518903319996,2.8738486423505631,1.265368788744371,4.4977691101696191,-0.8383052865198638,2.3623929300200355,0.45613366189274734,0,0,0,0,0,0,0,0,0,0,0,0,0,0,0,0,0,0,0,0,0,0,0,0,11.911597856119052,-15.697700667216477,-1.0617260550740486,-16.13556728416043,1.9012130638814904,-21.676085575834897,-3.0695871949613713,0,0,0,0,0,0,0,0,0,0,0,0
96,FRAME,NONE,91,91,0.91000000000000003,SERVE_FOLLOW,0.35499999999999998,0,0,0,0,0,-1.404639275134774,0.33585055563975652,-0.15599707196624496,-0.43373972580696735,0.018652721324242141,0.28070492315996337,-1.2929643037189174,-1.1402746269711834,-0.47224784868594322,1.4950398149008846,0.065687292551377605,0.32688410035710974,0.67126375029753227,0.1287054017360236,-0.15109999999999998,0.0055999999999999999,-0.034799999999999998,0.2868,-0.093399999999999997,-0.0077999999999999996,-0.15109999999999998,-0.0055999999999999999,0.034799999999999998,0.2868,-0.093399999999999997,0.0077999999999999996,0,0,0,0,0,0,0,0,0,0,0,0,-0.55130533320966002,2.6797819786854054,1.2639711791645964,4.2917123697287334,-0.8452502011357399,2.1300613813080966,0.42195361783567575,0,0,0,0,0,0,0,0,0,0,0,0,0,0,0,0,0,0,0,0,0,0,0,0,11.587331202848526,-16.614419081407661,-1.6833776329474652,-17.398558401817461,2.1171367417634199,-21.591178070768297,-3.0016399323574583,0,0,0,0,0,0,0,0,0,0,0,0
97,FRAME,NONE,92,92,0.92000000000000004,SERVE_FOLLOW,0.36499999999999999,0,0,0,0,0,-1.4046392751347736,0.33585055563975669,-0.15599707196624477,-0.43373972580696774,0.01865272132424213,0.28070492315996337,-1.2929643037189174,-1.1441366085424791,-0.4480592048607055,1.5057364652423073,0.10476215438774336,0.31763121186628968,0.69040297179296395,0.13341628327332902,-0.15109999999999998,0.0055999999999999999,-0.034799999999999998,0.2868,-0.093399999999999997,-0.0077999999999999996,-0.15109999999999998,-0.0055999999999999999,0.034799999999999998,0.2868,-0.093399999999999997,0.0077999999999999996,0,0,0,0,0,0,0,0,0,0,0,0,-0.43669096094893733,2.4774027862803396,1.2556548618686836,4.0735599189725997,-0.84668409382538679,1.8985125711864881,0.38915380485559187,0,0,0,0,0,0,0,0,0,0,0,0,0,0,0,0,0,0,0,0,0,0,0,0,11.119393047647417,-17.55582770031662,-2.2815620389814408,-18.822013291622969,2.3135222048566364,-21.32034241889664,-2.9915102972347727,0,0,0,0,0,0,0,0,0,0,0,0
98,FRAME,NONE,93,93,0.93000000000000005,SERVE_FOLLOW,0.375,0,0,0,0,0,-1.4046392751347734,0.3358505556397568,-0.15599707196624449,-0.43373972580696801,0.018652721324241853,0.2807049231599637,-1.2929643037189174,-1.1469658571673262,-0.4257619386956415,1.5164216443825795,0.14183080202543866,0.30841705158289529,0.70732695585637428,0.13778140602581915,-0.15109999999999998,0.0055999999999999999,-0.034799999999999998,0.2868,-0.093399999999999997,-0.0077999999999999996,-0.15109999999999998,-0.0055999999999999999,0.034799999999999998,0.2868,-0.093399999999999997,0.0077999999999999996,0,0,0,0,0,0,0,0,0,0,0,0,-0.3267269986435169,2.2670879971092073,1.2406299038727748,3.8445158241581101,-0.84325619625597481,1.6669675337614875,0.35786976132477627,0,0,0,0,0,0,0,0,0,0,0,0,0,0,0,0,0,0,0,0,0,0,0,0,10.50778339051568,-18.521926523943367,-2.8562792731759683,-20.405931953576999,2.4903694531611333,-20.863578620219872,-3.0391982895933323,0,0,0,0,0,0,0,0,0,0,0,0
99,FRAME,NONE,94,94,0.93999999999999995,SERVE_FOLLOW,0.38500000000000001,0,0,0,0,0,-1.4046392751347736,0.33585055563975658,-0.15599707196624457,-0.43373972580696779,0.018652721324242085,0.28070492315996326,-1.2929643037189174,-1.1488815724099541,-0.40552156499302328,1.5269744095422537,0.17664174915422742,0.29931775034577096,0.72207684609890099,0.14180521113893171,-0.15109999999999998,0.0055999999999999999,-0.034799999999999998,0.2868,-0.093399999999999997,-0.0077999999999999996,-0.15109999999999998,-0.0055999999999999999,0.034799999999999998,0.2868,-0.093399999999999997,0.0077999999999999996,0,0,0,0,0,0,0,0,0,0,0,0,-0.22432539085246467,2.0504851902241259,1.2194898948973778,3.604089337293606,-0.83543551441677755,1.439768620861178,0.32744244406646028,0,0,0,0,0,0,0,0,0,0,0,0,0,0,0,0,0,0,0,0,0,0,0,0,9.7612909645543304,-19.393307730473289,-3.3893799448786073,-22.037306660114538,2.6644560471112646,-20.12518668381546,-3.1084612469791537,0,0,0,0,0,0,0,0,0,0,0,0
100,FRAME,NONE,95,95,0.94999999999999996,SERVE_FOLLOW,0.39500000000000002,0,0,0,0,0,-1.4046392751347734,0.33585055563975652,-0.15599707196624454,-0.43373972580696779,0.018652721324242137,0.28070492315996343,-1.2929643037189174,-1.1498741019475476,-0.3873124226801955,1.5373975918335883,0.2092409628949865,0.29035645256620901,0.73463297910574799,0.14549718933328393,-0.15109999999999998,0.0055999999999999999,-0.034799999999999998,0.2868,-0.093399999999999997,-0.0077999999999999996,-0.15109999999999998,-0.0055999999999999999,0.034799999999999998,0.2868,-0.093399999999999997,0.0077999999999999996,0,0,0,0,0,0,0,0,0,0,0,0,-0.12918657994592567,1.8280305312137211,1.1924456637430463,3.3537893649758885,-0.82378089956743261,1.2158836418108114,0.29794159077999149,0,0,0,0,0,0,0,0,0,0,0,0,0,0,0,0,0,0,0,0,0,0,0,0,8.8799157697633238,-20.169971319906356,-3.8808640540893453,-23.716137411235593,2.835781986707028,-19.105166609683316,-3.1992991693922437,0,0,0,0,0,0,0,0,0,0,0,0
101,FRAME,NONE,96,96,0.95999999999999996,SERVE_FOLLOW,0.40500000000000003,0,0,0,0,0,-1.4046392751347738,0.3358505556397563,-0.15599707196624479,-0.4337397258069674,0.018652721324242189,0.28070492315996348,-1.2929643037189174,-1.1501116422533697,-0.3712428823777198,1.5475769222590889,0.2393905456199229,0.28159508438082059,0.74514250018335304,0.14886102857007849,-0.15109999999999998,0.0055999999999999999,-0.034799999999999998,0.2868,-0.093399999999999997,-0.0077999999999999996,-0.15109999999999998,-0.0055999999999999999,0.034799999999999998,0.2868,-0.093399999999999997,0.0077999999999999996,0,0,0,0,0,0,0,0,0,0,0,0,-0.043743728412223737,1.6040520359536825,1.1604295805872664,3.0960145543831192,-0.80848646096065513,1.0013635403879277,0.26932768614325764,0,0,0,0,0,0,0,0,0,0,0,0,0,0,0,0,0,0,0,0,0,0,0,0,7.902137798057991,-20.734820220771301,-4.3069081375918659,-25.279466868053071,3.0022939105806312,-17.783163382253235,-3.2692673866160971,0,0,0,0,0,0,0,0,0,0,0,0
102,FRAME,NONE,97,97,0.96999999999999997,SERVE_FOLLOW,0.41499999999999998,0,0,0,0,0,-1.4046392751347738,0.33585055563975691,-0.15599707196624454,-0.43373972580696807,0.018652721324241842,0.28070492315996376,-1.2929643037189174,-1.1495806625252118,-0.35727920084329129,1.5575207173289296,0.2671657919092692,0.27304786420911398,0.75356489790626269,0.1519056831189638,-0.15109999999999998,0.0055999999999999999,-0.034799999999999998,0.2868,-0.093399999999999997,-0.0077999999999999996,-0.15109999999999998,-0.0055999999999999999,0.034799999999999998,0.2868,-0.093399999999999997,0.0077999999999999996,0,0,0,0,0,0,0,0,0,0,0,0,0.03226845905225767,1.3789570769187902,1.1235712230643613,2.8322535005359448,-0.78997996756605615,0.79515731917714483,0.24156232442548053,0,0,0,0,0,0,0,0,0,0,0,0,0,0,0,0,0,0,0,0,0,0,0,0,6.8279570494383091,-21.08785443306806,-4.6675121953861476,-26.727295030566921,3.1639918187320712,-16.159177001525133,-3.3183658986507072,0,0,0,0,0,0,0,0,0,0,0,0
103,FRAME,NONE,98,98,0.97999999999999998,SERVE_FOLLOW,0.42499999999999999,0,0,0,0,0,-1.4046392751347729,0.33585055563975635,-0.1559970719662451,-0.43373972580696868,0.018652721324242338,0.28070492315996409,-1.2929643037189169,-1.1484695206467357,-0.34542604868485471,1.567105904178195,0.29239870003544344,0.26472990730468504,0.76017891708222407,0.15466684731980418,-0.15109999999999998,0.0055999999999999999,-0.034799999999999998,0.2868,-0.093399999999999997,-0.0077999999999999996,-0.15109999999999998,-0.0055999999999999999,0.034799999999999998,0.2868,-0.093399999999999997,0.0077999999999999996,0,0,0,0,0,0,0,0,0,0,0,0,0.097513759155346658,1.158775293659251,1.0831578255778063,2.5675497114980752,-0.7685761245807885,0.60323700058883822,0.21514708854171871,0,0,0,0,0,0,0,0,0,0,0,0,0,0,0,0,0,0,0,0,0,0,0,0,5.7227069500092709,-21.161594264632321,-4.9498808733876469,-27.902539915911397,3.3102521062395542,-14.321407710228357,-3.3165671787641462,0,0,0,0,0,0,0,0,0,0,0,0
104,FRAME,NONE,99,99,0.98999999999999999,SERVE_FOLLOW,0.435,0,0,0,0,0,-1.4046392751347738,0.33585055563975647,-0.15599707196624496,-0.43373972580696768,0.018652721324242276,0.28070492315996376,-1.2929643037189171,-1.1467914206181651,-0.33564370252407832,1.5763934297769286,0.3151920144787077,0.25671682404863261,0.76491447851971006,0.15710899971974399,-0.15109999999999998,0.0055999999999999999,-0.034799999999999998,0.2868,-0.093399999999999997,-0.0077999999999999996,-0.15109999999999998,-0.0055999999999999999,0.034799999999999998,0.2868,-0.093399999999999997,0.0077999999999999996,0,0,0,0,0,0,0,0,0,0,0,0,0.15222564787923723,0.94377039086443504,1.0392022936832757,2.3028839684004523,-0.74446894869031999,0.42490201815807432,0.18994349411594014,0,0,0,0,0,0,0,0,0,0,0,0,0,0,0,0,0,0,0,0,0,0,0,0,4.586387499770872,-20.956039715463991,-5.1540141715963363,-28.805201524086403,3.4410747731030744,-12.269855508362841,-3.2638712269563972,0,0,0,0,0,0,0,0,0,0,0,0
105,FRAME,NONE,100,100,1,SERVE_FOLLOW,0.44500000000000001,0,0,0,0,0,-1.4046392751347734,0.33585055563975647,-0.15599707196624502,-0.43373972580696796,0.018652721324242338,0.28070492315996382,-1.2929643037189171,-1.1447485160279049,-0.32781577573160797,1.5852913562418822,0.33549040168903727,0.24902040187379071,0.76815171137037175,0.15927914423808548,-0.15109999999999998,0.0055999999999999999,-0.034799999999999998,0.2868,-0.093399999999999997,-0.0077999999999999996,-0.15109999999999998,-0.0055999999999999999,0.034799999999999998,0.2868,-0.093399999999999997,0.0077999999999999996,0,0,0,0,0,0,0,0,0,0,0,0,0.19654292734912282,0.7398435828866381,0.99308394632792618,2.0444737084982227,-0.71816272850711182,0.26390705373985457,0.1666332126764738,0,0,0,0,0,0,0,0,0,0,0,0,0,0,0,0,0,0,0,0,0,0,0,0,3.4898543440770222,-20.479642377248414,-5.2891045898938813,-29.343032996955511,3.5488160221242624,-10.176498266415349,-3.156085246246179,0,0,0,0,0,0,0,0,0,0,0,0
106,FRAME,NONE,101,101,1.01,SERVE_FOLLOW,0.45500000000000002,0,0,0,0,0,-1.4046392751347734,0.33585055563975635,-0.15599707196624504,-0.43373972580696796,0.018652721324242328,0.28070492315996404,-1.2929643037189171,-1.1423195531409396,-0.32190086435956317,1.5938057084717252,0.35340455807604343,0.24163694079624637,0.76982324630939081,0.16118387435633691,-0.15109999999999998,0.0055999999999999999,-0.034799999999999998,0.2868,-0.093399999999999997,-0.0077999999999999996,-0.15109999999999998,-0.0055999999999999999,0.034799999999999998,0.2868,-0.093399999999999997,0.0077999999999999996,0,0,0,0,0,0,0,0,0,0,0,0,0.23053093012625897,0.54693523494904761,0.944706025235591,1.7924455965690753,-0.68978359601497752,0.12006081485004927,0.14498519270439936,0,0,0,0,0,0,0,0,0,0,0,0,0,0,0,0,0,0,0,0,0,0,0,0,2.4331074829277339,-19.732402249985498,-5.3551521282802579,-29.516034334518608,3.6334758533031111,-8.0413359843858672,-2.993209236633473,0,0,0,0,0,0,0,0,0,0,0,0
107,FRAME,NONE,102,102,1.02,SERVE_FOLLOW,0.46500000000000002,0,0,0,0,0,-1.4046392751347738,0.33585055563975652,-0.15599707196624499,-0.4337397258069674,0.018652721324242148,0.28070492315996343,-1.2929643037189171,-1.1397040780580125,-0.31768330603472827,1.6018934107636955,0.36899842206304251,0.23459824025450146,0.77034386294104851,0.1628632786028637,-0.15109999999999998,0.0055999999999999999,-0.034799999999999998,0.2868,-0.093399999999999997,-0.0077999999999999996,-0.15109999999999998,-0.0055999999999999999,0.034799999999999998,0.2868,-0.093399999999999997,0.0077999999999999996,0,0,0,0,0,0,0,0,0,0,0,0,0.25562390909115695,0.36917662177780702,0.89515858128620474,1.5524001496212598,-0.65986832356985714,-0.0063304063448184622,0.12542510907617688,0,0,0,0,0,0,0,0,0,0,0,0,0,0,0,0,0,0,0,0,0,0,0,0,1.4670746697412578,-18.780214707643378,-5.379012537589241,-29.315236221859799,3.6964582899205518,-6.0450398851855249,-2.794056858547282,0,0,0,0,0,0,0,0,0,0,0,0
108,FRAME,NONE,103,103,1.03,SERVE_FOLLOW,0.47499999999999998,0,0,0,0,0,-1.4046392751347743,0.3358505556397563,-0.15599707196624482,-0.43373972580696696,0.018652721324242137,0.28070492315996337,-1.2929643037189174,-1.1368818320064893,-0.31512590919086797,1.6095591875290431,0.38237637197625268,0.22789995256230519,0.76964783859930541,0.16431864247800881,-0.15109999999999998,0.0055999999999999999,-0.034799999999999998,0.2868,-0.093399999999999997,-0.0077999999999999996,-0.15109999999999998,-0.0055999999999999999,0.034799999999999998,0.2868,-0.093399999999999997,0.0077999999999999996,0,0,0,0,0,0,0,0,0,0,0,0,0.27176289931227349,0.20621736376328331,0.84429731207606795,1.3235676210856346,-0.62842372301785809,-0.11486272047918966,0.10772372679095076,0,0,0,0,0,0,0,0,0,0,0,0,0,0,0,0,0,0,0,0,0,0,0,0,0.59175590451762816,-17.623079750221997,-5.3606858178208165,-28.740638658978966,3.7377633319765766,-4.1876099688143817,-2.5586281119875949,0,0,0,0,0,0,0,0,0,0,0,0
109,FRAME,NONE,104,104,1.04,SERVE_FOLLOW,0.48499999999999999,0,0,0,0,0,-1.4046392751347732,0.33585055563975674,-0.15599707196624474,-0.43373972580696879,0.018652721324242123,0.28070492315996376,-1.2929643037189171,-1.1340165905108142,-0.31395778839787253,1.6167770865252407,0.39369527170045998,0.22156366198625108,0.76811987216888833,0.16559364689279926,-0.15109999999999998,0.0055999999999999999,-0.034799999999999998,0.2868,-0.093399999999999997,-0.0077999999999999996,-0.15109999999999998,-0.0055999999999999999,0.034799999999999998,0.2868,-0.093399999999999997,0.0077999999999999996,0,0,0,0,0,0,0,0,0,0,0,0,0.28104075099253878,0.059934450690586616,0.79271378438625373,1.1099527540767997,-0.59588009396913122,-0.20827489286872419,0.091832707605575242,0,0,0,0,0,0,0,0,0,0,0,0,0,0,0,0,0,0,0,0,0,0,0,0,-1.1445450746925874,-15.462996542123813,-6.7059064542627729,-29.233771730521539,4.9466276129585074,-0.97795110149346254,-2.213907670143954,0,0,0,0,0,0,0,0,0,0,0,0
110,FRAME,NONE,105,105,1.05,SERVE_FOLLOW,0.495,0,0,0,0,0,-1.4046392751347743,0.33585055563975652,-0.15599707196624477,-0.43373972580696751,0.01865272132424196,0.28070492315996398,-1.2929643037189174,-1.1310910525778608,-0.3141504912866227,1.6235500752574985,0.40303868673883414,0.21558638965862137,0.7657057832850751,0.16668496675990338,-0.15109999999999998,0.0055999999999999999,-0.034799999999999998,0.2868,-0.093399999999999997,-0.0077999999999999996,-0.15109999999999998,-0.0055999999999999999,0.034799999999999998,0.2868,-0.093399999999999997,0.0077999999999999996,0,0,0,0,0,0,0,0,0,0,0,0,0.28330048627968207,-0.070204577102162824,0.74027257303250804,0.91019213945900579,-0.56218307629561526,-0.28575337693633462,0.077590282774742114,0,0,0,0,0,0,0,0,0,0,0,0,0,0,0,0,0,0,0,0,0,0,0,0,-3.7418282678896904,-12.299965083348479,-9.4146744469155941,-30.794635436487905,7.323051132866758,3.5839367167777025,-1.7598955330163215,0,0,0,0,0,0,0,0,0,0,0,0
111,FRAME,NONE,106,106,1.0600000000000001,SERVE_FOLLOW,0.505,0,0,0,0,0,-1.4046392751347738,0.33585055563975652,-0.1559970719662449,-0.43373972580696724,0.018652721324242307,0.28070492315996354,-1.2929643037189171,-1.1282278813998912,-0.31541728828126592,1.6298597531804282,0.41062364737090701,0.20998419851214112,0.76271511299431682,0.16762996672398173,-0.15109999999999998,0.0055999999999999999,-0.034799999999999998,0.2868,-0.093399999999999997,-0.0077999999999999996,-0.15109999999999998,-0.0055999999999999999,0.034799999999999998,0.2868,-0.093399999999999997,0.0077999999999999996,0,0,0,0,0,0,0,0,0,0,0,0,0.2482201451220945,-0.13217463992193651,0.61811728902709018,0.6862535719065167,-0.47288970711262596,-0.29172300781584581,0.060376269083394642,0,0,0,0,0,0,0,0,0,0,0,0,0,0,0,0,0,0,0,0,0,0,0,0,-4.4521641705113497,-10.672637754910651,-9.249079866148854,-30.074735750449726,7.4177817606381735,6.2984183427662943,-1.4810937875552135,0,0,0,0,0,0,0,0,0,0,0,0
112,FRAME,NONE,107,107,1.0700000000000001,SERVE_FOLLOW,0.51500000000000001,0,0,0,0,0,-1.4046392751347734,0.33585055563975647,-0.15599707196624496,-0.4337397258069679,0.018652721324242266,0.28070492315996365,-1.2929643037189169,-1.1254138737116925,-0.31774037563344709,1.63570748564666,0.41650587123740335,0.20475589305653832,0.75911044568385444,0.16842259758743322,-0.15109999999999998,0.0055999999999999999,-0.034799999999999998,0.2868,-0.093399999999999997,-0.0077999999999999996,-0.15109999999999998,-0.0055999999999999999,0.034799999999999998,0.2868,-0.093399999999999997,0.0077999999999999996,0,0,0,0,0,0,0,0,0,0,0,0,0.17590629601988839,-0.1267477135065784,0.42623719551273931,0.43694515494645841,-0.32792060015103108,-0.22581339594946709,0.039826918345642809,0,0,0,0,0,0,0,0,0,0,0,0,0,0,0,0,0,0,0,0,0,0,0,0,-3.2755527825568955,-10.58101455681088,-6.2091227119615278,-27.074072672406189,5.230819496271943,7.1654937764716555,-1.377502433760692,0,0,0,0,0,0,0,0,0,0,0,0
113,FRAME,NONE,108,108,1.0800000000000001,SERVE_FOLLOW,0.52500000000000002,0,0,0,0,0,-1.4046392751347738,0.33585055563975624,-0.15599707196624485,-0.43373972580696762,0.018652721324242352,0.28070492315996359,-1.2929643037189171,-1.1240120643751355,-0.31890311734466503,1.6386290384806064,0.41943440621530498,0.20214041510154121,0.75731980839926027,0.16882383465602016,-0.15109999999999998,0.0055999999999999999,-0.034799999999999998,0.2868,-0.093399999999999997,-0.0077999999999999996,-0.15109999999999998,-0.0055999999999999999,0.034799999999999998,0.2868,-0.093399999999999997,0.0077999999999999996,0,0,0,0,0,0,0,0,0,0,0,0,0.15963299454697277,-0.1953728134081299,0.37308634709701877,0.26582922964364014,-0.28584467970391203,-0.20557619670298355,0.028892509654523304,0,0,0,0,0,0,0,0,0,0,0,0,0,0,0,0,0,0,0,0,0,0,0,0,-1.5037249594702253,-9.8211418452427797,-2.6602837290942838,-21.119963652004675,2.4821722308516678,5.9301195458421558,-1.2153355958274152,0,0,0,0,0,0,0,0,0,0,0,0
114,FRAME,NONE,109,109,1.0900000000000001,SERVE_FOLLOW,0.53500000000000003,0,0,0,0,0,-1.4046392751347738,0.33585055563975624,-0.15599707196624485,-0.43373972580696762,0.018652721324242352,0.28070492315996359,-1.2929643037189171,-1.1240120643751355,-0.31890311734466503,1.6386290384806064,0.41943440621530498,0.20214041510154121,0.75731980839926027,0.16882383465602016,-0.15109999999999998,0.0055999999999999999,-0.034799999999999998,0.2868,-0.093399999999999997,-0.0077999999999999996,-0.15109999999999998,-0.0055999999999999999,0.034799999999999998,0.2868,-0.093399999999999997,0.0077999999999999996,0,0,0,0,0,0,0,0,0,0,0,0,0.19850977501311912,-0.33849428832529005,0.45855199750893416,0.17035154535903796,-0.3466844923413675,-0.22888455949494224,0.02826697567306136,0,0,0,0,0,0,0,0,0,0,0,0,0,0,0,0,0,0,0,0,0,0,0,0,0.86331929874887248,-8.3930196202061147,1.3974370824530604,-12.212408689244127,-0.82816003562285445,2.5922956508770474,-0.99459327375536288,0,0,0,0,0,0,0,0,0,0,0,0
115,FRAME,NONE,110,110,1.1000000000000001,SERVE_FOLLOW,0.54500000000000004,0,0,0,0,0,-1.4046392751347738,0.33585055563975624,-0.15599707196624524,-0.43373972580696801,0.018652721324242543,0.28070492315996409,-1.2929643037189171,-1.1218477981322046,-0.32273998188272907,1.6430776398239468,0.42057761268899096,0.19829183408839296,0.75510572660943676,0.16926874910260545,-0.15109999999999998,0.0055999999999999999,-0.034799999999999998,0.2868,-0.093399999999999997,-0.0077999999999999996,-0.15109999999999998,-0.0055999999999999999,0.034799999999999998,0.2868,-0.093399999999999997,0.0077999999999999996,0,0,0,0,0,0,0,0,0,0,0,0,0.21801575761536451,-0.4091512858584076,0.50120887265443081,0.12389850908429843,-0.37728551239775232,-0.2409525387289109,0.027954590286414963,0,0,0,0,0,0,0,0,0,0,0,0,0,0,0,0,0,0,0,0,0,0,0,0,-0.081187249585186194,-3.6607464092990192,0.012633397366133448,-6.6920459610483514,0.17659407653709991,2.1471876936308365,-0.43265643274596793,0,0,0,0,0,0,0,0,0,0,0,0
116,FRAME,NONE,111,111,1.1100000000000001,SERVE_FOLLOW,0.55500000000000005,0,0,0,0,0,-1.404639275134774,0.33585055563975669,-0.15599707196624454,-0.43373972580696751,0.018652721324241964,0.28070492315996348,-1.2929643037189176,-1.1175167662879142,-0.33038997980835205,1.6519699258653007,0.42290079371699524,0.19058947911375973,0.75066385005823533,0.17015844819651324,-0.15109999999999998,0.0055999999999999999,-0.034799999999999998,0.2868,-0.093399999999999997,-0.0077999999999999996,-0.15109999999999998,-0.0055999999999999999,0.034799999999999998,0.2868,-0.093399999999999997,0.0077999999999999996,0,0,0,0,0,0,0,0,0,0,0,0,0.21816411735802616,-0.40734488189663132,0.50104146606754507,0.12647341510226948,-0.37763430492805411,-0.24178048272088609,0.027950406003123748,0,0,0,0,0,0,0,0,0,0,0,0,0,0,0,0,0,0,0,0,0,0,0,0,-4.3372446044735762,4.3756777874796811,-6.8146947843569965,-4.5588754674185505,5.496434567333063,4.5947956741045504,0.47047492720089046,0,0,0,0,0,0,0,0,0,0,0,0
117,FRAME,NONE,112,112,1.1200000000000001,SERVE_FOLLOW,0.56499999999999995,0,0,0,0,0,-1.4046392751347734,0.33585055563975647,-0.15599707196624485,-0.43373972580696796,0.018652721324242182,0.28070492315996376,-1.2929643037189171,-1.1153499331759611,-0.33420311985692963,1.6564135302854772,0.42408079015826949,0.18673582145705042,0.74843604588151236,0.17060317722159135,-0.15109999999999998,0.0055999999999999999,-0.034799999999999998,0.2868,-0.093399999999999997,-0.0077999999999999996,-0.15109999999999998,-0.0055999999999999999,0.034799999999999998,0.2868,-0.093399999999999997,0.0077999999999999996,0,0,0,0,0,0,0,0,0,0,0,0,0.16368364107247715,-0.30483175282067904,0.37571252115038695,0.095821804028543262,-0.28335140577205187,-0.18164598726823852,0.020959362251874197,0,0,0,0,0,0,0,0,0,0,0,0,0,0,0,0,0,0,0,0,0,0,0,0,-6.4652732819181491,8.3938898858697435,-10.228358875219168,-3.4922902206034609,8.156354812731518,5.8185996643416242,0.92204060717439995,0,0,0,0,0,0,0,0,0,0,0,0
118,FRAME,NONE,113,113,1.1299999999999999,SERVE_FOLLOW,0.57499999999999996,0,0,0,0,0,-1.4046392751347734,0.33585055563975647,-0.15599707196624485,-0.43373972580696796,0.018652721324242182,0.28070492315996376,-1.2929643037189171,-1.1153499331759611,-0.33420311985692963,1.6564135302854772,0.42408079015826949,0.18673582145705042,0.74843604588151236,0.17060317722159135,-0.15109999999999998,0.0055999999999999999,-0.034799999999999998,0.2868,-0.093399999999999997,-0.0077999999999999996,-0.15109999999999998,-0.0055999999999999999,0.034799999999999998,0.2868,-0.093399999999999997,0.0077999999999999996,0,0,0,0,0,0,0,0,0,0,0,0,0.054561213690832951,-0.10161058427357329,0.12523750705014566,0.031940601342851947,-0.094450468590696571,-0.060548662422754224,0.0069864540839590181,0,0,0,0,0,0,0,0,0,0,0,0,0,0,0,0,0,0,0,0,0,0,0,0,-6.4652732819181491,8.3938898858697435,-10.228358875219168,-3.4922902206034609,8.156354812731518,5.8185996643416242,0.92204060717439995,0,0,0,0,0,0,0,0,0,0,0,0
119,FRAME,NONE,114,114,1.1399999999999999,SERVE_FOLLOW,0.58499999999999996,0,0,0,0,0,-1.4046392751347734,0.33585055563975647,-0.15599707196624485,-0.43373972580696796,0.018652721324242182,0.28070492315996376,-1.2929643037189171,-1.1153499331759611,-0.33420311985692963,1.6564135302854772,0.42408079015826949,0.18673582145705042,0.74843604588151236,0.17060317722159135,-0.15109999999999998,0.0055999999999999999,-0.034799999999999998,0.2868,-0.093399999999999997,-0.0077999999999999996,-0.15109999999999998,-0.0055999999999999999,0.034799999999999998,0.2868,-0.093399999999999997,0.0077999999999999996,0,0,0,0,0,0,0,0,0,0,0,0,0,0,0,0,0,0,0,0,0,0,0,0,0,0,0,0,0,0,0,0,0,0,0,0,0,0,0,0,0,0,0,-4.8489549614389347,6.2954174144027268,-7.6712691564148869,-2.6192176654527701,6.1172661095490461,4.3639497482565091,0.69153045538084601,0,0,0,0,0,0,0,0,0,0,0,0
120,FRAME,NONE,115,115,1.1499999999999999,SERVE_FOLLOW,0.59499999999999997,0,0,0,0,0,-1.4046392751347734,0.33585055563975647,-0.15599707196624485,-0.43373972580696796,0.018652721324242182,0.28070492315996376,-1.2929643037189171,-1.1153499331759611,-0.33420311985692963,1.6564135302854772,0.42408079015826949,0.18673582145705042,0.74843604588151236,0.17060317722159135,-0.15109999999999998,0.0055999999999999999,-0.034799999999999998,0.2868,-0.093399999999999997,-0.0077999999999999996,-0.15109999999999998,-0.0055999999999999999,0.034799999999999998,0.2868,-0.093399999999999997,0.0077999999999999996,0,0,0,0,0,0,0,0,0,0,0,0,0,0,0,0,0,0,0,0,0,0,0,0,0,0,0,0,0,0,0,0,0,0,0,0,0,0,0,0,0,0,0,-1.6163183204798601,2.0984724714678551,-2.5570897188053028,-0.87307255515103988,2.0390887031832872,1.4546499160856969,0.23051015179364609,0,0,0,0,0,0,0,0,0,0,0,0
121,FRAME,NONE,116,116,1.1599999999999999,SERVE_FOLLOW,0.60499999999999998,0,0,0,0,0,-1.4046392751347734,0.33585055563975647,-0.15599707196624485,-0.43373972580696796,0.018652721324242182,0.28070492315996376,-1.2929643037189171,-1.1153499331759611,-0.33420311985692963,1.6564135302854772,0.42408079015826949,0.18673582145705042,0.74843604588151236,0.17060317722159135,-0.15109999999999998,0.0055999999999999999,-0.034799999999999998,0.2868,-0.093399999999999997,-0.0077999999999999996,-0.15109999999999998,-0.0055999999999999999,0.034799999999999998,0.2868,-0.093399999999999997,0.0077999999999999996,0,0,0,0,0,0,0,0,0,0,0,0,0,0,0,0,0,0,0,0,0,0,0,0,0,0,0,0,0,0,0,0,0,0,0,0,0,0,0,0,0,0,0,0,0,0,0,0,0,0,0,0,0,0,0,0,0,0,0,0,0,0
122,FRAME,NONE,117,117,1.1699999999999999,SERVE_FOLLOW,0.61499999999999999,0,0,0,0,0,-1.4046392751347734,0.33585055563975647,-0.15599707196624485,-0.43373972580696796,0.018652721324242182,0.28070492315996376,-1.2929643037189171,-1.1153499331759611,-0.33420311985692963,1.6564135302854772,0.42408079015826949,0.18673582145705042,0.74843604588151236,0.17060317722159135,-0.15109999999999998,0.0055999999999999999,-0.034799999999999998,0.2868,-0.093399999999999997,-0.0077999999999999996,-0.15109999999999998,-0.0055999999999999999,0.034799999999999998,0.2868,-0.093399999999999997,0.0077999999999999996,0,0,0,0,0,0,0,0,0,0,0,0,0,0,0,0,0,0,0,0,0,0,0,0,0,0,0,0,0,0,0,0,0,0,0,0,0,0,0,0,0,0,0,0,0,0,0,0,0,0,0,0,0,0,0,0,0,0,0,0,0,0
123,FRAME,NONE,118,118,1.1799999999999999,SERVE_FOLLOW,0.625,0,0,0,0,0,-1.4046392751347734,0.33585055563975647,-0.15599707196624485,-0.43373972580696796,0.018652721324242182,0.28070492315996376,-1.2929643037189171,-1.1153499331759611,-0.33420311985692963,1.6564135302854772,0.42408079015826949,0.18673582145705042,0.74843604588151236,0.17060317722159135,-0.15109999999999998,0.0055999999999999999,-0.034799999999999998,0.2868,-0.093399999999999997,-0.0077999999999999996,-0.15109999999999998,-0.0055999999999999999,0.034799999999999998,0.2868,-0.093399999999999997,0.0077999999999999996,0,0,0,0,0,0,0,0,0,0,0,0,0,0,0,0,0,0,0,0,0,0,0,0,0,0,0,0,0,0,0,0,0,0,0,0,0,0,0,0,0,0,0,0,0,0,0,0,0,0,0,0,0,0,0,0,0,0,0,0,0,0
124,FRAME,NONE,119,119,1.1899999999999999,SERVE_FOLLOW,0.63500000000000001,0,0,0,0,0,-1.4046392751347734,0.33585055563975647,-0.15599707196624485,-0.43373972580696796,0.018652721324242182,0.28070492315996376,-1.2929643037189171,-1.1153499331759611,-0.33420311985692963,1.6564135302854772,0.42408079015826949,0.18673582145705042,0.74843604588151236,0.17060317722159135,-0.15109999999999998,0.0055999999999999999,-0.034799999999999998,0.2868,-0.093399999999999997,-0.0077999999999999996,-0.15109999999999998,-0.0055999999999999999,0.034799999999999998,0.2868,-0.093399999999999997,0.0077999999999999996,0,0,0,0,0,0,0,0,0,0,0,0,0,0,0,0,0,0,0,0,0,0,0,0,0,0,0,0,0,0,0,0,0,0,0,0,0,0,0,0,0,0,0,0,0,0,0,0,0,0,0,0,0,0,0,0,0,0,0,0,0,0
125,FRAME,NONE,120,120,1.2,SERVE_FOLLOW,0.64500000000000002,0,0,0,0,0,-1.4046392751347734,0.33585055563975647,-0.15599707196624485,-0.43373972580696796,0.018652721324242182,0.28070492315996376,-1.2929643037189171,-1.1153499331759611,-0.33420311985692963,1.6564135302854772,0.42408079015826949,0.18673582145705042,0.74843604588151236,0.17060317722159135,-0.15109999999999998,0.0055999999999999999,-0.034799999999999998,0.2868,-0.093399999999999997,-0.0077999999999999996,-0.15109999999999998,-0.0055999999999999999,0.034799999999999998,0.2868,-0.093399999999999997,0.0077999999999999996,0,0,0,0,0,0,0,0,0,0,0,0,0,0,0,0,0,0,0,0,0,0,0,0,0,0,0,0,0,0,0,0,0,0,0,0,0,0,0,0,0,0,0,0,0,0,0,0,0,0,0,0,0,0,0,0,0,0,0,0,0,0
126,FRAME,NONE,121,121,1.21,SERVE_FOLLOW,0.65500000000000003,0,0,0,0,0,-1.4046392751347734,0.33585055563975647,-0.15599707196624485,-0.43373972580696796,0.018652721324242182,0.28070492315996376,-1.2929643037189171,-1.1153499331759611,-0.33420311985692963,1.6564135302854772,0.42408079015826949,0.18673582145705042,0.74843604588151236,0.17060317722159135,-0.15109999999999998,0.0055999999999999999,-0.034799999999999998,0.2868,-0.093399999999999997,-0.0077999999999999996,-0.15109999999999998,-0.0055999999999999999,0.034799999999999998,0.2868,-0.093399999999999997,0.0077999999999999996,0,0,0,0,0,0,0,0,0,0,0,0,0,0,0,0,0,0,0,0,0,0,0,0,0,0,0,0,0,0,0,0,0,0,0,0,0,0,0,0,0,0,0,0,0,0,0,0,0,0,0,0,0,0,0,0,0,0,0,0,0,0
127,FRAME,NONE,122,122,1.22,SERVE_FOLLOW,0.66500000000000004,0,0,0,0,0,-1.4046392751347734,0.33585055563975647,-0.15599707196624485,-0.43373972580696796,0.018652721324242182,0.28070492315996376,-1.2929643037189171,-1.1153499331759611,-0.33420311985692963,1.6564135302854772,0.42408079015826949,0.18673582145705042,0.74843604588151236,0.17060317722159135,-0.15109999999999998,0.0055999999999999999,-0.034799999999999998,0.2868,-0.093399999999999997,-0.0077999999999999996,-0.15109999999999998,-0.0055999999999999999,0.034799999999999998,0.2868,-0.093399999999999997,0.0077999999999999996,0,0,0,0,0,0,0,0,0,0,0,0,0,0,0,0,0,0,0,0,0,0,0,0,0,0,0,0,0,0,0,0,0,0,0,0,0,0,0,0,0,0,0,0,0,0,0,0,0,0,0,0,0,0,0,0,0,0,0,0,0,0
128,FRAME,NONE,123,123,1.23,SERVE_FOLLOW,0.67500000000000004,0,0,0,0,0,-1.4046392751347734,0.33585055563975647,-0.15599707196624485,-0.43373972580696796,0.018652721324242182,0.28070492315996376,-1.2929643037189171,-1.1153499331759611,-0.33420311985692963,1.6564135302854772,0.42408079015826949,0.18673582145705042,0.74843604588151236,0.17060317722159135,-0.15109999999999998,0.0055999999999999999,-0.034799999999999998,0.2868,-0.093399999999999997,-0.0077999999999999996,-0.15109999999999998,-0.0055999999999999999,0.034799999999999998,0.2868,-0.093399999999999997,0.0077999999999999996,0,0,0,0,0,0,0,0,0,0,0,0,0,0,0,0,0,0,0,0,0,0,0,0,0,0,0,0,0,0,0,0,0,0,0,0,0,0,0,0,0,0,0,0,0,0,0,0,0,0,0,0,0,0,0,0,0,0,0,0,0,0
129,FRAME,NONE,124,124,1.24,SERVE_FOLLOW,0.68500000000000005,0,0,0,0,0,-1.4046392751347734,0.33585055563975647,-0.15599707196624485,-0.43373972580696796,0.018652721324242182,0.28070492315996376,-1.2929643037189171,-1.1153499331759611,-0.33420311985692963,1.6564135302854772,0.42408079015826949,0.18673582145705042,0.74843604588151236,0.17060317722159135,-0.15109999999999998,0.0055999999999999999,-0.034799999999999998,0.2868,-0.093399999999999997,-0.0077999999999999996,-0.15109999999999998,-0.0055999999999999999,0.034799999999999998,0.2868,-0.093399999999999997,0.0077999999999999996,0,0,0,0,0,0,0,0,0,0,0,0,0,0,0,0,0,0,0,0,0,0,0,0,0,0,0,0,0,0,0,0,0,0,0,0,0,0,0,0,0,0,0,0,0,0,0,0,0,0,0,0,0,0,0,0,0,0,0,0,0,0
130,FRAME,NONE,125,125,1.25,SERVE_FOLLOW,0.69499999999999995,0,0,0,0,0,-1.4046392751347734,0.33585055563975647,-0.15599707196624485,-0.43373972580696796,0.018652721324242182,0.28070492315996376,-1.2929643037189171,-1.1153499331759611,-0.33420311985692963,1.6564135302854772,0.42408079015826949,0.18673582145705042,0.74843604588151236,0.17060317722159135,-0.15109999999999998,0.0055999999999999999,-0.034799999999999998,0.2868,-0.093399999999999997,-0.0077999999999999996,-0.15109999999999998,-0.0055999999999999999,0.034799999999999998,0.2868,-0.093399999999999997,0.0077999999999999996,0,0,0,0,0,0,0,0,0,0,0,0,0,0,0,0,0,0,0,0,0,0,0,0,0,0,0,0,0,0,0,0,0,0,0,0,0,0,0,0,0,0,0,0,0,0,0,0,0,0,0,0,0,0,0,0,0,0,0,0,0,0
131,FRAME,NONE,126,126,1.26,SERVE_FOLLOW,0.70499999999999996,0,0,0,0,0,-1.4046392751347734,0.33585055563975647,-0.15599707196624485,-0.43373972580696796,0.018652721324242182,0.28070492315996376,-1.2929643037189171,-1.1153499331759611,-0.33420311985692963,1.6564135302854772,0.42408079015826949,0.18673582145705042,0.74843604588151236,0.17060317722159135,-0.15109999999999998,0.0055999999999999999,-0.034799999999999998,0.2868,-0.093399999999999997,-0.0077999999999999996,-0.15109999999999998,-0.0055999999999999999,0.034799999999999998,0.2868,-0.093399999999999997,0.0077999999999999996,0,0,0,0,0,0,0,0,0,0,0,0,0,0,0,0,0,0,0,0,0,0,0,0,0,0,0,0,0,0,0,0,0,0,0,0,0,0,0,0,0,0,0,0,0,0,0,0,0,0,0,0,0,0,0,0,0,0,0,0,0,0
132,FRAME,NONE,127,127,1.27,SERVE_FOLLOW,0.71499999999999997,0,0,0,0,0,-1.4046392751347734,0.33585055563975647,-0.15599707196624485,-0.43373972580696796,0.018652721324242182,0.28070492315996376,-1.2929643037189171,-1.1153499331759611,-0.33420311985692963,1.6564135302854772,0.42408079015826949,0.18673582145705042,0.74843604588151236,0.17060317722159135,-0.15109999999999998,0.0055999999999999999,-0.034799999999999998,0.2868,-0.093399999999999997,-0.0077999999999999996,-0.15109999999999998,-0.0055999999999999999,0.034799999999999998,0.2868,-0.093399999999999997,0.0077999999999999996,0,0,0,0,0,0,0,0,0,0,0,0,0,0,0,0,0,0,0,0,0,0,0,0,0,0,0,0,0,0,0,0,0,0,0,0,0,0,0,0,0,0,0,0,0,0,0,0,0,0,0,0,0,0,0,0,0,0,0,0,0,0
133,FRAME,NONE,128,128,1.28,SERVE_FOLLOW,0.72499999999999998,0,0,0,0,0,-1.4046392751347734,0.33585055563975647,-0.15599707196624485,-0.43373972580696796,0.018652721324242182,0.28070492315996376,-1.2929643037189171,-1.1153499331759611,-0.33420311985692963,1.6564135302854772,0.42408079015826949,0.18673582145705042,0.74843604588151236,0.17060317722159135,-0.15109999999999998,0.0055999999999999999,-0.034799999999999998,0.2868,-0.093399999999999997,-0.0077999999999999996,-0.15109999999999998,-0.0055999999999999999,0.034799999999999998,0.2868,-0.093399999999999997,0.0077999999999999996,0,0,0,0,0,0,0,0,0,0,0,0,0,0,0,0,0,0,0,0,0,0,0,0,0,0,0,0,0,0,0,0,0,0,0,0,0,0,0,0,0,0,0,0,0,0,0,0,0,0,0,0,0,0,0,0,0,0,0,0,0,0
134,FRAME,NONE,129,129,1.29,SERVE_FOLLOW,0.73499999999999999,0,0,0,0,0,-1.4046392751347734,0.33585055563975647,-0.15599707196624485,-0.43373972580696796,0.018652721324242182,0.28070492315996376,-1.2929643037189171,-1.1153499331759611,-0.33420311985692963,1.6564135302854772,0.42408079015826949,0.18673582145705042,0.74843604588151236,0.17060317722159135,-0.15109999999999998,0.0055999999999999999,-0.034799999999999998,0.2868,-0.093399999999999997,-0.0077999999999999996,-0.15109999999999998,-0.0055999999999999999,0.034799999999999998,0.2868,-0.093399999999999997,0.0077999999999999996,0,0,0,0,0,0,0,0,0,0,0,0,0,0,0,0,0,0,0,0,0,0,0,0,0,0,0,0,0,0,0,0,0,0,0,0,0,0,0,0,0,0,0,0,0,0,0,0,0,0,0,0,0,0,0,0,0,0,0,0,0,0
135,FRAME,NONE,130,130,1.3,SERVE_FOLLOW,0.745,0,0,0,0,0,-1.4046392751347734,0.33585055563975647,-0.15599707196624485,-0.43373972580696796,0.018652721324242182,0.28070492315996376,-1.2929643037189171,-1.1153499331759611,-0.33420311985692963,1.6564135302854772,0.42408079015826949,0.18673582145705042,0.74843604588151236,0.17060317722159135,-0.15109999999999998,0.0055999999999999999,-0.034799999999999998,0.2868,-0.093399999999999997,-0.0077999999999999996,-0.15109999999999998,-0.0055999999999999999,0.034799999999999998,0.2868,-0.093399999999999997,0.0077999999999999996,0,0,0,0,0,0,0,0,0,0,0,0,0,0,0,0,0,0,0,0,0,0,0,0,0,0,0,0,0,0,0,0,0,0,0,0,0,0,0,0,0,0,0,0,0,0,0,0,0,0,0,0,0,0,0,0,0,0,0,0,0,0
136,FRAME,NONE,131,131,1.3100000000000001,SERVE_FOLLOW,0.755,0,0,0,0,0,-1.4046392751347734,0.33585055563975647,-0.15599707196624485,-0.43373972580696796,0.018652721324242182,0.28070492315996376,-1.2929643037189171,-1.1153499331759611,-0.33420311985692963,1.6564135302854772,0.42408079015826949,0.18673582145705042,0.74843604588151236,0.17060317722159135,-0.15109999999999998,0.0055999999999999999,-0.034799999999999998,0.2868,-0.093399999999999997,-0.0077999999999999996,-0.15109999999999998,-0.0055999999999999999,0.034799999999999998,0.2868,-0.093399999999999997,0.0077999999999999996,0,0,0,0,0,0,0,0,0,0,0,0,0,0,0,0,0,0,0,0,0,0,0,0,0,0,0,0,0,0,0,0,0,0,0,0,0,0,0,0,0,0,0,0,0,0,0,0,0,0,0,0,0,0,0,0,0,0,0,0,0,0
137,FRAME,NONE,132,132,1.3200000000000001,SERVE_FOLLOW,0.76500000000000001,0,0,0,0,0,-1.4046392751347734,0.33585055563975647,-0.15599707196624485,-0.43373972580696796,0.018652721324242182,0.28070492315996376,-1.2929643037189171,-1.1153499331759611,-0.33420311985692963,1.6564135302854772,0.42408079015826949,0.18673582145705042,0.74843604588151236,0.17060317722159135,-0.15109999999999998,0.0055999999999999999,-0.034799999999999998,0.2868,-0.093399999999999997,-0.0077999999999999996,-0.15109999999999998,-0.0055999999999999999,0.034799999999999998,0.2868,-0.093399999999999997,0.0077999999999999996,0,0,0,0,0,0,0,0,0,0,0,0,0,0,0,0,0,0,0,0,0,0,0,0,0,0,0,0,0,0,0,0,0,0,0,0,0,0,0,0,0,0,0,0,0,0,0,0,0,0,0,0,0,0,0,0,0,0,0,0,0,0
138,FRAME,NONE,133,133,1.3300000000000001,SERVE_FOLLOW,0.77500000000000002,0,0,0,0,0,-1.4046392751347734,0.33585055563975647,-0.15599707196624485,-0.43373972580696796,0.018652721324242182,0.28070492315996376,-1.2929643037189171,-1.1153499331759611,-0.33420311985692963,1.6564135302854772,0.42408079015826949,0.18673582145705042,0.74843604588151236,0.17060317722159135,-0.15109999999999998,0.0055999999999999999,-0.034799999999999998,0.2868,-0.093399999999999997,-0.0077999999999999996,-0.15109999999999998,-0.0055999999999999999,0.034799999999999998,0.2868,-0.093399999999999997,0.0077999999999999996,0,0,0,0,0,0,0,0,0,0,0,0,0,0,0,0,0,0,0,0,0,0,0,0,0,0,0,0,0,0,0,0,0,0,0,0,0,0,0,0,0,0,0,0,0,0,0,0,0,0,0,0,0,0,0,0,0,0,0,0,0,0
139,FRAME,NONE,134,134,1.3400000000000001,SERVE_FOLLOW,0.78500000000000003,0,0,0,0,0,-1.4046392751347734,0.33585055563975647,-0.15599707196624485,-0.43373972580696796,0.018652721324242182,0.28070492315996376,-1.2929643037189171,-1.1153499331759611,-0.33420311985692963,1.6564135302854772,0.42408079015826949,0.18673582145705042,0.74843604588151236,0.17060317722159135,-0.15109999999999998,0.0055999999999999999,-0.034799999999999998,0.2868,-0.093399999999999997,-0.0077999999999999996,-0.15109999999999998,-0.0055999999999999999,0.034799999999999998,0.2868,-0.093399999999999997,0.0077999999999999996,0,0,0,0,0,0,0,0,0,0,0,0,0,0,0,0,0,0,0,0,0,0,0,0,0,0,0,0,0,0,0,0,0,0,0,0,0,0,0,0,0,0,0,0,0,0,0,0,0,0,0,0,0,0,0,0,0,0,0,0,0,0
140,FRAME,NONE,135,135,1.3500000000000001,SERVE_FOLLOW,0.79500000000000004,0,0,0,0,0,-1.4046392751347734,0.33585055563975647,-0.15599707196624485,-0.43373972580696796,0.018652721324242182,0.28070492315996376,-1.2929643037189171,-1.1153499331759611,-0.33420311985692963,1.6564135302854772,0.42408079015826949,0.18673582145705042,0.74843604588151236,0.17060317722159135,-0.15109999999999998,0.0055999999999999999,-0.034799999999999998,0.2868,-0.093399999999999997,-0.0077999999999999996,-0.15109999999999998,-0.0055999999999999999,0.034799999999999998,0.2868,-0.093399999999999997,0.0077999999999999996,0,0,0,0,0,0,0,0,0,0,0,0,0,0,0,0,0,0,0,0,0,0,0,0,0,0,0,0,0,0,0,0,0,0,0,0,0,0,0,0,0,0,0,0,0,0,0,0,0,0,0,0,0,0,0,0,0,0,0,0,0,0
141,FRAME,NONE,136,136,1.3600000000000001,SERVE_FOLLOW,0.80500000000000005,0,0,0,0,0,-1.4046392751347734,0.33585055563975647,-0.15599707196624485,-0.43373972580696796,0.018652721324242182,0.28070492315996376,-1.2929643037189171,-1.1153499331759611,-0.33420311985692963,1.6564135302854772,0.42408079015826949,0.18673582145705042,0.74843604588151236,0.17060317722159135,-0.15109999999999998,0.0055999999999999999,-0.034799999999999998,0.2868,-0.093399999999999997,-0.0077999999999999996,-0.15109999999999998,-0.0055999999999999999,0.034799999999999998,0.2868,-0.093399999999999997,0.0077999999999999996,0,0,0,0,0,0,0,0,0,0,0,0,0,0,0,0,0,0,0,0,0,0,0,0,0,0,0,0,0,0,0,0,0,0,0,0,0,0,0,0,0,0,0,0,0,0,0,0,0,0,0,0,0,0,0,0,0,0,0,0,0,0
142,FRAME,NONE,137,137,1.3700000000000001,SERVE_FOLLOW,0.81499999999999995,0,0,0,0,0,-1.4046392751347734,0.33585055563975647,-0.15599707196624485,-0.43373972580696796,0.018652721324242182,0.28070492315996376,-1.2929643037189171,-1.1153499331759611,-0.33420311985692963,1.6564135302854772,0.42408079015826949,0.18673582145705042,0.74843604588151236,0.17060317722159135,-0.15109999999999998,0.0055999999999999999,-0.034799999999999998,0.2868,-0.093399999999999997,-0.0077999999999999996,-0.15109999999999998,-0.0055999999999999999,0.034799999999999998,0.2868,-0.093399999999999997,0.0077999999999999996,0,0,0,0,0,0,0,0,0,0,0,0,0,0,0,0,0,0,0,0,0,0,0,0,0,0,0,0,0,0,0,0,0,0,0,0,0,0,0,0,0,0,0,0,0,0,0,0,0,0,0,0,0,0,0,0,0,0,0,0,0,0
143,FRAME,NONE,138,138,1.3799999999999999,SERVE_FOLLOW,0.82499999999999996,0,0,0,0,0,-1.4046392751347734,0.33585055563975647,-0.15599707196624485,-0.43373972580696796,0.018652721324242182,0.28070492315996376,-1.2929643037189171,-1.1153499331759611,-0.33420311985692963,1.6564135302854772,0.42408079015826949,0.18673582145705042,0.74843604588151236,0.17060317722159135,-0.15109999999999998,0.0055999999999999999,-0.034799999999999998,0.2868,-0.093399999999999997,-0.0077999999999999996,-0.15109999999999998,-0.0055999999999999999,0.034799999999999998,0.2868,-0.093399999999999997,0.0077999999999999996,0,0,0,0,0,0,0,0,0,0,0,0,0,0,0,0,0,0,0,0,0,0,0,0,0,0,0,0,0,0,0,0,0,0,0,0,0,0,0,0,0,0,0,0,0,0,0,0,0,0,0,0,0,0,0,0,0,0,0,0,0,0
144,FRAME,NONE,139,139,1.3899999999999999,SERVE_FOLLOW,0.83499999999999996,0,0,0,0,0,-1.4046392751347734,0.33585055563975647,-0.15599707196624485,-0.43373972580696796,0.018652721324242182,0.28070492315996376,-1.2929643037189171,-1.1153499331759611,-0.33420311985692963,1.6564135302854772,0.42408079015826949,0.18673582145705042,0.74843604588151236,0.17060317722159135,-0.15109999999999998,0.0055999999999999999,-0.034799999999999998,0.2868,-0.093399999999999997,-0.0077999999999999996,-0.15109999999999998,-0.0055999999999999999,0.034799999999999998,0.2868,-0.093399999999999997,0.0077999999999999996,0,0,0,0,0,0,0,0,0,0,0,0,0,0,0,0,0,0,0,0,0,0,0,0,0,0,0,0,0,0,0,0,0,0,0,0,0,0,0,0,0,0,0,0,0,0,0,0,0,0,0,0,0,0,0,0,0,0,0,0,0,0
145,FRAME,NONE,140,140,1.3999999999999999,SERVE_FOLLOW,0.84499999999999997,0,0,0,0,0,-1.4046392751347734,0.33585055563975647,-0.15599707196624485,-0.43373972580696796,0.018652721324242182,0.28070492315996376,-1.2929643037189171,-1.1153499331759611,-0.33420311985692963,1.6564135302854772,0.42408079015826949,0.18673582145705042,0.74843604588151236,0.17060317722159135,-0.15109999999999998,0.0055999999999999999,-0.034799999999999998,0.2868,-0.093399999999999997,-0.0077999999999999996,-0.15109999999999998,-0.0055999999999999999,0.034799999999999998,0.2868,-0.093399999999999997,0.0077999999999999996,0,0,0,0,0,0,0,0,0,0,0,0,0,0,0,0,0,0,0,0,0,0,0,0,0,0,0,0,0,0,0,0,0,0,0,0,0,0,0,0,0,0,0,0,0,0,0,0,0,0,0,0,0,0,0,0,0,0,0,0,0,0
146,FRAME,NONE,141,141,1.4099999999999999,SERVE_FOLLOW,0.85499999999999998,0,0,0,0,0,-1.4046392751347734,0.33585055563975647,-0.15599707196624485,-0.43373972580696796,0.018652721324242182,0.28070492315996376,-1.2929643037189171,-1.1153499331759611,-0.33420311985692963,1.6564135302854772,0.42408079015826949,0.18673582145705042,0.74843604588151236,0.17060317722159135,-0.15109999999999998,0.0055999999999999999,-0.034799999999999998,0.2868,-0.093399999999999997,-0.0077999999999999996,-0.15109999999999998,-0.0055999999999999999,0.034799999999999998,0.2868,-0.093399999999999997,0.0077999999999999996,0,0,0,0,0,0,0,0,0,0,0,0,0,0,0,0,0,0,0,0,0,0,0,0,0,0,0,0,0,0,0,0,0,0,0,0,0,0,0,0,0,0,0,0,0,0,0,0,0,0,0,0,0,0,0,0,0,0,0,0,0,0
147,FRAME,NONE,142,142,1.4199999999999999,SERVE_FOLLOW,0.86499999999999999,0,0,0,0,0,-1.4046392751347734,0.33585055563975647,-0.15599707196624485,-0.43373972580696796,0.018652721324242182,0.28070492315996376,-1.2929643037189171,-1.1153499331759611,-0.33420311985692963,1.6564135302854772,0.42408079015826949,0.18673582145705042,0.74843604588151236,0.17060317722159135,-0.15109999999999998,0.0055999999999999999,-0.034799999999999998,0.2868,-0.093399999999999997,-0.0077999999999999996,-0.15109999999999998,-0.0055999999999999999,0.034799999999999998,0.2868,-0.093399999999999997,0.0077999999999999996,0,0,0,0,0,0,0,0,0,0,0,0,0,0,0,0,0,0,0,0,0,0,0,0,0,0,0,0,0,0,0,0,0,0,0,0,0,0,0,0,0,0,0,0,0,0,0,0,0,0,0,0,0,0,0,0,0,0,0,0,0,0
148,FRAME,NONE,143,143,1.4299999999999999,SERVE_FOLLOW,0.875,0,0,0,0,0,-1.4046392751347734,0.33585055563975647,-0.15599707196624485,-0.43373972580696796,0.018652721324242182,0.28070492315996376,-1.2929643037189171,-1.1153499331759611,-0.33420311985692963,1.6564135302854772,0.42408079015826949,0.18673582145705042,0.74843604588151236,0.17060317722159135,-0.15109999999999998,0.0055999999999999999,-0.034799999999999998,0.2868,-0.093399999999999997,-0.0077999999999999996,-0.15109999999999998,-0.0055999999999999999,0.034799999999999998,0.2868,-0.093399999999999997,0.0077999999999999996,0,0,0,0,0,0,0,0,0,0,0,0,0,0,0,0,0,0,0,0,0,0,0,0,0,0,0,0,0,0,0,0,0,0,0,0,0,0,0,0,0,0,0,0,0,0,0,0,0,0,0,0,0,0,0,0,0,0,0,0,0,0
149,FRAME,NONE,144,144,1.4399999999999999,SERVE_FOLLOW,0.88500000000000001,0,0,0,0,0,-1.4046392751347734,0.33585055563975647,-0.15599707196624485,-0.43373972580696796,0.018652721324242182,0.28070492315996376,-1.2929643037189171,-1.1153499331759611,-0.33420311985692963,1.6564135302854772,0.42408079015826949,0.18673582145705042,0.74843604588151236,0.17060317722159135,-0.15109999999999998,0.0055999999999999999,-0.034799999999999998,0.2868,-0.093399999999999997,-0.0077999999999999996,-0.15109999999999998,-0.0055999999999999999,0.034799999999999998,0.2868,-0.093399999999999997,0.0077999999999999996,0,0,0,0,0,0,0,0,0,0,0,0,0,0,0,0,0,0,0,0,0,0,0,0,0,0,0,0,0,0,0,0,0,0,0,0,0,0,0,0,0,0,0,0,0,0,0,0,0,0,0,0,0,0,0,0,0,0,0,0,0,0
150,FRAME,NONE,145,145,1.45,SERVE_FOLLOW,0.89500000000000002,0,0,0,0,0,-1.4046392751347734,0.33585055563975647,-0.15599707196624485,-0.43373972580696796,0.018652721324242182,0.28070492315996376,-1.2929643037189171,-1.1153499331759611,-0.33420311985692963,1.6564135302854772,0.42408079015826949,0.18673582145705042,0.74843604588151236,0.17060317722159135,-0.15109999999999998,0.0055999999999999999,-0.034799999999999998,0.2868,-0.093399999999999997,-0.0077999999999999996,-0.15109999999999998,-0.0055999999999999999,0.034799999999999998,0.2868,-0.093399999999999997,0.0077999999999999996,0,0,0,0,0,0,0,0,0,0,0,0,0,0,0,0,0,0,0,0,0,0,0,0,0,0,0,0,0,0,0,0,0,0,0,0,0,0,0,0,0,0,0,0,0,0,0,0,0,0,0,0,0,0,0,0,0,0,0,0,0,0
151,FRAME,NONE,146,146,1.46,SERVE_FOLLOW,0.90500000000000003,0,0,0,0,0,-1.4046392751347734,0.33585055563975647,-0.15599707196624485,-0.43373972580696796,0.018652721324242182,0.28070492315996376,-1.2929643037189171,-1.1153499331759611,-0.33420311985692963,1.6564135302854772,0.42408079015826949,0.18673582145705042,0.74843604588151236,0.17060317722159135,-0.15109999999999998,0.0055999999999999999,-0.034799999999999998,0.2868,-0.093399999999999997,-0.0077999999999999996,-0.15109999999999998,-0.0055999999999999999,0.034799999999999998,0.2868,-0.093399999999999997,0.0077999999999999996,0,0,0,0,0,0,0,0,0,0,0,0,0,0,0,0,0,0,0,0,0,0,0,0,0,0,0,0,0,0,0,0,0,0,0,0,0,0,0,0,0,0,0,0,0,0,0,0,0,0,0,0,0,0,0,0,0,0,0,0,0,0
152,FRAME,NONE,147,147,1.47,SERVE_FOLLOW,0.91500000000000004,0,0,0,0,0,-1.4046392751347734,0.33585055563975647,-0.15599707196624485,-0.43373972580696796,0.018652721324242182,0.28070492315996376,-1.2929643037189171,-1.1153499331759611,-0.33420311985692963,1.6564135302854772,0.42408079015826949,0.18673582145705042,0.74843604588151236,0.17060317722159135,-0.15109999999999998,0.0055999999999999999,-0.034799999999999998,0.2868,-0.093399999999999997,-0.0077999999999999996,-0.15109999999999998,-0.0055999999999999999,0.034799999999999998,0.2868,-0.093399999999999997,0.0077999999999999996,0,0,0,0,0,0,0,0,0,0,0,0,0,0,0,0,0,0,0,0,0,0,0,0,0,0,0,0,0,0,0,0,0,0,0,0,0,0,0,0,0,0,0,0,0,0,0,0,0,0,0,0,0,0,0,0,0,0,0,0,0,0
153,FRAME,NONE,148,148,1.48,SERVE_FOLLOW,0.92500000000000004,0,0,0,0,0,-1.4046392751347734,0.33585055563975647,-0.15599707196624485,-0.43373972580696796,0.018652721324242182,0.28070492315996376,-1.2929643037189171,-1.1153499331759611,-0.33420311985692963,1.6564135302854772,0.42408079015826949,0.18673582145705042,0.74843604588151236,0.17060317722159135,-0.15109999999999998,0.0055999999999999999,-0.034799999999999998,0.2868,-0.093399999999999997,-0.0077999999999999996,-0.15109999999999998,-0.0055999999999999999,0.034799999999999998,0.2868,-0.093399999999999997,0.0077999999999999996,0,0,0,0,0,0,0,0,0,0,0,0,0,0,0,0,0,0,0,0,0,0,0,0,0,0,0,0,0,0,0,0,0,0,0,0,0,0,0,0,0,0,0,0,0,0,0,0,0,0,0,0,0,0,0,0,0,0,0,0,0,0
154,FRAME,NONE,149,149,1.49,SERVE_FOLLOW,0.93500000000000005,0,0,0,0,0,-1.4046392751347734,0.33585055563975647,-0.15599707196624485,-0.43373972580696796,0.018652721324242182,0.28070492315996376,-1.2929643037189171,-1.1153499331759611,-0.33420311985692963,1.6564135302854772,0.42408079015826949,0.18673582145705042,0.74843604588151236,0.17060317722159135,-0.15109999999999998,0.0055999999999999999,-0.034799999999999998,0.2868,-0.093399999999999997,-0.0077999999999999996,-0.15109999999999998,-0.0055999999999999999,0.034799999999999998,0.2868,-0.093399999999999997,0.0077999999999999996,0,0,0,0,0,0,0,0,0,0,0,0,0,0,0,0,0,0,0,0,0,0,0,0,0,0,0,0,0,0,0,0,0,0,0,0,0,0,0,0,0,0,0,0,0,0,0,0,0,0,0,0,0,0,0,0,0,0,0,0,0,0
155,FRAME,NONE,150,150,1.5,SERVE_FOLLOW,0.94499999999999995,0,0,0,0,0,-1.4046392751347734,0.33585055563975647,-0.15599707196624485,-0.43373972580696796,0.018652721324242182,0.28070492315996376,-1.2929643037189171,-1.1153499331759611,-0.33420311985692963,1.6564135302854772,0.42408079015826949,0.18673582145705042,0.74843604588151236,0.17060317722159135,-0.15109999999999998,0.0055999999999999999,-0.034799999999999998,0.2868,-0.093399999999999997,-0.0077999999999999996,-0.15109999999999998,-0.0055999999999999999,0.034799999999999998,0.2868,-0.093399999999999997,0.0077999999999999996,0,0,0,0,0,0,0,0,0,0,0,0,0,0,0,0,0,0,0,0,0,0,0,0,0,0,0,0,0,0,0,0,0,0,0,0,0,0,0,0,0,0,0,0,0,0,0,0,0,0,0,0,0,0,0,0,0,0,0,0,0,0
156,FRAME,NONE,151,151,1.51,SERVE_FOLLOW,0.95499999999999996,0,0,0,0,0,-1.4046392751347734,0.33585055563975647,-0.15599707196624485,-0.43373972580696796,0.018652721324242182,0.28070492315996376,-1.2929643037189171,-1.1153499331759611,-0.33420311985692963,1.6564135302854772,0.42408079015826949,0.18673582145705042,0.74843604588151236,0.17060317722159135,-0.15109999999999998,0.0055999999999999999,-0.034799999999999998,0.2868,-0.093399999999999997,-0.0077999999999999996,-0.15109999999999998,-0.0055999999999999999,0.034799999999999998,0.2868,-0.093399999999999997,0.0077999999999999996,0,0,0,0,0,0,0,0,0,0,0,0,0,0,0,0,0,0,0,0,0,0,0,0,0,0,0,0,0,0,0,0,0,0,0,0,0,0,0,0,0,0,0,0,0,0,0,0,0,0,0,0,0,0,0,0,0,0,0,0,0,0
157,FRAME,NONE,152,152,1.52,SERVE_FOLLOW,0.96499999999999997,0,0,0,0,0,-1.4046392751347734,0.33585055563975647,-0.15599707196624485,-0.43373972580696796,0.018652721324242182,0.28070492315996376,-1.2929643037189171,-1.1153499331759611,-0.33420311985692963,1.6564135302854772,0.42408079015826949,0.18673582145705042,0.74843604588151236,0.17060317722159135,-0.15109999999999998,0.0055999999999999999,-0.034799999999999998,0.2868,-0.093399999999999997,-0.0077999999999999996,-0.15109999999999998,-0.0055999999999999999,0.034799999999999998,0.2868,-0.093399999999999997,0.0077999999999999996,0,0,0,0,0,0,0,0,0,0,0,0,0,0,0,0,0,0,0,0,0,0,0,0,0,0,0,0,0,0,0,0,0,0,0,0,0,0,0,0,0,0,0,0,0,0,0,0,0,0,0,0,0,0,0,0,0,0,0,0,0,0
158,FRAME,NONE,153,153,1.53,SERVE_FOLLOW,0.97499999999999998,0,0,0,0,0,-1.4046392751347734,0.33585055563975647,-0.15599707196624485,-0.43373972580696796,0.018652721324242182,0.28070492315996376,-1.2929643037189171,-1.1153499331759611,-0.33420311985692963,1.6564135302854772,0.42408079015826949,0.18673582145705042,0.74843604588151236,0.17060317722159135,-0.15109999999999998,0.0055999999999999999,-0.034799999999999998,0.2868,-0.093399999999999997,-0.0077999999999999996,-0.15109999999999998,-0.0055999999999999999,0.034799999999999998,0.2868,-0.093399999999999997,0.0077999999999999996,0,0,0,0,0,0,0,0,0,0,0,0,0,0,0,0,0,0,0,0,0,0,0,0,0,0,0,0,0,0,0,0,0,0,0,0,0,0,0,0,0,0,0,0,0,0,0,0,0,0,0,0,0,0,0,0,0,0,0,0,0,0
159,FRAME,NONE,154,154,1.54,SERVE_FOLLOW,0.98499999999999999,0,0,0,0,0,-1.4046392751347734,0.33585055563975647,-0.15599707196624485,-0.43373972580696796,0.018652721324242182,0.28070492315996376,-1.2929643037189171,-1.1153499331759611,-0.33420311985692963,1.6564135302854772,0.42408079015826949,0.18673582145705042,0.74843604588151236,0.17060317722159135,-0.15109999999999998,0.0055999999999999999,-0.034799999999999998,0.2868,-0.093399999999999997,-0.0077999999999999996,-0.15109999999999998,-0.0055999999999999999,0.034799999999999998,0.2868,-0.093399999999999997,0.0077999999999999996,0,0,0,0,0,0,0,0,0,0,0,0,0,0,0,0,0,0,0,0,0,0,0,0,0,0,0,0,0,0,0,0,0,0,0,0,0,0,0,0,0,0,0,0,0,0,0,0,0,0,0,0,0,0,0,0,0,0,0,0,0,0
160,FRAME,NONE,155,155,1.55,SERVE_FOLLOW,0.995,0,0,0,0,0,-1.4046392751347734,0.33585055563975647,-0.15599707196624485,-0.43373972580696796,0.018652721324242182,0.28070492315996376,-1.2929643037189171,-1.1153499331759611,-0.33420311985692963,1.6564135302854772,0.42408079015826949,0.18673582145705042,0.74843604588151236,0.17060317722159135,-0.15109999999999998,0.0055999999999999999,-0.034799999999999998,0.2868,-0.093399999999999997,-0.0077999999999999996,-0.15109999999999998,-0.0055999999999999999,0.034799999999999998,0.2868,-0.093399999999999997,0.0077999999999999996,0,0,0,0,0,0,0,0,0,0,0,0,0,0,0,0,0,0,0,0,0,0,0,0,0,0,0,0,0,0,0,0,0,0,0,0,0,0,0,0,0,0,0,0,0,0,0,0,0,0,0,0,0,0,0,0,0,0,0,0,0,0
161,FRAME,NONE,156,156,1.5600000000000001,SERVE_FOLLOW,1.0049999999999999,0,0,0,0,0,-1.4046392751347734,0.33585055563975647,-0.15599707196624485,-0.43373972580696796,0.018652721324242182,0.28070492315996376,-1.2929643037189171,-1.1153499331759611,-0.33420311985692963,1.6564135302854772,0.42408079015826949,0.18673582145705042,0.74843604588151236,0.17060317722159135,-0.15109999999999998,0.0055999999999999999,-0.034799999999999998,0.2868,-0.093399999999999997,-0.0077999999999999996,-0.15109999999999998,-0.0055999999999999999,0.034799999999999998,0.2868,-0.093399999999999997,0.0077999999999999996,0,0,0,0,0,0,0,0,0,0,0,0,0,0,0,0,0,0,0,0,0,0,0,0,0,0,0,0,0,0,0,0,0,0,0,0,0,0,0,0,0,0,0,0,0,0,0,0,0,0,0,0,0,0,0,0,0,0,0,0,0,0
162,FRAME,NONE,157,157,1.5700000000000001,SERVE_FOLLOW,1.0149999999999999,0,0,0,0,0,-1.4046392751347734,0.33585055563975647,-0.15599707196624485,-0.43373972580696796,0.018652721324242182,0.28070492315996376,-1.2929643037189171,-1.1153499331759611,-0.33420311985692963,1.6564135302854772,0.42408079015826949,0.18673582145705042,0.74843604588151236,0.17060317722159135,-0.15109999999999998,0.0055999999999999999,-0.034799999999999998,0.2868,-0.093399999999999997,-0.0077999999999999996,-0.15109999999999998,-0.0055999999999999999,0.034799999999999998,0.2868,-0.093399999999999997,0.0077999999999999996,0,0,0,0,0,0,0,0,0,0,0,0,0,0,0,0,0,0,0,0,0,0,0,0,0,0,0,0,0,0,0,0,0,0,0,0,0,0,0,0,0,0,0,0,0,0,0,0,0,0,0,0,0,0,0,0,0,0,0,0,0,0
163,FRAME,NONE,158,158,1.5800000000000001,SERVE_FOLLOW,1.0249999999999999,0,0,0,0,0,-1.4046392751347734,0.33585055563975647,-0.15599707196624485,-0.43373972580696796,0.018652721324242182,0.28070492315996376,-1.2929643037189171,-1.1153499331759611,-0.33420311985692963,1.6564135302854772,0.42408079015826949,0.18673582145705042,0.74843604588151236,0.17060317722159135,-0.15109999999999998,0.0055999999999999999,-0.034799999999999998,0.2868,-0.093399999999999997,-0.0077999999999999996,-0.15109999999999998,-0.0055999999999999999,0.034799999999999998,0.2868,-0.093399999999999997,0.0077999999999999996,0,0,0,0,0,0,0,0,0,0,0,0,0,0,0,0,0,0,0,0,0,0,0,0,0,0,0,0,0,0,0,0,0,0,0,0,0,0,0,0,0,0,0,0,0,0,0,0,0,0,0,0,0,0,0,0,0,0,0,0,0,0
164,FRAME,NONE,159,159,1.5900000000000001,SERVE_FOLLOW,1.0349999999999999,0,0,0,0,0,-1.4046392751347734,0.33585055563975647,-0.15599707196624485,-0.43373972580696796,0.018652721324242182,0.28070492315996376,-1.2929643037189171,-1.1153499331759611,-0.33420311985692963,1.6564135302854772,0.42408079015826949,0.18673582145705042,0.74843604588151236,0.17060317722159135,-0.15109999999999998,0.0055999999999999999,-0.034799999999999998,0.2868,-0.093399999999999997,-0.0077999999999999996,-0.15109999999999998,-0.0055999999999999999,0.034799999999999998,0.2868,-0.093399999999999997,0.0077999999999999996,0,0,0,0,0,0,0,0,0,0,0,0,0,0,0,0,0,0,0,0,0,0,0,0,0,0,0,0,0,0,0,0,0,0,0,0,0,0,0,0,0,0,0,0,0,0,0,0,0,0,0,0,0,0,0,0,0,0,0,0,0,0
165,FRAME,NONE,160,160,1.6000000000000001,SERVE_FOLLOW,1.0449999999999999,0,0,0,0,0,-1.4046392751347734,0.33585055563975647,-0.15599707196624485,-0.43373972580696796,0.018652721324242182,0.28070492315996376,-1.2929643037189171,-1.1153499331759611,-0.33420311985692963,1.6564135302854772,0.42408079015826949,0.18673582145705042,0.74843604588151236,0.17060317722159135,-0.15109999999999998,0.0055999999999999999,-0.034799999999999998,0.2868,-0.093399999999999997,-0.0077999999999999996,-0.15109999999999998,-0.0055999999999999999,0.034799999999999998,0.2868,-0.093399999999999997,0.0077999999999999996,0,0,0,0,0,0,0,0,0,0,0,0,0,0,0,0,0,0,0,0,0,0,0,0,0,0,0,0,0,0,0,0,0,0,0,0,0,0,0,0,0,0,0,0,0,0,0,0,0,0,0,0,0,0,0,0,0,0,0,0,0,0
166,FRAME,NONE,161,161,1.6100000000000001,SERVE_FOLLOW,1.0549999999999999,0,0,0,0,0,-1.4046392751347734,0.33585055563975647,-0.15599707196624485,-0.43373972580696796,0.018652721324242182,0.28070492315996376,-1.2929643037189171,-1.1153499331759611,-0.33420311985692963,1.6564135302854772,0.42408079015826949,0.18673582145705042,0.74843604588151236,0.17060317722159135,-0.15109999999999998,0.0055999999999999999,-0.034799999999999998,0.2868,-0.093399999999999997,-0.0077999999999999996,-0.15109999999999998,-0.0055999999999999999,0.034799999999999998,0.2868,-0.093399999999999997,0.0077999999999999996,0,0,0,0,0,0,0,0,0,0,0,0,0,0,0,0,0,0,0,0,0,0,0,0,0,0,0,0,0,0,0,0,0,0,0,0,0,0,0,0,0,0,0,0,0,0,0,0,0,0,0,0,0,0,0,0,0,0,0,0,0,0
167,FRAME,NONE,162,162,1.6200000000000001,SERVE_FOLLOW,1.0649999999999999,0,0,0,0,0,-1.4046392751347734,0.33585055563975647,-0.15599707196624485,-0.43373972580696796,0.018652721324242182,0.28070492315996376,-1.2929643037189171,-1.1153499331759611,-0.33420311985692963,1.6564135302854772,0.42408079015826949,0.18673582145705042,0.74843604588151236,0.17060317722159135,-0.15109999999999998,0.0055999999999999999,-0.034799999999999998,0.2868,-0.093399999999999997,-0.0077999999999999996,-0.15109999999999998,-0.0055999999999999999,0.034799999999999998,0.2868,-0.093399999999999997,0.0077999999999999996,0,0,0,0,0,0,0,0,0,0,0,0,0,0,0,0,0,0,0,0,0,0,0,0,0,0,0,0,0,0,0,0,0,0,0,0,0,0,0,0,0,0,0,0,0,0,0,0,0,0,0,0,0,0,0,0,0,0,0,0,0,0
168,FRAME,NONE,163,163,1.6299999999999999,SERVE_FOLLOW,1.075,0,0,0,0,0,-1.4046392751347734,0.33585055563975647,-0.15599707196624485,-0.43373972580696796,0.018652721324242182,0.28070492315996376,-1.2929643037189171,-1.1153499331759611,-0.33420311985692963,1.6564135302854772,0.42408079015826949,0.18673582145705042,0.74843604588151236,0.17060317722159135,-0.15109999999999998,0.0055999999999999999,-0.034799999999999998,0.2868,-0.093399999999999997,-0.0077999999999999996,-0.15109999999999998,-0.0055999999999999999,0.034799999999999998,0.2868,-0.093399999999999997,0.0077999999999999996,0,0,0,0,0,0,0,0,0,0,0,0,0,0,0,0,0,0,0,0,0,0,0,0,0,0,0,0,0,0,0,0,0,0,0,0,0,0,0,0,0,0,0,0,0,0,0,0,0,0,0,0,0,0,0,0,0,0,0,0,0,0
169,FRAME,NONE,164,164,1.6399999999999999,SERVE_FOLLOW,1.085,0,0,0,0,0,-1.4046392751347734,0.33585055563975647,-0.15599707196624485,-0.43373972580696796,0.018652721324242182,0.28070492315996376,-1.2929643037189171,-1.1153499331759611,-0.33420311985692963,1.6564135302854772,0.42408079015826949,0.18673582145705042,0.74843604588151236,0.17060317722159135,-0.15109999999999998,0.0055999999999999999,-0.034799999999999998,0.2868,-0.093399999999999997,-0.0077999999999999996,-0.15109999999999998,-0.0055999999999999999,0.034799999999999998,0.2868,-0.093399999999999997,0.0077999999999999996,0,0,0,0,0,0,0,0,0,0,0,0,0,0,0,0,0,0,0,0,0,0,0,0,0,0,0,0,0,0,0,0,0,0,0,0,0,0,0,0,0,0,0,0,0,0,0,0,0,0,0,0,0,0,0,0,0,0,0,0,0,0
170,FRAME,NONE,165,165,1.6499999999999999,SERVE_FOLLOW,1.095,0,0,0,0,0,-1.4046392751347734,0.33585055563975647,-0.15599707196624485,-0.43373972580696796,0.018652721324242182,0.28070492315996376,-1.2929643037189171,-1.1153499331759611,-0.33420311985692963,1.6564135302854772,0.42408079015826949,0.18673582145705042,0.74843604588151236,0.17060317722159135,-0.15109999999999998,0.0055999999999999999,-0.034799999999999998,0.2868,-0.093399999999999997,-0.0077999999999999996,-0.15109999999999998,-0.0055999999999999999,0.034799999999999998,0.2868,-0.093399999999999997,0.0077999999999999996,0,0,0,0,0,0,0,0,0,0,0,0,0,0,0,0,0,0,0,0,0,0,0,0,0,0,0,0,0,0,0,0,0,0,0,0,0,0,0,0,0,0,0,0,0,0,0,0,0,0,0,0,0,0,0,0,0,0,0,0,0,0
171,FRAME,FOLLOWTHROUGH_END,166,166,1.6599999999999999,SERVE_FOLLOW,1.1000000000000001,0,0,0,0,0,-1.4046392751347734,0.33585055563975647,-0.15599707196624485,-0.43373972580696796,0.018652721324242182,0.28070492315996376,-1.2929643037189171,-1.1153499331759611,-0.33420311985692963,1.6564135302854772,0.42408079015826949,0.18673582145705042,0.74843604588151236,0.17060317722159135,-0.15109999999999998,0.0055999999999999999,-0.034799999999999998,0.2868,-0.093399999999999997,-0.0077999999999999996,-0.15109999999999998,-0.0055999999999999999,0.034799999999999998,0.2868,-0.093399999999999997,0.0077999999999999996,0,0,0,0,0,0,0,0,0,0,0,0,0,0,0,0,0,0,0,0,0,0,0,0,0,0,0,0,0,0,0,0,0,0,0,0,0,0,0,0,0,0,0,0,0,0,0,0,0,0,0,0,0,0,0,0,0,0,0,0,0,0
172,FRAME,RECOVERY_START,167,167,1.6699999999999999,RECOVERY,1.1000000000000014,0,0,0,0,0,-1.4046392751347734,0.33585055563975647,-0.15599707196624485,-0.43373972580696796,0.018652721324242182,0.28070492315996376,-1.2929643037189171,-1.1153499331759611,-0.33420311985692963,1.6564135302854772,0.42408079015826949,0.18673582145705042,0.74843604588151236,0.17060317722159135,-0.15109999999999998,0.0055999999999999999,-0.034799999999999998,0.2868,-0.093399999999999997,-0.0077999999999999996,-0.15109999999999998,-0.0055999999999999999,0.034799999999999998,0.2868,-0.093399999999999997,0.0077999999999999996,0,0,0,0,0,0,0,0,0,0,0,0,0,0,0,0,0,0,0,0,0,0,0,0,0,0,0,0,0,0,0,0,0,0,0,0,0,0,0,0,0,0,0,0,0,0,0,0,0,0,0,0,0,0,0,0,0,0,0,0,0,0
173,FRAME,NONE,168,168,1.6799999999999999,RECOVERY,1.1000000000000014,0,0,0,0,0,-1.4046433174043835,0.33584947852922303,-0.15599752718967405,-0.43372655262122184,0.018652841203318248,0.28069671381812528,-1.2929644011359311,-1.1153507232623561,-0.33419920842286038,1.6564133699941641,0.42409304539444725,0.18673531270490018,0.74842759692950411,0.17060607977738859,-0.15109999262958024,0.0055999999999999999,-0.034799999999999998,0.28679998525916051,-0.093400009950066656,-0.0077999999999999996,-0.15109999262958024,-0.0055999999999999999,0.034799999999999998,0.28679998525916051,-0.093400009950066656,0.0077999999999999996,0,0,0,0,0,-0.00071787390952303951,-0.00022353172744504508,-8.355137217956569e-05,0.00266403854808269,2.6710747187175034e-05,-0.0016633908221712855,3.0385251890013447e-05,-9.1634439620962081e-05,0.0007858416451431427,-8.9528629215375238e-05,0.0024541544306187807,-0.00010714443118671702,-0.0017132350076528048,0.00056739042716370325,2.2074320987654328e-06,0,0,-4.4148641975308655e-06,-2.9800333333333337e-06,0,2.2074320987654328e-06,0,0,-4.4148641975308655e-06,-2.9800333333333337e-06,0,0,0,0,0,0,0.04115844303952565,-0.003946109728460467,0.0037821392569750692,0.017964267990078144,-0.00056884000337783884,-0.00062913667434167481,0.028846811119663369,0.031839101406804945,0.0012012025315821877,-0.03666606512017094,-0.0019256712248374153,-0.0037901942456625595,-0.009903754358904478,-0.0058399309275410909,0.00044000987654320992,0,0,-0.00088001975308641984,-0.00059401333333333338,0,0.00044000987654320992,0,0,-0.00088001975308641984,-0.00059401333333333338,0
174,FRAME,NONE,169,169,1.6899999999999999,RECOVERY,1.1000000000000014,0,0,0,0,0,-1.4046518480785066,0.33584598407357796,-0.15599864659782675,-0.43368586115903768,0.018653255623200363,0.2806712279734177,-1.2929626352461572,-1.1153504186699259,-0.33418733543541507,1.6564105403291769,0.4241299324208106,0.18673348856742733,0.74840132586093289,0.170614312326479,-0.15109994133175308,0.0055999999999999999,-0.034799999999999998,0.28679988266350614,-0.093400079202133335,-0.0077999999999999996,-0.15109994133175308,-0.0055999999999999999,0.034799999999999998,0.28679988266350614,-0.093400079202133335,0.0077999999999999996,0,0,0,0,0,-0.00089909965078005896,-0.00048600029860651668,-0.00013063546349071503,0.0055029138102773278,6.12968682004352e-05,-0.0034547382586112996,0.00036834129165027544,0.00021242807178914735,0.0015926664947221319,-0.00052302401444108231,0.0049265842221775016,-0.00024983235877618516,-0.0035652803593748091,0.0010588027656854334,8.7707654320987657e-06,0,0,-1.7541530864197531e-05,-1.1840533333333333e-05,0,8.7707654320987657e-06,0,0,-1.7541530864197531e-05,-1.1840533333333333e-05,0,0,0,0,0,0,0.081490964145147782,-0.0078130333085237348,0.0074883827429071603,0.035568048997077793,-0.0011262651571895671,-0.0012456485324758243,0.057114756464350214,0.063039291079694068,0.0023783006645373079,-0.072596356358331754,-0.003812700217738294,-0.0075043310817131618,-0.019608771172145319,-0.011562672605700087,0.00087119012345679024,0,0,-0.0017423802469135805,-0.0011761066666666669,0,0.00087119012345679024,0,0,-0.0017423802469135805,-0.0011761066666666669,0
175,FRAME,NONE,170,170,1.7,RECOVERY,1.1000000000000014,0,0,0,0,0,-1.4046595547095508,0.33583968362515226,-0.15600006632330066,-0.43361592237245228,0.018654045447002707,0.28062720085165987,-1.2929559654866141,-1.1153450676153567,-0.33416729626507991,1.6564015710947098,0.42419162897104301,0.18672990909013629,0.74835586861073911,0.17062717244443917,-0.15109980298799999,0.0055999999999999999,-0.034799999999999998,0.28679960597599996,-0.093400265966199991,-0.0077999999999999996,-0.15109980298799999,-0.0055999999999999999,0.034799999999999998,0.28679960597599996,-0.093400265966199991,0.0077999999999999996,0,0,0,0,0,-0.00055458672304668495,-0.00078661016617433631,-0.00014198170739723937,0.0085127899200752866,0.00010358607534639502,-0.0053710879713892781,0.0010076473046287198,0.0009041974781434011,0.0024200146797090441,-0.0012935729053384656,0.0074167124128603663,-0.00042733260233895388,-0.0055531477174163455,0.0014757093260303177,1.9602e-05,0,0,-3.9203999999999999e-05,-2.64627e-05,0,1.9602e-05,0,0,-3.9203999999999999e-05,-2.64627e-05,0,0,0,0,0,0,0.12100310641709391,-0.011601302190850185,0.011119239825387166,0.052813762396724306,-0.0016723520711638164,-0.0018496203047125661,0.084807721039261721,0.093604857016881565,0.0035314561733527905,-0.10779581179422748,-0.0056613463225411356,-0.011142920960565308,-0.029116384248753825,-0.017169011539506396,0.0012936,0,0,-0.0025872,-0.00174636,0,0.0012936,0,0,-0.0025872,-0.00174636,0
176,FRAME,NONE,171,171,1.71,RECOVERY,1.1000000000000014,0,0,0,0,0,-1.4046612341261324,0.33583019652083224,-0.15600142984096926,-0.43351504545317643,0.018655289681619096,0.28056339764950711,-1.2929414132841432,-1.115330798895031,-0.33413889082434911,1.6563830623016524,0.42427830694868002,0.18672414346913727,0.74828989083095454,0.17064397137890658,-0.15109953535683951,0.0055999999999999999,-0.034799999999999998,0.28679907071367899,-0.093400627268266659,-0.0077999999999999996,-0.15109953535683951,-0.0055999999999999999,0.034799999999999998,0.28679907071367899,-0.093400627268266659,0.0077999999999999996,0,0,0,0,0,0.00030472101806723996,-0.0011245748723103187,-0.00011831641963598756,0.01168985585697558,0.00015339266709861043,-0.0074094010514562658,0.0019421080798247431,0.001975694456991875,0.0032674253407857347,-0.0023943182253320606,0.0099239411917262758,-0.00063891640181025803,-0.0076738442250809894,0.0018195841740913626,3.461372839506173e-05,0,0,-6.922745679012346e-05,-4.6728533333333338e-05,0,3.461372839506173e-05,0,0,-6.922745679012346e-05,-4.6728533333333338e-05,0,0,0,0,0,0,0.15970041295559159,-0.015311447826100203,0.014675219872005978,0.069703827564743054,-0.0022071773550292185,-0.0024411367213620179,0.11192958984959907,0.12354008721658165,0.004660830832516066,-0.14226936950760316,-0.0074718688830844411,-0.014706474334632501,-0.03842792739776129,-0.022659734233989429,0.0017072987654320987,0,0,-0.0034145975308641973,-0.0023048533333333331,0,0.0017072987654320987,0,0,-0.0034145975308641973,-0.0023048533333333331,0
177,FRAME,NONE,172,172,1.72,RECOVERY,1.1000000000000014,0,0,0,0,0,-1.4046517927848685,0.33581714998562795,-0.15600238794164767,-0.43338157753721473,0.018657065340913902,0.28047861434037802,-1.2929160617978239,-1.1153038217825817,-0.3341019235660474,1.6563516836145757,0.4243901322309358,0.18671577003852846,0.74820208791338483,0.17066403405615446,-0.15109909706790123,0.0055999999999999999,-0.034799999999999998,0.28679819413580243,-0.093401218958333324,-0.0077999999999999996,-0.15109909706790123,-0.0055999999999999999,0.034799999999999998,0.28679819413580243,-0.093401218958333324,0.0077999999999999996,0,0,0,0,0,0.0016678438523592019,-0.0014991185703107698,-6.0363448420930885e-05,0.015030334697950251,0.00021051738863520541,-0.0095665619152156336,0.0031655537797321978,0.0034189507749223186,0.0041344383182791702,-0.0038184581550306765,0.01244765422022953,-0.00088385795912365489,-0.0099243765103355832,0.0020919035988289205,5.3719135802469129e-05,0,0,-0.00010743827160493826,-7.2520833333333318e-05,0,5.3719135802469129e-05,0,0,-0.00010743827160493826,-7.2520833333333318e-05,0,0,0,0,0,0,0.19758842686086839,-0.018944001664934172,0.018156832250354488,0.086240663876859372,-0.0027308176185144046,-0.0030202825127342969,0.13848424790056343,0.15284926967700851,0.0057665864165145639,-0.17602196757820382,-0.0092445272432067106,-0.018195501656328248,-0.047544734428199023,-0.028035627194178597,0.0021123456790123458,0,0,-0.0042246913580246915,-0.0028516666666666668,0,0.0021123456790123458,0,0,-0.0042246913580246915,-0.0028516666666666668,0
178,FRAME,NONE,173,173,1.73,RECOVERY,1.1000000000000014,0,0,0,0,0,-1.4046262471349895,0.33580017902158121,-0.15600259871187838,-0.4332139033204736,0.018659447307907393,0.28037167840279437,-1.292877055663485,-1.1152604259216536,-0.3340562034644462,1.6563041738062854,0.42452726449499562,0.18670437625113959,0.74809118497363114,0.17068669909291354,-0.151098447616,0.0055999999999999999,-0.034799999999999998,0.28679689523199997,-0.093402095718399997,-0.0077999999999999996,-0.151098447616,-0.0055999999999999999,0.034799999999999998,0.28679689523199997,-0.093402095718399997,0.0077999999999999996,0,0,0,0,0,0.0035237651319604121,-0.0019094774141985484,3.1155234516965684e-05,0.018530492169435326,0.00027474735178478532,-0.011839385921124582,0.0046718397712440848,0.0052260097168744185,0.0050205957240820201,-0.0055592452602792079,0.014987218833747621,-0.0011614349473831075,-0.012301754445244133,0.0022941465115285152,7.6831999999999999e-05,0,0,-0.000153664,-0.0001037232,0,7.6831999999999999e-05,0,0,-0.000153664,-0.0001037232,0,0,0,0,0,0,0.23467269123315182,-0.022499495158012479,0.021564586328023591,0.10242669070879866,-0.0032433494713480075,-0.0035871424091395219,0.16447558019735606,0.18153669239637638,0.0068488846998357149,-0.20905854408577451,-0.010979580746746445,-0.021610513378066049,-0.056468139149098324,-0.033297476925103313,0.0025087999999999998,0,0,-0.0050175999999999997,-0.0033868799999999997,0,0.0025087999999999998,0,0,-0.0050175999999999997,-0.0033868799999999997,0
179,FRAME,NONE,174,174,1.74,RECOVERY,1.1000000000000014,0,0,0,0,0,-1.4045797239913826,0.33577892628334793,-0.1560017275192391,-0.43301044459233934,0.018662508196535012,0.28024144947396462,-1.2928216007397126,-1.1151969812131344,-0.33400154398042475,1.6562373402195791,0.42468985706568441,0.18668955865301176,0.74795593679879147,0.17071131881273566,-0.15109754735520986,0.0055999999999999999,-0.034799999999999998,0.28679509471041975,-0.093403311070466663,-0.0077999999999999996,-0.15109754735520986,-0.0055999999999999999,0.034799999999999998,0.28679509471041975,-0.093403311070466663,0.0077999999999999996,0,0,0,0,0,0.00586143065499434,-0.0023549008171546279,0.00015551900147866735,0.022186644505888961,0.00034585601377342903,-0.014224626704216441,0.0064548465160447462,0.0073889265881718919,0.0059254433978087441,-0.0076099856652694156,0.017541988124782897,-0.0014709289874030784,-0.014802994663249677,0.0024277947777827514,0.0001038666913580247,0,0,-0.0002077333827160494,-0.00014022003333333334,0,0.0001038666913580247,0,0,-0.0002077333827160494,-0.00014022003333333334,0,0,0,0,0,0,0.27095874917266943,-0.025978459755995505,0.02489899147260418,0.11826432743628623,-0.0037448495232586575,-0.0041418011408878097,0.18990747174517805,0.20960664337289939,0.0079078874569669493,-0.24138403711006023,-0.012677288737542144,-0.024952019952259409,-0.065199475369490487,-0.038446069931792982,0.0028967209876543209,0,0,-0.0057934419753086419,-0.0039105733333333337,0,0.0028967209876543209,0,0,-0.0057934419753086419,-0.0039105733333333337,0
180,FRAME,NONE,175,175,1.75,RECOVERY,1.1000000000000014,0,0,0,0,0,-1.4045074609117671,0.33575304194174854,-0.15599944700258683,-0.43276965969410369,0.018666318213565063,0.28008681993145212,-1.2927469638547853,-1.1151099376962039,-0.33393776301187122,1.6561480582358494,0.42487805678330515,0.186670922851982,0.74779512776129831,0.1707372592662264,-0.15109635749293826,0.0055999999999999999,-0.034799999999999998,0.28679271498587655,-0.093404917384533326,-0.0077999999999999996,-0.15109635749293826,-0.0055999999999999999,0.034799999999999998,0.28679271498587655,-0.093404917384533326,0.0077999999999999996,0,0,0,0,0,0.0086697484656071445,-0.002834652579929548,0.00031200809419122048,0.025995165622581064,0.00042360321396618222,-0.016718983226247392,0.0085084795186994612,0.0098997692877440015,0.0068485322494005359,-0.0099640382710956613,0.020111302909630559,-0.0018116260914317083,-0.017425123836658712,0.0024943334835812875,0.00013473817283950619,0,0,-0.00026947634567901237,-0.00018189653333333336,0,0.00013473817283950619,0,0,-0.00026947634567901237,-0.00018189653333333336,0,0,0,0,0,0,0.30645214377964874,-0.029381426909543634,0.028160557051687147,0.13375599343504749,-0.0042353943839749872,-0.0046843434382892778,0.21478380754923065,0.23706341060479183,0.0089437564623956953,-0.2730033847308061,-0.014337910559432307,-0.028220531831321831,-0.073740076898406809,-0.043482192719277016,0.0032761679012345678,0,0,-0.0065523358024691357,-0.0044228266666666667,0,0.0032761679012345678,0,0,-0.0065523358024691357,-0.0044228266666666667,0
181,FRAME,NONE,176,176,1.76,RECOVERY,1.1000000000000014,0,0,0,0,0,-1.4044048065737775,0.33572218353657529,-0.15599543706667177,-0.43249004290904919,0.01867094502125919,0.27990671540576523,-1.2926504725539645,-1.1149958254225394,-0.33386468283054055,1.6560332707501431,0.42509200389051532,0.18664808348075024,0.74760757170125836,0.17076390025446428,-0.15109484008399998,0.0055999999999999999,-0.034799999999999998,0.28678968016799999,-0.093406965886599996,-0.0077999999999999996,-0.15109484008399998,-0.0055999999999999999,0.034799999999999998,0.28678968016799999,-0.093406965886599996,0.0077999999999999996,0,0,0,0,0,0.011937589068344467,-0.0033480118906099319,0.00049990320614780759,0.029952493611808448,0.00050773526761186706,-0.019319106539123533,0.010826669330474339,0.012750618950714099,0.0077894194903710134,-0.012614814020083001,0.022694493580430481,-0.0021828170738714668,-0.020165181717014459,0.0024952511371363825,0.00016936200000000002,0,0,-0.00033872400000000005,-0.00022863870000000002,0,0.00016936200000000002,0,0,-0.00033872400000000005,-0.00022863870000000002,0,0,0,0,0,0,0.3411584181543173,-0.032708928069317245,0.031349792432863371,0.1489041080808077,-0.0047150606632256264,-0.0052148540316540428,0.23910847261471496,0.26391128209026776,0.0099566534906093806,-0.30392152502775699,-0.01596170555625543,-0.031416559467666805,-0.082091277544878577,-0.048406631792584816,0.0036471999999999993,0,0,-0.0072943999999999986,-0.0049237199999999986,0,0.0036471999999999993,0,0,-0.0072943999999999986,-0.0049237199999999986,0
182,FRAME,NONE,177,177,1.77,RECOVERY,1.1000000000000014,0,0,0,0,0,-1.4042672211478766,0.3356860158199339,-0.15598938488055683,-0.43217012379092667,0.01867645360134626,0.27970009522676226,-1.2925295148465967,-1.1148512543230382,-0.33378213000655216,1.655889987652311,0.42533183193703283,0.18662066415480844,0.74739211177969511,0.17079063535496897,-0.15109295802469136,0.0055999999999999999,-0.034799999999999998,0.28678591604938269,-0.093409506666666656,-0.0077999999999999996,-0.15109295802469136,-0.0055999999999999999,0.034799999999999998,0.28678591604938269,-0.093409506666666656,0.0077999999999999996,0,0,0,0,0,0.015653786043420083,-0.0038942741973475078,0.00071848512085604245,0.034055136573170677,0.00059798511542799885,-0.022021606259354995,0.013403371606775136,0.015933570658273045,0.0087476697558709106,-0.015555775206144351,0.025290881844634093,-0.0025837979288262604,-0.023020223941374693,0.0024320398082843231,0.0002076543209876543,0,0,-0.00041530864197530861,-0.00028033333333333328,0,0.0002076543209876543,0,0,-0.00041530864197530861,-0.00028033333333333328,0,0,0,0,0,0,0.3750831153969027,-0.035961494685976737,0.034467206983723776,0.16371109074929238,-0.0051839249707392098,-0.0057334176512922252,0.26288535194683232,0.29015454582754158,0.010946740316095445,-0.33414339608065813,-0.017548933071850029,-0.034540613313707863,-0.090254411117937139,-0.053220173656745813,0.0040098765432098763,0,0,-0.0080197530864197526,-0.0054133333333333334,0,0.0040098765432098763,0,0,-0.0080197530864197526,-0.0054133333333333334,0
183,FRAME,NONE,178,178,1.78,RECOVERY,1.1000000000000014,0,0,0,0,0,-1.4040902766621561,0.33564421059138388,-0.15598098487927192,-0.43180846643740611,0.018682906120854371,0.27946595280675884,-1.2923815389525264,-1.1146729140664224,-0.33368993532163366,1.6557152853138537,0.4255976677012227,0.18658829742558969,0.74714762030492288,0.17081687194958259,-0.15109067504686419,0.0055999999999999999,-0.034799999999999998,0.2867813500937284,-0.093412588686733328,-0.0077999999999999996,-0.15109067504686419,-0.0055999999999999999,0.034799999999999998,0.2867813500937284,-0.093412588686733328,0.0077999999999999996,0,0,0,0,0,0.019807137048212773,-0.0044727519558914724,0.00096703440483343487,0.038299677789894446,0.00069407252770396452,-0.024823056751494602,0.016232567215981271,0.019440734212530307,0.0097228561197553638,-0.018780434831339215,0.027899782354039133,-0.0030138701743299585,-0.025987324607842144,0.0023061952074841041,0.00024953187654320992,0,0,-0.00049906375308641983,-0.00033686803333333337,0,0.00024953187654320992,0,0,-0.00049906375308641983,-0.00033686803333333337,0,0,0,0,0,0,0.40823177860763243,-0.039139658210182476,0.037513310071859228,0.17817936081622676,-0.0056420639162443661,-0.0062401190275139405,0.28611833055078378,0.31579748981482736,0.011914178713341309,-0.3636739359692544,-0.019099852450054588,-0.037593203821858483,-0.098230811426613746,-0.057923604816789404,0.0043642567901234566,0,0,-0.0087285135802469133,-0.005891746666666667,0,0.0043642567901234566,0,0,-0.0087285135802469133,-0.005891746666666667,0
184,FRAME,NONE,179,179,1.79,RECOVERY,1.1000000000000014,0,0,0,0,0,-1.4038696573552638,0.33559644652609671,-0.15596993876818394,-0.43140366871498681,0.018690361800358293,0.27920331596328057,-1.2922040530473056,-1.1144575739091442,-0.33358793367231043,1.6555063060800788,0.42588963112725409,0.18655062472922426,0.74687299853447542,0.17084203125365369,-0.15108795571200001,0.0055999999999999999,-0.034799999999999998,0.286775911424,-0.093416259788799999,-0.0077999999999999996,-0.15108795571200001,-0.0055999999999999999,0.034799999999999998,0.286775911424,-0.093416259788799999,0.0077999999999999996,0,0,0,0,0,0.024386405189340106,-0.0050827752539943354,0.001244831154081595,0.042682780264463802,0.00079570436145654649,-0.027720003018859879,0.01930826239737091,0.023264234973841062,0.010714561004842806,-0.02228235600871192,0.030520504225645298,-0.0034723411631496989,-0.029063578624016911,0.002119216706588066,0.00029491199999999998,0,0,-0.00058982399999999997,-0.00039813119999999999,0,0.00029491199999999998,0,0,-0.00058982399999999997,-0.00039813119999999999,0,0,0,0,0,0,0.4406099508867341,-0.042243950092594865,0.040488611064860631,0.19231133765733627,-0.0060895541094697298,-0.0067350428906293074,0.30881129343177061,0.34084440205033933,0.012859130456834405,-0.39251808277329098,-0.020614723034707613,-0.040574841444532182,-0.10602181227993973,-0.062517711777745011,0.0047104,0,0,-0.0094208,-0.006359039999999999,0,0.0047104,0,0,-0.0094208,-0.006359039999999999,0
185,FRAME,NONE,180,180,1.8,RECOVERY,1.1000000000000014,0,0,0,0,0,-1.403601160013797,0.33554240899725535,-0.1559559555295347,-0.43095436144170035,0.018698876785172149,0.27891124718436272,-1.2919946250057384,-1.1142020825360197,-0.33347596396406287,1.6552602577671733,0.42620783527698147,0.1865072963312587,0.74656717645470838,0.17086554834594905,-0.15108476540528396,0.0055999999999999999,-0.034799999999999998,0.28676953081056789,-0.093420566702866664,-0.0077999999999999996,-0.15108476540528396,-0.0055999999999999999,0.034799999999999998,0.28676953081056789,-0.093420566702866664,0.0077999999999999996,0,0,0,0,0,0.029380320748865044,-0.0057236923149870163,0.0015511547926790844,0.047201190627992606,0.00090257486903963556,-0.030708966300271329,0.022624488965778941,0.027396214757945216,0.011722376990583755,-0.026055151411383488,0.033152352456704851,-0.0039585243601060168,-0.032246103832370004,0.0018726073036838793,0.00034371261728395066,0,0,-0.00068742523456790132,-0.00046401203333333341,0,0.00034371261728395066,0,0,-0.00068742523456790132,-0.00046401203333333341,0,0,0,0,0,0,0.47222317533443509,-0.045274901783874263,0.043393619330318864,0.20610944064834621,-0.0065264721601439287,-0.0072182739709484422,0.33096812559499389,0.36529957053229167,0.013781757321062163,-0.42068077457251274,-0.022093804169647603,-0.043486036634142453,-0.11362874748694635,-0.06700328104464201,0.0050483654320987656,0,0,-0.010096730864197531,-0.0068152933333333341,0,0.0050483654320987656,0,0,-0.010096730864197531,-0.0068152933333333341,0
186,FRAME,NONE,181,181,1.8100000000000001,RECOVERY,1.1000000000000014,0,0,0,0,0,-1.4032806942907265,0.33548178989388766,-0.15593875143062705,-0.43045920753378519,0.018708504019982454,0.27858884383937832,-1.2917508821433246,-1.1139033678910228,-0.33335386899759295,1.6549744131637916,0.42655238629532072,0.18645797126771402,0.74622911254039992,0.17088687219872284,-0.15108107032967902,0.0055999999999999999,-0.034799999999999998,0.28676214065935801,-0.093425555054933329,-0.0077999999999999996,-0.15108107032967902,-0.0055999999999999999,0.034799999999999998,0.28676214065935801,-0.093425555054933329,0.0077999999999999996,0,0,0,0,0,0.034777583247599914,-0.0063948698830412522,0.0018852839220553322,0.051851742438873638,0.0010143660564941768,-0.033786449372087232,0.026175304560601607,0.031828832790118146,0.012745907520382384,-0.030092482767758926,0.035794629236431598,-0.0044717395859093217,-0.035532042916846057,0.0015678735344069623,0.00039585224691358027,0,0,-0.00079170449382716054,-0.00053440053333333342,0,0.00039585224691358027,0,0,-0.00079170449382716054,-0.00053440053333333342,0,0,0,0,0,0,0.50307699505096315,-0.048233044734681083,0.046228844235824837,0.21957608916498197,-0.0069528946779955974,-0.0076898969987814637,0.3525927120456549,0.3891672832588986,0.014682221080512016,-0.44816694944666485,-0.023537355198713063,-0.046327299843102805,-0.12105295085666495,-0.071381099122509853,0.0053782123456790135,0,0,-0.010756424691358027,-0.0072605866666666675,0,0.0053782123456790135,0,0,-0.010756424691358027,-0.0072605866666666675,0
187,FRAME,NONE,182,182,1.8200000000000001,RECOVERY,1.1000000000000014,0,0,0,0,0,-1.4029042830015506,0.3354142874352854,-0.15591805003316708,-0.42991690112237962,0.018719293127446236,0.27823523833830127,-1.2914705109551654,-1.113558436997752,-0.33322149534822271,1.6546461095367702,0.42692338338824309,0.18640231728283352,0.74585779349642334,0.17090546570743217,-0.15107683750000001,0.0055999999999999999,-0.034799999999999998,0.28675367499999999,-0.093431269374999987,-0.0077999999999999996,-0.15107683750000001,-0.0055999999999999999,0.034799999999999998,0.28675367499999999,-0.093431269374999987,0.0077999999999999996,0,0,0,0,0,0.040566863828058082,-0.0070956934928512955,0.0022464962194432116,0.056631358887256261,0.0011307480898224867,-0.036948941555449227,0.029954792936764545,0.036554266713424141,0.01378476751085967,-0.034388060402594352,0.038446635156945685,-0.005011313227576886,-0.038918565095320011,0.0012065253321991353,0.00045125000000000005,0,0,-0.00090250000000000009,-0.00060918750000000003,0,0.00045125000000000005,0,0,-0.00090250000000000009,-0.00060918750000000003,0,0,0,0,0,0,0.53317695313654545,-0.051118910395675669,0.048994795148969414,0.23271370258296886,-0.0073688982727533646,-0.0081499967044384863,0.37368893778895468,0.41245182822837423,0.015560683509671385,-0.4749815454754921,-0.02494563546574248,-0.049099141523826724,-0.12829575619812678,-0.075651952516377893,0.0056999999999999993,0,0,-0.011399999999999999,-0.0076949999999999996,0,0.0056999999999999993,0,0,-0.011399999999999999,-0.0076949999999999996,0
188,FRAME,NONE,183,183,1.8300000000000001,RECOVERY,1.1000000000000014,0,0,0,0,0,-1.4024680623950965,0.3353396059831395,-0.15589358220326074,-0.42932616664605044,0.018731290291211081,0.27784959824240363,-1.2911512568519545,-1.1131643757690592,-0.33307869323947364,1.6542727481405533,0.42732091881226753,0.18634001076389151,0.74545223398369864,0.17092080571956483,-0.15107203473698766,0.0055999999999999999,-0.034799999999999998,0.28674406947397529,-0.093437753105066662,-0.0077999999999999996,-0.15107203473698766,-0.0055999999999999999,0.034799999999999998,0.28674406947397529,-0.093437753105066662,0.0077999999999999996,0,0,0,0,0,0.046736807939353482,-0.0078255676266724312,0.0026340683839672276,0.061537054922828377,0.0012513797472729201,-0.040192923429349402,0.033957064295280018,0.041564713648082653,0.014838583865391098,-0.038935642823542956,0.041107670326119845,-0.0055765784155687986,-0.042402867602830664,0.00079007584003837339,0.00050982558024691366,0,0,-0.0010196511604938273,-0.0006882645333333334,0,0.00050982558024691366,0,0,-0.0010196511604938273,-0.0006882645333333334,0,0,0,0,0,0,0.56252859269141009,-0.053933030217518454,0.051691981437343527,0.24552470027803236,-0.0077745595541458667,-0.0085986578182296325,0.3942606878300946,0.43515749343893295,0.016417306383027713,-0.50112950073873996,-0.026318904314574371,-0.051802072128727741,-0.13535849732036317,-0.079816627731275624,0.0060137876543209876,0,0,-0.012027575308641975,-0.0081186133333333334,0,0.0060137876543209876,0,0,-0.012027575308641975,-0.0081186133333333334,0
189,FRAME,NONE,184,184,1.8400000000000001,RECOVERY,1.1000000000000014,0,0,0,0,0,-1.4019682823959849,0.33525745585250238,-0.15586508612159045,-0.42868575792488106,0.018744538143832253,0.27743112632925926,-1.2907909238926707,-1.1127183488053556,-0.33292531641177864,1.6538517937299544,0.42774507787465132,0.18627073667339566,0.74501147633138731,0.17093238306211728,-0.15106663066138271,0.0055999999999999999,-0.034799999999999998,0.28673326132276544,-0.093445048607133319,-0.0077999999999999996,-0.15106663066138271,-0.0055999999999999999,0.034799999999999998,0.28673326132276544,-0.093445048607133319,0.0077999999999999996,0,0,0,0,0,0.053276038306266225,-0.0085839157618596319,0.0030472761287738126,0.066565938824236295,0.0013759089156592601,-0.043514871250921232,0.038176255651073666,0.046852391298892987,0.015906995894313943,-0.043729036352673632,0.043777035385101984,-0.0061668751678578913,-0.045982176970815684,0.00032004117620154562,0.00057149928395061719,0,0,-0.0011429985679012344,-0.00077152403333333327,0,0.00057149928395061719,0,0,-0.0011429985679012344,-0.00077152403333333327,0,0,0,0,0,0,0.59113745681578411,-0.056675935650869785,0.054320912468538048,0.2580115016258977,-0.0081699551319017304,-0.0090359650704650175,0.41431184717427577,0.45728856688878877,0.017252251475068422,-0.52661575331615307,-0.027657421089047226,-0.054436602110219348,-0.14224250803240546,-0.083875911272232387,0.0063196345679012349,0,0,-0.01263926913580247,-0.0085315066666666658,0,0.0063196345679012349,0,0,-0.01263926913580247,-0.0085315066666666658,0
190,FRAME,NONE,185,185,1.8500000000000001,RECOVERY,1.1000000000000014,0,0,0,0,0,-1.401401306816068,0.33516755312262947,-0.15583230729331071,-0.42799445722157065,0.018759075660020882,0.27697906061504185,-1.290387374513642,-1.112217599181226,-0.33276122198739139,1.6533807740758244,0.42819593894314434,0.18619418847905927,0.74453459023745261,0.170939702567281,-0.15106059468799998,0.0055999999999999999,-0.034799999999999998,0.286721189376,-0.093453197171199986,-0.0077999999999999996,-0.15106059468799998,-0.0055999999999999999,0.034799999999999998,0.286721189376,-0.093453197171199986,0.0077999999999999996,0,0,0,0,0,0.060173158164740025,-0.0093701803122312969,0.0034853942176027025,0.071715213229240057,0.0015039731286573474,-0.046911261085175279,0.042606531235806343,0.052409539107630985,0.016989655644250271,-0.048762094802325712,0.04645403243335916,-0.006781550501231446,-0.049653750107840684,-0.00020205984337074573,0.00063619200000000005,0,0,-0.0012723840000000001,-0.00085885919999999997,0,0.00063619200000000005,0,0,-0.0012723840000000001,-0.00085885919999999997,0,0,0,0,0,0,0.61900908860989534,-0.059348158146390051,0.056882097610143859,0.27017652600229031,-0.0085551616157495906,-0.0094620031914547584,0.43384630082669934,0.47884933657615597,0.01806568056028094,-0.55144524128747652,-0.028961445132999548,-0.057003241920715035,-0.14894912214328485,-0.087830589644277604,0.0066175999999999995,0,0,-0.013235199999999999,-0.0089337599999999989,0,0.0066175999999999995,0,0,-0.013235199999999999,-0.0089337599999999989,0
191,FRAME,NONE,186,186,1.8600000000000001,RECOVERY,1.1000000000000014,0,0,0,0,0,-1.4007636135321957,0.33506961944873814,-0.1557949985572194,-0.42725107429485459,0.018774938055656023,0.27649267433694008,-1.2899385292536458,-1.1116594482198681,-0.3325862703323611,1.6528572794832666,0.42867357346454799,0.18611006808184874,0.7440206724594759,0.17094228309588105,-0.15105389701980246,0.0055999999999999999,-0.034799999999999998,0.28670779403960495,-0.093462239023266669,-0.0077999999999999996,-0.15105389701980246,-0.0055999999999999999,0.034799999999999998,0.28670779403960495,-0.093462239023266669,0.0077999999999999996,0,0,0,0,0,0.067416754746258981,-0.010183822466770432,0.0039476965441757163,0.07698217564539532,0.0016352001449788805,-0.050378572647278512,0.047242082933497319,0.058228419447309873,0.018086228139073533,-0.054028719194531255,0.049137965864205192,-0.0074199585102100139,-0.05341487518760718,-0.00077470602354248568,0.00070382520987654338,0,0,-0.0014076504197530868,-0.00095016403333333358,0,0.00070382520987654338,0,0,-0.0014076504197530868,-0.00095016403333333358,0,0,0,0,0,0,0.64614903117397127,-0.061950229154739668,0.059376046229751879,0.28202219278293555,-0.0089302556154180791,-0.0098768569115089758,0.45286793379256662,0.49984409049924888,0.018857755413152707,-0.57562290273245575,-0.030231235790269845,-0.059502502012628335,-0.15547967346203276,-0.091681449352440728,0.0069077432098765433,0,0,-0.013815486419753087,-0.0093254533333333341,0,0.0069077432098765433,0,0,-0.013815486419753087,-0.0093254533333333341,0
192,FRAME,NONE,187,187,1.8700000000000001,RECOVERY,1.1000000000000014,0,0,0,0,0,-1.4000517946279647,0.33496338187567004,-0.15575292009376529,-0.42645444545033673,0.018792156692954448,0.27597127589860426,-1.2894423664747612,-1.1110412952550415,-0.33240032491652149,1.6522789623119827,0.42917804599117598,0.18601808574247128,0.74346884649762535,0.17093965755820517,-0.1510465086419753,0.0055999999999999999,-0.034799999999999998,0.28669301728395058,-0.093472213333333332,-0.0077999999999999996,-0.1510465086419753,-0.0055999999999999999,0.034799999999999998,0.28669301728395058,-0.093472213333333332,0.0077999999999999996,0,0,0,0,0,0.07499540299385668,-0.011024321929342721,0.0044334562527791541,0.08236421846166378,0.0017692085642792789,-0.053913292861386686,0.052077130746845071,0.064301318855198353,0.019196391535108104,-0.059522857523107396,0.051828143113842186,-0.0080814604140573131,-0.057262872350271672,-0.0013963741467384154,0.00077432098765432096,0,0,-0.0015486419753086419,-0.0010453333333333332,0,0.00077432098765432096,0,0,-0.0015486419753086419,-0.0010453333333333332,0,0,0,0,0,0,0.67256282760823927,-0.06448268012657897,0.061803267694952972,0.29355092134355876,-0.009295313740635823,-0.010280610960937783,0.47138063107707862,0.5202771166562814,0.019628637808171139,-0.59915367573083522,-0.031467052404696598,-0.061934892838372717,-0.16183549579768036,-0.095429276901751112,0.0071901234567901227,0,0,-0.014380246913580245,-0.0097066666666666655,0,0.0071901234567901227,0,0,-0.014380246913580245,-0.0097066666666666655,0
193,FRAME,NONE,188,188,1.8799999999999999,RECOVERY,1.1000000000000014,0,0,0,0,0,-1.3992625564971617,0.33484857265442097,-0.15570583943147712,-0.42560343259363159,0.018810758992185071,0.27541420878139944,-1.2888969220786892,-1.1103606173801541,-0.33220325217242319,1.6516435364983801,0.42970941421425979,0.1859179600066074,0.74287826227168574,0.17093137293182073,-0.15103840131599999,0.0055999999999999999,-0.034799999999999998,0.28667680263200002,-0.09348315822339999,-0.0077999999999999996,-0.15103840131599999,-0.0055999999999999999,0.034799999999999998,0.28667680263200002,-0.09348315822339999,0.0077999999999999996,0,0,0,0,0,0.082897669492904433,-0.011891176563270977,0.0049419458984245358,0.087858828481893414,0.0019056084786226103,-0.0575119191409642,0.057105923292237355,0.070620549301512625,0.020319837193228947,-0.065238504557390539,0.054523875327028674,-0.0087654245724452622,-0.061195094223354805,-0.0020655393654853676,0.00084760200000000014,0,0,-0.0016952040000000003,-0.0011442627000000001,0,0.00084760200000000014,0,0,-0.0016952040000000003,-0.0011442627000000001,0,0,0,0,0,0,0.69825602101292727,-0.066946042512568388,0.064164271373338064,0.30476513105988529,-0.0096504126011314612,-0.010673350070051301,0.48938827768543669,0.54015270304546814,0.02037848951982368,-0.62204249836236036,-0.032669154320118327,-0.064300924850361707,-0.1680179229592591,-0.099074858797238208,0.0074648000000000006,0,0,-0.014929600000000001,-0.01007748,0,0.0074648000000000006,0,0,-0.014929600000000001,-0.01007748,0
194,FRAME,NONE,189,189,1.8899999999999999,RECOVERY,1.1000000000000014,0,0,0,0,0,-1.3983927199068706,0.33472492906244145,-0.15565353145140295,-0.42469692229046996,0.018830768350287935,0.27482085142422963,-1.2883002892182984,-1.1096149691841695,-0.33199492135400333,1.6509487770790638,0.43026772900366256,0.18580941762921213,0.74224809579382167,0.1709169902760565,-0.15102954757372838,0.0055999999999999999,-0.034799999999999998,0.2866590951474568,-0.093495110775466655,-0.0077999999999999996,-0.15102954757372838,-0.0055999999999999999,0.034799999999999998,0.2866590951474568,-0.093495110775466655,0.0077999999999999996,0,0,0,0,0,0.091112116600316567,-0.012783901944753658,0.0054724376449841825,0.093463586001569704,0.002044002157304789,-0.061170962396461241,0.062322738321557804,0.077178449490727219,0.021456269670615247,-0.07116970168645631,0.057224477942589211,-0.009471226470432078,-0.065208926268769021,-0.0027806756282817476,0.00092359150617283962,0,0,-0.0018471830123456792,-0.0012468485333333335,0,0.00092359150617283962,0,0,-0.0018471830123456792,-0.0012468485333333335,0,0,0,0,0,0,0.72323415448826245,-0.069340847763368282,0.06645956663249801,0.31566724130764057,-0.0099956288066336187,-0.011055158969159647,0.50689475862284195,0.55947513766502299,0.021107472322597753,-0.64429430870677606,-0.033837800880373525,-0.06660110850100881,-0.17402828875580015,-0.10261898154393141,0.0077318320987654334,0,0,-0.015463664197530867,-0.010437973333333335,0,0.0077318320987654334,0,0,-0.015463664197530867,-0.010437973333333335,0
195,FRAME,NONE,190,190,1.8999999999999999,RECOVERY,1.1000000000000014,0,0,0,0,0,-1.3974392200183239,0.33459219322857103,-0.15559577838919342,-0.42373382483825206,0.018852204066756289,0.27419061707464593,-1.2876506180041489,-1.1088019824740578,-0.33177520439590241,1.650192519715334,0.43085303445295042,0.18569219349820099,0.7415775488388614,0.17089608474281404,-0.15101992071145678,0.0055999999999999999,-0.034799999999999998,0.28663984142291354,-0.093508107039533328,-0.0077999999999999996,-0.15101992071145678,-0.0055999999999999999,0.034799999999999998,0.28663984142291354,-0.093508107039533328,0.0077999999999999996,0,0,0,0,0,0.099627306756381456,-0.013702030829249335,0.0060242034997225781,0.099176163449629137,0.0021839847628234346,-0.06488694977716325,0.067721883269013808,0.083967386192503435,0.022605406634980011,-0.077310536802545557,0.059929271202023439,-0.010198248673501822,-0.069301786962689599,-0.0035402561364023654,0.0010022133580246913,0,0,-0.0020044267160493827,-0.0013529880333333331,0,0.0010022133580246913,0,0,-0.0020044267160493827,-0.0013529880333333331,0,0,0,0,0,0,0.74750277113447217,-0.071667627329638994,0.068689662840023716,0.32625967146254969,-0.010331038966870928,-0.011426122388572933,0.52390395889449526,0.5782487085131599,0.02181574799098078,-0.6659140448438271,-0.034973251429300682,-0.068835954242727496,-0.1798679269963348,-0.10606243164686009,0.0079912790123456787,0,0,-0.015982558024691357,-0.010788226666666664,0,0.0079912790123456787,0,0,-0.015982558024691357,-0.010788226666666664,0
196,FRAME,NONE,191,191,1.9099999999999999,RECOVERY,1.1000000000000014,0,0,0,0,0,-1.3963991063637307,0.33445011196345442,-0.15553236983441684,-0.42271307335326458,0.018875081277071146,0.27352295361382878,-1.2869461152057979,-1.1079193659835245,-0.33154397577415035,1.6493726602183525,0.4314653679291951,0.18556603055779475,0.74086584861370763,0.17086824558342012,-0.151009494784,0.0055999999999999999,-0.034799999999999998,0.28661898956799997,-0.093522182041599997,-0.0077999999999999996,-0.151009494784,-0.0055999999999999999,0.034799999999999998,0.28661898956799997,-0.093522182041599997,0.0077999999999999996,0,0,0,0,0,0.10843180696404119,-0.014645112535080338,0.006596515582662674,0.10499432361744845,0.0023251450957784982,-0.068656427154940441,0.073297695821334344,0.09097975559929164,0.023766978704189645,-0.083655144222295169,0.062637580584573624,-0.010945880753507033,-0.07347112781521814,-0.0043427538293202995,0.0010833920000000001,0,0,-0.0021667840000000002,-0.0014625792000000002,0,0.0010833920000000001,0,0,-0.0021667840000000002,-0.0014625792000000002,0,0,0,0,0,0,0.77106741405178458,-0.073926912662041003,0.070855069363506079,0.33654484090033843,-0.010656719691572024,-0.011786325058601286,0.54041976350559839,0.59647770358809371,0.022503478299460207,-0.68690664485325903,-0.036075765310738313,-0.07100597252793131,-0.18553817148989449,-0.10940599561105374,0.0082431999999999991,0,0,-0.016486399999999998,-0.011128319999999999,0,0.0082431999999999991,0,0,-0.016486399999999998,-0.011128319999999999,0
197,FRAME,NONE,192,192,1.9199999999999999,RECOVERY,1.1000000000000014,0,0,0,0,0,-1.395269542777509,0.33429843659619746,-0.15546310272676897,-0.42163362287759037,0.018899410894022708,0.27281734335801072,-1.2861850439476845,-1.1069649050677861,-0.33130111236908327,1.6484871540746104,0.43210476012668642,0.18543067973184565,0.74011224742745152,0.17083307615123947,-0.15099824459876543,0.0055999999999999999,-0.034799999999999998,0.28659648919753083,-0.093537369791666658,-0.0077999999999999996,-0.15099824459876543,-0.0055999999999999999,0.034799999999999998,0.28659648919753083,-0.093537369791666658,0.0077999999999999996,0,0,0,0,0,0.11751419342112943,-0.015612712248612251,0.0071886464292661711,0.11091591749737353,0.0024670663664819641,-0.072475961358542729,0.079044544509818876,0.098207984707742599,0.024940729214262741,-0.09019770464425611,0.065348737172160914,-0.011713519186445379,-0.077714433236966807,-0.0051866418965063697,0.0011670524691358025,0,0,-0.002334104938271605,-0.0015755208333333333,0,0.0011670524691358025,0,0,-0.002334104938271605,-0.0015755208333333333,0,0,0,0,0,0,0.79393362634042675,-0.07611923521123462,0.072956295570536012,0.34652516899673186,-0.010972747590465537,-0.012135851709554819,0.55644605746135223,0.61416641088803836,0.023170825022523454,-0.70727704681481662,-0.037145601868524919,-0.073111673809033731,-0.19104035604551042,-0.11265045994154171,0.0084876543209876538,0,0,-0.016975308641975308,-0.011458333333333333,0,0.0084876543209876538,0,0,-0.016975308641975308,-0.011458333333333333,0
198,FRAME,NONE,193,193,1.9299999999999999,RECOVERY,1.1000000000000014,0,0,0,0,0,-1.3940478072804015,0.33413692281800761,-0.15538778134882364,-0.4204944495095192,0.018925199557188566,0.27207330283877174,-1.2853657233994085,-1.1059364613841902,-0.33104649333114977,1.6475340159713814,0.43277123512394916,0.18528589984738869,0.73931602236369176,0.1707901938998036,-0.15098614570982716,0.0055999999999999999,-0.034799999999999998,0.28657229141965429,-0.09355370329173332,-0.0077999999999999996,-0.15098614570982716,-0.0055999999999999999,0.034799999999999998,0.28657229141965429,-0.09355370329173332,0.0077999999999999996,0,0,0,0,0,0.12686305629178052,-0.016604410255477292,0.0077998693249278382,0.11693888175333902,0.0026093269910680535,-0.076342142167949323,0.084956829322851507,0.10564453272113845,0.026126413918820163,-0.096932445141072937,0.068062077947662891,-0.012500567223091605,-0.082029220259861313,-0.0060703943134583702,0.0012531203950617285,0,0,-0.002506240790123457,-0.0016917125333333334,0,0.0012531203950617285,0,0,-0.002506240790123457,-0.0016917125333333334,0,0,0,0,0,0,0.81610695110062648,-0.078245126427880257,0.07499385082870437,0.35620307512745542,-0.011279199273280098,-0.012474787071743647,0.57198672576695797,0.6313191184112078,0.023817949934657953,-0.72703018880824488,-0.038183020446498989,-0.075153568538448262,-0.19637581447221389,-0.11579661114335342,0.0087247012345679012,0,0,-0.017449402469135802,-0.011778346666666667,0,0.0087247012345679012,0,0,-0.017449402469135802,-0.011778346666666667,0
199,FRAME,NONE,194,194,1.9399999999999999,RECOVERY,1.1000000000000014,0,0,0,0,0,-1.3927312919152206,0.33396533053350391,-0.15530621731497132,-0.41929454956099349,0.018952449590822099,0.27129038256456828,-1.284486528460266,-1.104831972558501,-0.33077999995036605,1.6465113193218341,0.43346481044339258,0.1851314575587025,0.73847647495645363,0.17073923037622565,-0.15097317441200001,0.0055999999999999999,-0.034799999999999998,0.28654634882399999,-0.093571214543799991,-0.0077999999999999996,-0.15097317441200001,-0.0055999999999999999,0.034799999999999998,0.28654634882399999,-0.093571214543799991,0.0077999999999999996,0,0,0,0,0,0.13646700460396166,-0.017619801102391336,0.0084294586698246982,0.12306123584624562,0.0027515014099017475,-0.080251584079111829,0.091028982337624728,0.11328189247015019,0.027323800623135705,-0.10385363918459015,0.070776946030072577,-0.013306434733590007,-0.086413038119626875,-0.0069924863999057032,0.0013415219999999999,0,0,-0.0026830439999999999,-0.0018110546999999999,0,0.0013415219999999999,0,0,-0.0026830439999999999,-0.0018110546999999999,0,0,0,0,0,0,0.83759293143261104,-0.080305117762638281,0.076968244505602051,0.36558097866823447,-0.011576151349744339,-0.012803215875477891,0.58704565342761672,0.64794011415581643,0.024445014810351131,-0.74617100891328891,-0.039188280388499024,-0.077132167168588422,-0.20154588057903619,-0.11884523572151828,0.0089543999999999995,0,0,-0.017908799999999999,-0.012088439999999999,0,0.0089543999999999995,0,0,-0.017908799999999999,-0.012088439999999999,0
200,FRAME,NONE,195,195,1.95,RECOVERY,1.1000000000000014,0,0,0,0,0,-1.3913175025329292,0.3337834237203342,-0.15521822955623416,-0.41803293874546804,0.01898115897041068,0.27046816676572505,-1.2835458894378673,-1.1036494518366853,-0.33050151553005352,1.6454171957895065,0.43418549711298415,0.18496712727212195,0.73759293087108413,0.17067983120967722,-0.15095930773491356,0.0055999999999999999,-0.034799999999999998,0.28651861546982715,-0.093589934557866655,-0.0077999999999999996,-0.15095930773491356,-0.0055999999999999999,0.034799999999999998,0.28651861546982715,-0.093589934557866655,0.0077999999999999996,0,0,0,0,0,0.14631467126082123,-0.018658492694200009,0.009076690372688689,0.1292810788368457,0.002893160926096019,-0.084200927850232504,0.097255468369956383,0.12111259184932702,0.028532668756014779,-0.11095560670205665,0.0734926908501181,-0.014130538027202193,-0.090863467707550938,-0.0079513953982391708,0.0014321840987654322,0,0,-0.0028643681975308644,-0.0019334485333333334,0,0.0014321840987654322,0,0,-0.0028643681975308644,-0.0019334485333333334,0,0,0,0,0,0,0.85839711043660827,-0.082299740666169102,0.078879985968819982,0.37466129899479433,-0.011863680429586892,-0.01312122285106767,0.60162672544852991,0.66403368612007863,0.025052181424090429,-0.76470444520969372,-0.040161641038363539,-0.079047980151867703,-0.20655188817500869,-0.12179712018106573,0.0091768098765432089,0,0,-0.018353619753086418,-0.012388693333333332,0,0.0091768098765432089,0,0,-0.018353619753086418,-0.012388693333333332,0
201,FRAME,NONE,196,196,1.96,RECOVERY,1.1000000000000014,0,0,0,0,0,-1.3898279633852098,0.33375204726625946,-0.15526590008467145,-0.41670254330862971,0.018865027524306473,0.26960179006623219,-1.2823444174271172,-1.102386987722108,-0.33021092526553492,1.6442498348118419,0.43493329972930517,0.18479269107185869,0.73666473959142986,0.17061165609475878,-0.15094452343708642,0.0055999999999999999,-0.034799999999999998,0.28648904687417281,-0.093609893359933333,-0.0077999999999999996,-0.15094452343708642,-0.0055999999999999999,0.034799999999999998,0.28648904687417281,-0.093609893359933333,0.0077999999999999996,0,0,0,0,0,0.15639667327806855,-0.019727265573225378,0.0097327987756793619,0.13559661016848334,0.003038526621448307,-0.088185497318649095,0.10361823498477912,0.12912919526682498,0.029752808882790794,-0.11823271416150492,0.076208668269957772,-0.014972299648477433,-0.09537812089923102,-0.0089456010703161289,0.001525034098765432,0,0,-0.003050068197530864,-0.0020587960333333334,0,0.001525034098765432,0,0,-0.003050068197530864,-0.0020587960333333334,0,0,0,0,0,0,0.87852503121284553,-0.084229526589133089,0.080729584585949032,0.38344645548286049,-0.012141863122536388,-0.013428892728823099,0.61573382683489852,0.67960412230220835,0.025639611550363265,-0.78263543577720429,-0.041103361739931017,-0.080901517940699608,-0.21139517106916264,-0.12465305102702515,0.009391990123456791,0,0,-0.018783980246913582,-0.012679186666666667,0,0.009391990123456791,0,0,-0.018783980246913582,-0.012679186666666667,0
202,FRAME,NONE,197,197,1.97,RECOVERY,1.1000000000000014,0,0,0,0,0,-1.3882125799491525,0.33354876645000781,-0.15516465078115188,-0.41531463048194028,0.018896661108877031,0.26869988239937198,-1.2812765039772018,-1.1010427435979597,-0.32990811612834531,1.6430074831225412,0.43570821652161978,0.18460793864703223,0.73569127411435409,0.17053437876956321,-0.1509288,0.0055999999999999999,-0.034799999999999998,0.28645759999999998,-0.093631119999999998,-0.0077999999999999996,-0.1509288,-0.0055999999999999999,0.034799999999999998,0.28645759999999998,-0.093631119999999998,0.0077999999999999996,0,0,0,0,0,0.16669792176639875,-0.020811731838172781,0.010412750687443389,0.14200603212570354,0.00317800254937861,-0.092204620069603505,0.11013638660690758,0.13732430510498964,0.030984022162815594,-0.12567937468430004,0.078924240650640964,-0.01583114815119914,-0.099954639768153303,-0.0099735863108972519,0.0016200000000000003,0,0,-0.0032400000000000007,-0.0021870000000000006,0,0.0016200000000000003,0,0,-0.0032400000000000007,-0.0021870000000000006,0,0,0,0,0,0,0.89798223686155021,-0.086095006982190594,0.082517549724580058,0.39193886750815804,-0.012410776038321455,-0.013726310239054292,0.62937084259192355,0.69465571070041965,0.02620746696365707,-0.79996891869556563,-0.042013701837039959,-0.082693290987497628,-0.21607706307052926,-0.12741381476442593,0.0096000000000000009,0,0,-0.019200000000000002,-0.012960000000000001,0,0.0096000000000000009,0,0,-0.019200000000000002,-0.012960000000000001,0
203,FRAME,NONE,198,198,1.98,RECOVERY,1.1000000000000014,0,0,0,0,0,-1.386493120404505,0.33333449451763386,-0.15505649231541008,-0.41386216228902345,0.018929712735697914,0.26775763177704776,-1.2801427579112286,-1.0996149573349321,-0.32959297675658139,1.6416884442724584,0.43651023941620426,0.18441266722015062,0.73467193065290948,0.17044768698830146,-0.15091211662217283,0.0055999999999999999,-0.034799999999999998,0.28642423324434568,-0.093653642560066655,-0.0077999999999999996,-0.15091211662217283,-0.0055999999999999999,0.034799999999999998,0.28642423324434568,-0.093653642560066655,0.0077999999999999996,0,0,0,0,0,0.17720898518332917,-0.021918398736830567,0.011108180604517719,0.14850768173575052,0.0033156626861451329,-0.096253737260689073,0.11679246216377304,0.14569056318952778,0.032226119754851977,-0.13329004818277404,0.08163877687098689,-0.016706517851525098,-0.10459069569197654,-0.011033837776086648,0.0017170103950617281,0,0,-0.0034340207901234561,-0.0023179640333333327,0,0.0017170103950617281,0,0,-0.0034340207901234561,-0.0023179640333333327,0,0,0,0,0,0,0.91677427048295035,-0.087896713296002071,0.084244390752304027,0.40014095444641268,-0.012670495786670734,-0.014013560112071376,0.64254165772480676,0.70919273931292726,0.026755909438459284,-0.81670983204452308,-0.042892920673528886,-0.08442380974467531,-0.22059889798814006,-0.13008019789829753,0.0098008987654320985,0,0,-0.019601797530864197,-0.013231213333333334,0,0.0098008987654320985,0,0,-0.019601797530864197,-0.013231213333333334,0
204,FRAME,NONE,199,199,1.99,RECOVERY,1.1000000000000014,0,0,0,0,0,-1.3846675425643327,0.33310900997456733,-0.15494127228854263,-0.41234422465460885,0.018964163218660787,0.26677475452028387,-1.2789418285035257,-1.0981019408839734,-0.32926539735183991,1.6402910781488291,0.43733935410073632,0.18420668147722022,0.73360612834900352,0.17035128248831882,-0.15089445321323455,0.0055999999999999999,-0.034799999999999998,0.28638890642646914,-0.093677488162133324,-0.0077999999999999996,-0.15089445321323455,-0.0055999999999999999,0.034799999999999998,0.28638890642646914,-0.093677488162133324,0.0077999999999999996,0,0,0,0,0,0.18791864386458523,-0.02304691772764773,0.011818375180310406,0.15509993884881462,0.003451074144416266,-0.10032960634070619,0.1235810641684762,0.15422065226509993,0.033478922173866152,-0.14105924152079777,0.08435165230162571,-0.01759784856181975,-0.10928398835952899,-0.012124846525240995,0.0018159944691358029,0,0,-0.0036319889382716059,-0.0024515925333333339,0,0.0018159944691358029,0,0,-0.0036319889382716059,-0.0024515925333333339,0,0,0,0,0,0,0.93490667517727311,-0.08963517698122786,0.085910617036711795,0.40805513567334961,-0.012921098977312849,-0.014290727078184462,0.65525015723874891,0.72321949613794489,0.027285100749257329,-0.83286311390382139,-0.043741277593236282,-0.086093584664646117,-0.22496200963102617,-0.13265298693366934,0.0099947456790123439,0,0,-0.019989491358024688,-0.013492906666666665,0,0.0099947456790123439,0,0,-0.019989491358024688,-0.013492906666666665,0
205,FRAME,NONE,200,200,2,RECOVERY,1.1000000000000014,0,0,0,0,0,-1.3827339161845649,0.33287209471730878,-0.15481884536036841,-0.41075991940523937,0.018999989098708404,0.26575099922086726,-1.2776724188859818,-1.0965020798541687,-0.32892526958332213,1.6388138004926054,0.43819554008809353,0.18398979349969002,0.73249330899665421,0.17024488095139581,-0.150875790388,0.0055999999999999999,-0.034799999999999998,0.28635158077599998,-0.093702682976199991,-0.0077999999999999996,-0.150875790388,-0.0055999999999999999,0.034799999999999998,0.28635158077599998,-0.093702682976199991,0.0077999999999999996,0,0,0,0,0,0.19881572840402154,-0.024196948304046978,0.012542624938325472,0.16178124288523213,0.0035838053132832776,-0.10442901591387764,0.13049683137002735,0.16290729747530208,0.034742258602735082,-0.14898150869507193,0.087062248737903011,-0.018504585306728695,-0.1140322446865247,-0.013245108674936511,0.0019168819999999997,0,0,-0.0038337639999999995,-0.0025877906999999998,0,0.0019168819999999997,0,0,-0.0038337639999999995,-0.0025877906999999998,0,0,0,0,0,0,0.95238499404474597,-0.091310929488528314,0.087516737945394218,0.41568383056469399,-0.013162662219976431,-0.014557895867703665,0.66750022613895099,0.73674026917368685,0.02779520267053863,-0.84843370235320537,-0.044559031940000639,-0.087703126199823539,-0.22916773180821887,-0.13513296837557073,0.010181599999999999,0,0,-0.020363199999999998,-0.013745159999999999,0,0.010181599999999999,0,0,-0.020363199999999998,-0.013745159999999999,0
206,FRAME,NONE,201,201,2.0099999999999998,RECOVERY,1.1000000000000014,0,0,0,0,0,-1.3806904224334489,0.33262353395416511,-0.15468907320308931,-0.40910836369693943,0.019037162665821439,0.26468614642730343,-1.2763332856878287,-1.0948138330756716,-0.32857248649949233,1.63725508241372,0.4390787707793195,0.18376182269837782,0.73133293677662425,0.17012821195920694,-0.1508561094605432,0.0055999999999999999,-0.034799999999999998,0.28631221892108638,-0.093729252228266668,-0.0077999999999999996,-0.1508561094605432,-0.0055999999999999999,0.034799999999999998,0.28631221892108638,-0.093729252228266668,0.0077999999999999996,0,0,0,0,0,0.20988912512940508,-0.025368156801233742,0.013280224812766188,0.16855008817740608,0.0037134267725520685,-0.10854878624500161,0.13753443949790117,0.17174326784509622,0.036015966162443708,-0.15705145103487989,0.089769954295373544,-0.019426178023116344,-0.11883321764806731,-0.014393126063673156,0.0020196033580246911,0,0,-0.0040392067160493822,-0.0027264645333333329,0,0.0020196033580246911,0,0,-0.0040392067160493822,-0.0027264645333333329,0,0,0,0,0,0,0.96921477018559654,-0.092924502268563886,0.089063262845942237,0.42302945849617146,-0.013395262124390116,-0.01481515121093911,0.67929574943061466,0.74975934641836739,0.028286376976790626,-0.86342653547242054,-0.045346443057660467,-0.089252944802621109,-0.23321739832874955,-0.13752092872903118,0.01036152098765432,0,0,-0.02072304197530864,-0.013988053333333332,0,0.01036152098765432,0,0,-0.02072304197530864,-0.013988053333333332,0
207,FRAME,NONE,202,202,2.02,RECOVERY,1.1000000000000014,0,0,0,0,0,-1.3785353533059319,0.33236311613754493,-0.15455182444893972,-0.40738868949031565,0.019075651990690216,0.26358000832635925,-1.2749232386685345,-1.0930357321476996,-0.32820694244774151,1.6356134499041179,0.43998901352531561,0.18352259574955743,0.73012449800327717,0.1700010189428259,-0.1508353924382716,0.0055999999999999999,-0.034799999999999998,0.28627078487654323,-0.093757220208333325,-0.0077999999999999996,-0.1508353924382716,-0.0055999999999999999,0.034799999999999998,0.28627078487654323,-0.093757220208333325,0.0077999999999999996,0,0,0,0,0,0.22112778162557264,-0.02656021517187631,0.014030474708693154,0.17540501914566523,0.00383951221242452,-0.11268576964043255,0.14468860202030345,0.18072137776388186,0.037299889144375015,-0.16526371741798696,0.092474163271608428,-0.02036208124553969,-0.12368468503602195,-0.015567406926110753,0.0021240895061728398,0,0,-0.0042481790123456795,-0.0028675208333333335,0,0.0021240895061728398,0,0,-0.0042481790123456795,-0.0028675208333333335,0,0,0,0,0,0,0.98540154670005242,-0.094476426771994901,0.090550701105946721,0.43009443884350729,-0.013618975300282533,-0.015062577838200909,0.69064061211894079,0.7622810158702007,0.028758785442500743,-0.87784655134121159,-0.046103770290054268,-0.090743550925452318,-0.23711234300164946,-0.13981765449908004,0.010534567901234568,0,0,-0.021069135802469136,-0.014221666666666667,0,0.010534567901234568,0,0,-0.021069135802469136,-0.014221666666666667,0
208,FRAME,NONE,203,203,2.0299999999999998,RECOVERY,1.1000000000000014,0,0,0,0,0,-1.3762671109825106,0.33209063290805024,-0.1544069746315169,-0.40560004307470243,0.019115420966159136,0.26243242842139503,-1.2734411403437909,-1.0911663809716041,-0.32782853300242271,1.6338874833483912,0.44092622968699324,0.18327194653333445,0.72886750088432506,0.16986305912619068,-0.15081362201599999,0.0055999999999999999,-0.034799999999999998,0.28622724403200001,-0.09378661027839999,-0.0077999999999999996,-0.15081362201599999,-0.0055999999999999999,0.034799999999999998,0.28622724403200001,-0.09378661027839999,0.0077999999999999996,0,0,0,0,0,0.23252071229786439,-0.027772799735539744,0.014792680080395821,0.1823446253294505,0.0039616393565391874,-0.11683685071974764,0.15195407091591129,0.18983448846749457,0.038593878208313677,-0.173613004500343,0.095174275977997533,-0.021311753778978003,-0.1285844481493188,-0.01676646657571737,0.0022302720000000002,0,0,-0.0044605440000000003,-0.0030108672,0,0.0022302720000000002,0,0,-0.0044605440000000003,-0.0030108672,0,0,0,0,0,0,1.0009508666883411,-0.09596723444948177,0.091979562092998568,0.43688119098242678,-0.013833878357382314,-0.015300260479799181,0.7015386992091307,0.77430956552740104,0.029212589842156411,-0.89169868803932373,-0.046831272981020536,-0.092175455020730684,-0.24085389963594994,-0.14202393219074674,0.0107008,0,0,-0.0214016,-0.014446079999999998,0,0.0107008,0,0,-0.0214016,-0.014446079999999998,0
209,FRAME,NONE,204,204,2.04,RECOVERY,1.1000000000000014,0,0,0,0,0,-1.3738842071321893,0.33180587905045877,-0.15425440612055569,-0.40374158464264515,0.019156429358604399,0.26124328120847057,-1.2718859056045573,-1.0892044552690425,-0.32743715490159209,1.6320758170319276,0.441890374693586,0.18300971607443903,0.72756147529413295,0.16971410346343885,-0.15079078157002468,0.0055999999999999999,-0.034799999999999998,0.28618156314004939,-0.093817444880466658,-0.0077999999999999996,-0.15079078157002468,-0.0055999999999999999,0.034799999999999998,0.28618156314004939,-0.093817444880466658,0.0077999999999999996,0,0,0,0,0,0.24405700396917418,-0.029005589906740823,0.01556615252663519,0.1893675362949174,0.0040793908863349191,-0.12099894659309274,0.15932563745893108,0.19907550951753802,0.039897789549804531,-0.18209405695721501,0.097869698545230033,-0.022274658360593981,-0.1335303304252605,-0.017988828094818044,0.0023380829876543212,0,0,-0.0046761659753086424,-0.0031564120333333334,0,0.0023380829876543212,0,0,-0.0046761659753086424,-0.0031564120333333334,0,0,0,0,0,0,1.0158682732506905,-0.097397456751684902,0.09335035517468869,0.44339213428865548,-0.014040047905418095,-0.015528283866044049,0.71199389570638572,0.78584928338818272,0.029647951950245065,-0.90498788364650207,-0.047529210474397787,-0.093549167540869713,-0.24444340204068229,-0.14414054830906073,0.010860276543209875,0,0,-0.02172055308641975,-0.01466137333333333,0,0.010860276543209875,0,0,-0.02172055308641975,-0.01466137333333333,0
210,FRAME,NONE,205,205,2.0499999999999998,RECOVERY,1.1000000000000014,0,0,0,0,0,-1.3713852621592146,0.33150865246170746,-0.15409400804985574,-0.40181248791587326,0.019198632869324009,0.26001247185111842,-1.2702565013291909,-1.0871487020853026,-0.32703270599279055,1.6301771386464483,0.44288139809883131,0.18273575248554796,0.72620597256112751,0.1695539365700354,-0.15076685515219754,0.0055999999999999999,-0.034799999999999998,0.28613371030439505,-0.09384974554453332,-0.0077999999999999996,-0.15076685515219754,-0.0055999999999999999,0.034799999999999998,0.28613371030439505,-0.09384974554453332,0.0077999999999999996,0,0,0,0,0,0.25572582150432149,-0.030258266906477014,0.016350210401376315,0.19647241643958915,0.0041923553647212836,-0.1251690069591222,0.16679813301736557,0.20843740027655255,0.04121148404050691,-0.19070166773335565,0.10055984270605935,-0.023250261312327214,-0.13852017601983169,-0.019233023031112816,0.002447455209876544,0,0,-0.0048949104197530879,-0.0033040645333333339,0,0.002447455209876544,0,0,-0.0048949104197530879,-0.0033040645333333339,0,0,0,0,0,0,1.0301593094873278,-0.098767625129264652,0.094663589718607971,0.44962968813791859,-0.014237560554118503,-0.015746732727245628,0.72201008661590693,0.79690445745075977,0.030065033541254137,-0.9177190762424916,-0.048197842114024517,-0.094865198938282894,-0.24788218402487783,-0.14616828935905141,0.011013056790123456,0,0,-0.022026113580246913,-0.014867626666666666,0,0.011013056790123456,0,0,-0.022026113580246913,-0.014867626666666666,0
211,FRAME,NONE,206,206,2.0600000000000001,RECOVERY,1.1000000000000014,0,0,0,0,0,-1.3687690043933174,0.33119875413087951,-0.15392567623808817,-0.39981193982372959,0.019241983206054719,0.25873993585451871,-1.2685519459886592,-1.0849979392778148,-0.3266150851880622,1.6281901887928845,0.44389924363494165,0.18244991091322749,0.7248005652697358,0.16938235664760845,-0.150741827484,0.0055999999999999999,-0.034799999999999998,0.28608365496799998,-0.093883532896599994,-0.0077999999999999996,-0.150741827484,-0.0055999999999999999,0.034799999999999998,0.28608365496799998,-0.093883532896599994,0.0077999999999999996,0,0,0,0,0,0.26751641345577176,-0.03153051246204918,0.017144179438600457,0.20365795971435433,0.0043001281570373556,-0.12934401413843538,0.17436642986444276,0.21791317137761793,0.042534826345189472,-0.19943067829980363,0.1032441255589578,-0.024238032186177101,-0.14355184834500959,-0.020497592099815588,0.002558322,0,0,-0.0051166440000000001,-0.0034537347000000002,0,0.002558322,0,0,-0.0051166440000000001,-0.0034537347000000002,0,0,0,0,0,0,1.0438295184984805,-0.1000782710328814,0.095919775092347295,0.45559627190594149,-0.014426492913212168,-0.01595569179371403,0.73159115694289534,0.80747937571334627,0.030463996389671042,-0.92989720390703723,-0.048837427243739212,-0.096124059665383718,-0.25117157939756779,-0.14810794184574813,0.011159200000000001,0,0,-0.022318400000000002,-0.015064920000000001,0,0.011159200000000001,0,0,-0.022318400000000002,-0.015064920000000001,0
212,FRAME,NONE,207,207,2.0699999999999998,RECOVERY,1.1000000000000014,0,0,0,0,0,-1.3660342692232825,0.33087598813113567,-0.15374931310221579,-0.39773914023471119,0.019286428164719111,0.25742563873959601,-1.2667713092448947,-1.0827510549899524,-0.32618419242851554,1.6261137604815286,0.44494384926403813,0.18215205348657387,0.7233448470773024,0.16919917540245469,-0.15071568395061727,0.0055999999999999999,-0.034799999999999998,0.28603136790123457,-0.093918826666666663,-0.0077999999999999996,-0.15071568395061727,-0.0055999999999999999,0.034799999999999998,0.28603136790123457,-0.093918826666666663,0.0077999999999999996,0,0,0,0,0,0.27941811772494063,-0.032822007499965375,0.017947393389742265,0.21092288428260211,0.0044023123472803107,-0.13352098305713875,0.18202544200319054,0.22749588618709654,0.043867684018976109,-0.20827597891490657,0.1059219693161448,-0.025237443404037066,-0.1486232285709474,-0.021781085890654382,0.0026706172839506175,0,0,-0.005341234567901235,-0.0036053333333333337,0,0.0026706172839506175,0,0,-0.005341234567901235,-0.0036053333333333337,0,0,0,0,0,0,1.056884443384376,-0.10132992591319553,0.097119420663497533,0.46129430496844948,-0.014606921592427723,-0.016155245795759374,0.74074099169255214,0.8175783261741566,0.030845002269983223,-0.94152720471988394,-0.049448225207380375,-0.097326260174585705,-0.25431292196778343,-0.14996029227418031,0.011298765432098765,0,0,-0.022597530864197531,-0.015253333333333332,0,0.011298765432098765,0,0,-0.022597530864197531,-0.015253333333333332,0
213,FRAME,NONE,208,208,2.0800000000000001,RECOVERY,1.1000000000000014,0,0,0,0,0,-1.3631799981736512,0.3305401616234937,-0.15356482756322221,-0.39559330174175744,0.019331911721487054,0.25606957571753614,-1.2649137115423639,-1.0804070071101799,-0.32573992865854623,1.6239466986294522,0.44601514722703278,0.18184204926862282,0.72183843254625102,0.1690042179576233,-0.15068841059501234,0.0055999999999999999,-0.034799999999999998,0.28597682119002465,-0.093955645696733328,-0.0077999999999999996,-0.15068841059501234,-0.0055999999999999999,0.034799999999999998,0.28597682119002465,-0.093955645696733328,0.0077999999999999996,0,0,0,0,0,0.29142036723352421,-0.034132430836667033,0.018759194672239677,0.2182659271358787,0.0044985196475961246,-0.13769696119498129,0.18977012600416734,0.23717866225928896,0.045209926588447177,-0.21723250888716394,0.1085928010394438,-0.026247969893992917,-0.15373221410086255,-0.023082065579028643,0.0027842755802469131,0,0,-0.0055685511604938263,-0.0037587720333333327,0,0.0027842755802469131,0,0,-0.0055685511604938263,-0.0037587720333333327,0,0,0,0,0,0,1.0693296272452422,-0.10252312122086743,0.098263035799649595,0.46672620670116793,-0.0147789232014938,-0.016345479463691779,0.74946347587007855,0.82720559683140482,0.0312082129566781,-0.95261401676077684,-0.050030495348786508,-0.098472310918302344,-0.25730754554455615,-0.15172612714937742,0.011431812345679011,0,0,-0.022863624691358022,-0.015432946666666664,0,0.011431812345679011,0,0,-0.022863624691358022,-0.015432946666666664,0
214,FRAME,NONE,209,209,2.0899999999999999,RECOVERY,1.1000000000000014,0,0,0,0,0,-1.3602052379245031,0.33019108487222837,-0.15337213494388274,-0.3933736495015418,0.019378374135282296,0.25467177136494923,-1.2629783236929226,-1.0779648227166567,-0.32528219580992401,1.6216878995551716,0.44711306408975365,0.18151977421055807,0.72028095699176675,0.16879732275854487,-0.15065999411199998,0.0055999999999999999,-0.034799999999999998,0.285919988224,-0.093994007948799987,-0.0077999999999999996,-0.15065999411199998,-0.0055999999999999999,0.034799999999999998,0.285919988224,-0.093994007948799987,0.0077999999999999996,0,0,0,0,0,0.30351269559934091,-0.035461457871760166,0.019578935027635181,0.22568583868489922,0.0045883712989987693,-0.1418690285120276,0.19759548185637466,0.24695467278188193,0.046561424620145467,-0.22629525683749702,0.11125605236731835,-0.027269088724995727,-0.15887671702634334,-0.024399103640699527,0.0028992320000000007,0,0,-0.0057984640000000014,-0.0039139632000000004,0,0.0028992320000000007,0,0,-0.0057984640000000014,-0.0039139632000000004,0,0,0,0,0,0,1.0811706131813066,-0.10365838840655749,0.099351129868394408,0.4718943964798224,-0.014942574350139034,-0.016526477527821368,0.75776249448067612,0.83636547568330544,0.031553790224243115,-0.96316257810946115,-0.050584497011796119,-0.099562722348947155,-0.26015678393691727,-0.15340623297636882,0.011558400000000002,0,0,-0.023116800000000003,-0.015603840000000002,0,0.011558400000000002,0,0,-0.023116800000000003,-0.015603840000000002,0
215,FRAME,NONE,210,210,2.1000000000000001,RECOVERY,1.1000000000000014,0,0,0,0,0,-1.3571091392742396,0.32982857127166615,-0.15317115685824598,-0.39107942112799432,0.019425752060812079,0.25323227929986747,-1.2609643664541264,-1.0754235975073909,-0.32481089679579944,1.619336310470614,0.44823752078637097,0.18118511110876309,0.71867207634508701,0.16857834147214132,-0.15063042184232098,0.0055999999999999999,-0.034799999999999998,0.28586084368464199,-0.094033930512866654,-0.0077999999999999996,-0.15063042184232098,-0.0055999999999999999,0.034799999999999998,0.28586084368464199,-0.094033930512866654,0.0077999999999999996,0,0,0,0,0,0.31568474281124498,-0.036808759288380351,0.020405976187579777,0.23318137734429495,0.0046714989613080059,-0.14603429736748832,0.20549655383137147,0.25681714801111194,0.047922048780002821,-0.23545926095857789,0.11391115923633945,-0.028300278741850059,-0.16405466257067294,-0.025730784569429975,0.0030154222469135805,0,0,-0.0060308444938271611,-0.0040708200333333337,0,0.0030154222469135805,0,0,-0.0060308444938271611,-0.0040708200333333337,0,0,0,0,0,0,1.0924129442927966,-0.10473625892092608,0.10038421223732281,0.47680129368013796,-0.015097951648092052,-0.016698324718458252,0.76564193252954549,0.84506225072807217,0.031881895847165685,-0.97317782684568155,-0.051110489540247703,-0.10059800491893363,-0.26286197095389802,-0.15500139626018394,0.011678587654320987,0,0,-0.023357175308641974,-0.015766093333333332,0,0.011678587654320987,0,0,-0.023357175308641974,-0.015766093333333332,0
216,FRAME,NONE,211,211,2.1099999999999999,RECOVERY,1.1000000000000014,0,0,0,0,0,-1.353890956045374,0.32945243738399443,-0.15296182109252204,-0.38870986664000129,0.019473978672265146,0.25175118185857215,-1.2588711101011274,-1.0727824952160687,-0.32432593551477684,1.6168909289704041,0.44938843265992651,0.18083794956472293,0.7170114670325638,0.16834713887937652,-0.15059968176671604,0.0055999999999999999,-0.034799999999999998,0.2857993635334321,-0.094075429614933329,-0.0077999999999999996,-0.15059968176671604,-0.0055999999999999999,0.034799999999999998,0.2857993635334321,-0.094075429614933329,0.0077999999999999996,0,0,0,0,0,0.3279262608975958,-0.038173999765241134,0.021239690546042973,0.24075130412892967,0.0047475455902539297,-0.15018991244373395,0.21346843136060681,0.26675937669567712,0.049291668887128368,-0.24471960926887193,0.11655756160023273,-0.029341020202455582,-0.16926398752764643,-0.027075705597060164,0.0031327826172839511,0,0,-0.0062655652345679023,-0.0042292565333333339,0,0.0031327826172839511,0,0,-0.0062655652345679023,-0.0042292565333333339,0,0,0,0,0,0,1.10306216367994,-0.10575726421463365,0.10136279227402577,0.48144931767784033,-0.015245131705081493,-0.016861105765912557,0.77310567502188843,0.85330020996391998,0.032192691599933265,-0.9826647010491838,-0.051608732277979776,-0.10157866908067532,-0.26542444040452978,-0.15651240350585224,0.011792434567901236,0,0,-0.023584869135802471,-0.015919786666666668,0,0.011792434567901236,0,0,-0.023584869135802471,-0.015919786666666668,0
217,FRAME,NONE,212,212,2.1200000000000001,RECOVERY,1.1000000000000014,0,0,0,0,0,-1.3505500439333828,0.32906250298768736,-0.15274406147701625,-0.38626424846311919,0.019522983797797624,0.25022858977315615,-1.2566978739924093,-1.0700407470136748,-0.32382721686503113,1.6143508025185693,0.45056570950009334,0.18047818594777096,0.71529882587043969,0.16810359276119388,-0.15056776250000001,0.0055999999999999999,-0.034799999999999998,0.28573552499999999,-0.094118520624999993,-0.0077999999999999996,-0.15056776250000001,-0.0055999999999999999,0.034799999999999998,0.28573552499999999,-0.094118520624999993,0.0077999999999999996,0,0,0,0,0,0.34022711958267715,-0.039556836704838144,0.022079461835919984,0.24839437727903607,0.0048161662997209332,-0.15433305068789285,0.22150624992595644,0.27677470748844857,0.050670152965342288,-0.25407143985908859,0.11919470314952404,-0.030390794419250505,-0.17450263870320193,-0.028432477415522461,0.0032512499999999994,0,0,-0.0065024999999999987,-0.004389187499999999,0,0.0032512499999999994,0,0,-0.0065024999999999987,-0.004389187499999999,0,0,0,0,0,0,1.1131238144429636,-0.10672193573834046,0.10228737934609407,0.48584088784865442,-0.015384191130835976,-0.017014905400494388,0.78015760696290548,0.86108364138906213,0.032486339257033252,-0.99162813879971179,-0.052079484568830797,-0.10250522528658564,-0.26784552609784368,-0.15794004121840302,0.011900000000000003,0,0,-0.023800000000000005,-0.016065000000000003,0,0.011900000000000003,0,0,-0.023800000000000005,-0.016065000000000003,0
218,FRAME,NONE,213,213,2.1299999999999999,RECOVERY,1.1000000000000014,0,0,0,0,0,-1.3470858592987134,0.3286585911359981,-0.15251781774875814,-0.38374184148491358,0.019572694064991798,0.24866464184956649,-1.2544440261295937,-1.067197650896041,-0.32331464676850213,1.6117150279327472,0.45176925557813735,0.18010572336066363,0.71353386997528678,0.16784759377780153,-0.15053465328513579,0.0055999999999999999,-0.034799999999999998,0.28566930657027162,-0.094163218065066667,-0.0077999999999999996,-0.15053465328513579,-0.0055999999999999999,0.034799999999999998,0.28566930657027162,-0.094163218065066667,0.0077999999999999996,0,0,0,0,0,0.35257731192527553,-0.040956918982189103,0.02292468580817382,0.25610934693095128,0.0048770292070623852,-0.1584609212828095,0.22960519196342083,0.28685655034511992,0.052057366295751958,-0.26350994112877474,0.12182203103468553,-0.031449083406800214,-0.17976857136704316,-0.029799724900357226,0.0033707618765432094,0,0,-0.0067415237530864189,-0.0045505285333333331,0,0.0033707618765432094,0,0,-0.0067415237530864189,-0.0045505285333333331,0,0,0,0,0,0,1.1226034396820954,-0.10763080494270696,0.10315848282111865,0.48997842356830579,-0.015515206535084139,-0.017159808352513864,0.78680161335779808,0.86841683300171324,0.03276300059295309,-1.0000730781770113,-0.052523005756639297,-0.10337818398907812,-0.27012656184287109,-0.15928509590286571,0.012001343209876543,0,0,-0.024002686419753085,-0.016201813333333332,0,0.012001343209876543,0,0,-0.024002686419753085,-0.016201813333333332,0
219,FRAME,NONE,214,214,2.1400000000000001,RECOVERY,1.1000000000000014,0,0,0,0,0,-1.3434979579021067,0.32824052822494643,-0.15228303540437471,-0.38114193316342837,0.019623033057435936,0.24705950464580489,-1.2521089827117013,-1.0642525710574708,-0.32278813220514407,1.6089827508660237,0.45299896967910674,0.17972047160795068,0.71171633668999124,0.16757904534127169,-0.15050034398730863,0.0055999999999999999,-0.034799999999999998,0.2856006879746173,-0.094209535617133328,-0.0077999999999999996,-0.15050034398730863,-0.0055999999999999999,0.034799999999999998,0.2856006879746173,-0.094209535617133328,0.0077999999999999996,0,0,0,0,0,0.36496695993342243,-0.042373885718388599,0.023774770911529564,0.26389494984953088,0.0049298162594418465,-0.16257076565828918,0.23776048777989181,0.29699837790897321,0.053453170473574604,-0.2730303520108413,0.12443899559552059,-0.032515369537464561,-0.18505974772124734,-0.031176087835302381,0.0034912563209876552,0,0,-0.0069825126419753103,-0.0047131960333333346,0,0.0034912563209876552,0,0,-0.0069825126419753103,-0.0047131960333333346,0,0,0,0,0,0,1.1315065824975634,-0.10848440327839355,0.10397661206669044,0.49386434421251985,-0.015638254527554615,-0.017295899352281114,0.79304157921176754,0.8753040728000876,0.03302283738218021,-1.0080044572608273,-0.052939555185243771,-0.10419805564056631,-0.27226888144864336,-0.16054835406426979,0.012096523456790121,0,0,-0.024193046913580242,-0.016330306666666662,0,0.012096523456790121,0,0,-0.024193046913580242,-0.016330306666666662,0
220,FRAME,NONE,215,215,2.1499999999999999,RECOVERY,1.1000000000000014,0,0,0,0,0,-1.3397859935834298,0.32780814407003522,-0.15203966554280202,-0.37846382368811288,0.019673921482710216,0.2454133721498428,-1.2496922076842321,-1.0612049372505798,-0.32224758125714698,1.6061531652865373,0.45425474513137465,0.17932234716707923,0.70984598352504735,0.16729786348140877,-0.15046482508799999,0.0055999999999999999,-0.034799999999999998,0.28552965017599996,-0.094257486131199997,-0.0077999999999999996,-0.15046482508799999,-0.0055999999999999999,0.034799999999999998,0.28552965017599996,-0.094257486131199997,0.0077999999999999996,0,0,0,0,0,0.37738632014899975,-0.043807365083139392,0.024629138970679008,0.27174990423784784,0.0049742240391076513,-0.1666598575528227,0.24596741648284626,0.30719372688096885,0.054857422472312373,-0.28262796218186292,0.12704505009938319,-0.033589135207070207,-0.1903741353926659,-0.032560221637549049,0.0036126719999999995,0,0,-0.007225343999999999,-0.0048771071999999995,0,0.0036126719999999995,0,0,-0.007225343999999999,-0.0048771071999999995,0,0,0,0,0,0,1.1398387859895944,-0.1092832621960606,0.1047422764504003,0.49750106915702197,-0.015753411717976035,-0.017423263130106247,0.79888138953001508,0.88174964878239936,0.033266011399202045,-1.0154272141309046,-0.053329392198482727,-0.10496535069346366,-0.27427381872419182,-0.16173060220764465,0.0121856,0,0,-0.024371199999999999,-0.016450559999999999,0,0.0121856,0,0,-0.024371199999999999,-0.016450559999999999,0
221,FRAME,NONE,216,216,2.1600000000000001,RECOVERY,1.1000000000000014,0,0,0,0,0,-1.3359263151658349,0.32720110953652004,-0.15164187959662967,-0.37571299620820664,0.019871526886337854,0.24373060418548526,-1.2473889117341797,-1.0580542441325067,-0.32169290316306892,1.6032255129550317,0.45553646983359314,0.17891127316217162,0.70792258811489861,0.16700397670483977,-0.15042808767906174,0.0055999999999999999,-0.034799999999999998,0.28545617535812345,-0.094307081633266662,-0.0077999999999999996,-0.15042808767906174,-0.0055999999999999999,0.034799999999999998,0.28545617535812345,-0.094307081633266662,0.0077999999999999996,0,0,0,0,0,0.38982085614659262,-0.045242418409640335,0.025503952921552234,0.27967273606852577,0.0050038106339462714,-0.1707278123189066,0.25424570019111936,0.3174361993744364,0.056269973718275045,-0.29229811225606284,0.12963965049067575,-0.034669862512486674,-0.1957097059557576,-0.033950798083282975,0.0037349481728395058,0,0,-0.0074698963456790116,-0.0050421800333333329,0,0.0037349481728395058,0,0,-0.0074698963456790116,-0.0050421800333333329,0,0,0,0,0,0,1.147605593258417,-0.11002791314636853,0.10545598533983917,0.50089101777753764,-0.015860754716077036,-0.017541984416299391,0.80432492931774202,0.88775784894686316,0.03349268441850603,-1.022346286866989,-0.053692776140194673,-0.10568057960018376,-0.27614270747854786,-0.16283262683801975,0.012268632098765435,0,0,-0.02453726419753087,-0.016562653333333337,0,0.012268632098765435,0,0,-0.02453726419753087,-0.016562653333333337,0
222,FRAME,NONE,217,217,2.1699999999999999,RECOVERY,1.1000000000000014,0,0,0,0,0,-1.3319656984261712,0.32674025558867564,-0.15138151552604065,-0.37287641856765019,0.019922728018912358,0.24200313418459579,-1.2448063699819265,-1.0548000505976816,-0.32112400838171123,1.6001990829005195,0.45684402627923876,0.17848717934038943,0.7059459481889786,0.16669732584732164,-0.15039012345679012,0.0055999999999999999,-0.034799999999999998,0.28538024691358022,-0.094358333333333322,-0.0077999999999999996,-0.15039012345679012,-0.0055999999999999999,0.034799999999999998,0.28538024691358022,-0.094358333333333322,0.0077999999999999996,0,0,0,0,0,0.40227082620760141,-0.046707351134917641,0.026365596995580987,0.28766243634931488,0.0050306557387212944,-0.17476736988310534,0.2625425036285457,0.32771946425362303,0.057690669178321247,-0.30203619396096776,0.13222225515385583,-0.035757032942986273,-0.20106443349222483,-0.035346506033104658,0.0038580246913580249,0,0,-0.0077160493827160498,-0.005208333333333333,0,0.0038580246913580249,0,0,-0.0077160493827160498,-0.005208333333333333,0,0,0,0,0,0,1.1548125474042572,-0.11071888757997762,0.10611824810259783,0.50403660944979178,-0.015960360131586235,-0.017652147941170645,0.80937608358014868,0.89333296129169204,0.033703018214579571,-1.0287666135488243,-0.054029966354218063,-0.10634425281313997,-0.27787688152074241,-0.16385521446042431,0.012345679012345678,0,0,-0.024691358024691357,-0.016666666666666666,0,0.012345679012345678,0,0,-0.024691358024691357,-0.016666666666666666,0
223,FRAME,NONE,218,218,2.1800000000000002,RECOVERY,1.1000000000000014,0,0,0,0,0,-1.3278805650700636,0.32626465686851092,-0.15111250240140228,-0.36995961682031003,0.019974169344177898,0.24023541046313016,-1.2421406897101384,-1.05144197909729,-0.32054080866562229,1.5970732108942949,0.45817729157884662,0.17805000205077917,0.70391588155705342,0.16637786391920326,-0.15035092471600001,0.0055999999999999999,-0.034799999999999998,0.28530184943199999,-0.094411251633400001,-0.0077999999999999996,-0.15035092471600001,-0.0055999999999999999,0.034799999999999998,0.28530184943199999,-0.094411251633400001,0.0077999999999999996,0,0,0,0,0,0.41472214254772594,-0.04818760278955838,0.027229866028073688,0.29571748042324764,0.0050483202290460567,-0.17877818776417789,0.27087707207237527,0.33803725845544208,0.059119346463559312,-0.31183765029278349,0.1347923246920559,-0.036850127087237061,-0.20643629319368689,-0.036746052156959551,0.0039818420000000019,0,0,-0.0079636840000000039,-0.005375486700000002,0,0.0039818420000000019,0,0,-0.0079636840000000039,-0.005375486700000002,0,0,0,0,0,0,1.1614651915273435,-0.11135671694754837,0.10672957410626727,0.50694026354951016,-0.016052304574232276,-0.017753838435030138,0.81403873732243726,0.89847927381510118,0.033897174561910118,-1.0346931322561563,-0.054341222184391441,-0.1069568807847459,-0.27947767465980711,-0.16479915157988792,0.012416799999999999,0,0,-0.024833599999999997,-0.016762679999999999,0,0.012416799999999999,0,0,-0.024833599999999997,-0.016762679999999999,0
224,FRAME,NONE,219,219,2.1899999999999999,RECOVERY,1.1000000000000014,0,0,0,0,0,-1.3236709477948232,0.32577416411355414,-0.15083481810311547,-0.36696194445791464,0.020025756251859528,0.23842773336988779,-1.2393915136687288,-1.0479797149456409,-0.31994321714404383,1.5938472789224984,0.45953613748010108,0.1775996842254928,0.70183222610840523,0.1660455559440325,-0.15031048434409877,0.0055999999999999999,-0.034799999999999998,0.28522096868819752,-0.094465846135466658,-0.0077999999999999996,-0.15031048434409877,-0.0055999999999999999,0.034799999999999998,0.28522096868819752,-0.094465846135466658,0.0077999999999999996,0,0,0,0,0,0.42716565535442941,-0.049682747600076474,0.028096240538069747,0.30383646240965079,0.0050565670842194297,-0.18275767067875942,0.27924488753364929,0.348383388293731,0.060555834951617558,-0.32169797564965058,0.13734932172316164,-0.037948624357733815,-0.21182326001329463,-0.038148161658153816,0.0041063411358024694,0,0,-0.0082126822716049389,-0.0055435605333333336,0,0.0041063411358024694,0,0,-0.0082126822716049389,-0.0055435605333333336,0,0,0,0,0,0,1.1675690687279037,-0.11194193269974111,0.10729047271843838,0.50960439945241798,-0.01613666465374379,-0.017847140628187992,0.81831677554980853,0.90320107451530462,0.034075315234985103,-1.0401307810687299,-0.054626802974553301,-0.10751897396741504,-0.28094642070477316,-0.16566522470143993,0.012482054320987654,0,0,-0.024964108641975308,-0.016850773333333333,0,0.012482054320987654,0,0,-0.024964108641975308,-0.016850773333333333,0
225,FRAME,NONE,220,220,2.2000000000000002,RECOVERY,1.1000000000000014,0,0,0,0,0,-1.319336969998598,0.32526863245439269,-0.1505484456816325,-0.3638827692392641,0.020077391802131032,0.23658042903800039,-1.2365585294562962,-1.0444130056136041,-0.31933114841506793,1.5905207146574964,0.46092043038602287,0.1771361753632345,0.69969483982431568,0.16570037879027597,-0.15026879581516048,0.0055999999999999999,-0.034799999999999998,0.28513759163032099,-0.094522125649533328,-0.0077999999999999996,-0.15026879581516048,-0.0055999999999999999,0.034799999999999998,0.28513759163032099,-0.094522125649533328,0.0077999999999999996,0,0,0,0,0,0.4395923766212852,-0.05119234359610985,0.028964217585592845,0.31201793357819896,0.0050551775251370867,-0.18670325700785179,0.28764148543734747,0.35875173074538497,0.0619999549299389,-0.33161271594100822,0.13989271069506498,-0.03905200273444337,-0.21722330737205134,-0.039551578996059135,0.0042314637283950617,0,0,-0.0084629274567901234,-0.0057124760333333328,0,0.0042314637283950617,0,0,-0.0084629274567901234,-0.0057124760333333328,0,0,0,0,0,0,1.1731297221061645,-0.11247506628721619,0.10780145330670199,0.51203143653424055,-0.016213516979849404,-0.017932139250954316,0.82221408326746359,0.90750265139051634,0.034237602008291942,-1.0450844980662901,-0.054886968068542125,-0.10803104281356087,-0.28228445346467179,-0.16645422033010976,0.0125415012345679,0,0,-0.0250830024691358,-0.016931026666666665,0,0.0125415012345679,0,0,-0.0250830024691358,-0.016931026666666665,0
226,FRAME,NONE,221,221,2.21,RECOVERY,1.1000000000000014,0,0,0,0,0,-1.3148788441351573,0.32474792157657711,-0.15025337318567022,-0.36072147364119184,0.020128976915209387,0.23469384904592233,-1.2336414689870783,-1.0407416600093116,-0.31870451864678967,1.5870929909283358,0.46233003137142714,0.17665943151480154,0.69750360080326113,0.16534232099612581,-0.150225853184,0.0055999999999999999,-0.034799999999999998,0.28505170636799998,-0.094580098201599988,-0.0077999999999999996,-0.150225853184,-0.0055999999999999999,0.034799999999999998,0.28505170636799998,-0.094580098201599988,0.0077999999999999996,0,0,0,0,0,0.45199348540379763,-0.052715931686423564,0.029833311379709057,0.32026039791432287,0.0050439516449406864,-0.19061241932179968,0.29606245559748789,0.36913623471770568,0.063451516762412966,-0.34157746867140859,0.14242195772153973,-0.040159738529376758,-0.22263440592525996,-0.040955068607046959,0.0043571520000000004,0,0,-0.0087143040000000008,-0.0058821552000000001,0,0.0043571520000000004,0,0,-0.0087143040000000008,-0.0058821552000000001,0,0,0,0,0,0,1.178152694762354,-0.11295664916063405,0.10826302523864903,0.51422379417070341,-0.016282938162277751,-0.018008919033639229,0.82573454548060365,0.91138829243895059,0.034384196656318075,-1.049559221328582,-0.055121976810196427,-0.10849359777559689,-0.2834931067485344,-0.16716692497092681,0.012595199999999997,0,0,-0.025190399999999995,-0.017003519999999998,0,0.012595199999999997,0,0,-0.025190399999999995,-0.017003519999999998,0
227,FRAME,NONE,222,222,2.2200000000000002,RECOVERY,1.1000000000000014,0,0,0,0,0,-1.3102968700165314,0.32421189589140104,-0.14994959348436709,-0.35747745535303427,0.020180410567128774,0.23276837007269047,-1.2306401079482165,-1.0369655477463326,-0.31806324568722977,1.5835636251905536,0.46376479619777539,0.1761694152705483,0.69525840729826105,0.16497138258737831,-0.15018165108024692,0.0055999999999999999,-0.034799999999999998,0.28496330216049381,-0.094639771041666654,-0.0077999999999999996,-0.15018165108024692,-0.0055999999999999999,0.034799999999999998,0.28496330216049381,-0.094639771041666654,0.0077999999999999996,0,0,0,0,0,0.46436033299071566,-0.054253034791511431,0.030703053866488302,0.32856230785318979,0.005022709003656394,-0.19448266499954228,0.30450344319854294,0.3795309222963682,0.06491032008148602,-0.3515878829972196,0.14493653044002303,-0.041271306173757363,-0.22805452239432683,-0.042357415623202534,0.0044833487654320978,0,0,-0.0089666975308641955,-0.0060525208333333316,0,0.0044833487654320978,0,0,-0.0089666975308641955,-0.0060525208333333316,0,0,0,0,0,0,1.1826435297967002,-0.11338721277065512,0.10867569788187047,0.51618389173753199,-0.016345004810757468,-0.018077564706552862,0.82888204719443059,0.91486228565882211,0.034515260953550946,-1.0535598889353512,-0.055332088543354738,-0.10890714930593667,-0.28457371436539242,-0.16780412512892057,0.012643209876543214,0,0,-0.025286419753086428,-0.017068333333333338,0,0.012643209876543214,0,0,-0.025286419753086428,-0.017068333333333338,0
228,FRAME,NONE,223,223,2.23,RECOVERY,1.1000000000000014,0,0,0,0,0,-1.3055914330643485,0.32366042471498618,-0.14963710408359299,-0.3541501278128954,0.020231589991310236,0.2308043935465067,-1.2275542652472495,-1.0330845983994938,-0.31740724918267182,1.5799321789956489,0.46522457532687278,0.17566609574959219,0.69295917776554738,0.16458757488836348,-0.15013618470241974,0.0055999999999999999,-0.034799999999999998,0.28487236940483951,-0.094701150651733318,-0.0077999999999999996,-0.15013618470241974,-0.0055999999999999999,0.034799999999999998,0.28487236940483951,-0.094701150651733318,0.0077999999999999996,0,0,0,0,0,0.47668444798123222,-0.055803157036020685,0.031572995293902506,0.33692206019268689,0.0049912891847470713,-0.19831153694412329,0.31296014978182268,0.38992988997334543,0.066376153007744521,-0.36163965975477608,0.14743589789233136,-0.042386178029391888,-0.23348161846883206,-0.043757426588297281,0.0046099974320987667,0,0,-0.0092199948641975334,-0.0062234965333333343,0,0.0046099974320987667,0,0,-0.0092199948641975334,-0.0062234965333333343,0,0,0,0,0,0,1.1866077703094291,-0.11376728856793963,0.10903998060395703,0.51791414861045104,-0.016399793535017172,-0.018138161000005308,0.83166047341414417,0.91792891904834395,0.034630956674477943,-1.0570914389663413,-0.055517562611855475,-0.10927220785699358,-0.28552761012427669,-0.16836660730912026,0.01268559012345679,0,0,-0.02537118024691358,-0.017125546666666665,0,0.01268559012345679,0,0,-0.02537118024691358,-0.017125546666666665,0
229,FRAME,NONE,224,224,2.2400000000000002,RECOVERY,1.1000000000000014,0,0,0,0,0,-1.3007630025109769,0.32309338245505487,-0.14931590693666796,-0.35073892078381058,0.020282410885532325,0.22880234528567728,-1.2243838024497995,-1.0290988007486013,-0.3167364507042259,1.5761982574605107,0.46670921393335141,0.17514944859057868,0.69060585092401006,0.16419092032592414,-0.15008944981200001,0.0055999999999999999,-0.034799999999999998,0.28477889962399999,-0.094764242753799993,-0.0077999999999999996,-0.15008944981200001,-0.0055999999999999999,0.034799999999999998,0.28477889962399999,-0.094764242753799993,0.0077999999999999996,0,0,0,0,0,0.48895754125805529,-0.057365783004021308,0.03244270475065196,0.3453379921951179,0.0049495523115441224,-0.20209661439535412,0.32142833423531714,0.4003273098542145,0.067848791398773034,-0.37172855145863959,0.14991953042913636,-0.043503824225774507,-0.23891364978351765,-0.045153930170500595,0.0047370419999999995,0,0,-0.0094740839999999989,-0.0063950066999999998,0,0.0047370419999999995,0,0,-0.0094740839999999989,-0.0063950066999999998,0,0,0,0,0,0,1.1900509594007698,-0.1140974080031481,0.10935638277249975,0.51941698416518656,-0.016447380944785511,-0.018190792644306703,0.83407370914494683,0.92059248060573129,0.034731445593586541,-1.0601588095012986,-0.055678658359537218,-0.10958928388118125,-0.28635612783421899,-0.16885515801655548,0.0127224,0,0,-0.0254448,-0.017175240000000001,0,0.0127224,0,0,-0.0254448,-0.017175240000000001,0
230,FRAME,NONE,225,225,2.25,RECOVERY,1.1000000000000014,0,0,0,0,0,-1.2958121295514249,0.32251064880477104,-0.1489860082497558,-0.34724328096795487,0.020332767623887332,0.22676267513093951,-1.2211286232074088,-1.0250082020102205,-0.31605077388218894,1.5723615087371503,0.46821855191648798,0.17461945594378156,0.68819838582444626,0.16378145222642482,-0.15004144272750616,0.0055999999999999999,-0.034799999999999998,0.28468288545501236,-0.094829052317866661,-0.0077999999999999996,-0.15004144272750616,-0.0055999999999999999,0.034799999999999998,0.28468288545501236,-0.094829052317866661,0.0077999999999999996,0,0,0,0,0,0.50117151084586464,-0.0589403770599825,0.033311770675822014,0.35380837788667829,0.0048973795215393858,-0.2058355138394049,0.32990381378531886,0.41071743084419488,0.069327998128952781,-0.38185036226876967,0.15238689963882457,-0.044623712524398201,-0.24434856497458401,-0.046545777871227226,0.0048644270617283951,0,0,-0.0097288541234567903,-0.0065669765333333336,0,0.0048644270617283951,0,0,-0.0097288541234567903,-0.0065669765333333336,0,0,0,0,0,0,1.192978640170949,-0.11437810252694088,0.10962541375508945,0.52069481777746374,-0.016487843649791112,-0.018235544369767161,0.83612563939203932,0.92285725832919807,0.034816889485364141,-1.0627669386199676,-0.055815635130238433,-0.10985888783091313,-0.28706060130425037,-0.16927056375625557,0.0127536987654321,0,0,-0.025507397530864201,-0.017217493333333334,0,0.0127536987654321,0,0,-0.025507397530864201,-0.017217493333333334,0
231,FRAME,NONE,226,226,2.2599999999999998,RECOVERY,1.1000000000000014,0,0,0,0,0,-1.2907394454473049,0.32191210894295957,-0.1486474182822492,-0.34366267265680833,0.020382553473288968,0.2246858565681962,-1.2177886726755116,-1.0208129070577874,-0.31535014454798677,1.5684216234830504,0.46975242391132704,0.17407610646433122,0.68573676192796862,0.16335921460580824,-0.14999216031856791,0.0055999999999999999,-0.034799999999999998,0.28458432063713579,-0.094895583569933328,-0.0077999999999999996,-0.14999216031856791,-0.0055999999999999999,0.034799999999999998,0.28458432063713579,-0.094895583569933328,0.0077999999999999996,0,0,0,0,0,0.51331844664429249,-0.060526382738102867,0.034179801336255533,0.36233142456309542,0.0048346733965822343,-0.20952589001408889,0.33838246498797742,0.42109457981234649,0.070813522401643986,-0.39200094792552065,0.15483747830106329,-0.045745308211653277,-0.24978430481931452,-0.047931844729505582,0.0049920978024691363,0,0,-0.0099841956049382726,-0.0067393320333333333,0,0.0049920978024691363,0,0,-0.0099841956049382726,-0.0067393320333333333,0,0,0,0,0,0,1.1953963557201941,-0.11460990358997829,0.10984758291931702,0.52175006882300767,-0.016521258259762594,-0.018272500906696788,0.83782014916062242,0.92472754021695813,0.034887450124298176,-1.064920764402093,-0.055928752267797609,-0.11008153015860268,-0.28764236434340212,-0.16961361103324984,0.012779545679012343,0,0,-0.025559091358024685,-0.017252386666666664,0,0.012779545679012343,0,0,-0.025559091358024685,-0.017252386666666664,0
232,FRAME,NONE,227,227,2.27,RECOVERY,1.1000000000000014,0,0,0,0,0,-1.2855456595841388,0.32129765374003189,-0.14830015114247486,-0.33999657841520042,0.020431660814081574,0.22257238634072488,-1.21436393692156,-1.0165130776302433,-0.31463449088325712,1.5643783343324988,0.47131065929956584,0.17351939530633212,0.68322097919258806,0.1629242619526951,-0.14994160000000001,0.0055999999999999999,-0.034799999999999998,0.28448319999999999,-0.094963839999999994,-0.0077999999999999996,-0.14994160000000001,-0.0055999999999999999,0.034799999999999998,0.28448319999999999,-0.094963839999999994,0.0077999999999999996,0,0,0,0,0,0.52539063502419669,-0.062123222202438044,0.035046425268484477,0.37090526950900604,0.0047613583470608864,-0.21316543700738871,0.34686022471876732,0.43145316273330198,0.072305099095068132,-0.40217621565151934,0.15727074036526809,-0.046868074021615316,-0.25521880146284376,-0.049311030021183602,0.0051200000000000004,0,0,-0.010240000000000001,-0.0069119999999999997,0,0.0051200000000000004,0,0,-0.010240000000000001,-0.0069119999999999997,0,0,0,0,0,0,1.1973096491487336,-0.11479334264292079,0.11002339963277341,0.52258515667754413,-0.016547701384428608,-0.018301746985405723,0.83916112345589811,0.9262076142672262,0.03494328928487609,-1.0666252249274208,-0.056018269116053281,-0.1102577213166635,-0.28810275076070568,-0.16988508635256791,0.012799999999999999,0,0,-0.025599999999999998,-0.017279999999999997,0,0.012799999999999999,0,0,-0.025599999999999998,-0.017279999999999997,0
233,FRAME,NONE,228,228,2.2799999999999998,RECOVERY,1.1000000000000014,0,0,0,0,0,-1.2802315574834073,0.32066717996888316,-0.14794422457908338,-0.33624449979709387,0.020479981364282498,0.22042278404995416,-1.2108544423233183,-1.0121089315294221,-0.31390374357577777,1.5602314153692425,0.47289308222036025,0.17294932411760702,0.68065105816712379,0.16247665900453651,-0.14988975972587654,0.0055999999999999999,-0.034799999999999998,0.2843795194517531,-0.095033824370066661,-0.0077999999999999996,-0.14988975972587654,-0.0055999999999999999,0.034799999999999998,0.2843795194517531,-0.095033824370066661,0.0077999999999999996,0,0,0,0,0,0.5373805632756592,-0.063730295780069224,0.035911291682055695,0.37952797693810114,0.0046773809482271158,-0.21675188944593171,0.35533309115767314,0.44178766580594453,0.07380244814299608,-0.41237212401961792,0.15968616095384941,-0.047991470089930335,-0.26064997773549675,-0.05068225795223516,0.0052480800246913588,0,0,-0.010496160049382718,-0.0070849080333333335,0,0.0052480800246913588,0,0,-0.010496160049382718,-0.0070849080333333335,0,0,0,0,0,0,1.1987240635567946,-0.11492895113642879,0.11015337326304951,0.5232025007167983,-0.016567249633517779,-0.018323367336204072,0.84015244728306726,0.92730176847821655,0.034984568741585322,-1.0678852582756957,-0.056084445018843944,-0.11038797175750907,-0.28844309436519239,-0.17008577621923907,0.012815120987654322,0,0,-0.025630241975308644,-0.017300413333333334,0,0.012815120987654322,0,0,-0.025630241975308644,-0.017300413333333334,0
234,FRAME,NONE,229,229,2.29,RECOVERY,1.1000000000000014,0,0,0,0,0,-1.2747979987709428,0.32002059052001747,-0.14757965976852991,-0.33240595809079754,0.020527406406978404,0.21823759174390364,-1.2072602549573983,-1.0076007418064583,-0.31315783598186014,1.5559806816008335,0.47449951158126774,0.17236590103482777,0.67802704009154502,0.16201648051687442,-0.14983663798360494,0.0055999999999999999,-0.034799999999999998,0.28427327596720986,-0.095105538722133329,-0.0077999999999999996,-0.14983663798360494,-0.0055999999999999999,0.034799999999999998,0.28427327596720986,-0.095105538722133329,0.0077999999999999996,0,0,0,0,0,0.54928092389587158,-0.065346981569306739,0.036774070821105953,0.38819753516022076,0.0045827102268734057,-0.22028302376896122,0.3637971247677374,0.45209265654845932,0.075305273951179516,-0.42258468278625522,0.16208321638994755,-0.049114953939909167,-0.26607574656385569,-0.052044478345394593,0.0053762848395061714,0,0,-0.010752569679012343,-0.0072579845333333309,0,0.0053762848395061714,0,0,-0.010752569679012343,-0.0072579845333333309,0,0,0,0,0,0,1.1996451420446044,-0.11501726052116258,0.11023801317773614,0.52360452031649551,-0.016579979616758733,-0.018337446689401949,0.84079800564733087,0.9280142908481428,0.035011450268913266,-1.0687058025266623,-0.056127539320008066,-0.11047279193355283,-0.28866472896589335,-0.17021646713829272,0.012824967901234569,0,0,-0.025649935802469138,-0.017313706666666668,0,0.012824967901234569,0,0,-0.025649935802469138,-0.017313706666666668,0
235,FRAME,NONE,230,230,2.2999999999999998,RECOVERY,1.1000000000000014,0,0,0,0,0,-1.269245915103254,0.31935779462015312,-0.14720648109904227,-0.32848049509138605,0.020573827020366978,0.21601737349247382,-1.2035814799781155,-1.0029888359374031,-0.31239670429480437,1.5516259884350236,0.47612976106969418,0.17176914067873356,0.67534898700270063,0.16154381102569204,-0.14978223378799999,0.0055999999999999999,-0.034799999999999998,0.284164467576,-0.095178984386199997,-0.0077999999999999996,-0.14978223378799999,-0.0055999999999999999,0.034799999999999998,0.284164467576,-0.095178984386199997,0.0077999999999999996,0,0,0,0,0,0.56108461870484905,-0.066972635124723318,0.037634454281049251,0.39691185398095163,0.0044773378966880776,-0.22375665958249971,0.37224844926444056,0.46236278486914995,0.076813264850303625,-0.43280995268970673,0.16446138424912252,-0.050237980501836713,-0.27149401047839211,-0.053396667319254978,0.0055045619999999984,0,0,-0.011009123999999997,-0.0074311586999999974,0,0.0055045619999999984,0,0,-0.011009123999999997,-0.0074311586999999974,0,0,0,0,0,0,1.2000784277123904,-0.11505880224778257,0.11027782874442423,0.52379363485236108,-0.016585967943880103,-0.018344069775309477,0.84110168355389003,0.92834946937521945,0.035024095641347376,-1.0690917957600656,-0.056147811363384169,-0.11051269229720832,-0.2887689883718399,-0.17027794561475826,0.012829600000000002,0,0,-0.025659200000000004,-0.017319960000000002,0,0.012829600000000002,0,0,-0.025659200000000004,-0.017319960000000002,0
236,FRAME,NONE,231,231,2.3100000000000001,RECOVERY,1.1000000000000014,0,0,0,0,0,-1.2635987100035559,0.31883566851043776,-0.14697307260452003,-0.32446148100531458,0.020474140301525237,0.21375895383606161,-1.1996275408651669,-0.99827359498834256,-0.31162028771907674,1.5471672311585807,0.47778363916494659,0.17115906414916743,0.67261698184454211,0.16105874460295594,-0.14972654667535801,0.0055999999999999999,-0.034799999999999998,0.28405309335071605,-0.095254161988266667,-0.0077999999999999996,-0.14972654667535801,-0.0055999999999999999,0.034799999999999998,0.28405309335071605,-0.095254161988266667,0.0077999999999999996,0,0,0,0,0,0.57279225256757893,-0.068629041875782115,0.038469020142368936,0.40566917831091487,0.0043658051325113851,-0.22716825265001106,0.3806484288148535,0.47259278411249123,0.078326092586046295,-0.44304404521285962,0.16682014343423809,-0.051360002166391312,-0.27690266122015039,-0.054737827958954099,0.0056328596543209885,0,0,-0.011265719308641977,-0.0076043605333333342,0,0.0056328596543209885,0,0,-0.011265719308641977,-0.0076043605333333342,0,0,0,0,0,0,1.2000294636603801,-0.11505410776694916,0.11027332933070465,0.5237722637001202,-0.01658529122461052,-0.018343321324236765,0.84106736600794607,0.92831159205766034,0.035022666633375069,-1.0690481760556509,-0.056145520492810734,-0.110508183300889,-0.28875720639206337,-0.17027099815366509,0.012829076543209875,0,0,-0.025658153086419749,-0.017319253333333329,0,0.012829076543209875,0,0,-0.025658153086419749,-0.017319253333333329,0
237,FRAME,NONE,232,232,2.3199999999999998,RECOVERY,1.1000000000000014,0,0,0,0,0,-1.2578125296240636,0.31813968255559416,-0.14658269650574687,-0.32036089470044476,0.020518550784617947,0.21147049331078244,-1.1957807801679405,-0.99346817605972415,-0.31082884651651915,1.5426294364168749,0.47946173206319204,0.17056783395171674,0.66982800756660876,0.16054391135616747,-0.14966957669753087,0.0055999999999999999,-0.034799999999999998,0.28393915339506171,-0.095331071458333333,-0.0077999999999999996,-0.14966957669753087,-0.0055999999999999999,0.034799999999999998,0.28393915339506171,-0.095331071458333333,0.0077999999999999996,0,0,0,0,0,0.58438233738263556,-0.070271180411673489,0.039323412055471116,0.41446644249483217,0.0042388801403641452,-0.23052055238874314,0.38906227637530205,0.48277867112842665,0.079837960057424134,-0.45328098495610863,0.16915908897269216,-0.052483573195152004,-0.28229878892296217,-0.056063025870720012,0.0057611265432098773,0,0,-0.011522253086419755,-0.0077775208333333333,0,0.0057611265432098773,0,0,-0.011522253086419755,-0.0077775208333333333,0,0,0,0,0,0,1.1995037929888017,-0.11500370852932276,0.11022502430416836,0.52354282623549875,-0.016578026068678621,-0.018335286066493945,0.84069893801470041,0.92790494689368053,0.035007325019483795,-1.0685798814931635,-0.056120926052126298,-0.11045977539700848,-0.2886307168355951,-0.1701964112600427,0.012823456790123455,0,0,-0.02564691358024691,-0.017311666666666666,0,0.012823456790123455,0,0,-0.02564691358024691,-0.017311666666666666,0
238,FRAME,NONE,233,233,2.3300000000000001,RECOVERY,1.1000000000000014,0,0,0,0,0,-1.2519110225812757,0.31742720989031997,-0.14618375917276374,-0.31617214511178215,0.020561668535053913,0.2091488274528033,-1.1918500336526356,-0.98854736172137281,-0.3100217371546356,1.5379619303255774,0.48116226402266621,0.16993056418475064,0.66698849728135257,0.16003474614606161,-0.149611324416,0.0055999999999999999,-0.034799999999999998,0.28382264883199998,-0.095409712038399999,-0.0077999999999999996,-0.149611324416,-0.0055999999999999999,0.034799999999999998,0.28382264883199998,-0.095409712038399999,0.0077999999999999996,0,0,0,0,0,0.5958557532101566,-0.071920218587041215,0.040174625915779735,0.42330170358521013,0.0041013531950963768,-0.23380908977808432,0.39745218087587364,0.49291297228588044,0.081359401092015504,-0.46352128065307335,0.17147747685954606,-0.053601919436722267,-0.28768184442495892,-0.057379278649673862,0.0058893119999999998,0,0,-0.011778624,-0.0079505711999999992,0,0.0058893119999999998,0,0,-0.011778624,-0.0079505711999999992,0,0,0,0,0,0,1.1985069587978823,-0.11490813598556371,0.11013342303240618,0.5231077418342216,-0.016564249085813037,-0.018320048732391125,0.84000028457935394,0.9271338218814934,0.034978232574160967,-1.0676918501523482,-0.056074287385169334,-0.11036797903798017,-0.28839085351146637,-0.17005497143892045,0.012812799999999997,0,0,-0.025625599999999995,-0.017297279999999995,0,0.012812799999999997,0,0,-0.025625599999999995,-0.017297279999999995,0
239,FRAME,NONE,234,234,2.3399999999999999,RECOVERY,1.1000000000000014,0,0,0,0,0,-1.2458953869767062,0.31669818572718467,-0.14577629373403944,-0.31189486431324653,0.02060338758124779,0.20679460387397133,-1.1878355581795728,-0.98352467275522026,-0.30919918017300341,1.5331902881071953,0.48288581749967247,0.16928009211767187,0.6640954101225216,0.15951351367238426,-0.14955179089595061,0.0055999999999999999,-0.034799999999999998,0.28370358179190125,-0.095490082290466655,-0.0077999999999999996,-0.14955179089595061,-0.0055999999999999999,0.034799999999999998,0.28370358179190125,-0.095490082290466655,0.0077999999999999996,0,0,0,0,0,0.60720627614435874,-0.073575419312254253,0.04102244167938756,0.4321725361308093,0.0039533082749324353,-0.23703187197310649,0.40581452958792602,0.50299185577029681,0.082884593189117312,-0.47375903601258601,0.17377490168590906,-0.054717602366473696,-0.29304889525853778,-0.058681682321164025,0.0060173659506172848,0,0,-0.01203473190123457,-0.0081234440333333349,0,0.0060173659506172848,0,0,-0.01203473190123457,-0.0081234440333333349,0,0,0,0,0,0,1.1970445041878499,-0.11476792158633246,0.10999903488300909,0.52246942987201461,-0.016544036885742401,-0.018297694052238436,0.8389752907071083,0.92600250501931392,0.034935551071894035,-1.0663890201129502,-0.056005863835778366,-0.11023330467621764,-0.28803895022870862,-0.16984746519532784,0.012797165432098767,0,0,-0.025594330864197535,-0.017276173333333335,0,0.012797165432098767,0,0,-0.025594330864197535,-0.017276173333333335,0
240,FRAME,NONE,235,235,2.3500000000000001,RECOVERY,1.1000000000000014,0,0,0,0,0,-1.2397668820287764,0.31595255283398854,-0.14536033547061838,-0.30752870906913915,0.020643602848556809,0.20440848986066754,-1.1837376463146803,-0.97840069632096249,-0.30836112854793368,1.5283145599560297,0.48463218058452329,0.16861646538308092,0.66114891357542294,0.1589803432505765,-0.14949097770034567,0.0055999999999999999,-0.034799999999999998,0.28358195540069137,-0.095572180104533333,-0.0077999999999999996,-0.14949097770034567,-0.0055999999999999999,0.034799999999999998,0.28358195540069137,-0.095572180104533333,0.0077999999999999996,0,0,0,0,0,0.61842790916720802,-0.075236022523415436,0.041866661454065562,0.44107642680177506,0.0037948524514047031,-0.24018695700809325,0.41414577768272642,0.51301039857873154,0.0844131372092745,-0.48399056230103571,0.17605084886328509,-0.055830065596545672,-0.29839778810350892,-0.059969354149267129,0.006145238913580247,0,0,-0.012290477827160494,-0.0082960725333333322,0,0.006145238913580247,0,0,-0.012290477827160494,-0.0082960725333333322,0,0,0,0,0,0,1.1951219722589312,-0.1145835967822893,0.10982236922356788,0.52163030972460245,-0.016517466078195334,-0.01826830675634597,0.83762784140316404,0.92451528430535546,0.034879442287170402,-1.0646763294547141,-0.05591591474779186,-0.11005626276413431,-0.28757634079635286,-0.1695746790342941,0.012776612345679013,0,0,-0.025553224691358026,-0.017248426666666667,0,0.012776612345679013,0,0,-0.025553224691358026,-0.017248426666666667,0
241,FRAME,NONE,236,236,2.3599999999999999,RECOVERY,1.1000000000000014,0,0,0,0,0,-1.2335268257896692,0.31519026176395459,-0.14493592159677482,-0.30307336171869304,0.020682210388335127,0.20199117185666998,-1.1795566256448999,-0.97317606884022068,-0.30750753922010809,1.5233348333821963,0.48640113622825221,0.16793973804079906,0.65814919662255988,0.15843537241745251,-0.149428886884,0.0055999999999999999,-0.034799999999999998,0.28345777376799997,-0.095656002706599991,-0.0077999999999999996,-0.149428886884,-0.0055999999999999999,0.034799999999999998,0.28345777376799997,-0.095656002706599991,0.0077999999999999996,0,0,0,0,0,0.62951488497493013,-0.076901245353540773,0.042707109482374703,0.45001077326011202,0.00362611578800082,-0.24327245547294138,0.42244244908144596,0.52296376598530059,0.085944615433063615,-0.49421221980905355,0.17830480581246322,-0.056938751005289938,-0.30372635843173657,-0.06124144155249768,0.0062728820000000005,0,0,-0.012545764000000001,-0.0084683907000000017,0,0.0062728820000000005,0,0,-0.012545764000000001,-0.0084683907000000017,0,0,0,0,0,0,1.1927449061113544,-0.11435569302409469,0.1096039354216735,0.52059280076771108,-0.016484613272900479,-0.018231971575023868,0.83596182167272282,0.92267644773783275,0.034810067994477514,-1.0625587162573855,-0.055804699465048346,-0.10983736375414377,-0.28700435902343063,-0.16923739946084879,0.012751200000000001,0,0,-0.025502400000000001,-0.017214119999999999,0,0.012751200000000001,0,0,-0.025502400000000001,-0.017214119999999999,0
242,FRAME,NONE,237,237,2.3700000000000001,RECOVERY,1.1000000000000014,0,0,0,0,0,-1.2271765928350906,0.31441127108329758,-0.14450309104074416,-0.29852853107071636,0.020719107606079357,0.19954335492916689,-1.1752928580858568,-0.96785147510266334,-0.30663837329717941,1.5182512327113054,0.48819246225723484,0.16724997056347279,0.65509646986253889,0.15787874664745724,-0.14936552098765432,0.0055999999999999999,-0.034799999999999998,0.28333104197530862,-0.095741546666666663,-0.0077999999999999996,-0.14936552098765432,-0.0055999999999999999,0.034799999999999998,0.28333104197530862,-0.095741546666666663,0.0077999999999999996,0,0,0,0,0,0.64046166854760778,-0.078570282386350401,0.043543632060724653,0.45897288328131719,0.0034472511785990628,-0.24628653221066618,0.43070113727402748,0.53284721242997002,0.087478591277879006,-0.50442041740269927,0.18053626214976187,-0.058043099006540907,-0.30903243074243852,-0.062497122702914534,0.0064002469135802488,0,0,-0.012800493827160498,-0.0086403333333333349,0,0.0064002469135802488,0,0,-0.012800493827160498,-0.0086403333333333349,0,0,0,0,0,0,1.1899188488453465,-0.11408474176240896,0.10934424284491681,0.5193593223770655,-0.01644555507958646,-0.018188773238582232,0.83398111652098528,0.92049028331495952,0.034727589968302788,-1.0600411186007086,-0.055672477331386291,-0.10957711809865943,-0.286324338718973,-0.16883641298002122,0.012720987654320988,0,0,-0.025441975308641975,-0.017173333333333332,0,0.012720987654320988,0,0,-0.025441975308641975,-0.017173333333333332,0
243,FRAME,NONE,238,238,2.3799999999999999,RECOVERY,1.1000000000000014,0,0,0,0,0,-1.2207176119295937,0.31361554759523869,-0.14406188422608768,-0.29389395330575413,0.020754193488158188,0.19706576221772132,-1.1709467391822306,-0.9624276473632436,-0.30575359625951598,1.5130639185889418,0.4900059313892639,0.16654722981949815,0.65199096562637959,0.15731061906281527,-0.14930088303204939,0.0055999999999999999,-0.034799999999999998,0.28320176606409875,-0.095828807906733329,-0.0077999999999999996,-0.14930088303204939,-0.0055999999999999999,0.034799999999999998,0.28320176606409875,-0.095828807906733329,0.0077999999999999996,0,0,0,0,0,0.65126295945062607,-0.080242305992374391,0.044376097392376156,0.46795997412695006,0.0032584341250394729,-0.24922740802523785,0.43891850610342215,0.54265608237963159,0.089014609051712087,-0.51461161204097483,0.18274470988561697,-0.059142548855621112,-0.31431381890488741,-0.063735607108995479,0.0065272859506172844,0,0,-0.013054571901234569,-0.0088118360333333343,0,0.0065272859506172844,0,0,-0.013054571901234569,-0.0088118360333333343,0,0,0,0,0,0,1.1866493435611358,-0.11377127444789253,0.10904380086088875,0.51793229392839135,-0.016400368107981914,-0.018138796477331194,0.8316896109531533,0.91796107903495061,0.034632169983133676,-1.0571284745644292,-0.055519507690644239,-0.10927603625009488,-0.28553761369201153,-0.16837250609684087,0.012686034567901235,0,0,-0.025372069135802471,-0.017126146666666665,0,0.012686034567901235,0,0,-0.025372069135802471,-0.017126146666666665,0
244,FRAME,NONE,239,239,2.3900000000000001,RECOVERY,1.1000000000000014,0,0,0,0,0,-1.2141513636701757,0.3128030665595562,-0.14361234285425509,-0.28916939288330978,0.020787368826597204,0.1945591343661861,-1.1665186974013169,-0.95690536443077523,-0.30485317816871155,1.5077730874902391,0.49184131125115116,0.16583158905286444,0.64883293809018694,0.1567311501377576,-0.14923497651199999,0.0055999999999999999,-0.034799999999999998,0.28306995302400001,-0.095917781708799998,-0.0077999999999999996,-0.14923497651199999,-0.0055999999999999999,0.034799999999999998,0.28306995302400001,-0.095917781708799998,0.0077999999999999996,0,0,0,0,0,0.66191369385722154,-0.08191646674682701,0.045204395372614184,0.47696917216732737,0.003059862453371474,-0.25209336138876343,0.44709129051163116,0.5523858111611808,0.090552193743387979,-0.5247823082605606,0.18492964363325362,-0.060236538991878565,-0.31956832660834,-0.06495613618095418,0.0066539520000000012,0,0,-0.013307904000000002,-0.0089828352000000007,0,0.0066539520000000012,0,0,-0.013307904000000002,-0.0089828352000000007,0,0,0,0,0,0,1.1829419333589486,-0.11341582253120572,0.10870311883718012,0.51631413479741339,-0.016349128967815461,-0.018082126021580849,0.8290911899744271,0.9150931228960193,0.034523969813457574,-1.0538257222282916,-0.055346049886660628,-0.10893462866086352,-0.28464551775157715,-0.16784646531633704,0.012646399999999995,0,0,-0.02529279999999999,-0.017072639999999993,0,0.012646399999999995,0,0,-0.02529279999999999,-0.017072639999999993,0
245,FRAME,NONE,240,240,2.3999999999999999,RECOVERY,1.1000000000000014,0,0,0,0,0,-1.2074793781109521,0.311973811906752,-0.14315450968890517,-0.28435464345163447,0.020818536441414934,0.19202422893759025,-1.1620091934203038,-0.95128545074809734,-0.30393709387849155,1.5023789712347897,0.49369836439789833,0.16510312785948819,0.64562266338313945,0.15614050739704627,-0.14916780539046914,0.0055999999999999999,-0.034799999999999998,0.28293561078093826,-0.096008462722866658,-0.0077999999999999996,-0.14916780539046914,-0.0055999999999999999,0.034799999999999998,0.28293561078093826,-0.096008462722866658,0.0077999999999999996,0,0,0,0,0,0.67240904628193465,-0.083591893928406658,0.046028437304593703,0.4859975127527883,0.0028517559685133018,-0.25488273013672086,0.45521629724395091,0.56203192576637839,0.09209085084863769,-0.53492905762886056,0.1870905608251015,-0.06132450741741724,-0.32479374791871662,-0.066157983777108423,0.0067801985432098776,0,0,-0.013560397086419755,-0.0091532680333333352,0,0.0067801985432098776,0,0,-0.013560397086419755,-0.0091532680333333352,0,0,0,0,0,0,1.1788021613390145,-0.11301891746300909,0.10832270614138198,0.51450726435985816,-0.016291914268815759,-0.018018846601641353,0.82618973859000955,0.91189070289638141,0.034403151233761968,-1.0501377996720425,-0.055152363263274065,-0.10855340578337905,-0.28364938470670181,-0.16725907714353941,0.012602143209876546,0,0,-0.025204286419753093,-0.017012893333333338,0,0.012602143209876546,0,0,-0.025204286419753093,-0.017012893333333338,0
246,FRAME,NONE,241,241,2.4100000000000001,RECOVERY,1.1000000000000014,0,0,0,0,0,-1.2007032323718785,0.31112777644588441,-0.14268842834256784,-0.27944952875757545,0.020847601400021804,0.18946181981221263,-1.1574187194078449,-0.94556877546402462,-0.30300532324764889,1.4968818365071399,0.49557684833350241,0.16436193215958442,0.64236043968972889,0.15553886510902487,-0.14909937409264196,0.0055999999999999999,-0.034799999999999998,0.28279874818528394,-0.096100844974933319,-0.0077999999999999996,-0.14909937409264196,-0.0055999999999999999,0.034799999999999998,0.28279874818528394,-0.096100844974933319,0.0077999999999999996,0,0,0,0,0,0.68274443101543514,-0.085267696097924825,0.046848155544668577,0.49504194033134102,0.0026343560472460986,-0.25759391313984481,0.46329040550782052,0.57159004562831794,0.093630066231310122,-0.54504845816656722,0.18922696193451019,-0.062405892111489253,-0.32998786794123003,-0.067340456729877443,0.0069059796543209876,0,0,-0.013811959308641975,-0.0093230725333333323,0,0.0069059796543209876,0,0,-0.013811959308641975,-0.0093230725333333323,0,0,0,0,0,0,1.1742355706015588,-0.11258109069396278,0.10790307214108504,0.51251410199144976,-0.016228800620711411,-0.01794904294782278,0.82298914180509986,0.90835810703424924,0.03426987601853422,-1.0460696449754245,-0.05493870716432292,-0.10813287807005473,-0.28255054836641608,-0.16661112808347706,0.012553323456790123,0,0,-0.025106646913580246,-0.016946986666666664,0,0.012553323456790123,0,0,-0.025106646913580246,-0.016946986666666664,0
247,FRAME,NONE,242,242,2.4199999999999999,RECOVERY,1.1000000000000014,0,0,0,0,0,-1.19382454823447,0.31026496206517123,-0.142214143066177,-0.2744539035541097,0.020874471233184155,0.1868726965691053,-1.1527477983005618,-0.93975625149730746,-0.3020578513546493,1.4912819843830305,0.49747651553335753,0.16360809416558766,0.63904658734525188,0.1549264039734925,-0.14902968750000001,0.0055999999999999999,-0.034799999999999998,0.28265937499999999,-0.096194921874999992,-0.0077999999999999996,-0.14902968750000001,-0.0055999999999999999,0.034799999999999998,0.28265937499999999,-0.096194921874999992,0.0077999999999999996,0,0,0,0,0,0.69291550325187645,-0.086942961755379661,0.047663503076297992,0.50409930880984244,0.002407925169703052,-0.2602253719411714,0.47131056758265377,0.58105588336941083,0.095169306018954597,-0.55513715374115347,0.19133835070017335,-0.063480131479881546,-0.33514846358781336,-0.068502895349953394,0.0070312500000000002,0,0,-0.0140625,-0.0094921875000000006,0,0.0070312500000000002,0,0,-0.0140625,-0.0094921875000000006,0,0,0,0,0,0,1.1692477042468103,-0.11210287367472735,0.10744472620388031,0.51033706706791426,-0.016159864633231064,-0.017872799790435278,0.81949328462490056,0.90449962330783829,0.034124305942261818,-1.0416261962181845,-0.054705340933645791,-0.10767355597330422,-0.28135034253975172,-0.16590340464117961,0.012500000000000001,0,0,-0.025000000000000001,-0.016875000000000001,0,0.012500000000000001,0,0,-0.025000000000000001,-0.016875000000000001,0
248,FRAME,NONE,243,243,2.4300000000000002,RECOVERY,1.1000000000000014,0,0,0,0,0,-1.1868449897276965,0.30938537992441556,-0.14173169854204032,-0.26936765450306605,0.020899056147100536,0.18425766385150175,-1.1479969830751737,-0.93384883459277412,-0.30109466871354451,1.4855797498615326,0.49939711346826954,0.16284171234511285,0.63568144892351297,0.15430331080469423,-0.14895875094439506,0.0055999999999999999,-0.034799999999999998,0.2825175018887901,-0.09629068622506666,-0.0077999999999999996,-0.14895875094439506,-0.0055999999999999999,0.034799999999999998,0.2825175018887901,-0.09629068622506666,0.0077999999999999996,0,0,0,0,0,0.70291815990079198,-0.088616760073839437,0.048474453011986135,0.51316638215520771,0.0021727463897064508,-0.26277563234679219,0.47927380937710223,0.59042524552082587,0.096708016531986837,-0.56519183343281076,0.19342423435066008,-0.064546664838441348,-0.34027330444790205,-0.069644673907141921,0.0071559648395061745,0,0,-0.014311929679012349,-0.0096605525333333352,0,0.0071559648395061745,0,0,-0.014311929679012349,-0.0096605525333333352,0,0,0,0,0,0,1.1638441053749962,-0.11158479785596309,0.10694817769735861,0.50797857896497667,-0.016085182916103342,-0.017790201859788947,0.81570605205461222,0.90031953971536194,0.033966602779432142,-1.0368123914800667,-0.054452523915081118,-0.10717594994554094,-0.2800501010357398,-0.16513669332167635,0.012442232098765429,0,0,-0.024884464197530858,-0.016797013333333329,0,0.012442232098765429,0,0,-0.024884464197530858,-0.016797013333333329,0
249,FRAME,NONE,244,244,2.4399999999999999,RECOVERY,1.1000000000000014,0,0,0,0,0,-1.1797662607071304,0.30848905063833182,-0.14124113968076915,-0.26419070107074732,0.020921269231160045,0.18161754071660555,-1.1431668560169699,-0.92784731899418926,-0.30011575430832882,1.4797750901969553,0.50133837145732441,0.16206237676985225,0.63226543798136381,0.15367005334563627,-0.14888657020212345,0.0055999999999999999,-0.034799999999999998,0.28237314040424688,-0.096388130227133328,-0.0077999999999999996,-0.14888657020212345,-0.0055999999999999999,0.034799999999999998,0.28237314040424688,-0.096388130227133328,0.0077999999999999996,0,0,0,0,0,0.71274854007635213,-0.090288141708227243,0.049280998023051831,0.52223983523163864,0.0019291227445337941,-0.26524328595903734,0.48717723093021403,0.59969400279275831,0.098245733973557375,-0.57520926818959273,0.19548412056362852,-0.065604874106089561,-0.34536016915663276,-0.070765273672208182,0.007280080024691357,0,0,-0.014560160049382714,-0.0098281080333333312,0,0.007280080024691357,0,0,-0.014560160049382714,-0.0098281080333333312,0,0,0,0,0,0,1.1580303170863444,-0.11102739468833049,0.10641393598911092,0.50544105705836273,-0.01600483207905689,-0.017701333886193923,0.81163132909943647,0.89582214425503526,0.033796928304532674,-1.0316331688408167,-0.054180515452467458,-0.1066405704391785,-0.27865115766341181,-0.16431178062999685,0.01238007901234568,0,0,-0.024760158024691361,-0.016713106666666668,0,0.01238007901234568,0,0,-0.024760158024691361,-0.016713106666666668,0
250,FRAME,NONE,245,245,2.4500000000000002,RECOVERY,1.1000000000000014,0,0,0,0,0,-1.1725901024306822,0.30757600444985372,-0.14074251142265862,-0.25892299641405059,0.020941026660954432,0.17895315997042452,-1.1382580279854593,-0.92175280107146484,-0.2991211118558138,1.4738685209770848,0.50330003084038566,0.16127034397919993,0.62879892753285482,0.15302675064485677,-0.14881315148800001,0.0055999999999999999,-0.034799999999999998,0.28222630297599999,-0.096487245491199997,-0.0077999999999999996,-0.14881315148800001,-0.0055999999999999999,0.034799999999999998,0.28222630297599999,-0.096487245491199997,0.0077999999999999996,0,0,0,0,0,0.72240302525782452,-0.091956139676853579,0.050083149697382985,0.53131625486908707,0.0016773766049460181,-0.26762699164088311,0.4950180068530709,0.60885815700183676,0.09978183874374269,-0.58518622534722486,0.19751752472733519,-0.066654216786835932,-0.35040681182596445,-0.071864119371692986,0.007403551999999999,0,0,-0.014807103999999998,-0.0099947951999999982,0,0.007403551999999999,0,0,-0.014807103999999998,-0.0099947951999999982,0,0,0,0,0,0,1.1518118824810821,-0.11043119562248985,0.10584251044672806,0.50272692072379754,-0.015918888731820326,-0.017606280599960309,0.8072730007645742,0.89101172492507197,0.033615444292050815,-1.0260934663801793,-0.053889574889643278,-0.10606792790663033,-0.27715484623179898,-0.16342945307117038,0.012313600000000003,0,0,-0.024627200000000005,-0.016623360000000004,0,0.012313600000000003,0,0,-0.024627200000000005,-0.016623360000000004,0
251,FRAME,NONE,246,246,2.46,RECOVERY,1.1000000000000014,0,0,0,0,0,-1.165318291134118,0.30664628139249112,-0.14023585854399678,-0.25356452825487102,0.020958247896194139,0.17626536748836691,-1.1332711376780233,-0.91556648297843735,-0.29811075865600206,1.4678607251518851,0.50528183244111513,0.16046604348553234,0.62528229745311703,0.15237343842723539,-0.1487385014494321,0.0055999999999999999,-0.034799999999999998,0.28207700289886417,-0.096588023043266663,-0.0077999999999999996,-0.1487385014494321,-0.0055999999999999999,0.034799999999999998,0.28207700289886417,-0.096588023043266663,0.0077999999999999996,0,0,0,0,0,0.73187823911600991,-0.093619770313276826,0.050880937825732171,0.54039214115778922,0.0014178489664990416,-0.26992547690080659,0.50279338670755269,0.61791381760559017,0.10131565258304298,-0.59511950297199634,0.19952396770258629,-0.067694173303345428,-0.35541097712167891,-0.072940646197031195,0.0075263378024691355,0,0,-0.015052675604938271,-0.010160556033333332,0,0.0075263378024691355,0,0,-0.015052675604938271,-0.010160556033333332,0,0,0,0,0,0,1.1451943446594366,-0.10979673210910153,0.10523441043780092,0.49983858933700642,-0.015827429484122281,-0.017505126731398223,0.8026349520552265,0.88589256972368591,0.033422312516473984,-1.0201982221778989,-0.05357996157044706,-0.1054585328003099,-0.27556250054993248,-0.16249049715022634,0.012242854320987656,0,0,-0.024485708641975312,-0.016527853333333335,0,0.012242854320987656,0,0,-0.024485708641975312,-0.016527853333333335,0
252,FRAME,NONE,247,247,2.4700000000000002,RECOVERY,1.1000000000000014,0,0,0,0,0,-1.157952635609774,0.30569993144081326,-0.13972122546872157,-0.24811531974051063,0.020972855873184967,0.17355502152247432,-1.1282068508925214,-0.9092894823847153,-0.29708470852634827,1.4617521687239476,0.50728350430227787,0.15964959853044136,0.6217159796763847,0.15171032446740707,-0.14866262716049383,0.0055999999999999999,-0.034799999999999998,0.28192525432098764,-0.096690453333333329,-0.0077999999999999996,-0.14866262716049383,-0.0055999999999999999,0.034799999999999998,0.28192525432098764,-0.096690453333333329,0.0077999999999999996,0,0,0,0,0,0.74117104700154013,-0.095278034285864538,0.051674409617467873,0.54946390896305486,0.0011508986834522505,-0.2721375391875735,0.5105006953190534,0.62685717273386465,0.102846542944075,-0.60500596411066376,0.20150297280394902,-0.068724191982928853,-0.36037041608460507,-0.073994368584069367,0.0076483950617283946,0,0,-0.015296790123456789,-0.010325333333333332,0,0.0076483950617283946,0,0,-0.015296790123456789,-0.010325333333333332,0,0,0,0,0,0,1.138183246721636,-0.10912453559882596,0.10459014532992043,0.49677848227371485,-0.015730530945691396,-0.01739795701081779,0.79772106797659459,0.8804689666490918,0.033217694752289625,-1.0139523743137213,-0.053251934838717326,-0.10481289557263077,-0.27387545442684375,-0.16149569937219421,0.012167901234567902,0,0,-0.024335802469135803,-0.016426666666666666,0,0.012167901234567902,0,0,-0.024335802469135803,-0.016426666666666666,0
253,FRAME,NONE,248,248,2.48,RECOVERY,1.1000000000000014,0,0,0,0,0,-1.1504949747917794,0.30473701464813197,-0.13919865608579379,-0.24257543028799675,0.020984777191587738,0.17082299199624576,-1.1230658597898286,-0.90292295506651354,-0.29604298175963661,1.4555433495449939,0.50930476972831695,0.15882113855803384,0.61810042857028735,0.15103762090094233,-0.14858553611600001,0.0055999999999999999,-0.034799999999999998,0.28177107223199999,-0.096794526243399986,-0.0077999999999999996,-0.14858553611600001,-0.0055999999999999999,0.034799999999999998,0.28177107223199999,-0.096794526243399986,0.0077999999999999996,0,0,0,0,0,0.75027855509203834,-0.096929917682144012,0.052463628847137983,0.5585278896539918,0.00087690164678189478,-0.2742620470849369,0.51813733302008702,0.635684507552982,0.10437385752210039,-0.61484251348451613,0.2034540678750579,-0.069743724995847009,-0.36528287824757877,-0.075024836870097839,0.0077696820000000008,0,0,-0.015539364000000002,-0.010489070700000002,0,0.0077696820000000008,0,0,-0.015539364000000002,-0.010489070700000002,0,0,0,0,0,0,1.1307841317679075,-0.10841513754232354,0.10391022449067748,0.4935490189096482,-0.015628269726256298,-0.017284856168529122,0.79253523353388,0.8747452036995037,0.033001752773985177,-1.0073608608673914,-0.052905754038292584,-0.10413152667600642,-0.27209504167156406,-0.1604458462421034,0.012088800000000002,0,0,-0.024177600000000004,-0.016319880000000002,0,0.012088800000000002,0,0,-0.024177600000000004,-0.016319880000000002,0
254,FRAME,NONE,249,249,2.4900000000000002,RECOVERY,1.1000000000000014,0,0,0,0,0,-1.1429471753511888,0.3037576012704486,-0.1386681935725996,-0.23694495641016486,0.020993942295248418,0.16807015978809023,-1.1178488821573751,-0.89646809393150095,-0.2949856053388884,1.449234796904558,0.51134534733191062,0.15798079916145866,0.61443612094686884,0.15035554387485789,-0.14850723622558024,0.0055999999999999999,-0.034799999999999998,0.2816144724511605,-0.096900231095466666,-0.0077999999999999996,-0.14850723622558024,-0.0055999999999999999,0.034799999999999998,0.2816144724511605,-0.096900231095466666,0.0077999999999999996,0,0,0,0,0,0.75919810919623587,-0.098574393154866713,0.053248674933554729,0.56758033303940458,0.00059624990807522621,-0.27629794139669128,0.52570077582194596,0.644392204815188,0.10589692435842317,-0.62462609673034986,0.20537678545780222,-0.070752229021935176,-0.37014611307517914,-0.076031637595668444,0.0078901574320987648,0,0,-0.01578031486419753,-0.010651712533333331,0,0.0078901574320987648,0,0,-0.01578031486419753,-0.010651712533333331,0,0,0,0,0,0,1.1230025428984782,-0.10766906939025458,0.1031951572876629,0.49015261862053155,-0.015520722435545612,-0.017165908934842333,0.78708133373228328,0.86872556887313557,0.032774648356048042,-1.0004286199186536,-0.052541678513011308,-0.10341493656285033,-0.27022259609312466,-0.15934172426498322,0.012005609876543208,0,0,-0.024011219753086416,-0.016207573333333333,0,0.012005609876543208,0,0,-0.024011219753086416,-0.016207573333333333,0
255,FRAME,NONE,250,250,2.5,RECOVERY,1.1000000000000014,0,0,0,0,0,-1.1353111293044493,0.3027617718757083,-0.13812988022461287,-0.23122403252149942,0.02100028564693825,0.16529741600457776,-1.1125566606748241,-0.88992612803828186,-0.29391261315147155,1.4428270711269842,0.51340495108208317,0.15712872202367975,0.61072355605880557,0.14966431319466528,-0.14842773580775309,0.0055999999999999999,-0.034799999999999998,0.28145547161550616,-0.097007556659533326,-0.0077999999999999996,-0.14842773580775309,-0.0055999999999999999,0.034799999999999998,0.28145547161550616,-0.097007556659533326,0.0077999999999999996,0,0,0,0,0,0.76792729321442832,-0.10021042112643797,0.054029641953587101,0.57661740950358931,0.00030935075130342389,-0.27824423611316684,0.53318857551176591,0.65297674538147255,0.10741505197077761,-0.63435369962853549,0.20727066294260865,-0.071749165941249179,-0.37495787148767157,-0.077014393771474787,0.0080097807654320972,0,0,-0.016019561530864194,-0.010813204033333329,0,0.0080097807654320972,0,0,-0.016019561530864194,-0.010813204033333329,0,0,0,0,0,0,1.114844023213577,-0.10688686259327959,0.1024454530884677,0.48659170078209085,-0.015407965683287988,-0.017041200040067556,0.78136325357700653,0.86241435016820234,0.032536543272965693,-0.99316058954725417,-0.052159967606712043,-0.1026636356855761,-0.26825945150055697,-0.15818411994586326,0.011918390123456793,0,0,-0.023836780246913585,-0.016089826666666668,0,0.011918390123456793,0,0,-0.023836780246913585,-0.016089826666666668,0
256,FRAME,NONE,251,251,2.5099999999999998,RECOVERY,1.1000000000000014,0,0,0,0,0,-1.1275887516385346,0.30174961743742257,-0.13758375729144412,-0.22541283172183502,0.021003745896945307,0.1625056612447297,-1.107189962183136,-0.88329832161069,-0.29282404620205066,1.43632076317683,0.51548329035390883,0.15626505485224237,0.606963255579831,0.14896415196830401,-0.148347043584,0.0055999999999999999,-0.034799999999999998,0.28129408716799997,-0.097116491161599997,-0.0077999999999999996,-0.148347043584,-0.0055999999999999999,0.034799999999999998,0.28129408716799997,-0.097116491161599997,0.0077999999999999996,0,0,0,0,0,0.77646392725574598,-0.1018369510482045,0.054806637593178907,0.58563521233440685,1.6625714729701785e-05,-0.28010001925083033,0.54059835967259184,0.66143470871824794,0.10892752951004094,-0.64402234732070707,0.20913524269729444,-0.072734003546635451,-0.37971590746534495,-0.077972765108581074,0.0081285120000000009,0,0,-0.016257024000000002,-0.010973491199999999,0,0.0081285120000000009,0,0,-0.016257024000000002,-0.010973491199999999,0,0,0,0,0,0,1.1063141158134298,-0.1060690486020588,0.10166162126068264,0.48286868477005074,-0.015290076079212032,-0.016910814214514885,0.77538487807324985,0.85581583558291696,0.032287599299225506,-0.98556170783293684,-0.051760880663233227,-0.10187813449659708,-0.26620694170289205,-0.15697381978977273,0.011827199999999998,0,0,-0.023654399999999996,-0.015966719999999997,0,0.011827199999999998,0,0,-0.023654399999999996,-0.015966719999999997,0
257,FRAME,NONE,252,252,2.52,RECOVERY,1.1000000000000014,0,0,0,0,0,-1.1197819779561595,0.30072123941163431,-0.13702986481931942,-0.21951156655599888,0.021004266045546154,0.15969580485662829,-1.101749576958323,-0.87658597304718211,-0.29171995282419572,1.4297164942727525,0.51758006997935813,0.15538995130783087,0.6031557635687379,0.14825528624736234,-0.14826516867283951,0.0055999999999999999,-0.034799999999999998,0.28113033734567899,-0.097227022291666659,-0.0077999999999999996,-0.14826516867283951,-0.0055999999999999999,0.034799999999999998,0.28113033734567899,-0.097227022291666659,0.0077999999999999996,0,0,0,0,0,0.78480606541406417,-0.10345292271085731,0.055579782038589889,0.59462976023552461,-0.00028149043456355584,-0.28186445355739503,0.54792783162433323,0.66976277336858792,0.1104336269426468,-0.65362910351967307,0.21097007217200653,-0.073706216275934669,-0.38441797972912128,-0.078906448210373695,0.0082463117283950622,0,0,-0.016492623456790124,-0.011132520833333335,0,0.0082463117283950622,0,0,-0.016492623456790124,-0.011132520833333335,0,0,0,0,0,0,1.0974183637982662,-0.1052161588672528,0.10084417117189877,0.47898598996013736,-0.015167130233046408,-0.016774836188494471,0.76915009222621566,0.84893431311549539,0.032027978209314981,-0.97763691285544818,-0.051344677026413453,-0.10105894344832696,-0.26406640050916164,-0.1557116103017413,0.011732098765432105,0,0,-0.023464197530864209,-0.01583833333333334,0,0.011732098765432105,0,0,-0.023464197530864209,-0.01583833333333334,0
258,FRAME,NONE,253,253,2.5299999999999998,RECOVERY,1.1000000000000014,0,0,0,0,0,-1.1118927621444186,0.29967674979622433,-0.13646824149987336,-0.21352048974764326,0.021001793599503701,0.15686876418780074,-1.0962363179913577,-0.86979041392550072,-0.29060038889031514,1.4230149155099159,0.51969499029921173,0.15450357092638253,0.59930164641610106,0.14753794466596443,-0.14818212058390123,0.0055999999999999999,-0.034799999999999998,0.28096424116780244,-0.097339137211733331,-0.0077999999999999996,-0.14818212058390123,-0.0055999999999999999,0.034799999999999998,0.28096424116780244,-0.097339137211733331,0.0077999999999999996,0,0,0,0,0,0.79295199320549647,-0.10505726760204201,0.056349206811218952,0.6035970000144395,-0.00058455077081444491,-0.28353677707552472,0.55517477028376971,0.67795771739866373,0.11193259525822653,-0.66317106971425166,0.21277470397793985,-0.074665285961439551,-0.38906185349314826,-0.079815176724540762,0.008363141135802471,0,0,-0.016726282271604942,-0.011290240533333336,0,0.008363141135802471,0,0,-0.016726282271604942,-0.011290240533333336,0,0,0,0,0,0,1.0881623102683109,-0.1043287248395217,0.099993612189706774,0.47494603572807514,-0.015039204754519709,-0.01663335069231639,0.76266278104110363,0.84177407076414978,0.031757841777721466,-0.96939114269453108,-0.05091161604009109,-0.10020657299317903,-0.26183916172839644,-0.154398277986798,0.011633145679012347,0,0,-0.023266291358024695,-0.015704746666666668,0,0.011633145679012347,0,0,-0.023266291358024695,-0.015704746666666668,0
259,FRAME,NONE,254,254,2.54,RECOVERY,1.1000000000000014,0,0,0,0,0,-1.1039230740700705,0.29861627117147321,-0.13589892452498648,-0.20743989490564241,0.020996280722869104,0.1540254638307767,-1.0906510202757906,-0.86291300800285786,-0.28946541801970865,1.4162167074909335,0.52182774721563163,0.15360607903459808,0.59540149277311216,0.14681235807776966,-0.148097909212,0.0055999999999999999,-0.034799999999999998,0.28079581842399998,-0.097452822563800001,-0.0077999999999999996,-0.148097909212,-0.0055999999999999999,0.034799999999999998,0.28079581842399998,-0.097452822563800001,0.0077999999999999996,0,0,0,0,0,0.80090022467176991,-0.10664891030707645,0.057115053549766204,0.61253280943756128,-0.0008920973214118777,-0.28511630355912643,0.56233702994212342,0.68601641882012887,0.11342366670210477,-0.67264538437176147,0.21454869593761355,-0.07561070259403041,-0.39364530228474975,-0.080698721453446087,0.0084789619999999996,0,0,-0.016957923999999999,-0.011446598699999999,0,0.0084789619999999996,0,0,-0.016957923999999999,-0.011446598699999999,0,0,0,0,0,0,1.0785514983237936,-0.10340727796952609,0.099110453681697699,0.47075124144959019,-0.014906376253360595,-0.016486442456290794,0.75592682952311618,0.83433939652709577,0.031477351778932447,-0.96082933542993232,-0.050461957048104744,-0.099321533583566948,-0.25952655916962819,-0.15303460934997257,0.011530399999999998,0,0,-0.023060799999999996,-0.015566039999999998,0,0.011530399999999998,0,0,-0.023060799999999996,-0.015566039999999998,0
260,FRAME,NONE,255,255,2.5499999999999998,RECOVERY,1.1000000000000014,0,0,0,0,0,-1.095874897304812,0.29753993672070239,-0.13532194944723352,-0.20127011720134239,0.020987684382550775,0.15116683486537286,-1.0849945401047949,-0.85595515021180923,-0.28831511178443336,1.4093225799653128,0.52397803224521178,0.15269764665866106,0.59145591346181126,0.14607875919149912,-0.14801254483120987,0.0055999999999999999,-0.034799999999999998,0.28062508966241972,-0.097568064477866659,-0.0077999999999999996,-0.14801254483120987,-0.0055999999999999999,0.034799999999999998,0.28062508966241972,-0.097568064477866659,0.0077999999999999996,0,0,0,0,0,0.80864949915485163,-0.10822676994848061,0.057877472743924976,0.62143300024334591,-0.0012036622172609691,-0.28660242273688907,0.56941253995905561,0.69393585598920737,0.11490605503244361,-0.68204922214097052,0.21629161110474174,-0.07654196509933929,-0.39816610982704082,-0.0815568904212568,0.0085937366913580258,0,0,-0.017187473382716052,-0.011601544533333334,0,0.0085937366913580258,0,0,-0.017187473382716052,-0.011601544533333334,0,0,0,0,0,0,1.0685914710649416,-0.10245234970792631,0.098195205015462431,0.46640402650040769,-0.014768721339297693,-0.016334196210727785,0.74894612267745431,0.82663457840254728,0.031186669987435345,-0.95195642914139655,-0.049995959394292896,-0.098404335671904195,-0.25712992664188816,-0.15162139089629434,0.011423920987654322,0,0,-0.022847841975308644,-0.015422293333333333,0,0.011423920987654322,0,0,-0.022847841975308644,-0.015422293333333333,0
261,FRAME,NONE,256,256,2.5600000000000001,RECOVERY,1.1000000000000014,0,0,0,0,0,-1.0877502268835868,0.29644789022977303,-0.13473735004523729,-0.19501153401532267,0.020975966489277721,0.14829381409928752,-1.0792677543795415,-0.84891826565203143,-0.28714954991276775,1.4023332714773573,0.52614553257210872,0.15177845042602983,0.58746554136615059,0.14533738220547651,-0.14792603808893826,0.0055999999999999999,-0.034799999999999998,0.28045207617787654,-0.097684848579933328,-0.0077999999999999996,-0.14792603808893826,-0.0055999999999999999,0.034799999999999998,0.28045207617787654,-0.097684848579933328,0.0077999999999999996,0,0,0,0,0,0.81619877774957617,-0.10978976165986784,0.058636622424110343,0.63029332130417126,-0.0015187688782503355,-0.28799460041870228,0.57639930437237297,0.701713107983303,0.1163789558019603,-0.69137979305834685,0.21800301775179837,-0.07745858212313822,-0.40262207197913452,-0.082389528896221587,0.008707428172839508,0,0,-0.017414856345679016,-0.011755028033333335,0,0.008707428172839508,0,0,-0.017414856345679016,-0.011755028033333335,0,0,0,0,0,0,1.0582877715919816,-0.10146447150538271,0.097248375558591796,0.4619068102562528,-0.014626316622059625,-0.016176696685937481,0.74172454550931866,0.81866390438871817,0.030885958177717575,-0.94277736190866834,-0.049513882422494007,-0.097455489710604221,-0.25465059795420741,-0.15015940913079262,0.011313767901234567,0,0,-0.022627535802469134,-0.015273586666666663,0,0.011313767901234567,0,0,-0.022627535802469134,-0.015273586666666663,0
262,FRAME,NONE,257,257,2.5699999999999998,RECOVERY,1.1000000000000014,0,0,0,0,0,-1.0795510670990396,0.29534028606403001,-0.13414515819299225,-0.18866456555217612,0.020961094034865811,0.14540734330858218,-1.0734715599310098,-0.8418038085781766,-0.28596882048998612,1.3952495490224317,0.52832993110094606,0.15084867246017494,0.58343103130335638,0.14458846244164511,-0.14783840000000001,0.0055999999999999999,-0.034799999999999998,0.28027679999999999,-0.097803159999999986,-0.0077999999999999996,-0.14783840000000001,-0.0055999999999999999,0.034799999999999998,0.28027679999999999,-0.097803159999999986,0.0077999999999999996,0,0,0,0,0,0.82354723944200747,-0.11133679808955185,0.059392666812160377,0.63910946192760087,-0.0018369332302039347,-0.28929237844144484,0.58329540142313796,0.70934535495593332,0.11784154666433047,-0.70063434176046224,0.21968248932371831,-0.078360072823048632,-0.40701099872885016,-0.083196519366533606,0.0088199999999999997,0,0,-0.017639999999999999,-0.011906999999999999,0,0.0088199999999999997,0,0,-0.017639999999999999,-0.011906999999999999,0,0,0,0,0,0,1.0476459430051421,-0.10044417481255571,0.096270474678676762,0.45726201209285117,-0.014479238711375035,-0.016014028612230009,0.734265983023911,0.81043166248382315,0.030575378124266587,-0.93329707181149346,-0.049015985476546634,-0.096475506152080587,-0.25208990691561756,-0.14864945055849696,0.0112,0,0,-0.0224,-0.015119999999999998,0,0.0112,0,0,-0.0224,-0.015119999999999998,0
263,FRAME,NONE,258,258,2.5800000000000001,RECOVERY,1.1000000000000014,0,0,0,0,0,-1.0712794293350654,0.2942172891211578,-0.13354540373184007,-0.18222967542207416,0.020943039226941639,0.14250836847972626,-1.0676068728576167,-0.83461326138396774,-0.28477302015618772,1.3880722077114642,0.53053090650917289,0.14990850026815558,0.57935305987504659,0.14383223597956993,-0.14774964194069135,0.0055999999999999999,-0.034799999999999998,0.28009928388138272,-0.097922983380066664,-0.0077999999999999996,-0.14774964194069135,-0.0055999999999999999,0.034799999999999998,0.28009928388138272,-0.097922983380066664,0.0077999999999999996,0,0,0,0,0,0.83069427694253317,-0.11286679092903834,0.060145774938254119,0.64787705528733985,-0.002157664949457027,-0.29049537445147422,0.59009898299638663,0.71682987847079782,0.11929298770555494,-0.70981014670544085,0.2213296043562778,-0.07924596766357539,-0.41133071623252537,-0.083977781468206725,0.0089314163209876559,0,0,-0.017862832641975312,-0.012057412033333336,0,0.0089314163209876559,0,0,-0.017862832641975312,-0.012057412033333336,0,0,0,0,0,0,1.0366715284046497,-0.099391991080105629,0.095262011743308117,0.45247205138592772,-0.014327564216972538,-0.01584627671991547,0.72657432022643187,0.80194214068607561,0.030255091601569781,-0.92352049692961591,-0.048502527900289208,-0.095464895448746714,-0.24944918733514954,-0.14709230168443657,0.011082676543209873,0,0,-0.022165353086419745,-0.014961613333333328,0,0.011082676543209873,0,0,-0.022165353086419745,-0.014961613333333328,0
264,FRAME,NONE,259,259,2.5899999999999999,RECOVERY,1.1000000000000014,0,0,0,0,0,-1.062937329942264,0.29307907475813849,-0.13293811434341801,-0.17570737118796695,0.020921779622691032,0.13959783905492135,-1.0616746278813654,-0.8273481335827152,-0.28356225430092996,1.3808020704435362,0.53274813329844384,0.14895812662097335,0.5752323252977265,0.14306893929093953,-0.1476597756428642,0.0055999999999999999,-0.034799999999999998,0.27991955128572837,-0.098044302882133325,-0.0077999999999999996,-0.1476597756428642,-0.0055999999999999999,0.034799999999999998,0.27991955128572837,-0.098044302882133325,0.0077999999999999996,0,0,0,0,0,0.8376394922237127,-0.11437865246134647,0.060896119229696094,0.65659168197410511,-0.002480468731010859,-0.29160328152206294,0.59680827397816016,0.72416406181581039,0.12073242180075605,-0.71890451940631339,0.22294394635802842,-0.080115809211362549,-0.41557906889646135,-0.084733271863499604,0.0090416418765432108,0,0,-0.018083283753086422,-0.012206216533333335,0,0.0090416418765432108,0,0,-0.018083283753086422,-0.012206216533333335,0,0,0,0,0,0,1.0253700708907332,-0.098308451758692988,0.094223496120076897,0.4475393475112085,-0.014171369748580791,-0.015673525739304008,0.71865344212208349,0.79319962699369095,0.029925260384114638,-0.91345257534278212,-0.047973769037560315,-0.094424168053016261,-0.24672977302183505,-0.14548874901364117,0.010961856790123459,0,0,-0.021923713580246917,-0.014798506666666669,0,0.010961856790123459,0,0,-0.021923713580246917,-0.014798506666666669,0
265,FRAME,NONE,260,260,2.6000000000000001,RECOVERY,1.1000000000000014,0,0,0,0,0,-1.0545267881579881,0.29192582869024575,-0.13232331542133433,-0.16909820487731567,0.020897298263599172,0.13667670718232999,-1.0556757777256238,-0.82000996078438204,-0.28233663725434538,1.373439987586361,0.53498128184475713,0.14799774942662333,0.57106954721220982,0.14229880887510676,-0.147568813188,0.0055999999999999999,-0.034799999999999998,0.27973762637599997,-0.098167102196199993,-0.0077999999999999996,-0.147568813188,-0.0055999999999999999,0.034799999999999998,0.27973762637599997,-0.098167102196199993,0.0077999999999999996,0,0,0,0,0,0.84438269177389014,-0.11587129712391689,0.061643874077499786,0.66524887365666441,-0.0028048455759686185,-0.29261586760499464,0.60342157153016807,0.73134539029784662,0.12215897499708452,-0.72791480367916572,0.22452510365487649,-0.080969152927516816,-0.41975392149435775,-0.085462984068415196,0.0091506420000000005,0,0,-0.018301284000000001,-0.012353366700000002,0,0.0091506420000000005,0,0,-0.018301284000000001,-0.012353366700000002,0,0,0,0,0,0,1.0137471135636185,-0.097194088298978007,0.093155437176573846,0.44246631984441809,-0.014010731915928398,-0.015495860400705707,0.71050723371606572,0.78420840940488212,0.029586046246388525,-0.90309824513073567,-0.047429968232198361,-0.093353834417302536,-0.24393299778470501,-0.14383957905113984,0.010837599999999996,0,0,-0.021675199999999992,-0.014630759999999994,0,0.010837599999999996,0,0,-0.021675199999999992,-0.014630759999999994,0
266,FRAME,NONE,261,261,2.6099999999999999,RECOVERY,1.1000000000000014,0,0,0,0,0,-1.0460498240734626,0.29075774685958539,-0.13170102993873004,-0.16240277345749735,0.020869583813736933,0.13374592697300222,-1.0496112925181769,-0.81260030366936042,-0.28109629247449791,1.3659868366644281,0.53723001844686891,0.14702757159584448,0.56686546647169922,0.14152208089621895,-0.14747676700128395,0.0055999999999999999,-0.034799999999999998,0.27955353400256788,-0.09829136454826666,-0.0077999999999999996,-0.14747676700128395,-0.0055999999999999999,0.034799999999999998,0.27955353400256788,-0.09829136454826666,0.0077999999999999996,0,0,0,0,0,0.85092388157857213,-0.11734364308055911,0.062389214387076203,0.67384411684310175,-0.0031302940937673884,-0.29353297481635493,0.60993724428404994,0.73837145151895178,0.12357175692358194,-0.73683837490890447,0.22607266919666394,-0.081805567953756028,-0.42385316131494899,-0.086166948227880291,0.0092583826172839521,0,0,-0.018516765234567904,-0.012498816533333335,0,0.0092583826172839521,0,0,-0.018516765234567904,-0.012498816533333335,0,0,0,0,0,0,1.0018081995235337,-0.096049432151621109,0.092058344280389892,0.43725538776128214,-0.013845727328743998,-0.0153133654344307,0.70213958001358034,0.77497277591786362,0.029237610962878902,-0.89246244437322197,-0.046871384828041887,-0.092254404994019115,-0.24106019543279084,-0.14214557830196212,0.010709965432098758,0,0,-0.021419930864197516,-0.014458453333333324,0,0.010709965432098758,0,0,-0.021419930864197516,-0.014458453333333324,0
267,FRAME,NONE,262,262,2.6200000000000001,RECOVERY,1.1000000000000014,0,0,0,0,0,-1.0375084566503467,0.28957503527018313,-0.13107127830806578,-0.1556217192740374,0.020838630704851081,0.13080645376620081,-1.0434821592238355,-0.8051207469590802,-0.27984135273066457,1.3584435220545565,0.53949400537264758,0.14604780090054556,0.56262084490822439,0.14073899082251065,-0.147383649845679,0.0055999999999999999,-0.034799999999999998,0.27936729969135804,-0.098417072708333331,-0.0077999999999999996,-0.147383649845679,-0.0055999999999999999,0.034799999999999998,0.27936729969135804,-0.098417072708333331,0.0077999999999999996,0,0,0,0,0,0.85726326184245727,-0.11879461379657719,0.063132314119663094,0.68237285673236203,-0.0034563118144746354,-0.29435451855744366,0.61635373145796069,0.74523993563469515,0.12496986122908908,-0.7456726393354618,0.22758624032543373,-0.082624637889102917,-0.42787470033399178,-0.086845230837278034,0.0093648302469135809,0,0,-0.018729660493827162,-0.012642520833333335,0,0.0093648302469135809,0,0,-0.018729660493827162,-0.012642520833333335,0,0,0,0,0,0,0.98955887187070846,-0.094875014767282884,0.090932726799116126,0.43190897063752681,-0.013676432596756253,-0.015126125570789134,0.69355436601982978,0.76549701453085128,0.028880116308073248,-0.88155011114998794,-0.04629827816892948,-0.091126390235579682,-0.23811269977512431,-0.14040753327113767,0.010579012345679021,0,0,-0.021158024691358041,-0.014281666666666677,0,0.010579012345679021,0,0,-0.021158024691358041,-0.014281666666666677,0
268,FRAME,NONE,263,263,2.6299999999999999,RECOVERY,1.1000000000000014,0,0,0,0,0,-1.0289047017887742,0.28837790978594047,-0.13043407822844996,-0.14875573045103216,0.020804439292414767,0.12785924340485783,-1.0372893811117612,-0.79757289838357948,-0.27857196028221715,1.3508109746885604,0.54177290090298713,0.14505864982493716,0.55833646507723966,0.13994977306835141,-0.14728947481599999,0.0055999999999999999,-0.034799999999999998,0.27917894963199996,-0.098544208998399996,-0.0077999999999999996,-0.14728947481599999,-0.0055999999999999999,0.034799999999999998,0.27917894963199996,-0.098544208998399996,0.0077999999999999996,0,0,0,0,0,0.86340122146566756,-0.12022313961084469,0.063873344831471016,0.69083050114630162,-0.0037823965062060809,-0.29508048647264529,0.62266954189905699,0.75194863559523517,0.12635236604946515,-0.75441503336318561,0.22906541850532433,-0.083425961553800637,-0.43181647740462692,-0.087497934409057287,0.0094699520000000002,0,0,-0.018939904,-0.012784435199999999,0,0.0094699520000000002,0,0,-0.018939904,-0.012784435199999999,0,0,0,0,0,0,0.97700467370536626,-0.093671367596623326,0.089779094100343071,0.4264294878488758,-0.013502924329693739,-0.014934225540091063,0.68475547674001258,0.75578541324205628,0.02851372405645888,-0.870366183540775,-0.04571090759869946,-0.089970300594397382,-0.23509184462073576,-0.13862623046369535,0.010444799999999992,0,0,-0.020889599999999984,-0.014100479999999988,0,0.010444799999999992,0,0,-0.020889599999999984,-0.014100479999999988,0
269,FRAME,NONE,264,264,2.6400000000000001,RECOVERY,1.1000000000000014,0,0,0,0,0,-1.020240570448778,0.28716659588687993,-0.12978944451451824,-0.14180554125324041,0.020767016027948726,0.12490525152290584,-1.0310339772637738,-0.78995838764615633,-0.27728826705279874,1.3430901517626963,0.54406635937285641,0.14406033540942317,0.55401312998023855,0.13915466063964763,-0.14719425533298766,0.0055999999999999999,-0.034799999999999998,0.2789885106659753,-0.098672755300466652,-0.0077999999999999996,-0.14719425533298766,-0.0055999999999999999,0.034799999999999998,0.2789885106659753,-0.098672755300466652,0.0077999999999999996,0,0,0,0,0,0.86933833228856772,-0.12162815929805175,0.064612474217897009,0.69921242453229382,-0.0041080474924256108,-0.29571093724687686,0.62888325305649695,0.75849544736961283,0.12771833450561307,-0.76306302289611438,0.23050980901437246,-0.084209153737119125,-0.43567646046007913,-0.088125197083226997,0.009573715580246913,0,0,-0.019147431160493826,-0.012924516033333331,0,0.009573715580246913,0,0,-0.019147431160493826,-0.012924516033333331,0,0,0,0,0,0,0.96415114812773839,-0.092439022090303205,0.088597955551661958,0.42081935877105608,-0.013325279137285139,-0.014737750072646666,0.6757467971793325,0.74584226004969567,0.028138595982523339,-0.8589155996253317,-0.045109532461190496,-0.088786646522886065,-0.23199896377865742,-0.13680245638466512,0.010307387654320987,0,0,-0.020614775308641975,-0.013914973333333334,0,0.010307387654320987,0,0,-0.020614775308641975,-0.013914973333333334,0
270,FRAME,NONE,265,265,2.6499999999999999,RECOVERY,1.1000000000000014,0,0,0,0,0,-1.0115179586549832,0.28594049722232207,-0.12913648279118276,-0.13477196951866752,0.020727206384575574,0.12194545127917206,-1.0247179794536483,-0.78227886538520564,-0.27599043479940361,1.3352820364535372,0.54637403120917039,0.14305307908731507,0.54965166276527133,0.13835388478321592,-0.14709800513738272,0.0055999999999999999,-0.034799999999999998,0.27879601027476542,-0.09880269306453332,-0.0077999999999999996,-0.14709800513738272,-0.0055999999999999999,0.034799999999999998,0.27879601027476542,-0.09880269306453332,0.0077999999999999996,0,0,0,0,0,0.8750752688335226,-0.12300834290433575,0.065350055668000728,0.7075139644899755,-0.0044327166101351002,-0.29624600161736586,0.63499387377079519,0.76487837015361848,0.12906681523398911,-0.77161410270176101,0.23191902059881855,-0.08497384592568813,-0.43945264872261425,-0.088727192180629966,0.0096760892839506171,0,0,-0.019352178567901234,-0.013062720533333332,0,0.0096760892839506171,0,0,-0.019352178567901234,-0.013062720533333332,0,0,0,0,0,0,0.9510038382380509,-0.09117850969898271,0.087389820520663547,0.41508100277979226,-0.013143573629259062,-0.014536783898766033,0.66653221234298954,0.7356718429519824,0.027754893860754009,-0.8472032974834014,-0.044494412100241014,-0.08757593847345907,-0.22883539105792017,-0.13493699753907615,0.010166834567901238,0,0,-0.020333669135802476,-0.01372522666666667,0,0.010166834567901238,0,0,-0.020333669135802476,-0.01372522666666667,0
271,FRAME,NONE,266,266,2.6600000000000001,RECOVERY,1.1000000000000014,0,0,0,0,0,-1.0027548880829378,0.28482336105311939,-0.12861057389012764,-0.1276502969933975,0.020560803367433815,0.11897804046626237,-1.0181942838937792,-0.77453600213336204,-0.27467863527604763,1.3273876376398712,0.5486955629650061,0.14203710651448137,0.54525290640539681,0.13754767464077228,-0.14700073828400001,0.0055999999999999999,-0.034799999999999998,0.27860147656799999,-0.098934003316599989,-0.0077999999999999996,-0.14700073828400001,-0.0055999999999999999,0.034799999999999998,0.27860147656799999,-0.098934003316599989,0.0077999999999999996,0,0,0,0,0,0.88062413960123576,-0.12440492229375763,0.066057647905763711,0.7157315871773875,-0.0047638575928684122,-0.29668558926310967,0.64094512693242656,0.77109550656149406,0.13039684295148646,-0.78006579580593727,0.23329266509081437,-0.08571968700902724,-0.44314307491259813,-0.08930412769797029,0.0097770420000000014,0,0,-0.019554084000000003,-0.013199006700000002,0,0.0097770420000000014,0,0,-0.019554084000000003,-0.013199006700000002,0,0,0,0,0,0,0.93756828713653051,-0.089890361873322194,0.086155198374938652,0.40921683925080948,-0.01295788441534413,-0.014331411748759272,0.65711560723618434,0.72527844994712998,0.027362779465638292,-0.83523421519472874,-0.04386580585968948,-0.086338686898529846,-0.22560246026755518,-0.13303064043195773,0.010023200000000001,0,0,-0.020046400000000002,-0.013531320000000001,0,0.010023200000000001,0,0,-0.020046400000000002,-0.013531320000000001,0
272,FRAME,NONE,267,267,2.6699999999999999,RECOVERY,1.1000000000000014,0,0,0,0,0,-0.99392109301808751,0.28356731474710462,-0.12794045629285705,-0.12045251137686201,0.020516933076941926,0.11600949986131998,-1.0117616417071327,-0.76673148727404139,-0.27335305039158386,1.3194079896302036,0.55103059734987958,0.14101264739204245,0.54081772335505529,0.13673625690817851,-0.14690246913580246,0.0055999999999999999,-0.034799999999999998,0.27840493827160495,-0.099066666666666664,-0.0077999999999999996,-0.14690246913580246,-0.0055999999999999999,0.034799999999999998,0.27840493827160495,-0.099066666666666664,0.0077999999999999996,0,0,0,0,0,0.88596369044387902,-0.12573276616212903,0.066792649652882979,0.72385831309181836,-0.0050854620311215366,-0.29703060352915295,0.64684538527662538,0.77714506280151952,0.13170743905675761,-0.78841565292106475,0.23463035699081658,-0.086446343958951996,-0.44674580745156089,-0.089856245743676094,0.009876543209876543,0,0,-0.019753086419753086,-0.013333333333333332,0,0.009876543209876543,0,0,-0.019753086419753086,-0.013333333333333332,0,0,0,0,0,0,0.92385003792340559,-0.088575110063982096,0.084894598482078254,0.40322928755983339,-0.012768288105268987,-0.014121718352936513,0.6475008668641189,0.71466636903335357,0.026962414571663651,-0.82301329083905927,-0.043223973083374445,-0.085075402250511967,-0.22230150521659389,-0.13108417156833943,0.0098765432098765395,0,0,-0.019753086419753079,-0.013333333333333327,0,0.0098765432098765395,0,0,-0.019753086419753079,-0.013333333333333327,0
273,FRAME,NONE,268,268,2.6800000000000002,RECOVERY,1.1000000000000014,0,0,0,0,0,-0.98503488497314629,0.28229808564753989,-0.12726291588546135,-0.11317393017329457,0.020469923310843224,0.11303798366530876,-1.0052705798452666,-0.75886702799548389,-0.27201387236123786,1.3113441518953934,0.55337877325576101,0.13997993528226624,0.53634699518444895,0.13591985550060542,-0.1468032123579753,0.0055999999999999999,-0.034799999999999998,0.27820642471595058,-0.099200663316733328,-0.0077999999999999996,-0.1468032123579753,-0.0055999999999999999,0.034799999999999998,0.27820642471595058,-0.099200663316733328,0.0077999999999999996,0,0,0,0,0,0.89110637898223422,-0.12703293398262927,0.067526368681111087,0.73189056250621876,-0.0054046496321367432,-0.29728101243125271,0.65263855964062933,0.78302534883534802,0.1329976122702444,-0.79666125191030546,0.23593171301624996,-0.087153502479583089,-0.4502589526530999,-0.090383821913769147,0.0099745629876543222,0,0,-0.019949125975308644,-0.013465660033333333,0,0.0099745629876543222,0,0,-0.019949125975308644,-0.013465660033333333,0,0,0,0,0,0,0.90985463369890363,-0.087233285721622797,0.083608530209673224,0.39712076708258937,-0.012574861308762264,-0.013907788441607874,0.63769187623199419,0.703839888208867,0.02655396095331751,-0.81054546249613812,-0.04256917311513439,-0.083786594981818924,-0.21893385971406765,-0.12909837745325062,0.009726923456790118,0,0,-0.019453846913580236,-0.01313134666666666,0,0.009726923456790118,0,0,-0.019453846913580236,-0.01313134666666666,0
274,FRAME,NONE,269,269,2.6899999999999999,RECOVERY,1.1000000000000014,0,0,0,0,0,-0.97609822661566725,0.28101596194786838,-0.12657797090520578,-0.10581552155088834,0.020419795074865538,0.11006443593037742,-0.99872216698887473,-0.75094434824240952,-0.27066130385148945,1.303197208805934,0.55573972577833364,0.13893920741782795,0.53184162219217768,0.13509869122429885,-0.14670298291199999,0.0055999999999999999,-0.034799999999999998,0.278005965824,-0.099335973068799988,-0.0077999999999999996,-0.14670298291199999,-0.0055999999999999999,0.034799999999999998,0.278005965824,-0.099335973068799988,0.0077999999999999996,0,0,0,0,0,0.89605360034093251,-0.12830443597305263,0.068258927009034631,0.73982360503290701,-0.0057209477949167822,-0.2974372063994129,0.65832354416088168,0.78873477852084506,0.13426635931531195,-0.80480019728973107,0.2371963516183454,-0.087840867624724317,-0.45368065689549492,-0.090887164607063822,0.010071072000000004,0,0,-0.020142144000000008,-0.013595947200000003,0,0.010071072000000004,0,0,-0.020142144000000008,-0.013595947200000003,0,0,0,0,0,0,0.89558761756325278,-0.085865420296904749,0.082297502925314514,0.39089369719480299,-0.012377680635552599,-0.01368970674508348,0.62769252034501177,0.69280329547188524,0.026137580385087317,-0.79783566824571073,-0.041901665298807851,-0.082472775544864305,-0.21550085756900786,-0.12707404459172078,0.0095743999999999985,0,0,-0.019148799999999997,-0.012925439999999998,0,0.0095743999999999985,0,0,-0.019148799999999997,-0.012925439999999998,0
275,FRAME,NONE,270,270,2.7000000000000002,RECOVERY,1.1000000000000014,0,0,0,0,0,-0.96711306594599633,0.27972124182299818,-0.12588563873212691,-0.098378301015061273,0.020366573813164042,0.10708979649472274,-0.99211748237542907,-0.74296518766538322,-0.2692955581176994,1.2949682693733531,0.55811308623341083,0.13789070450461605,0.52730252299623148,0.13427298145562488,-0.14660179604972839,0.0055999999999999999,-0.034799999999999998,0.27780359209945676,-0.099472575332866658,-0.0077999999999999996,-0.14660179604972839,-0.0055999999999999999,0.034799999999999998,0.27780359209945676,-0.099472575332866658,0.0077999999999999996,0,0,0,0,0,0.9008068944495069,-0.12954630126502881,0.068990433743213148,0.74765270192539957,-0.0060338936519037257,-0.29749963662318529,0.66389929224155753,0.79427186973779984,0.13551266564306752,-0.81283011977063191,0.23842389246947096,-0.088508164379487081,-0.45700910877000822,-0.091366614279084463,0.010166041506172842,0,0,-0.020332083012345684,-0.013724156033333337,0,0.010166041506172842,0,0,-0.020332083012345684,-0.013724156033333337,0,0,0,0,0,0,0.88105453261667921,-0.084472045240488208,0.080962025996592898,0.38455049727219903,-0.012176822695368605,-0.013467557993673428,0.61750668420837196,0.68156087882062111,0.025713434641460461,-0.78488884616752108,-0.041221708978233268,-0.081134454392061447,-0.2120038325904455,-0.12501195948877916,0.0094190320987654272,0,0,-0.018838064197530854,-0.012715693333333326,0,0.0094190320987654272,0,0,-0.018838064197530854,-0.012715693333333326,0
276,FRAME,NONE,271,271,2.71,RECOVERY,1.1000000000000014,0,0,0,0,0,-0.95808133487965352,0.27841423320644587,-0.12518593600487485,-0.090863331471595282,0.020310289323102144,0.10411500038599045,-0.98545761524559017,-0.7349375054268088,-0.26791858440792199,1.2866722171651159,0.56049891999070067,0.13685090874666239,0.52272925568576989,0.13343462691217087,-0.14649966730745678,0.0055999999999999999,-0.034799999999999998,0.2775993346149136,-0.099610449134933332,-0.0077999999999999996,-0.14649966730745678,-0.0055999999999999999,0.034799999999999998,0.2775993346149136,-0.099610449134933332,0.0077999999999999996,0,0,0,0,0,0.90536793917180436,-0.13075757947550359,0.06972098375124712,0.75537311032060006,-0.0063430353277326591,-0.29746881287173627,0.66936481488601507,0.79963756297889688,0.13673085699061929,-0.82074756312973951,0.23961417161034354,-0.08915741516347285,-0.46024190154048294,-0.091819924096320032,0.010259443358024693,0,0,-0.020518886716049387,-0.013850248533333337,0,0.010259443358024693,0,0,-0.020518886716049387,-0.013850248533333337,0,0,0,0,0,0,0.86626092195941229,-0.083053692003033711,0.079602608791099427,0.37809358669050364,-0.011972364097938941,-0.013241426917687864,0.60713825282727729,0.67011692625329056,0.02528168549692443,-0.77170993434131574,-0.040529563497249219,-0.079772141975824065,-0.20844411858741232,-0.12291290864945544,0.0092608790123456762,0,0,-0.018521758024691352,-0.012502186666666663,0,0.0092608790123456762,0,0,-0.018521758024691352,-0.012502186666666663,0
277,FRAME,NONE,272,272,2.7200000000000002,RECOVERY,1.1000000000000014,0,0,0,0,0,-0.94900494789870959,0.27709525354972092,-0.12447887874654998,-0.083271723247471938,0.020250975660073937,0.10114097724712393,-0.97874366430917992,-0.72685055600890347,-0.26652718576619472,1.2782825364523753,0.56289598421207632,0.13578735307221773,0.51812554972058988,0.13260059928551426,-0.1463966125,0.0055999999999999999,-0.034799999999999998,0.27739322500000002,-0.099749573124999991,-0.0077999999999999996,-0.1463966125,-0.0055999999999999999,0.034799999999999998,0.27739322500000002,-0.099749573124999991,0.0077999999999999996,0,0,0,0,0,0.90973854334359217,-0.13193734224962797,0.070450656383961946,0.76298008748044976,-0.0066479331659084085,-0.29734530120159375,0.67471917896827893,0.80482597005439827,0.13792924016215108,-0.82855246064765331,0.24076637873198348,-0.089783808072871812,-0.46337859680523863,-0.092252767199315105,0.010351249999999999,0,0,-0.020702499999999999,-0.013974187499999997,0,0.010351249999999999,0,0,-0.020702499999999999,-0.013974187499999997,0,0,0,0,0,0,0.85121232869167829,-0.081610892035201554,0.078219760676424888,0.37152538482544173,-0.011764381452992219,-0.013011398247436887,0.59659111120692787,0.65847572576810653,0.024842494725966609,-0.7583038708468387,-0.039825488199694149,-0.07838634874856551,-0.20482304936893933,-0.1207776785787788,0.0091000000000000057,0,0,-0.018200000000000011,-0.012285000000000008,0,0.0091000000000000057,0,0,-0.018200000000000011,-0.012285000000000008,0
278,FRAME,NONE,273,273,2.73,RECOVERY,1.1000000000000014,0,0,0,0,0,-0.93988580077291661,0.27576462956419862,-0.12376448249984966,-0.075604634069449519,0.02018867103290501,0.098168650785678852,-0.9719767372313266,-0.71871243419750741,-0.26512331722900312,1.269814345956056,0.56530432326527857,0.13471678053024025,0.51349098015648642,0.13176264508194099,-0.14629264771476544,0.0055999999999999999,-0.034799999999999998,0.27718529542953085,-0.099889925585066652,-0.0077999999999999996,-0.14629264771476544,-0.0055999999999999999,0.034799999999999998,0.27718529542953085,-0.099889925585066652,0.0077999999999999996,0,0,0,0,0,0.9139206397361328,-0.13308468477140512,0.071179514252412146,0.77046889502559079,-0.0069481609189769311,-0.29712972156066481,0.67996150544935219,0.80983822061823918,0.13910207634426097,-0.83624137906709761,0.24188034882973042,-0.090389433777812514,-0.46641687988231084,-0.092662920855446917,0.010441434469135799,0,0,-0.020882868938271598,-0.014095936533333329,0,0.010441434469135799,0,0,-0.020882868938271598,-0.014095936533333329,0,0,0,0,0,0,0.83591429591370459,-0.080144176787652066,0.076813991020160163,0.36484831105273841,-0.01155295137025707,-0.012777556713230612,0.58586914435252491,0.64664156536328321,0.024396024103074433,-0.74467559376383463,-0.039109742429406555,-0.076977585162699272,-0.20114195874405774,-0.11860705578177867,0.0089364543209876583,0,0,-0.017872908641975317,-0.012064213333333337,0,0.0089364543209876583,0,0,-0.017872908641975317,-0.012064213333333337,0
279,FRAME,NONE,274,274,2.7400000000000002,RECOVERY,1.1000000000000014,0,0,0,0,0,-0.93072576935131246,0.27442269694577481,-0.12304276247073355,-0.067863269000523849,0.02012341769036767,0.095198938247665732,-0.96515795013939742,-0.71052493197144673,-0.26370723518945466,1.2612688506012233,0.56772355475516423,0.13363944346308837,0.50882653362363839,0.13092096516572088,-0.14618778930582715,0.0055999999999999999,-0.034799999999999998,0.27697557861165434,-0.10003148443713333,-0.0077999999999999996,-0.14618778930582715,-0.0055999999999999999,0.034799999999999998,0.27697557861165434,-0.10003148443713333,0.0077999999999999996,0,0,0,0,0,0.91791627796375563,-0.13419872723846729,0.071907602065214571,0.77783480315358156,-0.0072433068978584349,-0.29682274529751684,0.68509096754344601,0.81467324916013883,0.1402483141262921,-0.84381205029315232,0.2429557009613339,-0.090974102079188796,-0.46935512891833936,-0.093050844923586451,0.010529970395061731,0,0,-0.021059940790123462,-0.014215460033333337,0,0.010529970395061731,0,0,-0.021059940790123462,-0.014215460033333337,0,0,0,0,0,0,0.82037236672571867,-0.078654077711045656,0.075385809189896111,0.35806478474811915,-0.011338150459462125,-0.012539987045379154,0.5749762372692695,0.63461873303703475,0.023942435402735322,-0.73083004117204875,-0.038382585530224923,-0.07554636167063887,-0.19740218052179886,-0.11640182676348443,0.0087703012345679027,0,0,-0.017540602469135805,-0.011839906666666667,0,0.0087703012345679027,0,0,-0.017540602469135805,-0.011839906666666667,0
280,FRAME,NONE,275,275,2.75,RECOVERY,1.1000000000000014,0,0,0,0,0,-0.92152670842471973,0.27306980008260717,-0.12231373367975841,-0.060048880334438469,0.020055261799457585,0.092232749916775839,-0.95828842715124674,-0.70228985170652114,-0.2622792072633065,1.2526472786840288,0.57015329231843648,0.13255559658648802,0.50413321282785284,0.13007575549082417,-0.146082053888,0.0055999999999999999,-0.034799999999999998,0.27676410777599997,-0.1001742272512,-0.0077999999999999996,-0.146082053888,-0.0055999999999999999,0.034799999999999998,0.27676410777599997,-0.1001742272512,0.0077999999999999996,0,0,0,0,0,0.92172761735286335,-0.13527861629753279,0.072634945531436901,0.78507309483504906,-0.0075329750761527897,-0.29642509258533911,0.69010678883945953,0.81933009457635442,0.14136689520526999,-0.85126223079497088,0.243992052483714,-0.091537644962569151,-0.47219177444639726,-0.093417026682516738,0.010616832000000001,0,0,-0.021233664000000003,-0.014332723200000001,0,0.010616832000000001,0,0,-0.021233664000000003,-0.014332723200000001,0,0,0,0,0,0,0.80459208422794859,-0.077141126256042733,0.073935724553223697,0.35117722528730949,-0.011120055330336019,-0.012298773974192639,0.5639162749623633,0.62241151678757578,0.023481890399436725,-0.7167721511512265,-0.037644276845987791,-0.074093188724797837,-0.19360504851119414,-0.11416277802892558,0.0086015999999999974,0,0,-0.017203199999999995,-0.011612159999999996,0,0.0086015999999999974,0,0,-0.017203199999999995,-0.011612159999999996,0
281,FRAME,NONE,276,276,2.7599999999999998,RECOVERY,1.1000000000000014,0,0,0,0,0,-0.91229045065944847,0.27170629174628563,-0.12157741112014152,-0.052162767448559355,0.019984253316111686,0.089270988639824606,-0.95136929992531893,-0.69400900510812025,-0.26083951237977349,1.2439508816269538,0.57259314558230512,0.13146549675714964,0.49941203603272272,0.12922720683898689,-0.14597545833091358,0.0055999999999999999,-0.034799999999999998,0.27655091666182713,-0.10031813125326666,-0.0077999999999999996,-0.14597545833091358,-0.0055999999999999999,0.034799999999999998,0.27655091666182713,-0.10031813125326666,0.0077999999999999996,0,0,0,0,0,0.92535691978990708,-0.13632352643714615,0.07336155033397368,0.79217906998109044,-0.0078167861453237696,-0.29593752977014298,0.69500824138335549,0.82380790017932726,0.14245675543210345,-0.85858970142165569,0.24498901842857063,-0.092079916903233694,-0.47492530127073129,-0.093761979715153196,0.010701994098765431,0,0,-0.021403988197530862,-0.014447692033333331,0,0.010701994098765431,0,0,-0.021403988197530862,-0.014447692033333331,0,0,0,0,0,0,0.78857899152062294,-0.075605853873303805,0.072464246477733904,0.3441880520460352,-0.010898742592607402,-0.012054002229981202,0.55269314243700796,0.61002420461312112,0.023014550867666097,-0.70250686178111366,-0.036895075720533695,-0.072618576777589788,-0.18975189652127508,-0.11189069608313165,0.0084304098765432111,0,0,-0.016860819753086422,-0.011381053333333334,0,0.0084304098765432111,0,0,-0.016860819753086422,-0.011381053333333334,0
282,FRAME,NONE,277,277,2.77,RECOVERY,1.1000000000000014,0,0,0,0,0,-0.90301880560236858,0.27033253276676178,-0.12083380992154587,-0.044206276615389818,0.019910445849147921,0.086314549379150687,-0.94440170723307315,-0.68568421214176478,-0.25938844086112345,1.2351809337334518,0.5750427201156002,0.13036940273522662,0.49466403652402319,0.12837550457054761,-0.14586801975308641,0.0055999999999999999,-0.034799999999999998,0.27633603950617286,-0.10046317333333332,-0.0077999999999999996,-0.14586801975308641,-0.0055999999999999999,0.034799999999999998,0.27633603950617286,-0.10046317333333332,0.0077999999999999996,0,0,0,0,0,0.92880654256525741,-0.13733266133444219,0.074087401178072471,0.79914804957599395,-0.0080943785168748131,-0.29536086665315653,0.6997946437272452,0.82810591367955055,0.14351682592203108,-0.86579226726868175,0.24594621087361007,-0.09260079511659941,-0.47755425028819509,-0.094086242731592509,0.010785432098765429,0,0,-0.021570864197530858,-0.014560333333333328,0,0.010785432098765429,0,0,-0.021570864197530858,-0.014560333333333328,0,0,0,0,0,0,0.77233863170396777,-0.074048792013489101,0.07097188433101749,0.33709968440002103,-0.010674288856004884,-0.011805756543054937,0.54131072469840391,0.59746108451188418,0.022540578581910834,-0.68803911114145422,-0.036135241497701066,-0.071123036281428062,-0.18584405836107268,-0.10958636743113186,0.0082567901234567951,0,0,-0.01651358024691359,-0.011146666666666673,0,0.0082567901234567951,0,0,-0.01651358024691359,-0.011146666666666673,0
283,FRAME,NONE,278,278,2.7799999999999998,RECOVERY,1.1000000000000014,0,0,0,0,0,-0.89371355875722946,0.26894889169140174,-0.12008294551848057,-0.036180800773155102,0.019833896518269493,0.08336431879253893,-0.93738679455417806,-0.67731729996168066,-0.25792629449022159,1.2263387319410459,0.57750161737227534,0.1292675749416915,0.48989026205707187,0.12752082838891615,-0.14575975551599998,0.0055999999999999999,-0.034799999999999998,0.276119511032,-0.10060933005339999,-0.0077999999999999996,-0.14575975551599998,-0.0055999999999999999,0.034799999999999998,0.276119511032,-0.10060933005339999,0.0077999999999999996,0,0,0,0,0,0.93207893122950636,-0.13830525515278638,0.074812460919266049,0.80597537976973888,-0.0083654092677694601,-0.29469595371746704,0.70446535895125173,0.83222348713672578,0.14454603423223969,-0.87286775759578528,0.24686323831407539,-0.093100179752017731,-0.48007722024139016,-0.094390378331731806,0.010867122,0,0,-0.021734244,-0.014670614700000001,0,0.010867122,0,0,-0.021734244,-0.014670614700000001,0,0,0,0,0,0,0.7558765478782099,-0.072470472127258934,0.06945914748066527,0.32991454172499207,-0.010446770730257085,-0.01155412164372395,0.5297729067517517,0.58472644448207833,0.02206013531665834,-0.67337383731199241,-0.035365033521328387,-0.069607077688726135,-0.18188286783961802,-0.10725057857795553,0.0080807999999999991,0,0,-0.016161599999999998,-0.010909079999999998,0,0.0080807999999999991,0,0,-0.016161599999999998,-0.010909079999999998,0
284,FRAME,NONE,279,279,2.79,RECOVERY,1.1000000000000014,0,0,0,0,0,-0.88437647073208348,0.26755574442852065,-0.11932483382211191,-0.028087779255896214,0.019754665807051108,0.080421174841243642,-0.93032571369492367,-0.66891010183748079,-0.25645338656530819,1.2174255955718374,0.57996943462699169,0.12816027521065321,0.48509177428794975,0.12666335211955157,-0.14565068321817284,0.0055999999999999999,-0.034799999999999998,0.27590136643634566,-0.10075657765546667,-0.0077999999999999996,-0.14565068321817284,-0.0055999999999999999,0.034799999999999998,0.27590136643634566,-0.10075657765546667,0.0077999999999999996,0,0,0,0,0,0.93517661247839912,-0.13924057378722465,0.075536669774695184,0.81265643592502945,-0.0086295550255454708,-0.29394367930917426,0.70901979266440229,0.83616007687699079,0.14554330560950052,-0.87981402579701873,0.24773970503948681,-0.093577994028050476,-0.48249286939869113,-0.094674971708408134,0.01094704039506173,0,0,-0.02189408079012346,-0.014778504533333334,0,0.01094704039506173,0,0,-0.02189408079012346,-0.014778504533333334,0,0,0,0,0,0,0.73919828314357838,-0.070871425665273838,0.067926545294268281,0.32263504339667426,-0.01021626482509266,-0.011299182262298382,0.51808357360225354,0.57182457252191887,0.021573382846396087,-0.65851597837247455,-0.034584711135254215,-0.068071211451897609,-0.17786965876594277,-0.10488411602863225,0.0079024987654320953,0,0,-0.015804997530864191,-0.010668373333333328,0,0.0079024987654320953,0,0,-0.015804997530864191,-0.010668373333333328,0
285,FRAME,NONE,280,280,2.7999999999999998,RECOVERY,1.1000000000000014,0,0,0,0,0,-0.87500927645739568,0.26615347387572769,-0.11855949139421323,-0.01992869748353138,0.019672817411951531,0.077485986426466896,-0.9232196224302236,-0.66046429488615943,-0.25496998398190363,1.2084424925265329,0.58244575194397941,0.12704733382328506,0.4802696837883712,0.12580346151722979,-0.14554082068923457,0.0055999999999999999,-0.034799999999999998,0.27568164137846912,-0.10090489206953332,-0.0077999999999999996,-0.14554082068923457,-0.0055999999999999999,0.034799999999999998,0.27568164137846912,-0.10090489206953332,0.0077999999999999996,0,0,0,0,0,0.93810218708175219,-0.14013791605482012,0.076259944621342543,0.81918662661425312,-0.0088865127897905256,-0.29310496678325249,0.71345739099097849,0.83991516637703301,0.14650769280495055,-0.88662897673104368,0.24857520370913344,-0.094034122077877258,-0.48479993497118412,-0.094940699432649642,0.011025164469135802,0,0,-0.022050328938271604,-0.014883972033333333,0,0.011025164469135802,0,0,-0.022050328938271604,-0.014883972033333333,0,0,0,0,0,0,0.72230938060030114,-0.069252184078194237,0.066374587139417462,0.31526360879079318,-0.0099828477502402462,-0.011041023129088359,0.50624661025511097,0.55875975662962063,0.021080482945611521,-0.64347047240264621,-0.033794533683317071,-0.066515948023356058,-0.17380576494907837,-0.10248776628819152,0.0077219456790123481,0,0,-0.015443891358024696,-0.010424626666666669,0,0.0077219456790123481,0,0,-0.015443891358024696,-0.010424626666666669,0
286,FRAME,NONE,281,281,2.8100000000000001,RECOVERY,1.1000000000000014,0,0,0,0,0,-0.86561368447431375,0.26474246953343777,-0.11778693562182176,-0.011705086612511946,0.019588418088452342,0.074559613054662771,-0.91606968416963308,-0.65198170114290033,-0.25347641065059573,1.1993907323251658,0.58493015655427072,0.12592895531401835,0.4754250822600119,0.12494134674483862,-0.14543018598399998,0.0055999999999999999,-0.034799999999999998,0.275460371968,-0.10105424892159999,-0.0077999999999999996,-0.14543018598399998,-0.0055999999999999999,0.034799999999999998,0.275460371968,-0.10105424892159999,0.0077999999999999996,0,0,0,0,0,0.94085832287138149,-0.14099661482701561,0.076982178384376654,0.82556139756218194,-0.0091360006868352658,-0.29218077162464062,0.7177776385488942,0.84348840373376743,0.14743813901487687,-0.89331051511577708,0.24936932701356196,-0.094468524596837397,-0.48699720140375113,-0.095188197237326549,0.011101471999999999,0,0,-0.022202943999999999,-0.014986987199999998,0,0.011101471999999999,0,0,-0.022202943999999999,-0.014986987199999998,0,0,0,0,0,0,0.70521538334860423,-0.067613278816680361,0.064803782383703559,0.30780265728307354,-0.0097465961154284513,-0.010779728974403973,0.49426590171552409,0.54553628480339633,0.020581597388792023,-0.62824225748225104,-0.032994760509355389,-0.064941797855514821,-0.1696925201980557,-0.10006231586166252,0.0075392000000000002,0,0,-0.0150784,-0.01017792,0,0.0075392000000000002,0,0,-0.0150784,-0.01017792,0
287,FRAME,NONE,282,282,2.8199999999999998,RECOVERY,1.1000000000000014,0,0,0,0,0,-0.85619137629244901,0.26332312710382955,-0.11700718489109958,-0.0034185231475552073,0.019501537495572648,0.071642904531840912,-0.90887706764776932,-0.6434643269188054,-0.25197306979356476,1.1902720696775622,0.587422246420511,0.12480583395293163,0.47055903335399735,0.12407694580678752,-0.14531879737654321,0.0055999999999999999,-0.034799999999999998,0.2752375947530864,-0.10120462354166666,-0.0077999999999999996,-0.14531879737654321,-0.0055999999999999999,0.034799999999999998,0.2752375947530864,-0.10120462354166666,0.0077999999999999996,0,0,0,0,0,0.94344774780213703,-0.14181603810127918,0.077703239518363276,0.83177623553059832,-0.0093777586547895211,-0.29117207855467986,0.72198005642681595,0.8468796306790991,0.14833344333336615,-0.89985653966133816,0.25012166964013793,-0.094881256002541881,-0.48908349700878251,-0.095418039886702985,0.011175941358024693,0,0,-0.022351882716049386,-0.015087520833333335,0,0.011175941358024693,0,0,-0.022351882716049386,-0.015087520833333335,0,0,0,0,0,0,0.68792183448871569,-0.065955241331392647,0.063214640394717497,0.30025460824924088,-0.0095075865303859176,-0.01051538452855535,0.48214533298869444,0.53215844504146081,0.020076887950425042,-0.61283627169103438,-0.032185650957207691,-0.063349271400787457,-0.16553125832190621,-0.097608551254074721,0.0073543209876543213,0,0,-0.014708641975308643,-0.0099283333333333341,0,0.0073543209876543213,0,0,-0.014708641975308643,-0.0099283333333333341,0
288,FRAME,NONE,283,283,2.8300000000000001,RECOVERY,1.1000000000000014,0,0,0,0,0,-0.84674400581628051,0.26189584807552291,-0.11622025875872402,0.0049293714848198493,0.019412248040126576,0.068736700686999774,-0.90164294663953903,-0.63491402065467328,-0.25046032025134757,1.181087912476793,0.58992160258937998,0.12367823701261078,0.46567264735754882,0.12321040584287531,-0.14520667335427159,0.0055999999999999999,-0.034799999999999998,0.27501334670854322,-0.10135599097173333,-0.0077999999999999996,-0.14520667335427159,-0.0055999999999999999,0.034799999999999998,0.27501334670854322,-0.10135599097173333,0.0077999999999999996,0,0,0,0,0,0.94587324309961063,-0.14259559000937236,0.07842297158370734,0.83782667214170548,-0.0096115490562447836,-0.29007989863338307,0.72606420016685136,0.85008871805383279,0.14919253481473424,-0.9062650009061396,0.25083181317339442,-0.095272332396417705,-0.49105773305427952,-0.095630888244582199,0.011248551506172839,0,0,-0.022497103012345677,-0.015185544533333333,0,0.011248551506172839,0,0,-0.022497103012345677,-0.015185544533333333,0,0,0,0,0,0,0.67043427712086456,-0.06427860307299163,0.061607670540050341,0.29262188106502124,-0.0092658956048412948,-0.01024807452185263,0.46988878907982423,0.51863052534202925,0.019566516404998052,-0.59725745310874268,-0.031367464370712542,-0.061738879111587611,-0.16132331312966153,-0.095127258970457776,0.0071673679012345714,0,0,-0.014334735802469143,-0.009675946666666671,0,0.0071673679012345714,0,0,-0.014334735802469143,-0.009675946666666671,0
289,FRAME,NONE,284,284,2.8399999999999999,RECOVERY,1.1000000000000014,0,0,0,0,0,-0.83727319883926821,0.26046103929417341,-0.11542617811898638,0.013336931400342956,0.019320624722232418,0.065841831124707539,-0.89436849970063037,-0.62633263172021536,-0.248938532333978,1.171839689909566,0.59242780194344791,0.12254643215854799,0.46076704513372646,0.12234186713431229,-0.14509383261199998,0.0055999999999999999,-0.034799999999999998,0.274787665224,-0.1015083259738,-0.0077999999999999996,-0.14509383261199998,-0.0055999999999999999,0.034799999999999998,0.274787665224,-0.1015083259738,0.0077999999999999996,0,0,0,0,0,0.9481376365071934,-0.14333471175965573,0.079141192920259312,0.84370828763745065,-0.0098371572162500743,-0.28890526636757269,0.7300296577597426,0.8531156397967613,0.15001434744054271,-0.91253387420991428,0.25149933216615317,-0.095641792781973947,-0.49291888739782252,-0.095827418355507205,0.011319282000000002,0,0,-0.022638564000000003,-0.015281030700000002,0,0.011319282000000002,0,0,-0.022638564000000003,-0.015281030700000002,0,0,0,0,0,0,0.65275825434527512,-0.062583895492137373,0.059983382187292648,0.28490689510613854,-0.0090215999485231697,-0.0099778836846058806,0.4575001549941124,0.50495681370331336,0.019050644526998381,-0.58151073981511814,-0.030540460093708293,-0.06011113144032848,-0.1570700184303522,-0.092619225515840592,0.0069784000000000018,0,0,-0.013956800000000004,-0.0094208400000000015,0,0.0069784000000000018,0,0,-0.013956800000000004,-0.0094208400000000015,0
290,FRAME,NONE,285,285,2.8500000000000001,RECOVERY,1.1000000000000014,0,0,0,0,0,-0.82778055260454209,0.25901911251911292,-0.11462496536459355,0.021802446757942039,0.019226744983768182,0.062959115006713681,-0.88705490993376068,-0.61772200935705868,-0.24740808777711842,1.1625288521959933,0.59494041712976264,0.12141068720599386,0.45584335745294791,0.12147146296940589,-0.14498029404602469,0.0055999999999999999,-0.034799999999999998,0.27456058809204936,-0.10166160303786666,-0.0077999999999999996,-0.14498029404602469,-0.0055999999999999999,0.034799999999999998,0.27456058809204936,-0.10166160303786666,0.0077999999999999996,0,0,0,0,0,0.9502437956443639,-0.14403288251091506,0.07985769641959202,0.84941671457258683,-0.010054391883386532,-0.28764923683502541,0.73387604765956704,0.85596047256173757,0.15079782182188706,-0.91866116004807374,0.25212379366162929,-0.095989698830277081,-0.49466600562914931,-0.096008319818409904,0.011388112987654323,0,0,-0.022776225975308647,-0.015373952533333337,0,0.011388112987654323,0,0,-0.022776225975308647,-0.015373952533333337,0,0,0,0,0,0,0.63489930926217741,-0.060871650039490501,0.05834228470403556,0.2771120697483192,-0.0087747761711602108,-0.0097048967471252585,0.44498331573676186,0.49114159812352925,0.018529434090913541,-0.56560106988990799,-0.029704897470033565,-0.058466538839423793,-0.15277270803301016,-0.090085237395252982,0.0067874765432098709,0,0,-0.013574953086419742,-0.0091630933333333251,0,0.0067874765432098709,0,0,-0.013574953086419742,-0.0091630933333333251,0
291,FRAME,NONE,286,286,2.8599999999999999,RECOVERY,1.1000000000000014,0,0,0,0,0,-0.8182676354309576,0.25757048396604881,-0.11381664453895603,0.030324164296814296,0.019130688561669242,0.060089360862468431,-0.87970336478124911,-0.60908400162465326,-0.24586937967950362,1.1531568703240409,0.59745901648376187,0.1202712698774647,0.45090272431366146,0.1205993195266083,-0.14486607674819751,0.0055999999999999999,-0.034799999999999998,0.27433215349639506,-0.10181579638993332,-0.0077999999999999996,-0.14486607674819751,-0.0055999999999999999,0.034799999999999998,0.27433215349639506,-0.10181579638993332,0.0077999999999999996,0,0,0,0,0,0.95219462148738065,-0.14468962017522979,0.080572249397076287,0.85494764143953472,-0.010263085612062262,-0.28631288283446255,0.73760301682506069,0.85862339526894116,0.15154190698250669,-0.92464488435888914,0.25270475676003717,-0.096316134581495086,-0.49629820211274844,-0.096174294113142225,0.011455025209876544,0,0,-0.022910050419753088,-0.015464284033333334,0,0.011455025209876544,0,0,-0.022910050419753088,-0.015464284033333334,0,0,0,0,0,0,0.61686298497179903,-0.059142398165711395,0.056684887457869967,0.26923982436728872,-0.0085255008824810467,-0.0094291984397208827,0.43234215631297379,0.47718916660089128,0.018003046871230957,-0.54953338141285724,-0.028861035843526856,-0.056805611761287074,-0.14843271574666664,-0.087526081113724313,0.0065946567901234545,0,0,-0.013189313580246909,-0.0089027866666666639,0,0.0065946567901234545,0,0,-0.013189313580246909,-0.0089027866666666639,0
292,FRAME,NONE,287,287,2.8700000000000001,RECOVERY,1.1000000000000014,0,0,0,0,0,-0.80873598640314492,0.25611557383573336,-0.1130012414774673,0.03890028790892084,0.019032537348196963,0.057233366428216061,-0.87231505584461777,-0.6004204543497843,-0.24432281242075299,1.1437252357780532,0.59998316394907436,0.11912844756145337,0.44594629425313631,0.11972555577540833,-0.1447512,0.0055999999999999999,-0.034799999999999998,0.27410239999999997,-0.10197088,-0.0077999999999999996,-0.1447512,-0.0055999999999999999,0.034799999999999998,0.27410239999999997,-0.10197088,0.0077999999999999996,0,0,0,0,0,0.95399304198247292,-0.14530448214746425,0.081284593564402915,0.860296816223867,-0.010463095064368867,-0.2848972920711153,0.74121023879470371,0.86110468858467393,0.15224556222280436,-0.93048309894295766,0.25324177223557037,-0.096621206082720137,-0.49781466092793125,-0.096326052882672528,0.011520000000000001,0,0,-0.023040000000000001,-0.015552000000000002,0,0.011520000000000001,0,0,-0.023040000000000001,-0.015552000000000002,0,0,0,0,0,0,0.59865482457436625,-0.057396671321460348,0.055011699816386664,0.26129257833877184,-0.0082738506922142973,-0.0091508734927028528,0.41958056172794866,0.46310380713361271,0.017471644642438031,-0.53331261246370998,-0.028009134558026616,-0.055128860658331703,-0.14405137538035273,-0.084942543176283872,0.0063999999999999899,0,0,-0.01279999999999998,-0.0086399999999999862,0,0.0063999999999999899,0,0,-0.01279999999999998,-0.0086399999999999862,0
293,FRAME,NONE,288,288,2.8799999999999999,RECOVERY,1.1000000000000014,0,0,0,0,0,-0.79918711512410101,0.25465480582832317,-0.11217878393498594,0.047528979246101534,0.018932375260612755,0.054391918514339964,-0.86489117873204802,-0.59173321008047586,-0.24276880155873012,1.1342354602607627,0.60251241899353936,0.11798248707293341,0.44097522364951702,0.11885028339553029,-0.14463568326661727,0.0055999999999999999,-0.034799999999999998,0.27387136653323457,-0.10212682759006667,-0.0077999999999999996,-0.14463568326661727,-0.0055999999999999999,0.034799999999999998,0.27387136653323457,-0.10212682759006667,0.0077999999999999996,0,0,0,0,0,0.95564200580095049,-0.14587706595893621,0.081994445102849645,0.86546004988944958,-0.010654301230121337,-0.28340356438728426,0.74469741180284832,0.86340473432391895,0.15290775906437332,-0.93617388191432671,0.25373438220970307,-0.096905040962569022,-0.49921463670424576,-0.096464316173937414,0.011583019283950618,0,0,-0.023166038567901236,-0.015637076033333332,0,0.011583019283950618,0,0,-0.023166038567901236,-0.015637076033333332,0,0,0,0,0,0,0.58028037117010856,-0.055635000957397894,0.053323231147176693,0.25327275103849467,-0.0080199022100886138,-0.008870006636381312,0.40670241698688886,0.44888980771990905,0.01693538917902224,-0.51694370112221277,-0.027149452957371426,-0.053436795982971359,-0.1396300207431001,-0.082335410087961303,0.0062035654320987677,0,0,-0.012407130864197535,-0.0083748133333333367,0,0.0062035654320987677,0,0,-0.012407130864197535,-0.0083748133333333367,0
294,FRAME,NONE,289,289,2.8900000000000001,RECOVERY,1.1000000000000014,0,0,0,0,0,-0.78962250152873636,0.25318860664294812,-0.11134930169634524,0.056208358361006752,0.01883028812304113,0.051565792900502033,-0.8574329329347451,-0.58302410704513252,-0.24120777370546245,1.1246890754081997,0.60504633652229356,0.11683365441618676,0.43599067601603286,0.11797360671485257,-0.14451954619101234,0.0055999999999999999,-0.034799999999999998,0.27363909238202466,-0.10228361264213333,-0.0077999999999999996,-0.14451954619101234,-0.0055999999999999999,0.034799999999999998,0.27363909238202466,-0.10228361264213333,0.0077999999999999996,0,0,0,0,0,0.95714447624465626,-0.14640700985281896,0.082701494837183032,0.87043321979291166,-0.0108366095639373,-0.28183280904713609,0.74806425694419088,0.86552401476954077,0.15352748327406551,-0.94171533820250386,0.25418211988673611,-0.097167787943323272,-0.50049745535050605,-0.09658981064060139,0.011644065580246917,0,0,-0.023288131160493834,-0.015719488533333336,0,0.011644065580246917,0,0,-0.023288131160493834,-0.015719488533333336,0,0,0,0,0,0,0.56174516785925155,-0.053857918524184249,0.05161999081783078,0.24518276184218188,-0.0077637320458326066,-0.0085866826010663512,0.39371160709499425,0.43455145635799308,0.016394442255470959,-0.50043158546810895,-0.026282250385399698,-0.051729928187619359,-0.13516998564393964,-0.079705468353785752,0.0060054123456790148,0,0,-0.01201082469135803,-0.0081073066666666697,0,0.0060054123456790148,0,0,-0.01201082469135803,-0.0081073066666666697,0
295,FRAME,NONE,290,290,2.8999999999999999,RECOVERY,1.1000000000000014,0,0,0,0,0,-0.78004359575670845,0.25171740546175864,-0.11051282666623465,0.064936504381062049,0.018726363563733774,0.048755754258047575,-0.84994152173353055,-0.57429497811782415,-0.23964016638086721,1.1150876324969341,0.60758446678826505,0.1156822145505539,0.43099382128861807,0.11709562266644243,-0.144402808588,0.0055999999999999999,-0.034799999999999998,0.27340561717599998,-0.1024412084062,-0.0077999999999999996,-0.144402808588,-0.0055999999999999999,0.034799999999999998,0.27340561717599998,-0.1024412084062,0.0077999999999999996,0,0,0,0,0,0.95850342530926702,-0.14689399327875782,0.083405408509695286,0.87521227302746762,-0.011009950038456456,-0.28018614208459341,0.75131051639403956,0.86746311190206815,0.15410373696605459,-0.94710560010445111,0.2545845093573742,-0.097409616291629572,-0.50166251467601997,-0.096703267711243976,0.011703122000000003,0,0,-0.023406244000000007,-0.015799214700000005,0,0.011703122000000003,0,0,-0.023406244000000007,-0.015799214700000005,0,0,0,0,0,0,0.5430547577420225,-0.052065955472479768,0.049902488195939794,0.23702503012555862,-0.0075054168091749007,-0.0083009861170680842,0.38061201705746583,0.42009304104607886,0.015848965646271616,-0.48378120358114335,-0.02540778618594992,-0.050008767724689193,-0.13067260389190261,-0.077053504478786589,0.0058056000000000002,0,0,-0.0116112,-0.0078375599999999986,0,0.0058056000000000002,0,0,-0.0116112,-0.0078375599999999986,0
296,FRAME,NONE,291,291,2.9100000000000001,RECOVERY,1.1000000000000014,0,0,0,0,0,-0.77045939820232501,0.25030657341755563,-0.10975305428744526,0.07371490397115317,0.018545866164517498,0.045960873965342042,-0.84234064338337089,-0.56554764979070971,-0.23806642784330989,1.1054327021431039,0.6101263553010402,0.11452843115963217,0.4259858351078662,0.11621642076503584,-0.14428549043832098,0.0055999999999999999,-0.034799999999999998,0.27317098087664199,-0.10259958790826666,-0.0077999999999999996,-0.14428549043832098,-0.0055999999999999999,0.034799999999999998,0.27317098087664199,-0.10259958790826666,0.0077999999999999996,0,0,0,0,0,0.95972956888102989,-0.14737224785553202,0.084089037959481916,0.87979415463823529,-0.011185230918655465,-0.27846537395729043,0.75439387437670491,0.86922270653370859,0.15463554077970243,-0.95234282788559033,0.25494106547601691,-0.09763071520909325,-0.50270928490300371,-0.096805421726736882,0.011760172246913572,0,0,-0.023520344493827144,-0.015876232533333322,0,0.011760172246913572,0,0,-0.023520344493827144,-0.015876232533333322,0,0,0,0,0,0,0.52421468391865123,-0.050259643252945047,0.048171232649094835,0.22880197526435123,-0.0072450331098441604,-0.0080130019146966592,0.36740753187950631,0.40551884978238217,0.015299121125911697,-0.46699749354106301,-0.024526319702860695,-0.048273825046594568,-0.12613920929602077,-0.074380304967993541,0.0056041876543209976,0,0,-0.011208375308641995,-0.0075656533333333473,0,0.0056041876543209976,0,0,-0.011208375308641995,-0.0075656533333333473,0
297,FRAME,NONE,292,292,2.9199999999999999,RECOVERY,1.1000000000000014,0,0,0,0,0,-0.76085580577368628,0.24882410348415157,-0.10889999008880864,0.082534554084012196,0.018440993639431007,0.043185309155165233,-0.83478958857673824,-0.55678394115464735,-0.23648701689624763,1.0957258739926969,0.61267154273471491,0.11337256642449449,0.42096789809648255,0.11533608310327055,-0.14416761188271604,0.0055999999999999999,-0.034799999999999998,0.27293522376543211,-0.10275872395833333,-0.0077999999999999996,-0.14416761188271604,-0.0055999999999999999,0.034799999999999998,0.27293522376543211,-0.10275872395833333,0.0077999999999999996,0,0,0,0,0,0.96081015096045153,-0.14777162952085565,0.084786221637133563,0.88417307537422973,-0.011340349509203918,-0.27667023273588925,0.75739941152664669,0.87080357734033342,0.15512193613040307,-0.95742521042871787,0.2552512938173031,-0.097831293164327787,-0.50363730906956261,-0.096897008050811098,0.011815200617283949,0,0,-0.023630401234567899,-0.015950520833333332,0,0.011815200617283949,0,0,-0.023630401234567899,-0.015950520833333332,0,0,0,0,0,0,0.505230489489362,-0.048439513316240169,0.046426733544886509,0.22051601663428372,-0.0069826575575689725,-0.00772281472426215,0.35410203656631478,0.39083317056511496,0.014745070468878548,-0.45008539342761023,-0.023638110279970381,-0.046525610605748696,-0.12157113566532469,-0.071686656326435574,0.0054012345679012299,0,0,-0.01080246913580246,-0.0072916666666666598,0,0.0054012345679012299,0,0,-0.01080246913580246,-0.0072916666666666598,0
298,FRAME,NONE,293,293,2.9300000000000002,RECOVERY,1.1000000000000014,0,0,0,0,0,-0.75124210173675576,0.24733799641043228,-0.10804009227942996,0.091396970477653605,0.018334507532873665,0.040428057788712404,-0.8272089189005144,-0.54800566288911357,-0.23490240267014081,1.0859687564025677,0.61521956483559015,0.1122148808014679,0.41594119513330507,0.11445468436792562,-0.14404919321599999,0.0055999999999999999,-0.034799999999999998,0.27269838643200001,-0.10291858915839999,-0.0077999999999999996,-0.14404919321599999,-0.0055999999999999999,0.034799999999999998,0.27269838643200001,-0.10291858915839999,0.0077999999999999996,0,0,0,0,0,0.96175612566637203,-0.14812733595803171,0.085479108592919517,0.88834617553418527,-0.011486426557095071,-0.27480254603298937,0.76028369746636437,0.87220659978506521,0.15556198752989173,-0.96235096592961722,0.25551469071731198,-0.098011577168284889,-0.50444620332304835,-0.096978761158074592,0.011868191999999996,0,0,-0.023736383999999992,-0.016022059199999994,0,0.011868191999999996,0,0,-0.023736383999999992,-0.016022059199999994,0,0,0,0,0,0,0.48610771755438648,-0.0466060971130259,0.044669500250906068,0.21216957361108316,-0.006718366762078023,-0.0074305092760747326,0.34069941612309507,0.37604029139249434,0.014186975449659711,-0.43304984132053342,-0.022743417261117661,-0.044764634854565444,-0.11696971680884667,-0.068973345059142654,0.0051968000000000101,0,0,-0.01039360000000002,-0.0070156800000000137,0,0.0051968000000000101,0,0,-0.01039360000000002,-0.0070156800000000137,0
299,FRAME,NONE,294,294,2.9399999999999999,RECOVERY,1.1000000000000014,0,0,0,0,0,-0.74161961762004169,0.24584868668858834,-0.10717340368400431,0.10030007688392287,0.018226500512775259,0.037689839681459655,-0.81959985131818502,-0.53921461626263034,-0.23331306437890148,1.0761629761116978,0.61776995233051391,0.11105563280500366,0.41090691462502205,0.11357229187636947,-0.14393025488113581,0.0055999999999999999,-0.034799999999999998,0.2724605097622716,-0.10307915591046665,-0.0077999999999999996,-0.14393025488113581,-0.0055999999999999999,0.034799999999999998,0.2724605097622716,-0.10307915591046665,0.0077999999999999996,0,0,0,0,0,0.96257044401803005,-0.14843921669439408,0.086167268152658627,0.89230971202617426,-0.011623489934548883,-0.27286343076124564,0.76304654008328365,0.87343274492727208,0.15595478497176432,-0.96711834263812535,0.25573074340438884,-0.098171811994980873,-0.5051356571038621,-0.097051412703987081,0.011919131876543212,0,0,-0.023838263753086425,-0.016090828033333338,0,0.011919131876543212,0,0,-0.023838263753086425,-0.016090828033333338,0,0,0,0,0,0,0.46685191121394759,-0.044759926093962198,0.042900042134743986,0.203765065570473,-0.0064522373330998832,-0.0071361703004444565,0.32720355555504532,0.36114450026273109,0.013624997842742488,-0.41589577529957372,-0.021842499990140825,-0.042991408245457899,-0.11233628653561688,-0.066241157671143566,0.0049909432098765348,0,0,-0.0099818864197530697,-0.0067377733333333217,0,0.0049909432098765348,0,0,-0.0099818864197530697,-0.0067377733333333217,0
300,FRAME,NONE,295,295,2.9500000000000002,RECOVERY,1.1000000000000014,0,0,0,0,0,-0.7319896550271664,0.24435660800735937,-0.10629996870985334,0.10924175962247862,0.018117067368344342,0.034971363584395454,-0.81196360722265459,-0.53041259214497471,-0.23171949105014675,1.0663101779022355,0.62032223083690685,0.10989507879616099,0.40586624777659647,0.1126889656333742,-0.14381081746330865,0.0055999999999999999,-0.034799999999999998,0.27222163492661727,-0.10324039642453332,-0.0077999999999999996,-0.14381081746330865,-0.0055999999999999999,0.034799999999999998,0.27222163492661727,-0.10324039642453332,0.0077999999999999996,0,0,0,0,0,0.96325603861392395,-0.14870716345347923,0.086850247526452817,0.89606002762432047,-0.01175159098487133,-0.27085399907444607,0.76568776078719969,0.87448307811066905,0.15629944637729382,-0.97172561964326087,0.25589893022465421,-0.098312259349947126,-0.5057054332203883,-0.09711568958146953,0.011968006320987656,0,0,-0.023936012641975313,-0.016156808533333337,0,0.011968006320987656,0,0,-0.023936012641975313,-0.016156808533333337,0,0,0,0,0,0,0.44746861356827633,-0.042901531709709763,0.041118868563991474,0.19530491188818,-0.006184345880363231,-0.0068398825276814908,0.31361833986736903,0.34615008517404211,0.013059299422614403,-0.39862813344447917,-0.020935617810878535,-0.041206441230839878,-0.10767217865466745,-0.063490880667468191,0.004783723456790112,0,0,-0.0095674469135802239,-0.0064580266666666511,0,0.004783723456790112,0,0,-0.0095674469135802239,-0.0064580266666666511,0
301,FRAME,NONE,296,296,2.96,RECOVERY,1.1000000000000014,0,0,0,0,0,-0.72235317237772101,0.24285943984700881,-0.10541615131982807,0.1182197160246032,0.01800959045204361,0.032273402137119794,-0.80430469655211445,-0.52160137003247831,-0.23012218122866379,1.0564120242498485,0.62287592077530896,0.10873347277721016,0.40082038786154978,0.11180475840839786,-0.14369090168400001,0.0055999999999999999,-0.034799999999999998,0.27198180336799999,-0.10340228272659999,-0.0077999999999999996,-0.14369090168400001,-0.0055999999999999999,0.034799999999999998,0.27198180336799999,-0.10340228272659999,0.0077999999999999996,0,0,0,0,0,0.96381547780075238,-0.14892954370776479,0.08752828601886245,0.89959351227702644,-0.011870282809386404,-0.26877532150119893,0.76820908940416421,0.8753587575246401,0.15659512009583276,-0.97617110770100335,0.25601872096656592,-0.09843319698899046,-0.50615536781590376,-0.097172311969135228,0.012014802,0,0,-0.024029604,-0.0162199827,0,0.012014802,0,0,-0.024029604,-0.0162199827,0,0,0,0,0,0,0.4279633677176013,-0.041031445410929082,0.039326488906239521,0.18679153193993003,-0.0059147690135967117,-0.0065417306880959708,0.29994765406526813,0.33106133412464234,0.012490041963762922,-0.38125185383499571,-0.020023030067169333,-0.039410244263124991,-0.10297872697502994,-0.060723300553146106,0.0045752000000000084,0,0,-0.0091504000000000169,-0.0061765200000000109,0,0.0045752000000000084,0,0,-0.0091504000000000169,-0.0061765200000000109,0
302,FRAME,NONE,297,297,2.9700000000000002,RECOVERY,1.1000000000000014,0,0,0,0,0,-0.71271170639022863,0.24136016715317268,-0.10452535593769802,0.12723189903945817,0.017901170356968477,0.029596574095656455,-0.79662130161072398,-0.51278271708784207,-0.22852164265249444,1.0464701949629862,0.62543053728549247,0.10757106619284526,0.39577052949314939,0.11091971583337763,-0.14357052839506171,0.0055999999999999999,-0.034799999999999998,0.27174105679012345,-0.10356478666666666,-0.0077999999999999996,-0.14357052839506171,-0.0055999999999999999,0.034799999999999998,0.27174105679012345,-0.10356478666666666,0.0077999999999999996,0,0,0,0,0,0.96425195403573982,-0.149107744965087,0.088200226356655725,0.90290672559220875,-0.011980122368442474,-0.26662852281636545,0.77060865720742777,0.87606103263291524,0.15684098745338226,-0.98045315010319978,0.25608957728891124,-0.098534917790079002,-0.50648537022891971,-0.09722199137625176,0.012059506172839504,0,0,-0.024119012345679008,-0.016280333333333331,0,0.012059506172839504,0,0,-0.024119012345679008,-0.016280333333333331,0,0,0,0,0,0,0.40834171676214492,-0.039150198648280052,0.037523412529078558,0.17822734510144622,-0.0056435833425288878,-0.0062417995119979338,0.28619538315394033,0.315882535112742,0.011917387240675323,-0.36377187455086391,-0.019104996102851487,-0.037603327794726256,-0.09825726530573442,-0.057939203833205978,0.0043654320987654279,0,0,-0.0087308641975308559,-0.0058933333333333277,0,0.0043654320987654279,0,0,-0.0087308641975308559,-0.0058933333333333277,0
303,FRAME,NONE,298,298,2.98,RECOVERY,1.1000000000000014,0,0,0,0,0,-0.70306649958309486,0.23985947145818232,-0.10362796828544293,0.13627610229384499,0.01779160797668242,0.026941548690819696,-0.78891435476193672,-0.50395838719591524,-0.22691839190111535,1.0364863868106322,0.62798559014726241,0.10640810773846361,0.39071786789751489,0.11003387652102753,-0.14344971857279012,0.0055999999999999999,-0.034799999999999998,0.27149943714558022,-0.10372787992673332,-0.0077999999999999996,-0.14344971857279012,-0.0055999999999999999,0.034799999999999998,0.27149943714558022,-0.10372787992673332,0.0077999999999999996,0,0,0,0,0,0.9645683476583502,-0.14924192924885943,0.088865488358524314,0.9059962886736741,-0.012081276358099729,-0.26441469134967521,0.77288614415849421,0.87659124246409104,0.15703626534213816,-0.98457012358605145,0.25611095325597599,-0.098617728781386665,-0.50669542274859847,-0.097265428689792349,0.012102106691358028,0,0,-0.024204213382716055,-0.016337844033333337,0,0.012102106691358028,0,0,-0.024204213382716055,-0.016337844033333337,0,0,0,0,0,0,0.38860920380213959,-0.037258322872423526,0.035710148800099907,0.16961477074845602,-0.0053708654768884565,-0.0059401737296975732,0.27236541213859006,0.30061797613655916,0.01134149702783918,-0.34619313367183302,-0.018181775261763726,-0.035786202278057636,-0.093509127455813357,-0.055139377012677918,0.0041544790123456783,0,0,-0.0083089580246913566,-0.0056085466666666653,0,0.0041544790123456783,0,0,-0.0083089580246913566,-0.0056085466666666653,0
304,FRAME,NONE,299,299,2.9900000000000002,RECOVERY,1.1000000000000014,0,0,0,0,0,-0.69341873930930364,0.23835779947020747,-0.10272406868148659,0.14535007322281546,0.017680980221990723,0.024308990670075668,-0.78118506947903732,-0.49513012003695961,-0.22531295401536222,1.0264623131381703,0.63054058370689559,0.10524484317598458,0.3856635981897335,0.10914727220357051,-0.14332849331199998,0.0055999999999999999,-0.034799999999999998,0.271256986624,-0.1038915340288,-0.0077999999999999996,-0.14332849331199998,-0.0055999999999999999,0.034799999999999998,0.271256986624,-0.1038915340288,0.0077999999999999996,0,0,0,0,0,0.96476747376909189,-0.14933217071544969,0.089523533602079319,0.90885891609655611,-0.012173890116027514,-0.26213489973259474,0.77504139600521671,0.87695081375886685,0.15718020884311629,-0.98852043927652788,0.25608229598345139,-0.0986819501287165,-0.50678558026746912,-0.097303312229069822,0.012142591999999999,0,0,-0.024285183999999998,-0.016392499199999997,0,0.012142591999999999,0,0,-0.024285183999999998,-0.016392499199999997,0,0,0,0,0,0,0.36877137193780996,-0.035356349534019602,0.03388720708689421,0.16095622825668357,-0.0050966920264040108,-0.0056369380715049619,0.25846162602441658,0.28527194519430565,0.010762533099741836,-0.32852056927764561,-0.01725362688774441,-0.033959378165532357,-0.088735647234297346,-0.052324606596590911,0.0039423999999999952,0,0,-0.0078847999999999904,-0.0053222399999999937,0,0.0039423999999999952,0,0,-0.0078847999999999904,-0.0053222399999999937,0
305,FRAME,NONE,300,300,3,RECOVERY,1.1000000000000014,0,0,0,0,0,-0.68376958488904371,0.23685559634329145,-0.10181374237677196,0.15445152688212771,0.017569362919320475,0.021699554133528975,-0.77343466145776008,-0.48629964017897215,-0.2237058620887096,1.0163997034710295,0.63309501681044411,0.10408151515759423,0.38060891465394969,0.1082599278917694,-0.14320687382009875,0.0055999999999999999,-0.034799999999999998,0.27101374764019753,-0.10405572034286666,-0.0077999999999999996,-0.14320687382009875,-0.0055999999999999999,0.034799999999999998,0.27101374764019753,-0.10405572034286666,0.0077999999999999996,0,0,0,0,0,0.96485210686159983,-0.14937858668493514,0.090173805946818369,0.91149142209514911,-0.012258130207046303,-0.25979020609870951,0.77707426410724734,0.87714125896921757,0.15727211387319093,-0.99230254367506154,0.25600304639803517,-0.098727914085765492,-0.50675596983386484,-0.09733631581364538,0.012180951135802467,0,0,-0.024361902271604934,-0.016444284033333329,0,0.012180951135802467,0,0,-0.024361902271604934,-0.016444284033333329,0,0,0,0,0,0,0.34883376426938389,-0.03344481008372871,0.032055096757052384,0.15225413700185436,-0.0048211396008041871,-0.0053321772677302239,0.24448790981662136,0.26984873028419609,0.010180657230870733,-0.31075911944804696,-0.016320810324632059,-0.032123365909563967,-0.083938158450217792,-0.049495679089974431,0.0037292543209876466,0,0,-0.0074585086419752932,-0.0050344933333333229,0,0.0037292543209876466,0,0,-0.0074585086419752932,-0.0050344933333333229,0
306,FRAME,NONE,301,301,3.0099999999999998,RECOVERY,1.1000000000000014,0,0,0,0,0,-0.67412016803252595,0.23535330520848338,-0.10089707965415318,0.16357814695532216,0.017456830663787948,0.019113882687872657,-0.76566434861097954,-0.47746865619070178,-0.22209765682972121,1.0063003031057596,0.63564838274500701,0.10291836305784223,0.37555501002841413,0.10737186205407628,-0.14308488141116049,0.0055999999999999999,-0.034799999999999998,0.27076976282232096,-0.10422041009493332,-0.0077999999999999996,-0.14308488141116049,-0.0055999999999999999,0.034799999999999998,0.27076976282232096,-0.10422041009493332,0.0077999999999999996,0,0,0,0,0,0.96482497691400271,-0.14938133732371706,0.090815732711966662,0.91389072326177145,-0.012334183657593627,-0.25738165262672091,0.77898460445778039,0.87716417410522607,0.15731131984721122,-0.99591491967274792,0.25587264011336719,-0.098755963910806002,-0.5066067901070006,-0.097365096850317134,0.012217173728395068,0,0,-0.024434347456790136,-0.01649318453333334,0,0.012217173728395068,0,0,-0.024434347456790136,-0.01649318453333334,0,0,0,0,0,0,0.32880192389709167,-0.031524235972211476,0.030214327178165572,0.14351091635969493,-0.004544284809817653,-0.0050259760486835161,0.23044814852040732,0.25435261940444664,0.0095960311957133792,-0.2929137222627845,-0.015383584916265295,-0.030278675962566205,-0.079117994912606626,-0.046653380997858269,0.0035151012345678999,0,0,-0.0070302024691357998,-0.0047453866666666653,0,0.0035151012345678999,0,0,-0.0070302024691357998,-0.0047453866666666653,0
307,FRAME,NONE,302,302,3.02,RECOVERY,1.1000000000000014,0,0,0,0,0,-0.66447159330106298,0.23385136670844908,-0.099974175912561414,0.17272758678751007,0.017343456683247861,0.016552609614214345,-0.75787535107279336,-0.46863885977701364,-0.22048888609553124,0.99616587268824608,0.63820016918911415,0.10175562281444596,0.37050307479648137,0.10648308681563573,-0.14296253749999999,0.0055999999999999999,-0.034799999999999998,0.270525075,-0.104385574375,-0.0077999999999999996,-0.14296253749999999,-0.0055999999999999999,0.034799999999999998,0.270525075,-0.104385574375,0.0077999999999999996,0,0,0,0,0,0.96468876566842465,-0.1493406252476599,0.091448725913768431,0.91605384120865851,-0.012402257126850752,-0.25491026422872831,0.78077227680765671,0.87702123642586494,0.15729721234513214,-0.99935608760129924,0.25569050842432622,-0.098766452753584588,-0.50633831071787994,-0.097390294445121761,0.012251249999999991,0,0,-0.024502499999999983,-0.01653918749999999,0,0.012251249999999991,0,0,-0.024502499999999983,-0.01653918749999999,0,0,0,0,0,0,0.30868139392115779,-0.029595158650128007,0.028365407717824389,0.13472898570592928,-0.004266204263172999,-0.0047184191446749115,0.21634622714097365,0.23878790055326918,0.0090088167687571146,-0.27498931580160058,-0.014442210006482482,-0.028425818776952303,-0.074276490430494418,-0.043798498825271398,0.0032999999999999987,0,0,-0.0065999999999999974,-0.004454999999999998,0,0.0032999999999999987,0,0,-0.0065999999999999974,-0.004454999999999998,0
308,FRAME,NONE,303,303,3.0299999999999998,RECOVERY,1.1000000000000014,0,0,0,0,0,-0.65482493860459223,0.23235021853634827,-0.09904513173519712,0.18189747044539215,0.017229312714084542,0.014016358048473206,-0.75006889121104092,-0.45981192493833262,-0.21888010439633454,0.98599818777879245,0.64074985817351293,0.10059352677813072,0.36545429648438399,0.10559360817683129,-0.1428398635962469,0.0055999999999999999,-0.034799999999999998,0.27027972719249382,-0.10455118414506666,-0.0077999999999999996,-0.1428398635962469,-0.0055999999999999999,0.034799999999999998,0.27027972719249382,-0.10455118414506666,0.0077999999999999996,0,0,0,0,0,0.96444610309663048,-0.14925669504639494,0.09207218355723093,0.91797790519781064,-0.012462576017825133,-0.25237704738839978,0.78243714389416175,0.87671420197054051,0.15722922577348558,-1.0026246063139055,0.25545607942133391,-0.098759742516330351,-0.50595087153960749,-0.097412527546370586,0.012283170765432097,0,0,-0.024566341530864195,-0.01658228053333333,0,0.012283170765432097,0,0,-0.024566341530864195,-0.01658228053333333,0,0,0,0,0,0,0.28847771744181105,-0.027658109568138804,0.026508847743619838,0.12591076441628338,-0.0039869745705988745,-0.0044095912860145454,0.20218603068352239,0.22315886172887894,0.0084191757244894087,-0.2569908381442414,-0.013496944939122176,-0.026565304805135876,-0.069414978812912767,-0.040931819077243414,0.0030840098765432108,0,0,-0.0061680197530864216,-0.0041634133333333344,0,0.0030840098765432108,0,0,-0.0061680197530864216,-0.0041634133333333344,0
309,FRAME,NONE,304,304,3.04,RECOVERY,1.1000000000000014,0,0,0,0,0,-0.64518125573371354,0.23085029497971871,-0.098110052941104586,0.1910853938033274,0.017114468889514199,0.011505741172653463,-0.74224619364717914,-0.45099365110073109,-0.21727454791252995,0.97581045059143112,0.64329734063816046,0.099444893262061268,0.36040896196827338,0.10469734237859832,-0.14271688129841975,0.0055999999999999999,-0.034799999999999998,0.27003376259683953,-0.10471721024713332,-0.0077999999999999996,-0.14271688129841975,-0.0055999999999999999,0.034799999999999998,0.27003376259683953,-0.10471721024713332,0.0077999999999999996,0,0,0,0,0,0.96409956404909591,-0.14912983272963062,0.092685490977184842,0.91966015474422802,-0.012515383531913296,-0.24978298915341446,0.78397907077639428,0.87624836053277699,0.15710331363421767,-1.0057184744661076,0.25516901871610836,-0.09873797271591854,-0.50544434897441748,-0.097430484498589431,0.012312927432098768,0,0,-0.024625854864197536,-0.016622452033333335,0,0.012312927432098768,0,0,-0.024625854864197536,-0.016622452033333335,0,0,0,0,0,0,0.26819643755927713,-0.025713620176904071,0.024645156623142647,0.11705867186648175,-0.003706672341823885,-0.0040995772030125088,0.1879714441532534,0.20746979092948864,0.0078272698373976352,-0.23892322737045027,-0.012548049058022792,-0.024697644499530255,-0.064534793868892548,-0.038054128258803457,0.0028671901234567721,0,0,-0.0057343802469135442,-0.0038707066666666423,0,0.0028671901234567721,0,0,-0.0057343802469135442,-0.0038707066666666423,0
310,FRAME,NONE,305,305,3.0499999999999998,RECOVERY,1.1000000000000014,0,0,0,0,0,-0.63554157092453079,0.22935202647018235,-0.097169050619555636,0.20028892565513653,0.016998993641028394,0.0090213624155863967,-0.7344084852824615,-0.44217732217030442,-0.21566744071644323,0.96558155352342223,0.64584127125237567,0.098284649377832489,0.35537005047035963,0.1038065187449444,-0.14259361228799999,0.0055999999999999999,-0.034799999999999998,0.26978722457600002,-0.10488362341119999,-0.0077999999999999996,-0.14259361228799999,-0.0055999999999999999,0.034799999999999998,0.26978722457600002,-0.10488362341119999,0.0077999999999999996,0,0,0,0,0,0.96365166508453814,-0.14896036509654195,0.093288022223371819,0.92109794219789243,-0.012560939670654803,-0.24712905628608006,0.78539792427871291,0.87561870709620027,0.15692613968898905,-1.0086375454268313,0.25482827031825644,-0.098697957469196684,-0.50482028802643242,-0.097448582644652851,0.012340512000000008,0,0,-0.024681024000000017,-0.01665969120000001,0,0.012340512000000008,0,0,-0.024681024000000017,-0.01665969120000001,0,0,0,0,0,0,0.24784309737378798,-0.023762221927084617,0.022774843723984108,0.10817512743225167,-0.0034253741865767234,-0.003788461625978986,0.17370635255537098,0.19172497615331591,0.0072332608819693544,-0.22079142155997622,-0.011595781707023035,-0.022823348312549358,-0.059637269407466109,-0.035166212874981569,0.0026496000000000054,0,0,-0.0052992000000000108,-0.0035769600000000071,0,0.0026496000000000054,0,0,-0.0052992000000000108,-0.0035769600000000071,0
311,FRAME,NONE,306,306,3.0600000000000001,RECOVERY,1.1000000000000014,0,0,0,0,0,-0.62590688545439943,0.22785583913979243,-0.096222241146821264,0.20950560885146888,0.016882953613555317,0.0065638156614256458,-0.72655699532922025,-0.43336876281623082,-0.2140620231339056,0.95532481838647298,0.64838151013561385,0.09712572906301814,0.35033783694838749,0.1029149726692109,-0.14247007832350617,0.0055999999999999999,-0.034799999999999998,0.26954015664701236,-0.10505039426326666,-0.0077999999999999996,-0.14247007832350617,-0.0055999999999999999,0.034799999999999998,0.26954015664701236,-0.10505039426326666,0.0077999999999999996,0,0,0,0,0,0.96310486147630314,-0.14874865902950804,0.09387914148418823,0.92228873531029765,-0.012599520188599198,-0.2444161945758396,0.78669357254320293,0.8748306734238771,0.1566937086475253,-1.0113798848403652,0.25443350260969161,-0.098641869801292359,-0.50407870103496566,-0.097465433845585828,0.012365917061728394,0,0,-0.024731834123456788,-0.016693988033333329,0,0.012365917061728394,0,0,-0.024731834123456788,-0.016693988033333329,0,0,0,0,0,0,0.2274232399855676,-0.021804446269340482,0.020898418413734791,0.099262550489316967,-0.0031431567145859722,-0.0034763292852240404,0.15939464089507382,0.17592870539857222,0.0066373106326918924,-0.20260035879256108,-0.010640402229961239,-0.02094292669660635,-0.054723739237663889,-0.032268859430806658,0.0024312987654321067,0,0,-0.0048625975308642135,-0.0032822533333333437,0,0.0024312987654321067,0,0,-0.0048625975308642135,-0.0032822533333333437,0
312,FRAME,NONE,307,307,3.0699999999999998,RECOVERY,1.1000000000000014,0,0,0,0,0,-0.61627817626695269,0.22636215438491958,-0.09526974618506058,0.21873296146262361,0.016766413594741927,0.0041336854643469305,-0.71869295534600297,-0.42456956885190361,-0.21245886998186606,0.94504207569153309,0.65091751881051318,0.095968349085827756,0.3453134889957119,0.10202268824814183,-0.1423463012345679,0.0055999999999999999,-0.034799999999999998,0.26929260246913578,-0.10521749333333333,-0.0077999999999999996,-0.1423463012345679,-0.0055999999999999999,0.034799999999999998,0.26929260246913578,-0.10521749333333333,0.0077999999999999996,0,0,0,0,0,0.96246154439172726,-0.14849512071372448,0.094458204543604873,0.92323011979143799,-0.012631415501365751,-0.24164532831706911,0.78786588469169849,0.87388630174759185,0.15640567623214505,-1.0139442172625086,0.25398414451438356,-0.098570095020475618,-0.50322019949812657,-0.09748155855058091,0.012389135802469139,0,0,-0.024778271604938278,-0.016725333333333335,0,0.012389135802469139,0,0,-0.024778271604938278,-0.016725333333333335,0,0,0,0,0,0,0.20694240849484238,-0.019840824654331943,0.019016390059985486,0.09032336041340247,-0.0028600965355802467,-0.0031632649110577716,0.14504019417756231,0.16008526666347084,0.0060395808640526438,-0.18435497714794885,-0.0096821699706758531,-0.019056890104114637,-0.049795537168516923,-0.029362854431307966,0.0022123456790123443,0,0,-0.0044246913580246886,-0.0029866666666666644,0,0.0022123456790123443,0,0,-0.0044246913580246886,-0.0029866666666666644,0
313,FRAME,NONE,308,308,3.0800000000000001,RECOVERY,1.1000000000000014,0,0,0,0,0,-0.60665639662465642,0.22487138843865731,-0.09431169266329012,0.22796847796677,0.016649436458579688,0.0017315472677063362,-0.71081759927517252,-0.41578131452075162,-0.21085856000687772,0.93473516852735827,0.65344875269430891,0.094812722028126642,0.34029816813006636,0.10112964479894328,-0.14222230291599999,0.0055999999999999999,-0.034799999999999998,0.26904460583200002,-0.10538489106339999,-0.0077999999999999996,-0.14222230291599999,-0.0055999999999999999,0.034799999999999998,0.26904460583200002,-0.10538489106339999,0.0077999999999999996,0,0,0,0,0,0.96172403824021346,-0.1482001947844781,0.095024560265744865,0.92391980186315681,-0.012656929553154596,-0.23881735995509479,0.78891473059730477,0.87278769850295768,0.15606175979278569,-1.0163293115205572,0.25347962911914435,-0.098483021221693501,-0.50224546036345397,-0.097497448479108184,0.012410162000000001,0,0,-0.024820324000000001,-0.0167537187,0,0.012410162000000001,0,0,-0.024820324000000001,-0.0167537187,0,0,0,0,0,0,0.18640614600184285,-0.017871888532719673,0.017129268030327355,0.081359976580234875,-0.0025762702592882205,-0.0028493532337903441,0.1306468974080397,0.14419894794622831,0.005440233350539129,-0.16606021470588728,-0.0087213442730055164,-0.017165748987487992,-0.04485399700905722,-0.026448984381515328,0.0019927999999999934,0,0,-0.0039855999999999867,-0.0026902799999999906,0,0.0019927999999999934,0,0,-0.0039855999999999867,-0.0026902799999999906,0
314,FRAME,NONE,309,309,3.0899999999999999,RECOVERY,1.1000000000000014,0,0,0,0,0,-0.59704247678728772,0.22338395195285027,-0.093348212740674133,0.23720963046355756,0.016532083123351089,-0.00064203237399422161,-0.7029321634814053,-0.4070055518209702,-0.20926167522840494,0.92440595204419218,0.6559746611181646,0.093659056193804338,0.3352930291647267,0.10023581718875023,-0.14209810532187653,0.0055999999999999999,-0.034799999999999998,0.26879621064375309,-0.10555255781546667,-0.0077999999999999996,-0.14209810532187653,-0.0055999999999999999,0.034799999999999998,0.26879621064375309,-0.10555255781546667,0.0077999999999999996,0,0,0,0,0,0.96089459818542955,-0.14786436340419151,0.09557755210153028,0.92435561081524376,-0.012676378648116571,-0.23593316990339797,0.78983998076486972,0.8715370308991035,0.15566174068922875,-1.0185339819337669,0.25291939550950854,-0.098381038077910737,-0.50115522485642072,-0.097513565077028658,0.012428990024691356,0,0,-0.024857980049382711,-0.016779136533333329,0,0.012428990024691356,0,0,-0.024857980049382711,-0.016779136533333329,0,0,0,0,0,0,0.16581999560679661,-0.015898169355164055,0.015237561692351296,0.072374818365539551,-0.0022917544954385253,-0.0025346789837318749,0.11621863559170724,0.12827403724505887,0.0048394298666387765,-0.14772100954612141,-0.0077581844807887304,-0.015270013799139927,-0.039900452568316098,-0.023528035786458162,0.001772720987654329,0,0,-0.0035454419753086579,-0.0023931733333333442,0,0.001772720987654329,0,0,-0.0035454419753086579,-0.0023931733333333442,0
315,FRAME,NONE,310,310,3.1000000000000001,RECOVERY,1.1000000000000014,0,0,0,0,0,-0.58743732471479204,0.22190024959100532,-0.092379443752755738,0.24645386991322996,0.016414412523547837,-0.0029864955721059122,-0.69503788678932732,-0.39824380986557534,-0.20766880025642664,0.914056292922659,0.65849468736372296,0.092507555527399768,0.33029921959255465,0.099341176179967447,-0.14197373045960493,0.0055999999999999999,-0.034799999999999998,0.26854746091920989,-0.10572046387953334,-0.0077999999999999996,-0.14197373045960493,-0.0055999999999999999,0.034799999999999998,0.26854746091920989,-0.10572046387953334,0.0077999999999999996,0,0,0,0,0,0.95997540781684498,-0.14748814527162699,0.096116519611811335,0.9245355015702903,-0.012690090250160314,-0.2329936165342609,0.79064150631920016,0.87013652332895375,0.15520546657988471,-1.0205570895504779,0.25230289071973361,-0.098264535635389255,-0.49995029725056073,-0.097530338045989651,0.012445614839506174,0,0,-0.024891229679012347,-0.016801580033333336,0,0.012445614839506174,0,0,-0.024891229679012347,-0.016801580033333336,0,0,0,0,0,0,0.14518950040992867,-0.013920198572325236,0.013341780413647975,0.063370305145040745,-0.0020066258537597588,-0.0022193268911924443,0.10175929373376436,0.11231482255817477,0.0042373321868389453,-0.12934229974839406,-0.006792949937863879,-0.013370194991483711,-0.034936237655324255,-0.020600795151165523,0.0015521679012345639,0,0,-0.0031043358024691278,-0.0020954266666666612,0,0.0015521679012345639,0,0,-0.0031043358024691278,-0.0020954266666666612,0
316,FRAME,NONE,311,311,3.1099999999999999,RECOVERY,1.1000000000000014,0,0,0,0,0,-0.57784182679299612,0.22042067963357093,-0.091405528141703205,0.25569862740140276,0.01629648159498737,-0.0053012928815544154,-0.68713601051824191,-0.38949759427933928,-0.20608052158442619,0.90368806882766284,0.66100826871767937,0.091358419542886135,0.32531787898365233,0.098445688790747415,-0.14184920038400001,0.0055999999999999999,-0.034799999999999998,0.26829840076799999,-0.10588857948159999,-0.0077999999999999996,-0.14184920038400001,-0.0055999999999999999,0.034799999999999998,0.26829840076799999,-0.10588857948159999,0.0077999999999999996,0,0,0,0,0,0.9589685769755546,-0.14707209456608289,0.096640800001373983,0.924457557263765,-0.012698401755875506,-0.22999953634518949,0.79131917909921634,0.86858845362384529,0.15469285360328203,-1.0223975433996362,0.25162957179359963,-0.098133903117320426,-0.49863154358464862,-0.097548163951912611,0.012460032000000006,0,0,-0.024920064000000013,-0.016821043200000007,0,0.012460032000000006,0,0,-0.024920064000000013,-0.016821043200000007,0,0,0,0,0,0,0.12452020351146693,-0.011938507634863631,0.01144243356180831,0.054348856294463989,-0.0017209609439805564,-0.0019033816864821743,0.087272756839412449,0.096325591883790473,0.0036341020856270737,-0.11092902339245055,-0.0058258999880694776,-0.011466803016932878,-0.029962686079113062,-0.017668048980666866,0.001331199999999989,0,0,-0.002662399999999978,-0.0017971199999999852,0,0.001331199999999989,0,0,-0.002662399999999978,-0.0017971199999999852,0
317,FRAME,NONE,312,312,3.1200000000000001,RECOVERY,1.1000000000000014,0,0,0,0,0,-0.56825684858080239,0.21894563359732941,-0.09042661337225695,0.26494131542977256,0.016178345271836102,-0.0075858830811025742,-0.67922777851157845,-0.38076823487205863,-0.20449731091547041,0.89330271696384078,0.66351481894501885,0.090211353110593154,0.32035017196647636,0.097549552335429307,-0.14172453719135802,0.0055999999999999999,-0.034799999999999998,0.26804907438271602,-0.10605687479166666,-0.0077999999999999996,-0.14172453719135802,-0.0055999999999999999,0.034799999999999998,0.26804907438271602,-0.10605687479166666,0.0077999999999999996,0,0,0,0,0,0.95787613972921859,-0.14661679982975681,0.09714972965822169,0.92411999184555493,-0.012701659245467086,-0.22695174430291315,0.79187287185550248,0.86689500198383662,0.15412401636793069,-1.0240543229631782,0.25089889844677515,-0.097989460977472131,-0.49719991076100051,-0.097567475988998509,0.012472237654320989,0,0,-0.024944475308641977,-0.016837520833333335,0,0.012472237654320989,0,0,-0.024944475308641977,-0.016837520833333335,0,0,0,0,0,0,0.10381764801164307,-0.0099536279934400226,0.0095400305044235773,0.045312891189536436,-0.0014348363758296075,-0.0015869280999112464,0.072762909913855617,0.080310633220123398,0.0030299013374907135,-0.092486118558039621,-0.0048572939752442208,-0.009560348327901317,-0.024981131648714829,-0.014730583779992196,0.0011098765432098804,0,0,-0.0022197530864197608,-0.0014983333333333385,0,0.0011098765432098804,0,0,-0.0022197530864197608,-0.0014983333333333385,0
318,FRAME,NONE,313,313,3.1299999999999999,RECOVERY,1.1000000000000014,0,0,0,0,0,-0.5586832355775162,0.21747549587098886,-0.0894428518357923,0.27417932923307647,0.01606005649358427,-0.0098397329579612003,-0.67131443715825634,-0.37205721454263102,-0.20291976843749501,0.88290219768310718,0.66601376708775495,0.08906661720416631,0.31539721435170814,0.096652692746252919,-0.14159976301353086,0.0055999999999999999,-0.034799999999999998,0.2677995260270617,-0.10622531993173333,-0.0077999999999999996,-0.14159976301353086,-0.0055999999999999999,0.034799999999999998,0.2677995260270617,-0.10622531993173333,0.0077999999999999996,0,0,0,0,0,0.95670005249085099,-0.14612288279200347,0.097642645692565533,0.92352115270925128,-0.012700216216664419,-0.22385103436657264,0.79230245854800352,0.86505855775335327,0.15349899152022978,-1.0255264334736911,0.25011035566149004,-0.097831603860190464,-0.4956563807967142,-0.097588589058870273,0.012482228543209881,0,0,-0.024964457086419763,-0.01685100853333334,0,0.012482228543209881,0,0,-0.024964457086419763,-0.01685100853333334,0,0,0,0,0,0,0.083087377010679475,-0.0079660910987143004,0.0076350806090841961,0.03626482920598121,-0.0011483287590354726,-0.0012700508617896993,0.058233637962291446,0.064274234565383739,0.0024248917169171443,-0.074018523324901692,-0.0038873912432263675,-0.0076513413768020504,-0.019992908173159605,-0.011789186054170184,0.00088825679012345747,0,0,-0.0017765135802469149,-0.0011991466666666675,0,0.00088825679012345747,0,0,-0.0017765135802469149,-0.0011991466666666675,0
319,FRAME,NONE,314,314,3.1400000000000001,RECOVERY,1.1000000000000014,0,0,0,0,0,-0.54912181400907356,0.21601064336948661,-0.088454400745811707,0.28341004812280046,0.015941666219192668,-0.012062317098675049,-0.6633972354026737,-0.36336607701287649,-0.20134856350302158,0.87248874312375213,0.66850454740403009,0.08792475208285444,0.31046009293108306,0.095754898760165033,-0.141474900012,0.0055999999999999999,-0.034799999999999998,0.26754980002399997,-0.10639388498379999,-0.0077999999999999996,-0.141474900012,-0.0055999999999999999,0.034799999999999998,0.26754980002399997,-0.10639388498379999,0.0077999999999999996,0,0,0,0,0,0.95544219227610205,-0.1455909971396824,0.098118887469961641,0.92265952335541024,-0.012694432306800559,-0.22069818019140003,0.79260781473973063,0.8630816392647731,0.15281781802448716,-1.0268129201735174,0.24926345086473436,-0.097660760294242949,-0.49400198163610187,-0.097611740844135236,0.012490002,0,0,-0.024980004,-0.016861502699999999,0,0.012490002,0,0,-0.024980004,-0.016861502699999999,0,0,0,0,0,0,0.062334933608806313,-0.0059764284013470986,0.0057280932433812996,0.027207089719524798,-0.00086151470332681938,-0.00095283470242769094,0.04368882598992295,0.048220683917787749,0.0018192349983938722,-0.055531175772784172,-0.0029164511358545412,-0.0057402926160488275,-0.014999349461479329,-0.0088446423082306179,0.00066640000000000384,0,0,-0.0013328000000000077,-0.00089964000000000515,0,0.00066640000000000384,0,0,-0.0013328000000000077,-0.00089964000000000515,0
320,FRAME,NONE,315,315,3.1499999999999999,RECOVERY,1.1000000000000014,0,0,0,0,0,-0.53957339163206164,0.21455144520999531,-0.087461422029286112,0.29263083685813679,0.01582322344465574,-0.014253117688116696,-0.65547742473941928,-0.35469623073651041,-0.19978428195183456,0.86206427080451675,0.67098657653750682,0.086785941343446998,0.3055399082884761,0.094856125063370211,-0.1413499703719506,0.0055999999999999999,-0.034799999999999998,0.26729994074390123,-0.10656253999786666,-0.0077999999999999996,-0.1413499703719506,-0.0055999999999999999,0.034799999999999998,0.26729994074390123,-0.10656253999786666,0.0077999999999999996,0,0,0,0,0,0.95410435509369185,-0.14502182723843779,0.098577798133104078,0.92153372609485329,-0.012684672008347858,-0.21749393601381925,0.79278881808149715,0.86096669703738982,0.15208070349360292,-1.027912896861493,0.2483577039868877,-0.097477305236917819,-0.49223781209507877,-0.097637182586527163,0.012495555950617288,0,0,-0.024991111901234576,-0.016869000533333338,0,0.012495555950617288,0,0,-0.024991111901234576,-0.016869000533333338,0,0,0,0,0,0,0.041565860906248933,-0.0039851713519985935,0.0038195777749055792,0.018142092105891617,-0.00057447081843224948,-0.00063536435213530542,0.029132359001949788,0.032154269275547924,0.0012130929564082638,-0.037029013981430124,-0.0019447329969671395,-0.0038277124980549489,-0.01000178932270477,-0.0058977390472025959,0.00044436543209875544,0,0,-0.00088873086419751087,-0.00059989333333331982,0,0.00044436543209875544,0,0,-0.00088873086419751087,-0.00059989333333331982,0
321,FRAME,NONE,316,316,3.1600000000000001,RECOVERY,1.1000000000000014,0,0,0,0,0,-0.5300387585544496,0.21309826241320234,-0.086464082219542202,0.30183904704486902,0.015704775219057623,-0.016411624318587992,-0.64755625918811799,-0.34604905852809292,-0.1982275074953849,0.85163070633165117,0.67345926645974152,0.085650364043198771,0.3006377498800672,0.093956324544827954,-0.14122499629634566,0.0055999999999999999,-0.034799999999999998,0.26704999259269135,-0.10673125499993333,-0.0077999999999999996,-0.14122499629634566,-0.0055999999999999999,0.034799999999999998,0.26704999259269135,-0.10673125499993333,0.0077999999999999996,0,0,0,0,0,0.95268825446374661,-0.14441608681037499,0.099018726106812366,0.92014252479795089,-0.012671303383430912,-0.21423903771874178,0.79284534888172853,0.85871621392432074,0.15128793271685484,-1.0288255317970383,0.24739265681128644,-0.097281607185831412,-0.49036502559419393,-0.097665126792352133,0.012498888913580249,0,0,-0.024997777827160499,-0.016873500033333336,0,0.012498888913580249,0,0,-0.024997777827160499,-0.016873500033333336,0,0,0,0,0,0,0.020785702003238996,-0.0019928514013295611,0.0019100435712483055,0.0090722557408088201,-0.00028727371408045102,-0.00031772454122272313,0.014568122003576017,0.016079278636881651,0.00060662736544786901,-0.018516976030588255,-0.00097249617040285534,-0.0019141114752342957,-0.0050015615658682167,-0.0029492627761161104,0.00022221234567901941,0,0,-0.00044442469135803881,-0.00029998666666667621,0,0.00022221234567901941,0,0,-0.00044442469135803881,-0.00029998666666667621,0
322,FRAME,NONE,317,317,3.1699999999999999,RECOVERY,1.1000000000000014,0,0,0,0,0,-0.52051868807217927,0.21165144763406379,-0.085462552357880875,0.31103201856302498,0.015586366652843835,-0.01853733381100419,-0.63963499524306999,-0.33742591723786852,-0.19667882089107167,0.84118998277001999,0.67592202469755325,0.084518194695219956,0.29575469549851363,0.093055448718345757,-0.1411,0.0055999999999999999,-0.034799999999999998,0.26679999999999998,-0.1069,-0.0077999999999999996,-0.1411,-0.0055999999999999999,0.034799999999999998,0.26679999999999998,-0.1069,0.0077999999999999996,0,0,0,0,0,0.95119552005879704,-0.14377451757432264,0.099441026580834938,0.91848482769553463,-0.012654696782968506,-0.21093420408927696,0.79277729075438474,0.85633270055695876,0.15043986889340868,-1.0295500489901181,0.24636787559876719,-0.097074027127523346,-0.4883848286683648,-0.09769574643097137,0.012500000000000001,0,0,-0.025000000000000001,-0.016875000000000001,0,0.012500000000000001,0,0,-0.025000000000000001,-0.016875000000000001,0,0,0,0,0,0,0,-0,0,0,-0,-0,0,0,0,-0,-0,-0,-0,-0,0,0,0,0,0,0,0,0,0,0,0,0
323,FRAME,NONE,318,318,3.1800000000000002,RECOVERY,1.1000000000000014,0,0,0,0,0,-0.5110139375207432,0.21021134492691795,-0.084457007912758342,0.32020708102411122,0.015468040910531259,-0.02062975005013238,-0.63171489179150342,-0.32882813747496864,-0.19513879910397253,0.83074404000113811,0.67837425458689848,0.083389603274548058,0.29089181075186787,0.092153448151635564,-0.14097500370365432,0.0055999999999999999,-0.034799999999999998,0.26655000740730861,-0.10706874500006666,-0.0077999999999999996,-0.14097500370365432,-0.0055999999999999999,0.034799999999999998,0.26655000740730861,-0.10706874500006666,0.0077999999999999996,0,0,0,0,0,0.94962769646243406,-0.14309788785557959,0.09984406296517577,0.91655969023683848,-0.012635223576309588,-0.20758013823894964,0.79258453133700246,0.85381869069035377,0.14953695466332453,-1.030085729487479,0.24528295378236298,-0.096854917524164488,-0.48629847946310084,-0.097729174246824396,0.012498888913580249,0,0,-0.024997777827160499,-0.016873500033333336,0,0.012498888913580249,0,0,-0.024997777827160499,-0.016873500033333336,0,0,0,0,0,0,-0.020785702003238624,0.0019928514013295259,-0.0019100435712482715,-0.0090722557408086588,0.00028727371408044587,0.00031772454122271744,-0.014568122003575757,-0.016079278636881363,-0.00060662736544785827,0.018516976030587926,0.0009724961704028381,0.0019141114752342617,0.0050015615658681283,0.0029492627761160579,-0.00022221234567901149,0,0,0.00044442469135802298,0.00029998666666666553,0,-0.00022221234567901149,0,0,0.00044442469135802298,0.00029998666666666553,0
324,FRAME,NONE,319,319,3.1899999999999999,RECOVERY,1.1000000000000014,0,0,0,0,0,-0.50152524914107588,0.20877828955052805,-0.083447628727110174,0.32936155525905431,0.015349839178458084,-0.022688383836010632,-0.62379720999348787,-0.32025702337998491,-0.19360801445828257,0.82029482406841214,0.68081535555382855,0.08226475523472733,0.28605014855741351,0.091250272901074223,-0.14085002962804938,0.0055999999999999999,-0.034799999999999998,0.26630005925609879,-0.10723746000213333,-0.0077999999999999996,-0.14085002962804938,-0.0055999999999999999,0.034799999999999998,0.26630005925609879,-0.10723746000213333,0.0077999999999999996,0,0,0,0,0,0.94798624204068893,-0.14238699117278181,0.10022720831275461,0.91436631800955315,-0.012613254897379692,-0.20417752922601684,0.79226696306985767,0.8511767364619387,0.14857971292441202,-1.0304319126522972,0.2441375147237774,-0.096624621342151384,-0.48410728622255184,-0.09776550218854671,0.012495555950617288,0,0,-0.024991111901234576,-0.016869000533333338,0,0.012495555950617288,0,0,-0.024991111901234576,-0.016869000533333338,0,0,0,0,0,0,-0.041565860906251154,0.003985171351998806,-0.0038195777749057834,-0.018142092105892588,0.00057447081843228017,0.00063536435213533936,-0.029132359001951342,-0.032154269275549645,-0.0012130929564083287,0.037029013981432102,0.0019447329969672434,0.0038277124980551532,0.010001789322705304,0.0058977390472029108,-0.00044436543209877918,0,0,0.00088873086419755836,0.0005998933333333518,0,-0.00044436543209877918,0,0,0.00088873086419755836,0.0005998933333333518,0
325,FRAME,NONE,320,320,3.2000000000000002,RECOVERY,1.1000000000000014,0,0,0,0,0,-0.49205335095911218,0.20735260781919679,-0.082434599006168133,0.33849275483796593,0.015231800596576296,-0.024712752753602629,-0.6158832131157812,-0.31171385244780703,-0.19208703378081576,0.80984428650987883,0.68324472342318709,0.081143811534676563,0.28123074865040432,0.090345872950890624,-0.14072509998799998,0.0055999999999999999,-0.034799999999999998,0.26605019997599999,-0.1074061150162,-0.0077999999999999996,-0.14072509998799998,-0.0055999999999999999,0.034799999999999998,0.26605019997599999,-0.1074061150162,0.0077999999999999996,0,0,0,0,0,0.94627252792149941,-0.14164264481015698,0.10058984670441352,0.91190406972655969,-0.012589160413511796,-0.20072705384916836,0.79182448402633221,0.84840940357700578,0.14756874742396203,-1.0305879974341992,0.24293121452253535,-0.096383471126129744,-0.48181260577446872,-0.097804780958389764,0.012490001999999993,0,0,-0.024980003999999986,-0.016861502699999992,0,0.012490001999999993,0,0,-0.024980003999999986,-0.016861502699999992,0,0,0,0,0,0,-0.062334933608804828,0.0059764284013469572,-0.0057280932433811634,-0.027207089719524152,0.000861514703326799,0.00095283470242766839,-0.043688825989921916,-0.048220683917786604,-0.0018192349983938291,0.055531175772782854,0.0029164511358544718,0.0057402926160486914,0.014999349461478972,0.008844642308230408,-0.00066639999999998801,0,0,0.001332799999999976,0.00089963999999998379,0,-0.00066639999999998801,0,0,0.001332799999999976,0.00089963999999998379,0
326,FRAME,NONE,321,321,3.21,RECOVERY,1.1000000000000014,0,0,0,0,0,-0.48260005392987887,0.2059459168196702,-0.081436672365110208,0.34759874718801237,0.015097368237047189,-0.026702771139906413,-0.60796069762303806,-0.3031998754014878,-0.19057641753904614,0.79939438367878879,0.68566175075552105,0.08002692867560747,0.27643463710773386,0.089440198655456132,-0.14060023698646912,0.0055999999999999999,-0.034799999999999998,0.26580047397293827,-0.10757468006826666,-0.0077999999999999996,-0.14060023698646912,-0.0055999999999999999,0.034799999999999998,0.26580047397293827,-0.10757468006826666,0.0077999999999999996,0,0,0,0,0,0.94448938804121352,-0.14087383567292555,0.10092868176123389,0.90917264716294777,-0.012566416857285698,-0.19722959200275905,0.79124731096800249,0.8455192664352742,0.14650474311528783,-1.0305534436266286,0.24166374486831796,-0.096131788121884887,-0.47941584201702037,-0.097847019684650094,0.012482228543209874,0,0,-0.024964457086419749,-0.01685100853333333,0,0.012482228543209874,0,0,-0.024964457086419749,-0.01685100853333333,0,0,0,0,0,0,-0.083087377010679475,0.0079660910987143004,-0.0076350806090841961,-0.03626482920598121,0.0011483287590354726,0.0012700508617896993,-0.058233637962291446,-0.064274234565383739,-0.0024248917169171443,0.074018523324901692,0.0038873912432263675,0.0076513413768020504,0.019992908173159605,0.011789186054170184,-0.00088825679012345747,0,0,0.0017765135802469149,0.0011991466666666675,0,-0.00088825679012345747,0,0,0.0017765135802469149,0.0011991466666666675,0
327,FRAME,NONE,322,322,3.2200000000000002,RECOVERY,1.1000000000000014,0,0,0,0,0,-0.47316377008863086,0.20453494256253313,-0.080415444020543417,0.3566752670108615,0.014981069345468922,-0.028657165014810155,-0.60005903697849738,-0.29471631611770094,-0.18907671897623821,0.7889470760523809,0.68806582721263743,0.078914258747705066,0.2716628258864548,0.088533201183341223,-0.14047546280864195,0.0055999999999999999,-0.034799999999999998,0.26555092561728394,-0.10774312520833333,-0.0077999999999999996,-0.14047546280864195,-0.0055999999999999999,0.034799999999999998,0.26555092561728394,-0.10774312520833333,0.0077999999999999996,0,0,0,0,0,0.94263477299522991,-0.1400644623944069,0.10124875915144126,0.90617133468377897,-0.012538923608163466,-0.19368535117811075,0.79055552750156444,0.84250890321390359,0.14538846626987867,-1.0303277731083331,0.24033483592613916,-0.095869881451282599,-0.47691844441200654,-0.097892185719493527,0.012472237654320982,0,0,-0.024944475308641963,-0.016837520833333324,0,0.012472237654320982,0,0,-0.024944475308641963,-0.016837520833333324,0,0,0,0,0,0,-0.10381764801164159,0.0099536279934398821,-0.0095400305044234419,-0.045312891189535791,0.0014348363758295872,0.0015869280999112239,-0.07276290991385459,-0.080310633220122246,-0.0030299013374906706,0.092486118558038302,0.0048572939752441514,0.0095603483279011799,0.024981131648714475,0.014730583779991986,-0.0011098765432098646,0,0,0.0022197530864197291,0.001498333333333317,0,-0.0011098765432098646,0,0,0.0022197530864197291,0.001498333333333317,0
328,FRAME,NONE,323,323,3.23,RECOVERY,1.1000000000000014,0,0,0,0,0,-0.4637463878650569,0.20313231729160433,-0.079391203203809477,0.36572042238270075,0.014864986048197611,-0.030575885134599076,-0.59216480161380836,-0.28626437160419588,-0.18758848324639468,0.77850432752927345,0.69045633995199418,0.077805949486266512,0.26691631237711128,0.087624832961783361,-0.140350799616,0.0055999999999999999,-0.034799999999999998,0.26530159923199997,-0.1079114205184,-0.0077999999999999996,-0.140350799616,-0.0055999999999999999,0.034799999999999998,0.26530159923199997,-0.1079114205184,0.0077999999999999996,0,0,0,0,0,0.94071148899622492,-0.13922424662225638,0.10154654677245969,0.90290017368342157,-0.01251040175349652,-0.19009522607653584,0.78973853726543741,0.83938089092307344,0.14422076433708964,-1.0299105710657821,0.23894425924388135,-0.09559804734224113,-0.47432190648892419,-0.097940204563923494,0.012460031999999994,0,0,-0.024920063999999988,-0.016821043199999993,0,0.012460031999999994,0,0,-0.024920063999999988,-0.016821043199999993,0,0,0,0,0,0,-0.12452020351146804,0.011938507634863739,-0.011442433561808412,-0.054348856294464475,0.0017209609439805718,0.0019033816864821912,-0.087272756839413226,-0.096325591883791334,-0.0036341020856271063,0.11092902339245155,0.0058258999880695297,0.011466803016932982,0.029962686079113333,0.017668048980667025,-0.0013311999999999972,0,0,0.0026623999999999945,0.001797119999999996,0,-0.0013311999999999972,0,0,0.0026623999999999945,0.001797119999999996,0
329,FRAME,NONE,324,324,3.2400000000000002,RECOVERY,1.1000000000000014,0,0,0,0,0,-0.45434858804001005,0.20173832685521181,-0.078364147167405515,0.37473151538740457,0.014749152397419512,-0.032458476070975746,-0.58427926517797524,-0.27784521202951679,-0.18611224655169134,0.76806810471587494,0.69283267405023463,0.076702144336946498,0.26219607897169428,0.086715048120189764,-0.14022626954039505,0.0055999999999999999,-0.034799999999999998,0.26505253908079013,-0.10807953612046667,-0.0077999999999999996,-0.14022626954039505,-0.0055999999999999999,0.034799999999999998,0.26505253908079013,-0.10807953612046667,0.0077999999999999996,0,0,0,0,0,0.93872054864327481,-0.13835408438736538,0.10182148683979611,0.89935916588321629,-0.012481202695557157,-0.18645986426901745,0.78879627233845573,0.83613780045106945,0.14300256554429225,-1.0293014871931638,0.2374918306708258,-0.095316568416515438,-0.47162776436378034,-0.097990959921331916,0.012445614839506174,0,0,-0.024891229679012347,-0.016801580033333336,0,0.012445614839506174,0,0,-0.024891229679012347,-0.016801580033333336,0,0,0,0,0,0,-0.14518950040992976,0.013920198572325342,-0.013341780413648075,-0.063370305145041231,0.0020066258537597735,0.0022193268911924607,-0.10175929373376512,-0.11231482255817561,-0.0042373321868389774,0.12934229974839503,0.0067929499378639301,0.013370194991483812,0.034936237655324519,0.020600795151165679,-0.0015521679012345797,0,0,0.0031043358024691594,0.0020954266666666824,0,-0.0015521679012345797,0,0,0.0031043358024691594,0.0020954266666666824,0
330,FRAME,NONE,325,325,3.25,RECOVERY,1.1000000000000014,0,0,0,0,0,-0.44497104142476307,0.20035324841531024,-0.07733447850131156,0.38370584840961253,0.01463359913853106,-0.034304488675782924,-0.57640370163072763,-0.26945998080500577,-0.18464853528526973,0.75764037620230607,0.69519421295586403,0.075602982529740737,0.25750309264605986,0.085803802931305642,-0.14010189467812345,0.0055999999999999999,-0.034799999999999998,0.26480378935624693,-0.10824744218453332,-0.0077999999999999996,-0.14010189467812345,-0.0055999999999999999,0.034799999999999998,0.26480378935624693,-0.10824744218453332,0.0077999999999999996,0,0,0,0,0,0.93666287386279801,-0.13745488840076731,0.10207303877699439,0.8955484825731217,-0.012451670749753299,-0.18277991329358642,0.7877286750215382,0.83278219161651124,0.14173487823172184,-1.0285002368666156,0.235977413275752,-0.095025713037817358,-0.46883759527646457,-0.098044293880417882,0.012428990024691356,0,0,-0.024857980049382711,-0.016779136533333329,0,0.012428990024691356,0,0,-0.024857980049382711,-0.016779136533333329,0,0,0,0,0,0,-0.16581999560679553,0.015898169355163951,-0.015237561692351197,-0.072374818365539065,0.0022917544954385101,0.0025346789837318584,-0.11621863559170648,-0.12827403724505801,-0.0048394298666387453,0.14772100954612044,0.0077581844807886793,0.015270013799139826,0.039900452568315835,0.023528035786458006,-0.0017727209876543051,0,0,0.0035454419753086102,0.0023931733333333121,0,-0.0017727209876543051,0,0,0.0035454419753086102,0.0023931733333333121,0
331,FRAME,NONE,326,326,3.2599999999999998,RECOVERY,1.1000000000000014,0,0,0,0,0,-0.43561440982952104,0.19897735077017217,-0.076302405788890526,0.39264072586178267,0.014518353044172847,-0.036113480077627692,-0.56853938455741249,-0.26110979471895929,-0.1831978651822273,0.7472231118283108,0.69754033897098389,0.074508599161306852,0.25283830455666106,0.084891056248651175,-0.13997769708399999,0.0055999999999999999,-0.034799999999999998,0.264555394168,-0.10841510893659999,-0.0077999999999999996,-0.13997769708399999,-0.0055999999999999999,0.034799999999999998,0.264555394168,-0.10841510893659999,0.0077999999999999996,0,0,0,0,0,0.93453929549193138,-0.13652758677128277,0.10230068027121883,0.89146846795417789,-0.012422142198140121,-0.17905602342102914,0.78653569868969042,0.82931660824604458,0.14041878991744433,-1.027506602289245,0.23440092025238157,-0.094725734722559046,-0.46595301614983542,-0.098100007227884534,0.012410162000000015,0,0,-0.024820324000000029,-0.016753718700000017,0,0.012410162000000015,0,0,-0.024820324000000029,-0.016753718700000017,0,0,0,0,0,0,-0.18640614600184435,0.017871888532719815,-0.01712926803032749,-0.081359976580235527,0.0025762702592882409,0.0028493532337903666,-0.13064689740804075,-0.14419894794622945,-0.0054402333505391724,0.16606021470588861,0.0087213442730055858,0.017165748987488131,0.044853997009057581,0.02644898438151554,-0.001992800000000009,0,0,0.0039856000000000179,0.0026902800000000123,0,-0.001992800000000009,0,0,0.0039856000000000179,0.0026902800000000123,0
332,FRAME,NONE,327,327,3.27,RECOVERY,1.1000000000000014,0,0,0,0,0,-0.42627927535077542,0.19761013006371086,-0.075266820948959076,0.40153340000221344,0.014404622542907598,-0.037884984439423688,-0.56068849824329692,-0.25279574412261741,-0.18176074048170349,0.7368182819396969,0.69987043376206659,0.073419125285186085,0.24820264965122313,0.083976769938875775,-0.13985369876543211,0.0055999999999999999,-0.034799999999999998,0.26430739753086419,-0.10858250666666666,-0.0077999999999999996,-0.13985369876543211,-0.0055999999999999999,0.034799999999999998,0.26430739753086419,-0.10858250666666666,0.0077999999999999996,0,0,0,0,0,0.93235044993832283,-0.13557255475840782,0.10250408290092759,0.88711962912667186,-0.012392722898737876,-0.17528883641226681,0.78521798202678728,0.82574357329617698,0.13905546608922539,-1.026320433603467,0.23276231779993842,-0.094416871615226494,-0.46297568217352913,-0.098157859890695254,0.012389135802469132,0,0,-0.024778271604938264,-0.016725333333333328,0,0.012389135802469132,0,0,-0.024778271604938264,-0.016725333333333328,0,0,0,0,0,0,-0.20694240849484347,0.019840824654332047,-0.019016390059985584,-0.090323360413402942,0.0028600965355802615,0.0031632649110577885,-0.14504019417756306,-0.16008526666347167,-0.0060395808640526759,0.18435497714794982,0.0096821699706759051,0.019056890104114738,0.04979553716851718,0.029362854431308118,-0.0022123456790123443,0,0,0.0044246913580246886,0.0029866666666666644,0,-0.0022123456790123443,0,0,0.0044246913580246886,0.0029866666666666644,0
333,FRAME,NONE,328,328,3.2799999999999998,RECOVERY,1.1000000000000014,0,0,0,0,0,-0.41696632890595231,0.19625229186100424,-0.074228701679530329,0.41038121750011208,0.014291749068928042,-0.039618588575821317,-0.55285177384480899,-0.24451889316740241,-0.18033765310300906,0.72642785663585485,0.70218387889925837,0.072334688009481424,0.24359704629327666,0.083060909307623568,-0.13972992167649381,0.0055999999999999999,-0.034799999999999998,0.26405984335298766,-0.10874960573673333,-0.0077999999999999996,-0.13972992167649381,-0.0055999999999999999,0.034799999999999998,0.26405984335298766,-0.10874960573673333,0.0077999999999999996,0,0,0,0,0,0.93009704584107833,-0.13459107815991228,0.10268265718296814,0.88250267427003881,-0.012363857330242266,-0.17147902444838248,0.7837751102636189,0.82206558403863494,0.13764614872150685,-1.0249416499671899,0.23106162796593602,-0.094099346030174072,-0.45990728541487252,-0.098217571507248483,0.012365917061728389,0,0,-0.024731834123456777,-0.016693988033333326,0,0.012365917061728389,0,0,-0.024731834123456777,-0.016693988033333326,0,0,0,0,0,0,-0.22742323998556685,0.021804446269340409,-0.020898418413734722,-0.099262550489316634,0.0031431567145859618,0.0034763292852240291,-0.1593946408950733,-0.17592870539857164,-0.0066373106326918698,0.20260035879256041,0.010640402229961205,0.02094292669660628,0.054723739237663709,0.032268859430806554,-0.0024312987654320907,0,0,0.0048625975308641814,0.0032822533333333225,0,-0.0024312987654320907,0,0,0.0048625975308641814,0.0032822533333333225,0
334,FRAME,NONE,329,329,3.29,RECOVERY,1.1000000000000014,0,0,0,0,0,-0.40767626241205035,0.19490462273564196,-0.073189216622792708,0.4191815404844686,0.014178902458817805,-0.041313890056424038,-0.54502983458363541,-0.23628028009270038,-0.17892908183872541,0.71605380500895432,0.70448005642397471,0.071255410601506808,0.23902239590010813,0.082143443517595963,-0.13960638771199999,0.0055999999999999999,-0.034799999999999998,0.263812775424,-0.1089163765888,-0.0077999999999999996,-0.13960638771199999,-0.0055999999999999999,0.034799999999999998,0.263812775424,-0.1089163765888,0.0077999999999999996,0,0,0,0,0,0.92777971137069615,-0.13358452553082387,0.10283581817573351,0.87761849655286506,-0.012336009578451292,-0.16762727358995222,0.78220659802786829,0.81828510732864534,0.13619215451708877,-1.023370240590314,0.22929893143831578,-0.093773364061295744,-0.4567495534589841,-0.098278822126217719,0.012340512000000003,0,0,-0.024681024000000006,-0.016659691200000003,0,0.012340512000000003,0,0,-0.024681024000000006,-0.016659691200000003,0,0,0,0,0,0,-0.24784309737378762,0.023762221927084579,-0.022774843723984074,-0.10817512743225152,0.0034253741865767182,0.0037884616259789808,-0.17370635255537073,-0.19172497615331563,-0.0072332608819693439,0.22079142155997589,0.011595781707023018,0.022823348312549323,0.059637269407466019,0.03516621287498152,-0.0026495999999999894,0,0,0.0052991999999999788,0.0035769599999999854,0,-0.0026495999999999894,0,0,0.0052991999999999788,0.0035769599999999854,0
335,FRAME,NONE,330,330,3.2999999999999998,RECOVERY,1.1000000000000014,0,0,0,0,0,-0.39840971215117571,0.19356736508622566,-0.072148622076120675,0.42793170194270325,0.014066070970001019,-0.042970472968467573,-0.53722394098974557,-0.2280809175631997,-0.17753549156769924,0.70569809437543518,0.70675834944413107,0.070181412598910434,0.23447958259391777,0.081224345997445588,-0.13948311870158026,0.0055999999999999999,-0.034799999999999998,0.26356623740316049,-0.10908278975286666,-0.0077999999999999996,-0.13948311870158026,-0.0055999999999999999,0.034799999999999998,0.26356623740316049,-0.10908278975286666,0.0077999999999999996,0,0,0,0,0,0.92539890981268713,-0.13255387845525832,0.10296312670256715,0.87246816690968654,-0.012309477885679484,-0.16373427527577047,0.78051244650035245,0.81440457497598928,0.13469487287461629,-1.021606265728064,0.22747437027362105,-0.093439115260797345,-0.45350424807960865,-0.098341253031351952,0.012312927432098764,0,0,-0.024625854864197529,-0.016622452033333332,0,0.012312927432098764,0,0,-0.024625854864197529,-0.016622452033333332,0,0,0,0,0,0,-0.26819643755927819,0.025713620176904175,-0.024645156623142744,-0.11705867186648222,0.0037066723418239002,0.0040995772030125261,-0.18797144415325417,-0.2074697909294895,-0.0078272698373976681,0.23892322737045124,0.012548049058022842,0.024697644499530356,0.064534793868892812,0.03805412825880361,-0.0028671901234567877,0,0,0.0057343802469135754,0.0038707066666666631,0,-0.0028671901234567877,0,0,0.0057343802469135754,0.0038707066666666631,0
336,FRAME,NONE,331,331,3.3100000000000001,RECOVERY,1.1000000000000014,0,0,0,0,0,-0.38916731021839118,0.19224075118188136,-0.071107178059440834,0.43662904649987855,0.013953240417412896,-0.04458792839192173,-0.52943535382131035,-0.21992179305461995,-0.17615733249085691,0.69536268950043156,0.70901814275633945,0.069112809926752145,0.22996947286584132,0.080303594840207465,-0.13936013640375308,0.0055999999999999999,-0.034799999999999998,0.26332027280750619,-0.10924881585493332,-0.0077999999999999996,-0.13936013640375308,-0.0055999999999999999,0.034799999999999998,0.26332027280750619,-0.10924881585493332,0.0077999999999999996,0,0,0,0,0,0.92295501135865265,-0.13150012434557276,0.1030641673117112,0.86705294720191861,-0.01228454723662065,-0.15980073960850025,0.77869267632272976,0.81042637923866356,0.13315576358449793,-1.0196498576276933,0.22558815054782172,-0.093096772387985124,-0.45017316394179119,-0.098404467689983732,0.012283170765432097,0,0,-0.024566341530864195,-0.01658228053333333,0,0.012283170765432097,0,0,-0.024566341530864195,-0.01658228053333333,0,0,0,0,0,0,-0.28847771744181105,0.027658109568138804,-0.026508847743619838,-0.12591076441628338,0.0039869745705988745,0.0044095912860145454,-0.20218603068352239,-0.22315886172887894,-0.0084191757244894087,0.2569908381442414,0.013496944939122176,0.026565304805135876,0.069414978812912767,0.040931819077243414,-0.003084009876543203,0,0,0.006168019753086406,0.004163413333333324,0,-0.003084009876543203,0,0,0.006168019753086406,0.004163413333333324,0
337,FRAME,NONE,332,332,3.3199999999999998,RECOVERY,1.1000000000000014,0,0,0,0,0,-0.37994968545620877,0.19092500313533195,-0.070065148092818844,0.44527093234789566,0.013840394295138172,-0.046165854604799356,-0.52166533383555935,-0.21180386928646702,-0.17479503939268831,0.68504955181581739,0.71125882349428338,0.068049715019998791,0.22549291525250381,0.079381173189987012,-0.13923746249999999,0.0055999999999999999,-0.034799999999999998,0.26307492499999996,-0.10941442562500001,-0.0077999999999999996,-0.13923746249999999,-0.0055999999999999999,0.034799999999999998,0.26307492499999996,-0.10941442562500001,0.0077999999999999996,0,0,0,0,0,0.92044829299872721,-0.13042425473301733,0.1031385491051455,0.86137429406847499,-0.012261488523750324,-0.15582739905483645,0.77674732911569999,0.80635286845894416,0.13157635425736328,-1.0175012214251082,0.22364054491632082,-0.092746491228697048,-0.44675812733706027,-0.098468032822472309,0.012251249999999984,0,0,-0.024502499999999969,-0.016539187499999979,0,0.012251249999999984,0,0,-0.024502499999999969,-0.016539187499999979,0,0,0,0,0,0,-0.30868139392115856,0.029595158650128083,-0.028365407717824458,-0.13472898570592964,0.0042662042631730103,0.0047184191446749228,-0.21634622714097421,-0.23878790055326979,-0.0090088167687571372,0.2749893158016013,0.014442210006482518,0.028425818776952372,0.074276490430494599,0.043798498825271509,-0.0032999999999999987,0,0,0.0065999999999999974,0.004454999999999998,0,-0.0032999999999999987,0,0,0.0065999999999999974,0.004454999999999998,0
338,FRAME,NONE,333,333,3.3300000000000001,RECOVERY,1.1000000000000014,0,0,0,0,0,-0.37075746438977381,0.18962033289311683,-0.069022798967545429,0.45385473321347952,0.013727513904809658,-0.047703857326060958,-0.51391514154427786,-0.20372808470020856,-0.17344903093124145,0.67476063863256941,0.71347978180223681,0.066992236950887574,0.2210507400248182,0.07845706961566426,-0.13911511858883949,0.0055999999999999999,-0.034799999999999998,0.262830237177679,-0.10957958990506667,-0.0077999999999999996,-0.13911511858883949,-0.0055999999999999999,0.034799999999999998,0.262830237177679,-0.10957958990506667,0.0077999999999999996,0,0,0,0,0,0.91787893848002466,-0.12932726356702087,0.10318590650948324,0.85543386281941358,-0.01224055776459072,-0.15181501226027899,0.77467646901026199,0.80218634286160939,0.12995823749073976,-1.0151606359880885,0.22163189506948511,-0.092388410485727532,-0.44326099495122973,-0.09853147958934208,0.012217173728395044,0,0,-0.024434347456790087,-0.016493184533333309,0,0.012217173728395044,0,0,-0.024434347456790087,-0.016493184533333309,0,0,0,0,0,0,-0.32880192389709095,0.031524235972211406,-0.030214327178165506,-0.1435109163596946,0.0045442848098176426,0.0050259760486835049,-0.23044814852040682,-0.25435261940444603,-0.0095960311957133566,0.29291372226278384,0.015383584916265262,0.030278675962566139,0.079117994912606446,0.046653380997858165,-0.0035151012345678925,0,0,0.0070302024691357851,0.0047453866666666549,0,-0.0035151012345678925,0,0,0.0070302024691357851,0.0047453866666666549,0
339,FRAME,NONE,334,334,3.3399999999999999,RECOVERY,1.1000000000000014,0,0,0,0,0,-0.36159127216199954,0.1883269422427421,-0.067980400511186784,0.46237784036533908,0.013614578490334784,-0.049201549997267474,-0.50618603695394226,-0.19569535398107041,-0.17211970895933437,0.66449790234815942,0.71568041153273421,0.065940481560581868,0.21664375888864598,0.077531278470405238,-0.13899312617990123,0.0055999999999999999,-0.034799999999999998,0.26258625235980249,-0.10974427965713333,-0.0077999999999999996,-0.13899312617990123,-0.0055999999999999999,0.034799999999999998,0.26258625235980249,-0.10974427965713333,0.0077999999999999996,0,0,0,0,0,0.91524703833222754,-0.12821014552690863,0.10320589998869073,0.84923351136089542,-0.012221995372405581,-0.14776436796731196,0.77248018418639008,0.79792905053365637,0.12830306778112921,-1.0126284547028168,0.21956261407024372,-0.092022651740280931,-0.43968365266458187,-0.098594304892365009,0.012180951135802474,0,0,-0.024361902271604948,-0.01644428403333334,0,0.012180951135802474,0,0,-0.024361902271604948,-0.01644428403333334,0,0,0,0,0,0,-0.34883376426938578,0.03344481008372889,-0.032055096757052558,-0.15225413700185517,0.0048211396008042131,0.0053321772677302525,-0.24448790981662266,-0.26984873028419754,-0.010180657230870787,0.31075911944804863,0.016320810324632146,0.03212336590956414,0.08393815845021825,0.049495679089974702,-0.0037292543209876627,0,0,0.0074585086419753253,0.0050344933333333446,0,-0.0037292543209876627,0,0,0.0074585086419753253,0.0050344933333333446,0
340,FRAME,NONE,335,335,3.3500000000000001,RECOVERY,1.1000000000000014,0,0,0,0,0,-0.35245173346804004,0.18704502283651894,-0.066938225347065616,0.47083766466072013,0.013501565378498812,-0.050658554103886692,-0.49847927929058977,-0.1877065686214793,-0.17080745787967189,0.65426328964974156,0.71786011096708224,0.064894551594556288,0.21227276469705847,0.076603800235840611,-0.138871506688,0.0055999999999999999,-0.034799999999999998,0.26234301337599997,-0.10990846597119999,-0.0077999999999999996,-0.138871506688,-0.0055999999999999999,0.034799999999999998,0.26234301337599997,-0.10990846597119999,0.0077999999999999996,0,0,0,0,0,0.91255258996248911,-0.12707389434975275,0.10319821669860724,0.84277530413750057,-0.012206025481724406,-0.14367628902455962,0.7701585884136195,0.79358318360458169,0.12661255819018896,-1.0099051062005786,0.21743318856020022,-0.091649319484207098,-0.43602801438360239,-0.0986559727853865,0.012142592000000001,0,0,-0.024285184000000001,-0.016392499200000001,0,0.012142592000000001,0,0,-0.024285184000000001,-0.016392499200000001,0,0,0,0,0,0,-0.36877137193781029,0.035356349534019636,-0.033887207086894244,-0.16095622825668374,0.005096692026404016,0.0056369380715049679,-0.25846162602441686,-0.28527194519430593,-0.010762533099741846,0.32852056927764595,0.017253626887744428,0.033959378165532392,0.088735647234297443,0.05232460659659096,-0.0039424000000000108,0,0,0.0078848000000000217,0.0053222400000000145,0,-0.0039424000000000108,0,0,0.0078848000000000217,0.0053222400000000145,0
341,FRAME,NONE,336,336,3.3599999999999999,RECOVERY,1.1000000000000014,0,0,0,0,0,-0.3433394734883371,0.18577475623182002,-0.065896548648623085,0.47923163863145213,0.013388450124984746,-0.052074499537130461,-0.4907961267095366,-0.17976259752390514,-0.16951264403642008,0.64405874071389457,0.72001828355733377,0.063854546841117646,0.20793853117388028,0.075674641849794,-0.13875028142720988,0.0055999999999999999,-0.034799999999999998,0.26210056285441974,-0.11007212007326667,-0.0077999999999999996,-0.13875028142720988,-0.0055999999999999999,0.034799999999999998,0.26210056285441974,-0.11007212007326667,0.0077999999999999996,0,0,0,0,0,0.90979549782260405,-0.12591950117802719,0.10316257108344346,0.8360615160760354,-0.012192855329888255,-0.1395516364733532,0.76771182258810922,0.78915087464574385,0.12488847677521384,-1.0069910950216348,0.21524418082096522,-0.091268501222480397,-0.43229602090310781,-0.098715915990221809,0.01210210669135804,0,0,-0.02420421338271608,-0.016337844033333351,0,0.01210210669135804,0,0,-0.02420421338271608,-0.016337844033333351,0,0,0,0,0,0,-0.38860920380213998,0.03725832287242356,-0.035710148800099942,-0.16961477074845618,0.0053708654768884617,0.0059401737296975793,-0.27236541213859033,-0.30061797613655944,-0.01134149702783919,0.34619313367183335,0.018181775261763743,0.03578620227805767,0.093509127455813454,0.055139377012677966,-0.0041544790123456861,0,0,0.0083089580246913722,0.0056085466666666757,0,-0.0041544790123456861,0,0,0.0083089580246913722,0.0056085466666666757,0
342,FRAME,NONE,337,337,3.3700000000000001,RECOVERY,1.1000000000000014,0,0,0,0,0,-0.33425511881951397,0.18451631394742868,-0.064855647889118268,0.48755721860946782,0.013275206665355076,-0.053449024997059037,-0.48313783599010873,-0.17186428764078329,-0.16823561514563776,0.63388618840370026,0.72215433868835099,0.062820564272470555,0.20364181264817718,0.074743817016526867,-0.13862947160493827,0.0055999999999999999,-0.034799999999999998,0.26185894320987657,-0.11023521333333332,-0.0077999999999999996,-0.13862947160493827,-0.0055999999999999999,0.034799999999999998,0.26185894320987657,-0.11023521333333332,0.0077999999999999996,0,0,0,0,0,0.90697557365217019,-0.12474795293068552,0.10309870541458875,0.82909463651270698,-0.01218267469563265,-0.13539131369674134,0.76514005626087433,0.78463419330659567,0.12313264279551001,-1.0038870022133894,0.2129962306775478,-0.09088026764508976,-0.42848963879705809,-0.098773537512571036,0.012059506172839516,0,0,-0.024119012345679033,-0.016280333333333345,0,0.012059506172839516,0,0,-0.024119012345679033,-0.016280333333333345,0,0,0,0,0,0,-0.4083417167621442,0.039150198648279982,-0.037523412529078488,-0.17822734510144589,0.0056435833425288774,0.0062417995119979225,-0.28619538315393983,-0.31588253511274145,-0.011917387240675302,0.36377187455086324,0.019104996102851456,0.037603327794726187,0.098257265305734254,0.057939203833205874,-0.0043654320987654201,0,0,0.0087308641975308403,0.0058933333333333164,0,-0.0043654320987654201,0,0,0.0087308641975308403,0.0058933333333333164,0
343,FRAME,NONE,338,338,3.3799999999999999,RECOVERY,1.1000000000000014,0,0,0,0,0,-0.32519929840229805,0.18326985753566294,-0.063815802587103121,0.49581188689136391,0.013161807470510293,-0.054781778437360734,-0.47550566221561441,-0.1640124646488553,-0.16697669976691737,0.62374755746395838,0.72426769245814182,0.061792698187736216,0.19938334379950315,0.073811346498493968,-0.138509098316,0.0055999999999999999,-0.034799999999999998,0.26161819663200003,-0.11039771727339999,-0.0077999999999999996,-0.138509098316,-0.0055999999999999999,0.034799999999999998,0.26161819663200003,-0.11039771727339999,0.0077999999999999996,0,0,0,0,0,0.90409253680276969,-0.12356023070114563,0.10300639027227509,0.82187737308299202,-0.012175655395558172,-0.13119627061463798,0.76244348915201443,0.78003514320493306,0.12134692270774371,-1.0005934858602381,0.21069005723106227,-0.090484672867214247,-0.42461085933607162,-0.098828212352420869,0.012014802000000014,0,0,-0.024029604000000027,-0.016219982700000017,0,0.012014802000000014,0,0,-0.024029604000000027,-0.016219982700000017,0,0,0,0,0,0,-0.4279633677176013,0.041031445410929082,-0.039326488906239521,-0.18679153193993003,0.0059147690135967117,0.0065417306880959708,-0.29994765406526813,-0.33106133412464234,-0.012490041963762922,0.38125185383499571,0.020023030067169333,0.039410244263124991,0.10297872697502994,0.060723300553146106,-0.0045752000000000084,0,0,0.0091504000000000169,0.0061765200000000109,0,-0.0045752000000000084,0,0,0.0091504000000000169,0.0061765200000000109,0
344,FRAME,NONE,339,339,3.3900000000000001,RECOVERY,1.1000000000000014,0,0,0,0,0,-0.31617264444567783,0.1820355386698895,-0.062777294048109028,0.5039931539417466,0.013048223706166285,-0.056072417552377705,-0.46790085843881801,-0.15620957701870583,-0.16573841104550591,0.61365169279259801,0.7263580378571195,0.060778247478002964,0.19516344279144865,0.072873959842196898,-0.13838918253669136,0.0055999999999999999,-0.034799999999999998,0.26137836507338269,-0.11055960357546667,-0.0077999999999999996,-0.13838918253669136,-0.0055999999999999999,0.034799999999999998,0.26137836507338269,-0.11055960357546667,0.0077999999999999996,0,0,0,0,0,0.9011460146486383,-0.12235730818564822,0.1028854249707051,0.81441265555166886,-0.012171950839192798,-0.12696750790753603,0.7596223526459438,0.77535813118812036,0.11953204351078375,-0.99711103488605868,0.20832656527521662,-0.090082556161983254,-0.42066142196884704,-0.098878487568086676,0.011968006320987653,0,0,-0.023936012641975306,-0.016156808533333331,0,0.011968006320987653,0,0,-0.023936012641975306,-0.016156808533333331,0,0,0,0,0,0,-0.44746861356827705,0.042901531709709832,-0.041118868563991544,-0.1953049118881803,0.0061843458803632406,0.006839882527681502,-0.31361833986736953,-0.34615008517404267,-0.013059299422614426,0.39862813344447978,0.020935617810878566,0.041206441230839948,0.10767217865466763,0.063490880667468302,-0.0047837234567901198,0,0,0.0095674469135802395,0.0064580266666666615,0,-0.0047837234567901198,0,0,0.0095674469135802395,0.0064580266666666615,0
345,FRAME,NONE,340,340,3.3999999999999999,RECOVERY,1.1000000000000014,0,0,0,0,0,-0.30717579334634543,0.18081349924703849,-0.061740405102972871,0.5120985606343863,0.012934425395857424,-0.0573206103063525,-0.46032467533322036,-0.14845306433139624,-0.16451658257826979,0.60358647262848086,0.72842427840347146,0.059762701631974634,0.19098360146409032,0.0719383782162938,-0.1382697451188642,0.0055999999999999999,-0.034799999999999998,0.26113949023772837,-0.11072084408953332,-0.0077999999999999996,-0.1382697451188642,-0.0055999999999999999,0.034799999999999998,0.26113949023772837,-0.11072084408953332,0.0077999999999999996,0,0,0,0,0,0.89813554309086319,-0.12114015014534027,0.10273563792744178,0.80670363955735302,-0.012171695643155771,-0.12270608124957688,0.75667691126282066,0.77060000487058056,0.11769237289658409,-0.99344096605670706,0.20590642326755787,-0.089672309160663793,-0.41664391980722015,-0.098925323032596282,0.011919131876543207,0,0,-0.023838263753086415,-0.016090828033333331,0,0.011919131876543207,0,0,-0.023838263753086415,-0.016090828033333331,0,0,0,0,0,0,-0.46685191121394759,0.044759926093962198,-0.042900042134743986,-0.203765065570473,0.0064522373330998832,0.0071361703004444565,-0.32720355555504532,-0.36114450026273109,-0.013624997842742488,0.41589577529957372,0.021842499990140825,0.042991408245457899,0.11233628653561688,0.066241157671143566,-0.0049909432098765348,0,0,0.0099818864197530697,0.0067377733333333217,0,-0.0049909432098765348,0,0,0.0099818864197530697,0.0067377733333333217,0
346,FRAME,NONE,341,341,3.4100000000000001,RECOVERY,1.1000000000000014,0,0,0,0,0,-0.29820938660245849,0.17960387150468921,-0.060705419843216306,0.52012568053038077,0.012820381586996254,-0.058526035505061282,-0.45277836083048412,-0.14074539555735863,-0.16331373674394575,0.59356089817897328,0.73046610773688303,0.058753547937064332,0.18684409675688299,0.071001254727579705,-0.13815080678399999,0.0055999999999999999,-0.034799999999999998,0.26090161356800001,-0.11088141084159998,-0.0077999999999999996,-0.13815080678399999,-0.0055999999999999999,0.034799999999999998,0.26090161356800001,-0.11088141084159998,0.0077999999999999996,0,0,0,0,0,0.89506056716266136,-0.11990971090534167,0.10255688697790837,0.79875371024398767,-0.012175005304848181,-0.11841310553051403,0.75360746410153556,0.76576510219003335,0.11582865418942967,-0.9895839132876757,0.20343070528285434,-0.089254767902827797,-0.41256013280804738,-0.098967185901932792,0.011868191999999998,0,0,-0.023736383999999996,-0.016022059199999997,0,0.011868191999999998,0,0,-0.023736383999999996,-0.016022059199999997,0,0,0,0,0,0,-0.48610771755438614,0.046606097113025872,-0.044669500250906033,-0.21216957361108305,0.0067183667620780187,0.0074305092760747274,-0.34069941612309484,-0.37604029139249406,-0.014186975449659703,0.43304984132053315,0.022743417261117647,0.044764634854565409,0.11696971680884659,0.068973345059142613,-0.0051968000000000023,0,0,0.010393600000000005,0.0070156800000000033,0,-0.0051968000000000023,0,0,0.010393600000000005,0.0070156800000000033,0
347,FRAME,NONE,342,342,3.4199999999999999,RECOVERY,1.1000000000000014,0,0,0,0,0,-0.28927407172068909,0.17840677815228173,-0.0596726233538874,0.5280721221919199,0.012706060519499752,-0.059688383409496691,-0.44526315974440656,-0.13308731929525311,-0.16213012060892018,0.58357685369764567,0.73248297904701398,0.057750871574643786,0.18274558121805601,0.070062640809314777,-0.13803238811728394,0.0055999999999999999,-0.034799999999999998,0.26066477623456791,-0.11104127604166666,-0.0077999999999999996,-0.13803238811728394,-0.0055999999999999999,0.034799999999999998,0.26066477623456791,-0.11104127604166666,0.0077999999999999996,0,0,0,0,0,0.89192044174456009,-0.11866693289396962,0.10234905963595467,0.79056648574893407,-0.012181975935925529,-0.11408975904453905,0.7504143462498758,0.76085513632252255,0.11394289862382678,-0.98554084690948396,0.20090046112011214,-0.088829924069116106,-0.40841214024203359,-0.099003357943369757,0.011815200617283956,0,0,-0.023630401234567912,-0.015950520833333343,0,0.011815200617283956,0,0,-0.023630401234567912,-0.015950520833333343,0,0,0,0,0,0,-0.50523048948936433,0.048439513316240392,-0.046426733544886717,-0.22051601663428472,0.0069826575575690037,0.0077228147242621847,-0.35410203656631639,-0.39083317056511668,-0.014745070468878615,0.45008539342761222,0.023638110279970488,0.046525610605748904,0.12157113566532525,0.071686656326435894,-0.0054012345679012542,0,0,0.010802469135802508,0.0072916666666666928,0,-0.0054012345679012542,0,0,0.010802469135802508,0.0072916666666666928,0
348,FRAME,NONE,343,343,3.4300000000000002,RECOVERY,1.1000000000000014,0,0,0,0,0,-0.28037050311539541,0.17722233251596944,-0.058642301444263058,0.53593553153014251,0.012591429796503689,-0.060807356391229937,-0.43778031338184481,-0.12547956650876396,-0.16096596025192503,0.57363621129931075,0.73447435591131427,0.05675475575017256,0.17868868687308614,0.069122596117393034,-0.137914509561679,0.0055999999999999999,-0.034799999999999998,0.26042901912335803,-0.11120041209173333,-0.0077999999999999996,-0.137914509561679,-0.0055999999999999999,0.034799999999999998,0.26042901912335803,-0.11120041209173333,0.0077999999999999996,0,0,0,0,0,0.88871443239928527,-0.11741274522519118,0.10211207330147683,0.78214582051481829,-0.012192684055713065,-0.10973728762250831,0.74709793015771531,0.75587174339800645,0.11203714204895487,-0.98131281578445562,0.19831682551437141,-0.088397754897404382,-0.4042020410537841,-0.09903310268265085,0.011760172246913581,0,0,-0.023520344493827162,-0.015876232533333333,0,0.011760172246913581,0,0,-0.023520344493827162,-0.015876232533333333,0,0,0,0,0,0,-0.52421468391865078,0.050259643252945005,-0.0481712326490948,-0.22880197526435103,0.0072450331098441543,0.0080130019146966523,-0.36740753187950603,-0.40551884978238184,-0.015299121125911684,0.46699749354106262,0.024526319702860677,0.048273825046594533,0.12613920929602065,0.074380304967993471,-0.0056041876543209898,0,0,0.01120837530864198,0.0075656533333333369,0,-0.0056041876543209898,0,0,0.01120837530864198,0.0075656533333333369,0
349,FRAME,NONE,344,344,3.4399999999999999,RECOVERY,1.1000000000000014,0,0,0,0,0,-0.27149934299863659,0.17605063869662269,-0.057614740376798874,0.54371359418501186,0.012476456556672956,-0.061882669628658113,-0.43033105914104763,-0.11792285134090481,-0.15982146051317364,0.56374083015987697,0.73643971314917667,0.055765281836293486,0.17467402502734927,0.068181188696105288,-0.137797191412,0.0055999999999999999,-0.034799999999999998,0.26019438282399998,-0.11135879159379999,-0.0077999999999999996,-0.137797191412,-0.0055999999999999999,0.034799999999999998,0.26019438282399998,-0.11135879159379999,0.0077999999999999996,0,0,0,0,0,0.8854417163371141,-0.11614806232728969,0.10184587541612813,0.77349580838978027,-0.012207186444596665,-0.10535700868260273,0.74365862696930274,0.75081648120735023,0.11011344000590578,-0.97690094738622613,0.1956810185985253,-0.087958223794042542,-0.39993195287255962,-0.099055667543843623,0.011703121999999991,0,0,-0.023406243999999982,-0.015799214699999987,0,0.011703121999999991,0,0,-0.023406243999999982,-0.015799214699999987,0,0,0,0,0,0,-0.54305475774202183,0.052065955472479698,-0.049902488195939732,-0.23702503012555828,0.0075054168091748912,0.008300986117068072,-0.38061201705746533,-0.42009304104607825,-0.015848965646271591,0.48378120358114268,0.025407786185949886,0.050008767724689131,0.13067260389190241,0.077053504478786478,-0.0058055999999999924,0,0,0.011611199999999985,0.0078375599999999882,0,-0.0058055999999999924,0,0,0.011611199999999985,0.0078375599999999882,0
350,FRAME,NONE,345,345,3.4500000000000002,RECOVERY,1.1000000000000014,0,0,0,0,0,-0.26266126225973296,0.17489179174045338,-0.056590226594707721,0.55140403793507375,0.012361107647631406,-0.062914051843320065,-0.42291663009789338,-0.11041787194113878,-0.15869680479587919,0.5538925557202472,0.73837853768035833,0.054782529513936716,0.17070218607808954,0.067238495120280573,-0.13768045380898764,0.0055999999999999999,-0.034799999999999998,0.2599609076179753,-0.11151638735786666,-0.0077999999999999996,-0.13768045380898764,-0.0055999999999999999,0.034799999999999998,0.2599609076179753,-0.11151638735786666,0.0077999999999999996,0,0,0,0,0,0.88210138352332979,-0.11487378262060366,0.10155044356816988,0.76462078547870771,-0.01222552005734962,-0.10095031517325964,0.74009688781101335,0.74569082825126165,0.10817386271697914,-0.97230644779976061,0.19299434611912006,-0.087511280998251187,-0.39560401102608478,-0.099070286036724714,0.01164406558024691,0,0,-0.02328813116049382,-0.015719488533333329,0,0.01164406558024691,0,0,-0.02328813116049382,-0.015719488533333329,0,0,0,0,0,0,-0.56174516785925122,0.053857918524184208,-0.051619990817830745,-0.24518276184218168,0.0077637320458326014,0.008586682601066346,-0.39371160709499398,-0.4345514563579928,-0.016394442255470949,0.50043158546810851,0.026282250385399678,0.051729928187619324,0.13516998564393956,0.079705468353785697,-0.0060054123456790218,0,0,0.012010824691358044,0.0081073066666666801,0,-0.0060054123456790218,0,0,0.012010824691358044,0.0081073066666666801,0
351,FRAME,NONE,346,346,3.46,RECOVERY,1.1000000000000014,0,0,0,0,0,-0.25385694133281494,0.17374587782171214,-0.055569046448541846,0.55900463513423371,0.0122453498000216,-0.063901246074931833,-0.41553825458051896,-0.10296531130166496,-0.15759215492095061,0.54409321889509521,0.74029032938515926,0.053806576910875099,0.16677373933573278,0.066294600613366575,-0.13756431673338271,0.0055999999999999999,-0.034799999999999998,0.25972863346676545,-0.11167317240993332,-0.0077999999999999996,-0.13756431673338271,-0.0055999999999999999,0.034799999999999998,0.25972863346676545,-0.11167317240993332,0.0077999999999999996,0,0,0,0,0,0.87869243794052732,-0.11359078724715087,0.10122578554751105,0.7555253327051259,-0.012247701996224046,-0.096518679380558345,0.73641320503119168,0.74049618313832311,0.10622049000814099,-0.96753060164146543,0.1902581993983386,-0.087056864296583103,-0.39122036755345529,-0.099076179984130611,0.01158301928395061,0,0,-0.023166038567901219,-0.015637076033333322,0,0.01158301928395061,0,0,-0.023166038567901219,-0.015637076033333322,0,0,0,0,0,0,-0.580280371170107,0.055635000957397734,-0.053323231147176541,-0.25327275103849395,0.0080199022100885912,0.0088700066363812877,-0.40670241698688769,-0.44888980771990777,-0.016935389179022192,0.51694370112221122,0.027149452957371346,0.053436795982971207,0.13963002074309971,0.082335410087961067,-0.0062035654320987512,0,0,0.012407130864197502,0.0083748133333333141,0,-0.0062035654320987512,0,0,0.012407130864197502,0.0083748133333333141,0
352,FRAME,NONE,347,347,3.4700000000000002,RECOVERY,1.1000000000000014,0,0,0,0,0,-0.24508707105082211,0.17261297443689991,-0.054551485922138258,0.56651320517260217,0.012129149801710509,-0.064844010493757653,-0.40819715573290677,-0.095565838099202355,-0.15650765103549663,0.5343446352873682,0.74217460196377782,0.052837500737219829,0.16288923285458226,0.065349599141154749,-0.13744880000000001,0.0055999999999999999,-0.034799999999999998,0.25949759999999999,-0.11182911999999998,-0.0077999999999999996,-0.13744880000000001,-0.0055999999999999999,0.034799999999999998,0.25949759999999999,-0.11182911999999998,0.0077999999999999996,0,0,0,0,0,0.8752137990192157,-0.11229993885477375,0.10087193935195062,0.74621427804188412,-0.012273729543605852,-0.092063656571317237,0.73260811338901122,0.73523386433772464,0.10425540618626125,-0.96257477189939122,0.1874740550352304,-0.086594899784136148,-0.3867831902130261,-0.099072561781599427,0.011520000000000011,0,0,-0.023040000000000022,-0.015552000000000014,0,0.011520000000000011,0,0,-0.023040000000000022,-0.015552000000000014,0,0,0,0,0,0,-0.59865482457436747,0.057396671321460459,-0.055011699816386768,-0.26129257833877234,0.0082738506922143129,0.0091508734927028702,-0.4195805617279495,-0.4631038071336136,-0.017471644642438066,0.53331261246371098,0.028009134558026668,0.055128860658331807,0.14405137538035301,0.084942543176284038,-0.0064000000000000055,0,0,0.012800000000000011,0.008640000000000007,0,-0.0064000000000000055,0,0,0.012800000000000011,0.008640000000000007,0
353,FRAME,NONE,348,348,3.48,RECOVERY,1.1000000000000014,0,0,0,0,0,-0.23635235348412315,0.171493150609902,-0.053537830358289344,0.5739276169577181,0.012012474671657126,-0.065742119248409239,-0.40089455106796285,-0.088220044563880606,-0.15544331052402047,0.52464829844428551,0.74403087061232476,0.05187506205396087,0.15904921000296551,0.064403735870258549,-0.13733392325180246,0.0055999999999999999,-0.034799999999999998,0.2592678465036049,-0.11198420361006667,-0.0077999999999999996,-0.13733392325180246,-0.0055999999999999999,0.034799999999999998,0.2592678465036049,-0.11198420361006667,0.0077999999999999996,0,0,0,0,0,0.87166430325100264,-0.11100208043842405,0.10048897314561948,0.73669269836631579,-0.012303580253902473,-0.087586888441739563,0.72868219118954802,0.72990500450703288,0.10228073610707517,-0.95744040958964449,0.18464347055726008,-0.086125270986749561,-0.38229467325889382,-0.099058666926517991,0.011455025209876542,0,0,-0.022910050419753084,-0.015464284033333331,0,0.011455025209876542,0,0,-0.022910050419753084,-0.015464284033333331,0,0,0,0,0,0,-0.61686298497179837,0.059142398165711339,-0.056684887457869912,-0.26923982436728844,0.008525500882481038,0.009429198439720874,-0.43234215631297335,-0.47718916660089084,-0.01800304687123094,0.54953338141285668,0.028861035843526828,0.056805611761287012,0.1484327157466665,0.08752608111372423,-0.0065946567901234389,0,0,0.013189313580246878,0.0089027866666666414,0,-0.0065946567901234389,0,0,0.013189313580246878,0.0089027866666666414,0
354,FRAME,NONE,349,349,3.4900000000000002,RECOVERY,1.1000000000000014,0,0,0,0,0,-0.22765350276193452,0.17038646710743646,-0.052528364184493449,0.58124579141229815,0.011895291832961478,-0.066595363347074152,-0.39363165201068262,-0.080928532380405996,-0.15439915566638568,0.51500577046514417,0.74585867082938639,0.050919110113159145,0.15525418669000074,0.063457223748827257,-0.13721970595397531,0.0055999999999999999,-0.034799999999999998,0.2590394119079506,-0.11213839696213333,-0.0077999999999999996,-0.13721970595397531,-0.0055999999999999999,0.034799999999999998,0.2590394119079506,-0.11213839696213333,0.0077999999999999996,0,0,0,0,0,0.86804270599937539,-0.10969803424105411,0.10007698517053872,0.72696592089410261,-0.012337212104305014,-0.083090106340609537,0.72463606136263292,0.7245106876585935,0.10029858273705163,-0.95212904053144043,0.18176808890283569,-0.085647861920442964,-0.37775702089721303,-0.099033715441157757,0.011388112987654323,0,0,-0.022776225975308647,-0.015373952533333337,0,0.011388112987654323,0,0,-0.022776225975308647,-0.015373952533333337,0,0,0,0,0,0,-0.63489930926217886,0.060871650039490639,-0.058342284704035692,-0.27711206974831987,0.0087747761711602298,0.0097048967471252811,-0.44498331573676286,-0.49114159812353042,-0.018529434090913583,0.56560106988990921,0.029704897470033634,0.058466538839423932,0.15277270803301049,0.090085237395253176,-0.0067874765432098944,0,0,0.013574953086419789,0.0091630933333333563,0,-0.0067874765432098944,0,0,0.013574953086419789,0.0091630933333333563,0
355,FRAME,NONE,350,350,3.5,RECOVERY,1.1000000000000014,0,0,0,0,0,-0.21899124587441879,0.16929297666419993,-0.051523370639129443,0.58846570398394682,0.011777569284605941,-0.067403551569665154,-0.38640966343198374,-0.07369203832122731,-0.15337542655486253,0.50541931863389011,0.74765758603209898,0.049970234995975624,0.15150461766665435,0.062509948883566854,-0.13710616738799999,0.0055999999999999999,-0.034799999999999998,0.25881233477599996,-0.11229167402619999,-0.0077999999999999996,-0.13710616738799999,-0.0055999999999999999,0.034799999999999998,0.25881233477599996,-0.11229167402619999,0.0077999999999999996,0,0,0,0,0,0.86434768352362923,-0.10838860071649581,0.099636103612177104,0.71703952414440131,-0.012374563703961195,-0.078575134235121441,0.72047039248326095,0.71905216817266238,0.098310942918035826,-0.9466422447936067,0.17884964455792454,-0.085162621530599975,-0.3731724222800899,-0.098996854447633606,0.011319281999999998,0,0,-0.022638563999999996,-0.015281030699999996,0,0.011319281999999998,0,0,-0.022638563999999996,-0.015281030699999996,0,0,0,0,0,0,-0.65275825434527401,0.062583895492137262,-0.059983382187292544,-0.28490689510613804,0.0090215999485231541,0.0099778836846058632,-0.45750015499411156,-0.50495681370331247,-0.01905064452699835,0.58151073981511714,0.030540460093708241,0.060111131440328369,0.15707001843035195,0.092619225515840439,-0.006978399999999994,0,0,0.013956799999999988,0.0094208399999999911,0,-0.006978399999999994,0,0,0.013956799999999988,0.0094208399999999911,0
356,FRAME,NONE,351,351,3.5099999999999998,RECOVERY,1.1000000000000014,0,0,0,0,0,-0.21036632345332601,0.16821272421705757,-0.050523131498409687,0.59558538716200848,0.011659275771416993,-0.068166511408247976,-0.37922978317382461,-0.066511183627089687,-0.15237217754430038,0.49589069257474627,0.74942719541997771,0.049028512177509885,0.14780096336681331,0.061562039187267638,-0.13699332664572839,0.0055999999999999999,-0.034799999999999998,0.2585866532914568,-0.11244400902826665,-0.0077999999999999996,-0.13699332664572839,-0.0055999999999999999,0.034799999999999998,0.2585866532914568,-0.11244400902826665,0.0077999999999999996,0,0,0,0,0,0.86057783523194942,-0.10707455755663221,0.099166486419795863,0.70691933838780652,-0.012415554561049973,-0.074043891386776431,0.71618589973176372,0.71353044953281486,0.0963198666939801,-0.9409816956990682,0.17588994703813268,-0.084669438099998703,-0.36854309752828973,-0.098947281197453801,0.011248551506172847,0,0,-0.022497103012345695,-0.015185544533333345,0,0.011248551506172847,0,0,-0.022497103012345695,-0.015185544533333345,0,0,0,0,0,0,-0.67043427712086345,0.064278603072991519,-0.06160767054005023,-0.29262188106502074,0.0092658956048412792,0.010248074521852613,-0.46988878907982345,-0.51863052534202836,-0.019566516404998017,0.59725745310874168,0.031367464370712486,0.061738879111587507,0.16132331312966125,0.095127258970457609,-0.0071673679012345635,0,0,0.014334735802469127,0.0096759466666666606,0,-0.0071673679012345635,0,0,0.014334735802469127,0.0096759466666666606,0
357,FRAME,NONE,352,352,3.52,RECOVERY,1.1000000000000014,0,0,0,0,0,-0.20177949052872543,0.16714574714763289,-0.049527926804448709,0.60260293299598444,0.011540380951754633,-0.068884090032562864,-0.37209320156621767,-0.059386579489339911,-0.1513894416323214,0.48642162276614131,0.75116709657860381,0.048094016300919695,0.14414366206144388,0.060613631418467991,-0.13688120262345679,0.0055999999999999999,-0.034799999999999998,0.25836240524691356,-0.11259537645833333,-0.0077999999999999996,-0.13688120262345679,-0.0055999999999999999,0.034799999999999998,0.25836240524691356,-0.11259537645833333,0.0077999999999999996,0,0,0,0,0,0.85673168618002082,-0.10575665878504302,0.098668321082279672,0.69661144552773135,-0.012460085407173558,-0.069498394704334707,0.71178334579218816,0.70794645911875975,0.0943273830485543,-0.93514914300072494,0.17289088558354226,-0.084168192608816889,-0.36387127726355573,-0.098884195068671563,0.01117594135802469,0,0,-0.02235188271604938,-0.015087520833333331,0,0.01117594135802469,0,0,-0.02235188271604938,-0.015087520833333331,0,0,0,0,0,0,-0.68792183448871536,0.065955241331392606,-0.06321464039471747,-0.30025460824924066,0.0095075865303859124,0.010515384528555343,-0.48214533298869411,-0.53215844504146048,-0.020076887950425028,0.61283627169103405,0.03218565095720767,0.063349271400787416,0.1655312583219061,0.097608551254074666,-0.0073543209876543057,0,0,0.014708641975308611,0.0099283333333333133,0,-0.0073543209876543057,0,0,0.014708641975308611,0.0099283333333333133,0
358,FRAME,NONE,353,353,3.5299999999999998,RECOVERY,1.1000000000000014,0,0,0,0,0,-0.1932315172593935,0.16609207553260824,-0.048538034594800494,0.60951649560978804,0.011420855562462251,-0.069556155277377976,-0.36500110093676946,-0.052318827844565784,-0.15042723069599018,0.4770138198020667,0.75287690626716841,0.047166821280081393,0.1405331297541173,0.059664871127886168,-0.136769814016,0.0055999999999999999,-0.034799999999999998,0.25813962803199997,-0.1127457510784,-0.0077999999999999996,-0.136769814016,-0.0055999999999999999,0.034799999999999998,0.25813962803199997,-0.1127457510784,0.0077999999999999996,0,0,0,0,0,0.85280768983158728,-0.10443563391922635,0.098141824360096469,0.68612217836563716,-0.012508038578404134,-0.064940760740640882,0.70726354168771022,0.70230105011732158,0.092335494976062554,-0.92914641225908889,0.16985442720816046,-0.083658759696705914,-0.35915920150872949,-0.098806799859330413,0.011101472000000001,0,0,-0.022202944000000002,-0.014986987200000001,0,0.011101472000000001,0,0,-0.022202944000000002,-0.014986987200000001,0,0,0,0,0,0,-0.70521538334860567,0.0676132788166805,-0.064803782383703684,-0.30780265728307415,0.0097465961154284721,0.010779728974403994,-0.49426590171552509,-0.54553628480339744,-0.020581597388792065,0.62824225748225226,0.032994760509355459,0.064941797855514946,0.16969252019805603,0.10006231586166271,-0.0075392000000000159,0,0,0.015078400000000032,0.010177920000000021,0,-0.0075392000000000159,0,0,0.015078400000000032,0.010177920000000021,0
359,FRAME,NONE,354,354,3.54,RECOVERY,1.1000000000000014,0,0,0,0,0,-0.184723189634067,0.16505173240105539,-0.047553730633806586,0.61632429370524278,0.011300671580588919,-0.070182596647820658,-0.35795465511336599,-0.045308522148151648,-0.14948553577978871,0.46766897366402399,0.75455626118547814,0.046247000396133706,0.13696976008756642,0.058715912580741297,-0.13665917931076543,0.0055999999999999999,-0.034799999999999998,0.25791835862153084,-0.11289510793046667,-0.0077999999999999996,-0.13665917931076543,-0.0055999999999999999,0.034799999999999998,0.25791835862153084,-0.11289510793046667,0.0077999999999999996,0,0,0,0,0,0.8488042310973769,-0.10311218720339356,0.097587241973905905,0.67545811920057197,-0.012559278452246704,-0.060373207300321426,0.70262734755218204,0.69659500377928274,0.090346174662166559,-0.9229754041500654,0.16678261447078546,-0.083141008644516484,-0.35440911855698304,-0.098714306059332693,0.011025164469135807,0,0,-0.022050328938271614,-0.014883972033333338,0,0.011025164469135807,0,0,-0.022050328938271614,-0.014883972033333338,0,0,0,0,0,0,-0.72230938060029959,0.069252184078194085,-0.066374587139417324,-0.31526360879079252,0.0099828477502402237,0.011041023129088334,-0.50624661025510986,-0.55875975662961941,-0.021080482945611472,0.64347047240264488,0.033794533683317002,0.066515948023355906,0.17380576494907798,0.1024877662881913,-0.0077219456790123308,0,0,0.015443891358024662,0.010424626666666647,0,-0.0077219456790123308,0,0,0.015443891358024662,0.010424626666666647,0
360,FRAME,NONE,355,355,3.5499999999999998,RECOVERY,1.1000000000000014,0,0,0,0,0,-0.17625531014077345,0.16402473399809006,-0.046575288146105287,0.62302461304804468,0.011179802381411884,-0.070763326338710797,-0.35095502892064406,-0.038356248123173953,-0.14856432743365536,0.45838875300413512,0.75620481871757605,0.045334626387591809,0.1334539242616411,0.057766918655300113,-0.13654931678182713,0.0055999999999999999,-0.034799999999999998,0.2576986335636543,-0.11304342234453334,-0.0077999999999999996,-0.13654931678182713,-0.0055999999999999999,0.034799999999999998,0.2576986335636543,-0.11304342234453334,0.0077999999999999996,0,0,0,0,0,0.84471962966856373,-0.10178699691374159,0.097004848250271974,0.66462609771403991,-0.012613651939697964,-0.055798054625570817,0.69787567333730505,0.69082903201377788,0.088361358795283867,-0.91663809370584326,0.16367756296983882,-0.08261480437151493,-0.34962328380749153,-0.098605933093484935,0.010947040395061738,0,0,-0.021894080790123477,-0.014778504533333346,0,0.010947040395061738,0,0,-0.021894080790123477,-0.014778504533333346,0,0,0,0,0,0,-0.7391982831435806,0.07087142566527406,-0.067926545294268489,-0.32263504339667526,0.010216264825092691,0.011299182262298417,-0.5180835736022551,-0.57182457252192065,-0.021573382846396153,0.65851597837247655,0.034584711135254319,0.068071211451897817,0.17786965876594332,0.10488411602863257,-0.0079024987654321265,0,0,0.015804997530864253,0.010668373333333371,0,-0.0079024987654321265,0,0,0.015804997530864253,0.010668373333333371,0
361,FRAME,NONE,356,356,3.5600000000000001,RECOVERY,1.1000000000000014,0,0,0,0,0,-0.16782869840117268,0.16301109005412792,-0.045602977552660427,0.62961580892872449,0.011058222892286598,-0.071298280263479466,-0.34400337767086653,-0.031462584481152363,-0.14766355609959683,0.44917480443994345,0.7578222576491741,0.044429771533744396,0.12998597096306441,0.056818060718053467,-0.136440244484,0.0055999999999999999,-0.034799999999999998,0.25748048896800002,-0.11319066994659999,-0.0077999999999999996,-0.136440244484,-0.0055999999999999999,0.034799999999999998,0.25748048896800002,-0.11319066994659999,0.0077999999999999996,0,0,0,0,0,0.84055214366038533,-0.10046071473799392,0.096394945724845554,0.65363318809257942,-0.012670989031484409,-0.051217726128215998,0.69300947945516589,0.68500378031031928,0.086382944028786754,-0.91013652949203894,0.16054145856590757,-0.082080008443907726,-0.34480395856527035,-0.098480911528765133,0.010867121999999984,0,0,-0.021734243999999969,-0.014670614699999978,0,0.010867121999999984,0,0,-0.021734243999999969,-0.014670614699999978,0,0,0,0,0,0,-0.75587654787821146,0.072470472127259086,-0.069459147480665409,-0.32991454172499274,0.010446770730257108,0.011554121643723974,-0.52977290675175281,-0.58472644448207944,-0.022060135316658385,0.67337383731199374,0.035365033521328464,0.069607077688726274,0.18188286783961841,0.10725057857795575,-0.0080808000000000234,0,0,0.016161600000000047,0.010909080000000031,0,-0.0080808000000000234,0,0,0.016161600000000047,0.010909080000000031,0
362,FRAME,NONE,357,357,3.5699999999999998,RECOVERY,1.1000000000000014,0,0,0,0,0,-0.15944419176677183,0.16201080405901649,-0.044637066209660826,0.63609630859080202,0.010935909741847345,-0.071787419087986221,-0.33710084664982903,-0.024628103611313387,-0.14678315254517219,0.44002875186138535,0.75940827885624662,0.043532507731070216,0.12656622630733702,0.055869518475999559,-0.13633198024691359,0.0055999999999999999,-0.034799999999999998,0.25726396049382716,-0.11333682666666665,-0.0077999999999999996,-0.13633198024691359,-0.0055999999999999999,0.034799999999999998,0.25726396049382716,-0.11333682666666665,0.0077999999999999996,0,0,0,0,0,0.83629997358087194,-0.099133965230906618,0.09575786470330927,0.64248670534217867,-0.012731103397443749,-0.046634748637262705,0.6880297773562839,0.67911983097681727,0.084412782613275339,-0.90347283272468104,0.15737655433725387,-0.08153648009050643,-0.33995340880335778,-0.098338485239023499,0.010785432098765438,0,0,-0.021570864197530876,-0.01456033333333334,0,0.010785432098765438,0,0,-0.021570864197530876,-0.01456033333333334,0,0,0,0,0,0,-0.77233863170396533,0.074048792013488865,-0.070971884331017254,-0.33709968440001992,0.010674288856004849,0.011805756543054899,-0.54131072469840213,-0.59746108451188218,-0.022540578581910761,0.688039111141452,0.036135241497700955,0.07112303628142784,0.18584405836107207,0.10958636743113151,-0.0082567901234567691,0,0,0.016513580246913538,0.01114666666666664,0,-0.0082567901234567691,0,0,0.016513580246913538,0.01114666666666664,0
363,FRAME,NONE,358,358,3.5800000000000001,RECOVERY,1.1000000000000014,0,0,0,0,0,-0.15110264587367486,0.16102387354029529,-0.043677818150663503,0.64246461361779095,0.01081284140409656,-0.072230729264245438,-0.3302485705984155,-0.017853372235177578,-0.14592302834194631,0.43095219575037624,0.76096260596219867,0.042642906562451496,0.12319499379314972,0.054921479806582171,-0.1362245416690864,0.0055999999999999999,-0.034799999999999998,0.25704908333817283,-0.11348186874673333,-0.0077999999999999996,-0.1362245416690864,-0.0055999999999999999,0.034799999999999998,0.25704908333817283,-0.11348186874673333,0.0077999999999999996,0,0,0,0,0,0.83196126663857861,-0.097807345347314181,0.095093962780318328,0.63119420075109267,-0.01279379303791299,-0.042051752132626331,0.68293763004352948,0.67317770668049048,0.082452678217228459,-0.89664919633077766,0.15418516727479178,-0.080984077221401926,-0.33507390388601654,-0.098177913520667071,0.010701994098765429,0,0,-0.021403988197530859,-0.014447692033333327,0,0.010701994098765429,0,0,-0.021403988197530859,-0.014447692033333327,0,0,0,0,0,0,-0.7885789915206235,0.07560585387330386,-0.07246424647773396,-0.34418805204603542,0.010898742592607409,0.012054002229981209,-0.5526931424370084,-0.61002420461312157,-0.023014550867666114,0.7025068617811141,0.036895075720533715,0.07261857677758983,0.18975189652127522,0.11189069608313172,-0.008430409876543225,0,0,0.01686081975308645,0.011381053333333354,0,-0.008430409876543225,0,0,0.01686081975308645,0.011381053333333354,0
364,FRAME,NONE,359,359,3.5899999999999999,RECOVERY,1.1000000000000014,0,0,0,0,0,-0.14280493515244047,0.16005029034483118,-0.042725493832347049,0.64871930227037244,0.010688998336914488,-0.072628224058786051,-0.32344767319040446,-0.011138952023343833,-0.1450830763868669,0.42194671251338495,0.76248498596090009,0.041761039359002064,0.1198725542697978,0.053974140565892392,-0.13611794611199998,0.0055999999999999999,-0.034799999999999998,0.25683589222399994,-0.11362577274880001,-0.0077999999999999996,-0.13611794611199998,-0.0055999999999999999,0.034799999999999998,0.25683589222399994,-0.11362577274880001,0.0077999999999999996,0,0,0,0,0,0.82753412140203442,-0.09648142405417405,0.094403624316625565,0.61976345646086506,-0.012858840985830533,-0.037471468937707378,0.67773415252269287,0.66717787427714481,0.080504381953309945,-0.88966788395658714,0.15096967472431738,-0.080422657445570866,-0.33016771525202526,-0.097998473153119159,0.010616831999999986,0,0,-0.021233663999999972,-0.014332723199999979,0,0.010616831999999986,0,0,-0.021233663999999972,-0.014332723199999979,0,0,0,0,0,0,-0.80459208422795025,0.0771411262560429,-0.07393572455322385,-0.35117722528731021,0.011120055330336042,0.012298773974192665,-0.56391627496236441,-0.622411516787577,-0.023481890399436774,0.71677215115122794,0.037644276845987867,0.07409318872479799,0.19360504851119453,0.11416277802892581,-0.0086016000000000131,0,0,0.017203200000000026,0.011612160000000017,0,-0.0086016000000000131,0,0,0.017203200000000026,0.011612160000000017,0
365,FRAME,NONE,360,360,3.6000000000000001,RECOVERY,1.1000000000000014,0,0,0,0,0,-0.13455195328944577,0.15909004092306578,-0.041780349884260506,0.65485903176453852,0.010564363114530875,-0.072979944570051594,-0.31669926650712033,-0.0044854001715943989,-0.14426317146428061,0.41301385382734718,0.7639751898031939,0.040886977254338791,0.11659916591795552,0.05302770437579446,-0.13601221069417282,0.0055999999999999999,-0.034799999999999998,0.25662442138834568,-0.11376851556286666,-0.0077999999999999996,-0.13601221069417282,-0.0055999999999999999,0.034799999999999998,0.25662442138834568,-0.11376851556286666,0.0077999999999999996,0,0,0,0,0,0.82301659282200967,-0.095156742022942012,0.093687259874537368,0.60820247910911207,-0.012926016058123784,-0.032896732345820939,0.67242051219068266,0.66112074891282302,0.078569588626363138,-0.88253122892781344,0.14773251058521875,-0.079852079083410507,-0.32523711505782876,-0.097799460398200144,0.010529970395061728,0,0,-0.021059940790123455,-0.014215460033333332,0,0.010529970395061728,0,0,-0.021059940790123455,-0.014215460033333332,0,0,0,0,0,0,-0.82037236672571745,0.078654077711045531,-0.075385809189896,-0.35806478474811859,0.011338150459462107,0.012539987045379135,-0.57497623726926872,-0.63461873303703376,-0.023942435402735284,0.73083004117204764,0.038382585530224868,0.075546361670638759,0.19740218052179856,0.11640182676348426,-0.0087703012345678941,0,0,0.017540602469135788,0.011839906666666657,0,-0.0087703012345678941,0,0,0.017540602469135788,0.011839906666666657,0
366,FRAME,NONE,361,361,3.6099999999999999,RECOVERY,1.1000000000000014,0,0,0,0,0,-0.12634461363612604,0.15814310661509159,-0.040842638862946208,0.66088254048144479,0.010438920553514952,-0.073285960729190719,-0.31000445050949471,0.0021067300664623623,-0.1434631708462219,0.40415514599916491,0.76543301294442112,0.040020791231189026,0.11337506424424436,0.052082382390721646,-0.13590735228523457,0.0055999999999999999,-0.034799999999999998,0.25641470457046911,-0.11391007441493332,-0.0077999999999999996,-0.13590735228523457,-0.0055999999999999999,0.034799999999999998,0.25641470457046911,-0.11391007441493332,0.0077999999999999996,0,0,0,0,0,0.81840669762588658,-0.093833811403458686,0.09294530561186512,0.59651949251233216,-0.012995073654768423,-0.028330474658221055,0.6669979291626823,0.65500669838064129,0.07664993321792557,-0.8752416331662648,0.144476161276065,-0.079272202170297623,-0.32028437478067207,-0.097580192932895327,0.010441434469135799,0,0,-0.020882868938271598,-0.014095936533333329,0,0.010441434469135799,0,0,-0.020882868938271598,-0.014095936533333329,0,0,0,0,0,0,-0.83591429591370392,0.080144176787651997,-0.076813991020160094,-0.36484831105273807,0.01155295137025706,0.0127775567132306,-0.58586914435252446,-0.64664156536328266,-0.024396024103074412,0.74467559376383408,0.03910974242940652,0.076977585162699216,0.20114195874405758,0.11860705578177858,-0.0089364543209876496,0,0,0.017872908641975299,0.012064213333333327,0,-0.0089364543209876496,0,0,0.017872908641975299,0.012064213333333327,0
367,FRAME,NONE,362,362,3.6200000000000001,RECOVERY,1.1000000000000014,0,0,0,0,0,-0.11818384956231352,0.15720946393778623,-0.039912609010845916,0.6667886500989838,0.01031265783183,-0.073546372278084526,-0.3033643125081254,0.008636888892664037,-0.14268291492835927,0.39537208933907414,0.766858275850826,0.039162552160227175,0.11020046208994748,0.051138393044910017,-0.13580338750000001,0.0055999999999999999,-0.034799999999999998,0.256206775,-0.11405042687499997,-0.0077999999999999996,-0.13580338750000001,-0.0055999999999999999,0.034799999999999998,0.256206775,-0.11405042687499997,0.0077999999999999996,0,0,0,0,0,0.8137024200913987,-0.092513115680402436,0.092178222634526893,0.58472292936215631,-0.013065756603733752,-0.023775724614694113,0.66146767653987271,0.6488360477144276,0.074746987620651503,-0.86780156606765613,0.14120316147877121,-0.078682889447415888,-0.31531176378255937,-0.097340011710359206,0.010351250000000018,0,0,-0.020702500000000037,-0.013974187500000025,0,0.010351250000000018,0,0,-0.020702500000000037,-0.013974187500000025,0,0,0,0,0,0,-0.85121232869168073,0.081610892035201776,-0.07821976067642511,-0.37152538482544273,0.011764381452992252,0.013011398247436924,-0.59659111120692954,-0.65847572576810831,-0.024842494725966679,0.75830387084684081,0.03982548819969426,0.078386348748565732,0.20482304936893989,0.12077767857877915,-0.0091000000000000299,0,0,0.01820000000000006,0.012285000000000039,0,-0.0091000000000000299,0,0,0.01820000000000006,0.012285000000000039,0
368,FRAME,NONE,363,363,3.6299999999999999,RECOVERY,1.1000000000000014,0,0,0,0,0,-0.11007061474987376,0.15628908487220264,-0.038990504020377542,0.67257626763537726,0.010185564600532476,-0.073761309718638854,-0.29677992663183406,0.015104529526010395,-0.14192222789900438,0.38666615754799605,0.76825082446236603,0.038312330831105176,0.10707554965442462,0.050195961780906372,-0.1357003326925432,0.0055999999999999999,-0.034799999999999998,0.25600066538508642,-0.11418955086506666,-0.0077999999999999996,-0.1357003326925432,-0.0055999999999999999,0.034799999999999998,0.25600066538508642,-0.11418955086506666,0.0077999999999999996,0,0,0,0,0,0.80890171820441181,-0.09119510961316328,0.091386496308005605,0.57282142191458885,-0.013137796049805953,-0.019235604201318524,0.65583108061952533,0.64260908399975336,0.072862257634729116,-0.86021356334527577,0.13791608967417135,-0.078084007336165731,-0.31032154783629023,-0.097078282744348182,0.0102594433580247,0,0,-0.0205188867160494,-0.013850248533333345,0,0.0102594433580247,0,0,-0.0205188867160494,-0.013850248533333345,0,0,0,0,0,0,-0.86626092195941129,0.083053692003033627,-0.079602608791099344,-0.37809358669050325,0.011972364097938929,0.01324142691768785,-0.60713825282727663,-0.67011692625328978,-0.025281685496924403,0.77170993434131496,0.040529563497249177,0.079772141975823968,0.2084441185874121,0.1229129086494553,-0.0092608790123456693,0,0,0.018521758024691339,0.012502186666666653,0,-0.0092608790123456693,0,0,0.018521758024691339,0.012502186666666653,0
369,FRAME,NONE,364,364,3.6400000000000001,RECOVERY,1.1000000000000014,0,0,0,0,0,-0.10200588342276036,0.15538193715042986,-0.038076562803608334,0.67824438739433379,0.010057633087684571,-0.073930935226847058,-0.29025235329527321,0.021509107814767482,-0.14118091843827274,0.37803879711903715,0.76961053061032092,0.03747019797562693,0.10400049453338286,0.049255320760219462,-0.13559820395027158,0.0055999999999999999,-0.034799999999999998,0.2557964079005432,-0.11432742466713333,-0.0077999999999999996,-0.13559820395027158,-0.0055999999999999999,0.034799999999999998,0.2557964079005432,-0.11432742466713333,0.0077999999999999996,0,0,0,0,0,0.80400253020308332,-0.089880219259847335,0.090570635527949098,0.56082379165836371,-0.013210912385080965,-0.0147133248240478,0.65008952104963158,0.63632606138196557,0.070997180236712171,-0.85248022584456196,0.13461756348307491,-0.077475426892725768,-0.30531598761553846,-0.096794398812718882,0.010166041506172821,0,0,-0.020332083012345643,-0.013724156033333308,0,0.010166041506172821,0,0,-0.020332083012345643,-0.013724156033333308,0,0,0,0,0,0,-0.88105453261667932,0.084472045240488222,-0.080962025996592912,-0.38455049727219909,0.012176822695368609,0.013467557993673432,-0.61750668420837207,-0.68156087882062133,-0.025713434641460468,0.7848888461675213,0.041221708978233275,0.081134454392061475,0.21200383259044556,0.12501195948877919,-0.0094190320987654272,0,0,0.018838064197530854,0.012715693333333326,0,-0.0094190320987654272,0,0,0.018838064197530854,0.012715693333333326,0
370,FRAME,NONE,365,365,3.6499999999999999,RECOVERY,1.1000000000000014,0,0,0,0,0,-0.093990650509691603,0.15448798454111309,-0.037171019267925917,0.68379209280185693,0.0099288581940879979,-0.074055443525460493,-0.28378263866604642,0.027850081901077496,-0.14045878044460711,0.36949142675316493,0.7709372923873965,0.036636224283101274,0.10097544177259453,0.048316708557045361,-0.13549701708799999,0.0055999999999999999,-0.034799999999999998,0.25559403417600002,-0.11446402693119999,-0.0077999999999999996,-0.13549701708799999,-0.0055999999999999999,0.034799999999999998,0.25559403417600002,-0.11446402693119999,0.0077999999999999996,0,0,0,0,0,0.79900278150736337,-0.088568842085892385,0.089731171950279812,0.54873903795614354,-0.013284816218652924,-0.010212182841244786,0.64424443093033423,0.62998720625008842,0.069153121129829936,-0.84460421833346611,0.13131023482784174,-0.076857024739413471,-0.30029733715134765,-0.096487781075977733,0.010071072,0,0,-0.020142144000000001,-0.013595947200000002,0,0.010071072,0,0,-0.020142144000000001,-0.013595947200000002,0,0,0,0,0,0,-0.895587617563252,0.085865420296904679,-0.082297502925314445,-0.39089369719480266,0.012377680635552588,0.013689706745083468,-0.62769252034501122,-0.69280329547188468,-0.026137580385087296,0.79783566824571017,0.041901665298807823,0.082472775544864235,0.21550085756900769,0.1270740445917207,-0.0095743999999999916,0,0,0.019148799999999983,0.012925439999999988,0,-0.0095743999999999916,0,0,0.019148799999999983,0.012925439999999988,0
371,FRAME,NONE,366,366,3.6600000000000001,RECOVERY,1.1000000000000014,0,0,0,0,0,-0.086025931735562389,0.15360718713283988,-0.036274102098138576,0.68921855812417521,0.00979923758044292,-0.074135062708674926,-0.27737181413182788,0.034126911939644122,-0.13975559378558858,0.36102543678909071,0.77223103446893671,0.035810480407886418,0.09800051393720341,0.047380369836005777,-0.1353967876420247,0.0055999999999999999,-0.034799999999999998,0.25539357528404938,-0.11459933668326665,-0.0077999999999999996,-0.1353967876420247,-0.0055999999999999999,0.034799999999999998,0.25539357528404938,-0.11459933668326665,0.0077999999999999996,0,0,0,0,0,0.79390039203011709,-0.087261347157580549,0.088868659181317838,0.53657632565986846,-0.013359209382799629,-0.0057355544530295396,0.63829729686473968,0.62359272257472231,0.067331372583068663,-0.83658826827370814,0.12799678493056216,-0.076228683969759126,-0.2952678422580487,-0.096157880607335114,0.0099745629876543396,0,0,-0.019949125975308679,-0.013465660033333358,0,0.0099745629876543396,0,0,-0.019949125975308679,-0.013465660033333358,0,0,0,0,0,0,-0.90985463369890551,0.087233285721622977,-0.08360853020967339,-0.39712076708259014,0.01257486130876229,0.013907788441607902,-0.63769187623199541,-0.70383988820886856,-0.026553960953317565,0.81054546249613979,0.04256917311513448,0.083786594981819104,0.21893385971406809,0.12909837745325087,-0.0097269234567901389,0,0,0.019453846913580278,0.013131346666666687,0,-0.0097269234567901389,0,0,0.019453846913580278,0.013131346666666687,0
372,FRAME,NONE,367,367,3.6699999999999999,RECOVERY,1.1000000000000014,0,0,0,0,0,-0.078112763637817093,0.15273950161458566,-0.03538603454542448,0.69452305005665615,0.0096687717455681572,-0.074170055012461433,-0.27102089576790439,0.040339059872047424,-0.13907112507003871,0.35264218864730429,0.77349170838346648,0.03499303696921055,0.095075811197045765,0.046446555014889153,-0.13529753086419755,0.0055999999999999999,-0.034799999999999998,0.25519506172839507,-0.11473333333333331,-0.0077999999999999996,-0.13529753086419755,-0.0055999999999999999,0.034799999999999998,0.25519506172839507,-0.11473333333333331,0.0077999999999999996,0,0,0,0,0,0.78869328386242177,-0.085958075420496979,0.087983671928575646,0.52434497171052086,-0.013433785972683533,-0.0012868899505683127,0.63224965896183949,0.6171427973776249,0.065533151564840297,-0.82843516457797539,0.12467991916485013,-0.075590295024378404,-0.29022973893212844,-0.095804179831108158,0.0098765432098765395,0,0,-0.019753086419753079,-0.013333333333333327,0,0.0098765432098765395,0,0,-0.019753086419753079,-0.013333333333333327,0,0,0,0,0,0,-0.92385003792340692,0.088575110063982221,-0.084894598482078379,-0.403229287559834,0.012768288105269006,0.014121718352936534,-0.6475008668641199,-0.71466636903335456,-0.026962414571663689,0.8230132908390605,0.043223973083374508,0.085075402250512092,0.22230150521659423,0.13108417156833962,-0.0098765432098765569,0,0,0.019753086419753114,0.01333333333333335,0,-0.0098765432098765569,0,0,0.019753086419753114,0.01333333333333335,0
373,FRAME,NONE,368,368,3.6800000000000002,RECOVERY,1.1000000000000014,0,0,0,0,0,-0.070252203504177879,0.15188488155240956,-0.034507034223554819,0.69970492917376648,0.0095374640953467035,-0.074160717524260955,-0.26473088380556209,0.046485989257913349,-0.1384051284383033,0.3443430142881721,0.77471929273122686,0.03418396454335991,0.09220141142821231,0.045515519913411524,-0.135199261716,0.0055999999999999999,-0.034799999999999998,0.25499852343199997,-0.1148659966834,-0.0077999999999999996,-0.135199261716,-0.0055999999999999999,0.034799999999999998,0.25499852343199997,-0.1148659966834,0.0077999999999999996,0,0,0,0,0,0.78337938932215245,-0.084659340062716734,0.087076805113090433,0.51205443074138912,-0.013508233416317114,0.0031302926661424119,0.62610311079443437,0.61063760631018538,0.063759598175354149,-0.8201477563580778,0.12136236177901785,-0.074941756534939105,-0.28518525172799669,-0.09542619386677359,0.0097770420000000031,0,0,-0.019554084000000006,-0.013199006700000005,0,0.0097770420000000031,0,0,-0.019554084000000006,-0.013199006700000005,0,0,0,0,0,0,-0.9375682871365324,0.089890361873322361,-0.086155198374938832,-0.40921683925081026,0.012957884415344156,0.0143314117487593,-0.65711560723618567,-0.72527844994713142,-0.027362779465638348,0.8352342151947304,0.04386580585968957,0.086338686898530012,0.22560246026755562,0.133030640431958,-0.010023200000000022,0,0,0.020046400000000044,0.013531320000000029,0,-0.010023200000000022,0,0,0.020046400000000044,0.013531320000000029,0
374,FRAME,NONE,369,369,3.6899999999999999,RECOVERY,1.1000000000000014,0,0,0,0,0,-0.062445329228040289,0.15104327766162012,-0.033637312912813182,0.70476365123000784,0.0094053210020633767,-0.074107382825641166,-0.25850276210168727,0.052567165163919453,-0.13775734636757092,0.33612921568393123,0.77591379334958721,0.033383333648352671,0.089377370331012951,0.044587525389032011,-0.13510199486261729,0.0055999999999999999,-0.034799999999999998,0.25480398972523455,-0.11499730693546666,-0.0077999999999999996,-0.13510199486261729,-0.0055999999999999999,0.034799999999999998,0.25480398972523455,-0.11499730693546666,0.0077999999999999996,0,0,0,0,0,0.77795665935133362,-0.083365426962247441,0.08614867294432324,0.49971427971306198,-0.013582233571272773,0.0075124146879555504,0.61985929931509487,0.60407731931773367,0.062011774380154677,-0.81172895166904457,0.11804685050920855,-0.074282976133786427,-0.28013659211515224,-0.095023471776378488,0.009676089283950624,0,0,-0.019352178567901248,-0.013062720533333343,0,0.009676089283950624,0,0,-0.019352178567901248,-0.013062720533333343,0,0,0,0,0,0,-0.95100383823805223,0.091178509698982835,-0.087389820520663672,-0.41508100277979282,0.013143573629259079,0.014536783898766052,-0.66653221234299043,-0.73567184295198329,-0.027754893860754044,0.84720329748340251,0.044494412100241076,0.087575938473459181,0.22883539105792047,0.13493699753907631,-0.010166834567901253,0,0,0.020333669135802507,0.013725226666666691,0,-0.010166834567901253,0,0,0.020333669135802507,0.013725226666666691,0
375,FRAME,NONE,370,370,3.7000000000000002,RECOVERY,1.1000000000000014,0,0,0,0,0,-0.054693239078242507,0.15021463807360061,-0.032777076372030929,0.70969876830251299,0.0092723518538643038,-0.074010419561953547,-0.25233749760992868,0.058582054111446576,-0.13712751048908869,0.32800206430439627,0.77707524342415601,0.032591214721249637,0.086603721564622788,0.043662836960858535,-0.13500574466701235,0.0055999999999999999,-0.034799999999999998,0.25461148933402467,-0.11512724469953332,-0.0077999999999999996,-0.13500574466701235,-0.0055999999999999999,0.034799999999999998,0.25461148933402467,-0.11512724469953332,0.0077999999999999996,0,0,0,0,0,0.77242307224381057,-0.082076595217952283,0.085199907958961804,0.48733420161851493,-0.013655463844321727,0.01185584429351518,0.61351992473334394,0.59746210636661234,0.060290663045710277,-0.80318171625407242,0.11473613110158676,-0.0736138712269849,-0.27508595682164527,-0.094595597713483331,0.0095737155802469217,0,0,-0.019147431160493843,-0.012924516033333344,0,0.0095737155802469217,0,0,-0.019147431160493843,-0.012924516033333344,0,0,0,0,0,0,-0.96415114812773828,0.092439022090303177,-0.088597955551661944,-0.42081935877105597,0.013325279137285135,0.014737750072646662,-0.67574679717933228,-0.74584226004969545,-0.028138595982523332,0.85891559962533148,0.045109532461190482,0.088786646522886037,0.23199896377865736,0.13680245638466509,-0.010307387654320986,0,0,0.020614775308641971,0.01391497333333333,0,-0.010307387654320986,0,0,0.020614775308641971,0.01391497333333333,0
376,FRAME,NONE,371,371,3.71,RECOVERY,1.1000000000000014,0,0,0,0,0,-0.046997051379986131,0.14939890859652066,-0.031926524159151384,0.71450992976620786,0.0091385690940720687,-0.073870232933123101,-0.24623603985373979,0.064530124083375051,-0.13651534241414368,0.31996280061611548,0.77820370354488699,0.031807678088278113,0.083880476898434683,0.042741724422746402,-0.13491052518400001,0.0055999999999999999,-0.034799999999999998,0.254421050368,-0.11525579100159997,-0.0077999999999999996,-0.13491052518400001,-0.0055999999999999999,0.034799999999999998,0.254421050368,-0.11525579100159997,0.0077999999999999996,0,0,0,0,0,0.76677664268098489,-0.080793077762864832,0.084231160025179358,0.47492396830610822,-0.013727598329931496,0.016156904717603546,0.60708674035730092,0.59079214321086215,0.058597167276277617,-0.79450907229511158,0.11143295176326552,-0.07293436972881702,-0.27003552616911064,-0.094142191972227313,0.0094699520000000228,0,0,-0.018939904000000046,-0.012784435200000031,0,0.0094699520000000228,0,0,-0.018939904000000046,-0.012784435200000031,0,0,0,0,0,0,-0.9770046737053677,0.093671367596623464,-0.08977909410034321,-0.42642948784887641,0.013502924329693758,0.014934225540091085,-0.68475547674001358,-0.75578541324205739,-0.028513724056458922,0.87036618354077633,0.045710907598699529,0.08997030059439752,0.2350918446207361,0.13862623046369554,-0.010444800000000009,0,0,0.020889600000000019,0.014100480000000012,0,-0.010444800000000009,0,0,0.020889600000000019,0.014100480000000012,0
377,FRAME,NONE,372,372,3.7200000000000002,RECOVERY,1.1000000000000014,0,0,0,0,0,-0.039357904103951194,0.14859603296916513,-0.03108584946072079,0.7191968830929274,0.0090039882501402758,-0.073687265099970436,-0.24019932040158834,0.070410844590305374,-0.13592055456564711,0.31201263359469855,0.77929926170651764,0.031032793927950553,0.081207626380223843,0.041824461446627409,-0.13481635015432097,0.0055999999999999999,-0.034799999999999998,0.25423270030864198,-0.11538292729166666,-0.0077999999999999996,-0.13481635015432097,-0.0055999999999999999,0.034799999999999998,0.25423270030864198,-0.11538292729166666,0.0077999999999999996,0,0,0,0,0,0.76101543104951475,-0.079515082058492281,0.083243095314203236,0.46249342247824066,-0.013798308963256284,0.020411882958911939,0.60056155240311715,0.58406761717556399,0.056932110049689094,-0.78571409717372453,0.10814005756197598,-0.072244410756018243,-0.26498746240501075,-0.093662911935548251,0.0093648302469135688,0,0,-0.018729660493827138,-0.012642520833333316,0,0.0093648302469135688,0,0,-0.018729660493827138,-0.012642520833333316,0,0,0,0,0,0,-0.98955887187070635,0.094875014767282689,-0.090932726799115932,-0.43190897063752592,0.013676432596756225,0.015126125570789101,-0.69355436601982834,-0.76549701453084973,-0.028880116308073186,0.88155011114998605,0.046298278168929383,0.091126390235579502,0.23811269977512381,0.14040753327113736,-0.010579012345678996,0,0,0.021158024691357993,0.014281666666666644,0,-0.010579012345678996,0,0,0.021158024691357993,0.014281666666666644,0
378,FRAME,NONE,373,373,3.73,RECOVERY,1.1000000000000014,0,0,0,0,0,-0.031776954360961181,0.14780595310711864,-0.030255238930694994,0.72375947446666433,0.0088686279520693839,-0.073461995500905639,-0.23422825234457612,0.076223686796275003,-0.13534285101226057,0.30415274024996453,0.78036203325290676,0.030266632227403049,0.078585138521128362,0.040911325177178742,-0.13472323299871605,0.0055999999999999999,-0.034799999999999998,0.25404646599743208,-0.11550863545173333,-0.0077999999999999996,-0.13472323299871605,-0.0055999999999999999,0.034799999999999998,0.25404646599743208,-0.11550863545173333,0.0077999999999999996,0,0,0,0,0,0.75513755301102181,-0.078242790868342751,0.082236395241358465,0.45005245893331908,-0.013867266683029636,0.024617038989355376,0.59394621977557871,0.57728873293422422,0.055296234148180926,-0.77679992224674088,0.10486018479482731,-0.071543945280280505,-0.25994390803805606,-0.093157452922007597,0.009258382617283966,0,0,-0.018516765234567932,-0.012498816533333353,0,0.009258382617283966,0,0,-0.018516765234567932,-0.012498816533333353,0,0,0,0,0,0,-1.0018081995235366,0.096049432151621386,-0.092058344280390156,-0.43725538776128342,0.013845727328744039,0.015313365434430746,-0.70213958001358234,-0.77497277591786595,-0.029237610962878986,0.89246244437322453,0.046871384828042026,0.092254404994019379,0.24106019543279153,0.14214557830196251,-0.010709965432098789,0,0,0.021419930864197578,0.014458453333333366,0,-0.010709965432098789,0,0,0.021419930864197578,0.014458453333333366,0
379,FRAME,NONE,374,374,3.7400000000000002,RECOVERY,1.1000000000000014,0,0,0,0,0,-0.024255377799793552,0.14702860934057466,-0.02943487253892868,0.72819764920768848,0.0087325099401401544,-0.073194941074158873,-0.22832372977668594,0.081968123703814511,-0.13478192830200955,0.2963842651635254,0.78139216076501194,0.029509262732178767,0.076012960497396406,0.040002595818896314,-0.13463118681199998,0.0055999999999999999,-0.034799999999999998,0.25386237362399999,-0.1156328978038,-0.0077999999999999996,-0.13463118681199998,-0.0055999999999999999,0.034799999999999998,0.25386237362399999,-0.1156328978038,0.0077999999999999996,0,0,0,0,0,0.7491411892901203,-0.076976363108572199,0.081211755379034065,0.43761100512789297,-0.013934142599515233,0.028768615421379443,0.58724265382320162,0.57045571825790309,0.05369020237889767,-0.76776973164091733,0.10159605534657232,-0.070832936737814267,-0.25490698418291619,-0.09262554893110056,0.0091506420000000109,0,0,-0.018301284000000022,-0.012353366700000014,0,0.0091506420000000109,0,0,-0.018301284000000022,-0.012353366700000014,0,0,0,0,0,0,-1.0137471135636167,0.09719408829897784,-0.093155437176573694,-0.44246631984441737,0.014010731915928373,0.015495860400705682,-0.71050723371606461,-0.78420840940488079,-0.029586046246388477,0.90309824513073411,0.047429968232198284,0.093353834417302384,0.24393299778470462,0.14383957905113959,-0.01083759999999998,0,0,0.02167519999999996,0.014630759999999974,0,-0.01083759999999998,0,0,0.02167519999999996,0.014630759999999974,0
380,FRAME,NONE,375,375,3.75,RECOVERY,1.1000000000000014,0,0,0,0,0,-0.016794367906222164,0.14626394064304532,-0.028624923429697649,0.7325114519992264,0.0085956590618795556,-0.072886656381229945,-0.22248662727785043,0.087643630397875288,-0.13423747629238986,0.28870832003841013,0.78238981389257944,0.028760754889703005,0.073491018368757571,0.039098556216654805,-0.13454022435713581,0.0055999999999999999,-0.034799999999999998,0.25368044871427159,-0.11575569711786665,-0.0077999999999999996,-0.13454022435713581,-0.0055999999999999999,0.034799999999999998,0.25368044871427159,-0.11575569711786665,0.0077999999999999996,0,0,0,0,0,0.74302459564369394,-0.075715934773266519,0.08016988434437558,0.42517900114517565,-0.013998609162469268,0.032862847584069668,0.58045281807126159,0.56356882971451294,0.052114598077218736,-0.75862676107080751,0.098350371057886521,-0.07011136159503438,-0.24987878892068222,-0.092066973287342091,0.0090416418765432143,0,0,-0.018083283753086429,-0.01220621653333334,0,0.0090416418765432143,0,0,-0.018083283753086429,-0.01220621653333334,0,0,0,0,0,0,-1.0253700708907332,0.098308451758692988,-0.094223496120076897,-0.4475393475112085,0.014171369748580791,0.015673525739304008,-0.71865344212208349,-0.79319962699369095,-0.029925260384114638,0.91345257534278212,0.047973769037560315,0.094424168053016261,0.24672977302183505,0.14548874901364117,-0.010961856790123459,0,0,0.021923713580246917,0.014798506666666669,0,-0.010961856790123459,0,0,0.021923713580246917,0.014798506666666669,0
381,FRAME,NONE,376,376,3.7599999999999998,RECOVERY,1.1000000000000014,0,0,0,0,0,-0.0093951352015956523,0.14551188485029587,-0.027825557790567747,0.7367010269112122,0.0084581032582002995,-0.072537733627748707,-0.21671779939998792,0.093249684348068282,-0.13370917897409323,0.28112598326023996,0.78335518912965008,0.028021177786715899,0.071019217313256056,0.038199491430828104,-0.13445035805930863,0.0055999999999999999,-0.034799999999999998,0.25350071611861724,-0.11587701661993333,-0.0077999999999999996,-0.13445035805930863,-0.0055999999999999999,0.034799999999999998,0.25350071611861724,-0.11587701661993333,0.0077999999999999996,0,0,0,0,0,0.73678611297075292,-0.074461619931507989,0.079111502664792888,0.41276637916467307,-0.014060341323880404,0.036895973953636176,0.57357872793598152,0.55662835829718904,0.050569925884771827,-0.74937429668356903,0.095125808124040964,-0.069379209869659411,-0.24486139568152049,-0.091481539183812396,0.0089314163209876559,0,0,-0.017862832641975312,-0.012057412033333336,0,0.0089314163209876559,0,0,-0.017862832641975312,-0.012057412033333336,0,0,0,0,0,0,-1.0366715284046497,0.099391991080105657,-0.095262011743308131,-0.45247205138592783,0.014327564216972542,0.015846276719915474,-0.72657432022643198,-0.80194214068607572,-0.030255091601569788,0.92352049692961602,0.048502527900289215,0.095464895448746742,0.24944918733514956,0.1470923016844366,-0.011082676543209876,0,0,0.022165353086419752,0.014961613333333332,0,-0.011082676543209876,0,0,0.022165353086419752,0.014961613333333332,0
382,FRAME,NONE,377,377,3.77,RECOVERY,1.1000000000000014,0,0,0,0,0,-0.0020589063398243389,0.14477237886882655,-0.027036934731913344,0.74076661721656967,0.0083198735387288742,-0.072148802578432578,-0.21101808015613752,0.098785765768334532,-0.13319671528551974,0.27363829946951573,0.78428850953431339,0.027290600080931145,0.068597441878289755,0.037305688308014943,-0.1343616,0.0055999999999999999,-0.034799999999999998,0.25332320000000003,-0.11599683999999999,-0.0077999999999999996,-0.1343616,-0.0055999999999999999,0.034799999999999998,0.25332320000000003,-0.11599683999999999,0.0077999999999999996,0,0,0,0,0,0.73042417751952271,-0.07321351179298996,0.078037341624706227,0.40038304253528961,-0.014119017690132999,0.040864246879203266,0.56662245042318438,0.54963463496158438,0.049056612792654185,-0.74001567393439793,0.091925011544132004,-0.068636485606796221,-0.23985685165615017,-0.090869100126232727,0.0088200000000000153,0,0,-0.017640000000000031,-0.01190700000000002,0,0.0088200000000000153,0,0,-0.017640000000000031,-0.01190700000000002,0,0,0,0,0,0,-1.0476459430051419,0.1004441748125557,-0.096270474678676748,-0.45726201209285111,0.014479238711375032,0.016014028612230006,-0.73426598302391088,-0.81043166248382303,-0.030575378124266583,0.93329707181149324,0.049015985476546627,0.096475506152080573,0.2520899069156175,0.14864945055849693,-0.0112,0,0,0.0224,0.015119999999999998,0,-0.0112,0,0,0.0224,0.015119999999999998,0
383,FRAME,NONE,378,378,3.7799999999999998,RECOVERY,1.1000000000000014,0,0,0,0,0,0.0052130768979902218,0.14404535887328043,-0.026259206177331088,0.74470856499675586,0.0081810039463746011,-0.071720530363618099,-0.2053882825127708,0.10425135803302925,-0.1326997599153939,0.26624627914444793,0.7851900243933041,0.026569089927209397,0.066225556247521508,0.036417435048426747,-0.13427396191106172,0.0055999999999999999,-0.034799999999999998,0.25314792382212348,-0.11611515142006666,-0.0077999999999999996,-0.13427396191106172,-0.0055999999999999999,0.034799999999999998,0.25314792382212348,-0.11611515142006666,0.0077999999999999996,0,0,0,0,0,0.72393733114542003,-0.071971683838572567,0.076948142097247985,0.38803884456164356,-0.014174321658104607,0.044763943540310769,0.55958610381452212,0.54258803605271866,0.04757500943921348,-0.73055427649587867,0.088750589640726865,-0.067883207309801324,-0.23486717624275505,-0.090229550279024476,0.0087074281728395184,0,0,-0.017414856345679037,-0.011755028033333351,0,0.0087074281728395184,0,0,-0.017414856345679037,-0.011755028033333351,0,0,0,0,0,0,-1.0582877715919836,0.1014644715053829,-0.09724837555859199,-0.46190681025625369,0.014626316622059654,0.016176696685937512,-0.7417245455093201,-0.81866390438871972,-0.030885958177717634,0.94277736190867023,0.049513882422494104,0.097455489710604401,0.25465059795420791,0.1501594091307929,-0.011313767901234588,0,0,0.022627535802469175,0.015273586666666695,0,-0.011313767901234588,0,0,0.022627535802469175,0.015273586666666695,0
384,FRAME,NONE,379,379,3.79,RECOVERY,1.1000000000000014,0,0,0,0,0,0.012419558711541894,0.14333076049218832,-0.025492516765178937,0.74852731053410149,0.0080415315112404642,-0.071253621175261864,-0.19982919788536938,0.10964594814817262,-0.13221798409087812,0.25895089819384287,0.78606000883220295,0.025856714898531794,0.063903404523309254,0.035535020770935691,-0.13418745516879013,0.0055999999999999999,-0.034799999999999998,0.25297491033758024,-0.11623193552213332,-0.0077999999999999996,-0.13418745516879013,-0.0055999999999999999,0.034799999999999998,0.25297491033758024,-0.11623193552213332,0.0077999999999999996,0,0,0,0,0,0.71732423157154401,-0.070736191011793459,0.075844653364919551,0.37574356711903978,-0.01422594252968312,0.04859137706896955,0.55247185734431969,0.53548898860307048,0.046125391650638156,-0.7209935352043364,0.085605108669249474,-0.067119408325969021,-0.22989435953588011,-0.089562824715150299,0.0085937366913580136,0,0,-0.017187473382716027,-0.011601544533333317,0,0.0085937366913580136,0,0,-0.017187473382716027,-0.011601544533333317,0,0,0,0,0,0,-1.0685914710649398,0.10245234970792613,-0.098195205015462264,-0.46640402650040691,0.014768721339297667,0.016334196210727757,-0.74894612267745297,-0.82663457840254584,-0.03118666998743529,0.95195642914139489,0.049995959394292806,0.098404335671904028,0.25712992664188772,0.15162139089629406,-0.011423920987654301,0,0,0.022847841975308602,0.015422293333333307,0,-0.011423920987654301,0,0,0.022847841975308602,0.015422293333333307,0
385,FRAME,NONE,380,380,3.7999999999999998,RECOVERY,1.1000000000000014,0,0,0,0,0,0.019559270491708029,0.1426285189814876,-0.024737003761415466,0.75222339148996986,0.007901496194047699,-0.070748815851207986,-0.19434159563727832,0.11496902727648525,-0.13175105634876133,0.25175309755943631,0.78689876337219111,0.02515354190208258,0.061630811024205021,0.034658735076807279,-0.13410209078800001,0.0055999999999999999,-0.034799999999999998,0.25280418157599999,-0.11634717743619997,-0.0077999999999999996,-0.13410209078800001,-0.0055999999999999999,0.034799999999999998,0.25280418157599999,-0.11634717743619997,0.0077999999999999996,0,0,0,0,0,0.71058366260128947,-0.069507070966988355,0.074727631933473218,0.3635068992178303,-0.014273576599159359,0.05234290776585987,0.54528193086991505,0.52833797548464378,0.04470796221160632,-0.71133692704596352,0.082491087535990618,-0.066345137187303421,-0.22494036086385538,-0.088868899571876436,0.00847896200000001,0,0,-0.01695792400000002,-0.011446598700000013,0,0.00847896200000001,0,0,-0.01695792400000002,-0.011446598700000013,0,0,0,0,0,0,-1.0785514983237963,0.10340727796952635,-0.099110453681697949,-0.47075124144959135,0.014906376253360634,0.016486442456290832,-0.75592682952311807,-0.83433939652709788,-0.031477351778932523,0.96082933542993465,0.050461957048104876,0.099321533583567198,0.25952655916962886,0.15303460934997296,-0.011530400000000027,0,0,0.023060800000000055,0.015566040000000036,0,-0.011530400000000027,0,0,0.023060800000000055,0.015566040000000036,0
386,FRAME,NONE,381,381,3.8100000000000001,RECOVERY,1.1000000000000014,0,0,0,0,0,0.026630932132576814,0.14193856938531374,-0.023992796983876827,0.75579744186877862,0.007760940819284739,-0.070206891347093375,-0.18892622258187214,0.12022009131453626,-0.13129864328735735,0.24465378282712158,0.78770661343468151,0.02445963709073053,0.059407580596934281,0.033788867613073051,-0.13401787941609877,0.0055999999999999999,-0.034799999999999998,0.25263575883219752,-0.11646086278826664,-0.0077999999999999996,-0.13401787941609877,-0.0055999999999999999,0.034799999999999998,0.25263575883219752,-0.11646086278826664,0.0077999999999999996,0,0,0,0,0,0.7037145442314322,-0.06828434536932082,0.073597840343504098,0.35133841564130486,-0.01431692820801763,0.056014954338078932,0.53801859453817724,0.52113554039883714,0.043322852852294189,-0.70158797418518115,0.079410992642805184,-0.065560457906879852,-0.22000710738100016,-0.088147792114915302,0.0083631411358024953,0,0,-0.016726282271604991,-0.011290240533333369,0,0.0083631411358024953,0,0,-0.016726282271604991,-0.011290240533333369,0,0,0,0,0,0,-1.088162310268312,0.1043287248395218,-0.099993612189706857,-0.47494603572807559,0.015039204754519723,0.016633350692316407,-0.76266278104110441,-0.84177407076415056,-0.031757841777721493,0.96939114269453197,0.050911616040091139,0.10020657299317912,0.26183916172839672,0.15439827798679817,-0.011633145679012356,0,0,0.023266291358024712,0.015704746666666679,0,-0.011633145679012356,0,0,0.023266291358024712,0.015704746666666679,0
387,FRAME,NONE,382,382,3.8199999999999998,RECOVERY,1.1000000000000014,0,0,0,0,0,0.033633253443887269,0.14126084668359304,-0.023260018738083647,0.75925019076927081,0.0076199109983538516,-0.069628660096062306,-0.18358380248800221,0.12539864152036909,-0.13086041029697146,0.23765382384646938,0.78848390879494157,0.023775065770220694,0.057233498942389043,0.032925707636475017,-0.1339348313271605,0.0055999999999999999,-0.034799999999999998,0.25246966265432097,-0.11657297770833333,-0.0077999999999999996,-0.1339348313271605,-0.0055999999999999999,0.034799999999999998,0.25246966265432097,-0.11657297770833333,0.0077999999999999996,0,0,0,0,0,0.69671594261324321,-0.06706802124170283,0.072456045984450906,0.33924755578406202,-0.014355710761729116,0.059604005084012868,0.53068416845078148,0.51388229268927832,0.041970126437360922,-0.69175024303746624,0.076367232875933944,-0.064765450231467486,-0.21509649272083117,-0.087399560713713492,0.0082463117283950518,0,0,-0.016492623456790104,-0.011132520833333319,0,0.0082463117283950518,0,0,-0.016492623456790104,-0.011132520833333319,0,0,0,0,0,0,-1.0974183637982655,0.10521615886725273,-0.10084417117189871,-0.47898598996013714,0.015167130233046399,0.016774836188494461,-0.76915009222621533,-0.84893431311549494,-0.03202797820931496,0.97763691285544763,0.051344677026413418,0.1010589434483269,0.26406640050916147,0.15571161030174122,-0.011732098765432098,0,0,0.023464197530864195,0.015838333333333333,0,-0.011732098765432098,0,0,0.023464197530864195,0.015838333333333333,0
388,FRAME,NONE,383,383,3.8300000000000001,RECOVERY,1.1000000000000014,0,0,0,0,0,0.040564935662055462,0.14059528592603013,-0.022538783764611759,0.76258246092572701,0.0074784550430411299,-0.069014969257219033,-0.17831503558871264,0.13050418518963275,-0.13043602226691578,0.23075405435792284,0.78923102298635572,0.023099892302388889,0.055108332954943252,0.032069543578919238,-0.13385295641599998,0.0055999999999999999,-0.034799999999999998,0.25230591283199999,-0.11668350883839999,-0.0077999999999999996,-0.13385295641599998,-0.0055999999999999999,0.034799999999999998,0.25230591283199999,-0.11668350883839999,0.0077999999999999996,0,0,0,0,0,0.68958707980878242,-0.065858092353267547,0.071303019915850904,0.32724360281875847,-0.014389647703327037,0.063106628950255941,0.52328102233052987,0.50657891196398075,0.040649779341723292,-0.68182734338850737,0.073362154755376302,-0.06396020985131716,-0.21021037571609824,-0.086624304730906251,0.0081285120000000079,0,0,-0.016257024000000016,-0.01097349120000001,0,0.0081285120000000079,0,0,-0.016257024000000016,-0.01097349120000001,0,0,0,0,0,0,-1.1063141158134318,0.10606904860205899,-0.1016616212606828,-0.48286868477005152,0.015290076079212058,0.016910814214514916,-0.77538487807325118,-0.8558158355829184,-0.032287599299225561,0.98556170783293851,0.051760880663233318,0.10187813449659724,0.2662069417028925,0.15697381978977298,-0.011827200000000019,0,0,0.023654400000000037,0.015966720000000025,0,-0.011827200000000019,0,0,0.023654400000000037,0.015966720000000025,0
389,FRAME,NONE,384,384,3.8399999999999999,RECOVERY,1.1000000000000014,0,0,0,0,0,0.047424673057519164,0.13994182235211988,-0.021829199198021228,0.76579516704297446,0.007336623869688059,-0.068366699854435928,-0.17312059809315083,0.13553623637820603,-0.13002514426718798,0.22395527162705389,0.78994835265704344,0.022434180004689518,0.053031831074338592,0.031220662615286329,-0.13377226419224689,0.0055999999999999999,-0.034799999999999998,0.2521445283844938,-0.11679244334046668,-0.0077999999999999996,-0.13377226419224689,-0.0055999999999999999,0.034799999999999998,0.2521445283844938,-0.11679244334046668,0.0077999999999999996,0,0,0,0,0,0.68232734328996714,-0.064654540643786493,0.07013953570079727,0.31533566331874346,-0.014418473438749078,0.066519486385472532,0.51581157519081944,0.49922615251441266,0.039361743997434862,-0.67182292756124717,0.070398037760448937,-0.063144848568172554,-0.20535057919125838,-0.085822164329237366,0.0080097807654320972,0,0,-0.016019561530864194,-0.010813204033333331,0,0.0080097807654320972,0,0,-0.016019561530864194,-0.010813204033333331,0,0,0,0,0,0,-1.1148440232135763,0.10688686259327954,-0.10244545308846764,-0.48659170078209057,0.015407965683287979,0.017041200040067546,-0.78136325357700609,-0.86241435016820178,-0.032536543272965672,0.99316058954725361,0.052159967606712015,0.10266363568557603,0.2682594515005568,0.15818411994586318,-0.011918390123456786,0,0,0.023836780246913571,0.016089826666666661,0,-0.011918390123456786,0,0,0.023836780246913571,0.016089826666666661,0
390,FRAME,NONE,385,385,3.8500000000000001,RECOVERY,1.1000000000000014,0,0,0,0,0,0.054211154635552025,0.13930039149688195,-0.021131364537276646,0.76888931393041904,0.0071944708944930704,-0.067684765807940361,-0.16800114170161942,0.14049431666921353,-0.12962744220314973,0.2172582360852629,0.79063631688047786,0.021777991046355177,0.051003723649526995,0.030379350234445907,-0.13369276377441974,0.0055999999999999999,-0.034799999999999998,0.25198552754883946,-0.11689976890453334,-0.0077999999999999996,-0.13369276377441974,-0.0055999999999999999,0.034799999999999998,0.25198552754883946,-0.11689976890453334,0.0077999999999999996,0,0,0,0,0,0.67493629512880227,-0.063457337678189063,0.068966368256635838,0.30353264746263942,-0.014441934209210328,0.069839339916989193,0.50827829501019217,0.49182484752066818,0.038105891595542604,-0.66174068963217791,0.067477089845934313,-0.062319494422738958,-0.20051888883260355,-0.084993320199474573,0.007890157432098744,0,0,-0.015780314864197488,-0.010651712533333305,0,0.007890157432098744,0,0,-0.015780314864197488,-0.010651712533333305,0,0,0,0,0,0,-1.1230025428984771,0.10766906939025447,-0.10319515728766279,-0.49015261862053106,0.015520722435545595,0.017165908934842315,-0.7870813337322824,-0.86872556887313457,-0.032774648356048007,1.0004286199186525,0.052541678513011253,0.10341493656285022,0.27022259609312432,0.15934172426498305,-0.012005609876543196,0,0,0.024011219753086392,0.016207573333333312,0,-0.012005609876543196,0,0,0.024011219753086392,0.016207573333333312,0
391,FRAME,NONE,386,386,3.8599999999999999,RECOVERY,1.1000000000000014,0,0,0,0,0,0.060923065927163733,0.13867092928206903,-0.020445371627542879,0.77186599444159698,0.0070520519204204926,-0.066970112861847633,-0.1629572931236847,0.14537795598210143,-0.12924258344165149,0.21066367097629421,0.79129535642232163,0.021131386341475929,0.049023723313486776,0.029545889814275635,-0.133614463884,0.0055999999999999999,-0.034799999999999998,0.25182892776799998,-0.11700547375659999,-0.0077999999999999996,-0.133614463884,-0.0055999999999999999,0.034799999999999998,0.25182892776799998,-0.11700547375659999,0.0077999999999999996,0,0,0,0,0,0.66741368082861285,-0.062266446125112958,0.067784292727923051,0.29184324994349536,-0.014459788906193125,0.073063064377641429,0.50068369841356697,0.48437591303299071,0.036882034926367283,-0.65158436469783076,0.064601443162380964,-0.061484291782992827,-0.1957170521409502,-0.084137993213028464,0.0077696820000000008,0,0,-0.015539364000000002,-0.010489070700000002,0,0.0077696820000000008,0,0,-0.015539364000000002,-0.010489070700000002,0,0,0,0,0,0,-1.1307841317679057,0.10841513754232336,-0.1039102244906773,-0.49354901890964736,0.015628269726256271,0.017284856168529095,-0.79253523353387867,-0.87474520369950226,-0.033001752773985121,1.0073608608673896,0.0529057540382925,0.10413152667600625,0.27209504167156362,0.16044584624210312,-0.012088799999999983,0,0,0.024177599999999966,0.016319879999999974,0,-0.012088799999999983,0,0,0.024177599999999966,0.016319879999999974,0
392,FRAME,NONE,387,387,3.8700000000000001,RECOVERY,1.1000000000000014,0,0,0,0,0,0.067559090866361818,0.1380533720926557,-0.019771304653180354,0.7747263872267236,0.0069094250162394623,-0.066223717411408978,-0.15798965359923364,0.15018669342154148,-0.12887023740727255,0.20417226200794189,0.7919259329652909,0.020494425439300617,0.047091525368359609,0.028720562201425864,-0.13353737283950617,0.0055999999999999999,-0.034799999999999998,0.25167474567901238,-0.11710954666666665,-0.0077999999999999996,-0.13353737283950617,-0.0055999999999999999,0.034799999999999998,0.25167474567901238,-0.11710954666666665,0.0077999999999999996,0,0,0,0,0,0.65975943774813395,-0.061081821253282008,0.06659408338664391,0.28027593170080095,-0.014471809825018611,0.076187656712918869,0.49303035036158938,0.47688035172153953,0.035689931341546036,-0.6413577281921804,0.061773149992683622,-0.060639401394841259,-0.19094677747125216,-0.083256444003207142,0.0076483950617283964,0,0,-0.015296790123456793,-0.010325333333333334,0,0.0076483950617283964,0,0,-0.015296790123456793,-0.010325333333333334,0,0,0,0,0,0,-1.1381832467216351,0.10912453559882589,-0.10459014532992035,-0.49677848227371446,0.015730530945691382,0.017397957010817776,-0.79772106797659403,-0.88046896664909113,-0.033217694752289598,1.0139523743137204,0.053251934838717291,0.10481289557263068,0.27387545442684352,0.16149569937219407,-0.012167901234567893,0,0,0.024335802469135786,0.016426666666666655,0,-0.012167901234567893,0,0,0.024335802469135786,0.016426666666666655,0
393,FRAME,NONE,388,388,3.8799999999999999,RECOVERY,1.1000000000000014,0,0,0,0,0,0.074117913749307249,0.13744765683847007,-0.019109240141721596,0.77747175430734761,0.0067666503882649887,-0.065446585234666663,-0.15309879842237845,0.15492007816363099,-0.12851007614748344,0.19778465700832493,0.79252852829454001,0.01986716641204558,0.045206808179826856,0.027903645296565714,-0.13346149855056788,0.0055999999999999999,-0.034799999999999998,0.25152299710113579,-0.11721197695673334,-0.0077999999999999996,-0.13346149855056788,-0.0055999999999999999,0.034799999999999998,0.25152299710113579,-0.11721197695673334,0.0077999999999999996,0,0,0,0,0,0.65197370307290092,-0.05990341243935704,0.065396512564599968,0.26883890258762344,-0.014477783353396775,0.079210245301955723,0.4853208638492893,0.46933925638755436,0.034529285820922968,-0.63106459525545811,0.058994178916123137,-0.059785000396774396,-0.18620973316320841,-0.082348972479175733,0.0075263378024691364,0,0,-0.015052675604938273,-0.010160556033333334,0,0.0075263378024691364,0,0,-0.015052675604938273,-0.010160556033333334,0,0,0,0,0,0,-1.1451943446594357,0.10979673210910143,-0.10523441043780082,-0.49983858933700598,0.015827429484122267,0.017505126731398209,-0.80263495205522573,-0.88589256972368513,-0.03342231251647395,1.020198222177898,0.053579961570447011,0.1054585328003098,0.27556250054993225,0.16249049715022618,-0.012242854320987644,0,0,0.024485708641975287,0.016527853333333318,0,-0.012242854320987644,0,0,0.024485708641975287,0.016527853333333318,0
394,FRAME,NONE,389,389,3.8900000000000001,RECOVERY,1.1000000000000014,0,0,0,0,0,0.080598221270829121,0.13685372100092477,-0.018459246978542176,0.78010343848251096,0.006623790245385717,-0.064639750133435009,-0.14828527646811082,0.1595776703770119,-0.12816177486572219,0.19150146558614489,0.79310364344561413,0.01924966574049098,0.043369233579973777,0.027095413645741442,-0.133386848512,0.0055999999999999999,-0.034799999999999998,0.25137369702400003,-0.11731275450879998,-0.0077999999999999996,-0.133386848512,-0.0055999999999999999,0.034799999999999998,0.25137369702400003,-0.11731275450879998,0.0077999999999999996,0,0,0,0,0,0.64405682129141473,-0.058731164680861488,0.064192349622709824,0.25754010507799868,-0.014477510591811311,0.082128098729870078,0.47755789961495732,0.46175381323046144,0.033399754127487954,-0.6207088201544847,0.05626641120962253,-0.058921282300234891,-0.18150754676632044,-0.081415917276822236,0.0074035519999999981,0,0,-0.014807103999999996,-0.0099947951999999965,0,0.0074035519999999981,0,0,-0.014807103999999996,-0.0099947951999999965,0,0,0,0,0,0,-1.1518118824810817,0.11043119562248981,-0.10584251044672803,-0.50272692072379743,0.015918888731820319,0.017606280599960306,-0.80727300076457398,-0.89101172492507164,-0.033615444292050801,1.0260934663801788,0.053889574889643257,0.10606792790663029,0.27715484623179887,0.16342945307117032,-0.012313599999999997,0,0,0.024627199999999995,0.016623359999999997,0,-0.012313599999999997,0,0,0.024627199999999995,0.016623359999999997,0
395,FRAME,NONE,390,390,3.8999999999999999,RECOVERY,1.1000000000000014,0,0,0,0,0,0.086998704632919754,0.13627150266480112,-0.017821386431896524,0.78262286057795205,0.0064809086580434883,-0.063804272489743408,-0.14354960972154354,0.16415904217628915,-0.12782501242156222,0.18532325879426712,0.79365179781768269,0.018641978197638902,0.041578447277476949,0.026296138038512967,-0.13331342979787655,0.0055999999999999999,-0.034799999999999998,0.25122685959575314,-0.11741186977286662,-0.0077999999999999996,-0.13331342979787655,-0.0055999999999999999,0.034799999999999998,0.25122685959575314,-0.11741186977286662,0.0077999999999999996,0,0,0,0,0,0.63600935113703727,-0.057565020107732803,0.062982359961798684,0.24638719911140006,-0.014470807903114013,0.084938633953981435,0.46974416585996659,0.45412530486682762,0.032300946033526075,-0.61029429575449945,0.053591637494872731,-0.058048456937537622,-0.17684180436246971,-0.080457655150849294,0.0072800800246913631,0,0,-0.014560160049382726,-0.0098281080333333399,0,0.0072800800246913631,0,0,-0.014560160049382726,-0.0098281080333333399,0,0,0,0,0,0,-1.158030317086344,0.11102739468833045,-0.10641393598911088,-0.50544105705836251,0.016004832079056883,0.017701333886193917,-0.81163132909943625,-0.89582214425503504,-0.03379692830453266,1.0316331688408165,0.054180515452467444,0.10664057043917848,0.27865115766341175,0.1643117806299968,-0.012380079012345675,0,0,0.024760158024691351,0.016713106666666661,0,-0.012380079012345675,0,0,0.024760158024691351,0.016713106666666661,0
396,FRAME,NONE,391,391,3.9100000000000001,RECOVERY,1.1000000000000014,0,0,0,0,0,0.093318061719931164,0.13570094053518755,-0.017195712187944023,0.78503151654946168,0.006338071411794129,-0.062941237743666639,-0.13889229280966375,0.1686637786053066,-0.12749947179731183,0.17925056879610399,0.79417352825415832,0.018044156730700613,0.039834079274370264,0.025506085113398563,-0.13324124905560494,0.0055999999999999999,-0.034799999999999998,0.25108249811120992,-0.11750931377493332,-0.0077999999999999996,-0.13324124905560494,-0.0055999999999999999,0.034799999999999998,0.25108249811120992,-0.11750931377493332,0.0077999999999999996,0,0,0,0,0,0.62783207196069568,-0.056404919486105487,0.061767304079175051,0.23538754816158078,-0.014457507389228573,0.087639423811757086,0.46188241798001695,0.44645511309848779,0.031232428601476254,-0.59982495304212924,0.050971554638497056,-0.057166750379212171,-0.17221404998849374,-0.079474600312497187,0.007155964839506185,0,0,-0.01431192967901237,-0.009660552533333349,0,0.007155964839506185,0,0,-0.01431192967901237,-0.009660552533333349,0,0,0,0,0,0,-1.1638441053749984,0.11158479785596331,-0.10694817769735881,-0.50797857896497767,0.016085182916103374,0.017790201859788982,-0.81570605205461377,-0.90031953971536371,-0.033966602779432212,1.0368123914800687,0.054452523915081229,0.10717594994554117,0.28005010103574035,0.16513669332167669,-0.012442232098765453,0,0,0.024884464197530907,0.01679701333333336,0,-0.012442232098765453,0,0,0.024884464197530907,0.01679701333333336,0
397,FRAME,NONE,392,392,3.9199999999999999,RECOVERY,1.1000000000000014,0,0,0,0,0,0.099554999334362432,0.13514197393964611,-0.016582270395332114,0.78733097445370759,0.0061953458561744409,-0.062051754799755617,-0.13431379253544504,0.17309147864753047,-0.12718484053053428,0.17328388853418827,0.79466938809368537,0.017456252341660417,0.038135744288122969,0.02472551697118926,-0.1331703125,0.0055999999999999999,-0.034799999999999998,0.25094062499999997,-0.117605078125,-0.0077999999999999996,-0.1331703125,-0.0055999999999999999,0.034799999999999998,0.25094062499999997,-0.117605078125,0.0077999999999999996,0,0,0,0,0,0.61952598950351356,-0.055250803707983451,0.060547936675032998,0.2245482066070176,-0.014437457293429441,0.090228203824443257,0.45397545830807073,0.43874472142828513,0.030193729503113803,-0.58930476069899873,0.048407762911397992,-0.056276404822734293,-0.16762578516079391,-0.078467203717357228,0.0070312500000000002,0,0,-0.0140625,-0.0094921875000000006,0,0.0070312500000000002,0,0,-0.0140625,-0.0094921875000000006,0,0,0,0,0,0,-1.1692477042468103,0.11210287367472735,-0.10744472620388031,-0.51033706706791426,0.016159864633231064,0.017872799790435278,-0.81949328462490056,-0.90449962330783829,-0.034124305942261818,1.0416261962181845,0.054705340933645791,0.10767355597330422,0.28135034253975172,0.16590340464117961,-0.012500000000000001,0,0,0.025000000000000001,0.016875000000000001,0,-0.012500000000000001,0,0,0.025000000000000001,0.016875000000000001,0
398,FRAME,NONE,393,393,3.9300000000000002,RECOVERY,1.1000000000000014,0,0,0,0,0,0.10570823548736133,0.13459454281582195,-0.01598109971886294,0.78952287129931353,0.0060528007495471436,-0.061136954368972991,-0.1298145474141969,0.17744175626112269,-0.12688081111220262,0.16742367140037051,0.79513994619377515,0.016878313966669337,0.036483042178165247,0.023954690796598937,-0.13310062590735802,0.0055999999999999999,-0.034799999999999998,0.25080125181471602,-0.11769915502506666,-0.0077999999999999996,-0.13310062590735802,-0.0055999999999999999,0.034799999999999998,0.25080125181471602,-0.11769915502506666,0.0077999999999999996,0,0,0,0,0,0.61109234104344978,-0.054102615260603587,0.059325005812347821,0.21387590846871818,-0.014410522327241888,0.09270287825682956,0.44602613586906253,0.43099571732332453,0.029184340361200028,-0.57873772472520602,0.045901763411923049,-0.055377678454608753,-0.16307846850344673,-0.077435952307769521,0.006905979654320985,0,0,-0.01381195930864197,-0.0093230725333333288,0,0.006905979654320985,0,0,-0.01381195930864197,-0.0093230725333333288,0,0,0,0,0,0,-1.1742355706015579,0.1125810906939627,-0.10790307214108495,-0.51251410199144931,0.016228800620711397,0.017949042947822767,-0.8229891418050993,-0.90835810703424857,-0.0342698760185342,1.0460696449754239,0.054938707164322885,0.10813287807005464,0.28255054836641585,0.16661112808347694,-0.012553323456790113,0,0,0.025106646913580225,0.016946986666666653,0,-0.012553323456790113,0,0,0.025106646913580225,0.016946986666666653,0
399,FRAME,NONE,394,394,3.9399999999999999,RECOVERY,1.1000000000000014,0,0,0,0,0,0.11177650173736423,0.13405858768470411,-0.015392231401733363,0.79160890979261433,0.0059105061006693273,-0.060197987254031041,-0.12539496721202859,0.18171424143600995,-0.12658708135028804,0.16167033090712349,0.79558578592989071,0.016310388354494797,0.034875558375770867,0.023193858488673683,-0.13303219460953086,0.0055999999999999999,-0.034799999999999998,0.25066438921906176,-0.11779153727713332,-0.0077999999999999996,-0.13303219460953086,-0.0055999999999999999,0.034799999999999998,0.25066438921906176,-0.11779153727713332,0.0077999999999999996,0,0,0,0,0,0.60253259989451091,-0.05296029966945983,0.058099252133596763,0.20337705756990493,-0.014376583921577877,0.095061525400357574,0.43803734614624634,0.42320979422667071,0.028203720098095034,-0.56812788811172055,0.043454955756325159,-0.054470845287820917,-0.15857351548074791,-0.076381368214327949,0.0067801985432098637,0,0,-0.013560397086419727,-0.0091532680333333161,0,0.0067801985432098637,0,0,-0.013560397086419727,-0.0091532680333333161,0,0,0,0,0,0,-1.1788021613390156,0.11301891746300918,-0.10832270614138208,-0.51450726435985861,0.016291914268815776,0.018018846601641367,-0.82618973859001021,-0.91189070289638219,-0.034403151233761996,1.0501377996720433,0.055152363263274114,0.10855340578337914,0.28364938470670203,0.16725907714353958,-0.012602143209876557,0,0,0.025204286419753114,0.017012893333333352,0,-0.012602143209876557,0,0,0.025204286419753114,0.017012893333333352,0
400,FRAME,NONE,395,395,3.9500000000000002,RECOVERY,1.1000000000000014,0,0,0,0,0,0.11775854557044906,0.13353404960985665,-0.014815689335797886,0.79359085499214488,0.0057685330076851608,-0.059236022585788493,-0.12105543248632357,0.18590858127040399,-0.12630335469879897,0.15602424035942764,0.79600750417267674,0.015752519944251107,0.033312864316204838,0.02244326630035778,-0.13296502348799999,0.0055999999999999999,-0.034799999999999998,0.25053004697599995,-0.11788221829120001,-0.0077999999999999996,-0.13296502348799999,-0.0055999999999999999,0.034799999999999998,0.25053004697599995,-0.11788221829120001,0.0077999999999999996,0,0,0,0,0,0.59384847924244921,-0.051823806909181765,0.056871408137201089,0.19305771915955908,-0.01433554040232744,0.097302402054037604,0.4300120308589202,0.41538875331964581,0.027251298276390532,-0.55747933056060606,0.041068636038821042,-0.053556194976668588,-0.15411229823471545,-0.075304007920976981,0.0066539519999999899,0,0,-0.01330790399999998,-0.0089828351999999851,0,0.0066539519999999899,0,0,-0.01330790399999998,-0.0089828351999999851,0,0,0,0,0,0,-1.182941933358949,0.11341582253120576,-0.10870311883718015,-0.51631413479741362,0.016349128967815468,0.018082126021580856,-0.82909118997442743,-0.91509312289601963,-0.034523969813457588,1.0538257222282919,0.055346049886660649,0.10893462866086356,0.28464551775157726,0.1678464653163371,-0.0126464,0,0,0.025292800000000001,0.01707264,0,-0.0126464,0,0,0.025292800000000001,0.01707264,0
401,FRAME,NONE,396,396,3.96,RECOVERY,1.1000000000000014,0,0,0,0,0,0.12365313281562988,0.13302087014295189,-0.014251490139272778,0.79547053088692776,0.0056269534952846341,-0.058252246019008795,-0.11679629412809976,0.19002444106426697,-0.12602934055241818,0.15048573252674985,0.79640571024590945,0.015204750742629012,0.031794517872165362,0.021703154487545593,-0.13289911696795062,0.0055999999999999999,-0.034799999999999998,0.25039823393590127,-0.11797119209326665,-0.0077999999999999996,-0.13289911696795062,-0.0055999999999999999,0.034799999999999998,0.25039823393590127,-0.11797119209326665,0.0077999999999999996,0,0,0,0,0,0.58504193530570825,-0.050693092776732271,0.055642197516183496,0.18292361302982918,-0.014287307091173543,0.099423947184722375,0.4219531777510887,0.40753450503797117,0.026326478417251095,-0.54679616825177113,0.038743995062139269,-0.052634032610986661,-0.14969614552740246,-0.074204461398184193,0.0065272859506172645,0,0,-0.013054571901234529,-0.0088118360333333066,0,0.0065272859506172645,0,0,-0.013054571901234529,-0.0088118360333333066,0,0,0,0,0,0,-1.1866493435611343,0.1137712744478924,-0.10904380086088862,-0.51793229392839069,0.016400368107981893,0.01813879647733117,-0.8316896109531523,-0.9179610790349495,-0.034632169983133634,1.057128474564428,0.05551950769064417,0.10927603625009474,0.28553761369201114,0.16837250609684068,-0.012686034567901221,0,0,0.025372069135802443,0.017126146666666647,0,-0.012686034567901221,0,0,0.025372069135802443,0.017126146666666647,0
402,FRAME,NONE,397,397,3.9700000000000002,RECOVERY,1.1000000000000014,0,0,0,0,0,0.12945905008836928,0.1325189912560176,-0.013699643241264004,0.79724981691349683,0.0054858403507353683,-0.057247857895656055,-0.1126178729061315,0.19406150542716902,-0.12576475450701444,0.14505509931459731,0.79678102486806179,0.014667120200810192,0.030320063787357018,0.020973756967908624,-0.13283447901234569,0.0055999999999999999,-0.034799999999999998,0.25026895802469135,-0.11805845333333333,-0.0077999999999999996,-0.13283447901234569,-0.0055999999999999999,0.034799999999999998,0.25026895802469135,-0.11805845333333333,0.0077999999999999996,0,0,0,0,0,0.57611516981569144,-0.049568120221685365,0.054412334561061405,0.17298010814449977,-0.014231816332983659,0.10142478475579714,0.41386382039050201,0.39964907034591629,0.025428641282732967,-0.53608255365484359,0.036482116838540579,-0.0517046784917626,-0.14532634278756815,-0.073083351208594299,0.0064002469135802419,0,0,-0.012800493827160484,-0.0086403333333333263,0,0.0064002469135802419,0,0,-0.012800493827160484,-0.0086403333333333263,0,0,0,0,0,0,-1.1899188488453465,0.11408474176240896,-0.10934424284491681,-0.5193593223770655,0.01644555507958646,0.018188773238582232,-0.83398111652098528,-0.92049028331495952,-0.034727589968302788,1.0600411186007086,0.055672477331386291,0.10957711809865943,0.286324338718973,0.16883641298002122,-0.012720987654320988,0,0,0.025441975308641975,0.017173333333333332,0,-0.012720987654320988,0,0,0.025441975308641975,0.017173333333333332,0
403,FRAME,NONE,398,398,3.98,RECOVERY,1.1000000000000014,0,0,0,0,0,0.1351751072553993,0.13202835526085177,-0.013160150972490696,0.79893064442683315,0.0053452669595038345,-0.056224071384126897,-0.1085204590127947,0.19801947939809508,-0.12550931858646594,0.13973259143528413,0.79713407908004386,0.014139665091269821,0.028889034109226937,0.02025530098974343,-0.13277111311599998,0.0055999999999999999,-0.034799999999999998,0.250142226232,-0.11814399729339999,-0.0077999999999999996,-0.13277111311599998,-0.0055999999999999999,0.034799999999999998,0.250142226232,-0.11814399729339999,0.0077999999999999996,0,0,0,0,0,0.56707063181536121,-0.048448860628699894,0.053182523628552109,0.16323221878369021,-0.014169017451639362,0.10330372572043812,0.40574703797739597,0.39173458177362735,0.024557148109158114,-0.52534267538460944,0.034283977359980469,-0.050768467890104897,-0.14100413226065442,-0.071941331589505414,0.0062728820000000005,0,0,-0.012545764000000001,-0.0084683907000000017,0,0.0062728820000000005,0,0,-0.012545764000000001,-0.0084683907000000017,0,0,0,0,0,0,-1.1927449061113524,0.1143556930240945,-0.10960393542167332,-0.5205928007677102,0.016484613272900451,0.018231971575023837,-0.83596182167272137,-0.9226764477378312,-0.034810067994477452,1.0625587162573835,0.055804699465048249,0.10983736375414357,0.28700435902343013,0.16923739946084851,-0.01275119999999998,0,0,0.02550239999999996,0.017214119999999972,0,-0.01275119999999998,0,0,0.02550239999999996,0.017214119999999972,0
404,FRAME,NONE,399,399,3.9900000000000002,RECOVERY,1.1000000000000014,0,0,0,0,0,0.14080013991421433,0.13154890471609476,-0.012633008661551218,0.80051499314022423,0.0052053071411482217,-0.055182110602651206,-0.10450431161146405,0.20189808957487509,-0.12526276143635959,0.13451841807739326,0.79746551316174563,0.013622419384637726,0.027500948619872533,0.019548006811029625,-0.13270902229965431,0.0055999999999999999,-0.034799999999999998,0.25001804459930865,-0.11822781989546667,-0.0077999999999999996,-0.13270902229965431,-0.0055999999999999999,0.034799999999999998,0.25001804459930865,-0.11822781989546667,0.0077999999999999996,0,0,0,0,0,0.55791101878029103,-0.047335295047688165,0.051953458677188362,0.15368460219762925,-0.014098876636695637,0.10505976918285223,0.39760595516219344,0.38379328422364761,0.023711343779331359,-0.51458075809838755,0.032150443635123149,-0.049825750791493414,-0.13673071326065256,-0.070779087516414846,0.0061452389135802348,0,0,-0.01229047782716047,-0.0082960725333333166,0,0.0061452389135802348,0,0,-0.01229047782716047,-0.0082960725333333166,0,0,0,0,0,0,-1.1951219722589284,0.11458359678228902,-0.10982236922356761,-0.52163030972460123,0.016517466078195292,0.018268306756345928,-0.83762784140316193,-0.92451528430535312,-0.034879442287170312,1.0646763294547115,0.055915914747791721,0.11005626276413405,0.28757634079635214,0.16957467903429368,-0.012776612345678982,0,0,0.025553224691357963,0.017248426666666625,0,-0.012776612345678982,0,0,0.025553224691357963,0.017248426666666625,0
405,FRAME,NONE,400,400,4,RECOVERY,1.1000000000000014,0,0,0,0,0,0.14633301188031156,0.13108058232250522,-0.012118204736058045,0.80200488754930377,0.0050660349861623459,-0.054123208735309181,-0.10056965838545456,0.2056970852507812,-0.12502481848522781,0.12941274657360433,0.79777597554026203,0.013115414126781345,0.026155315263957774,0.018852087388861603,-0.1326482091040494,0.0055999999999999999,-0.034799999999999998,0.24989641820809877,-0.11830991770953332,-0.0077999999999999996,-0.1326482091040494,-0.0055999999999999999,0.034799999999999998,0.24989641820809877,-0.11830991770953332,0.0077999999999999996,0,0,0,0,0,0.5486392770709092,-0.046227415367552982,0.050725822870475314,0.1443415577508953,-0.014021376763708748,0.10669210273764348,0.38944374187131597,0.37582753555337123,0.022890559922173662,-0.50380106243358991,0.030082272989878176,-0.048876891627197078,-0.13250724252198329,-0.069597333751777735,0.0060173659506173038,0,0,-0.012034731901234608,-0.0081234440333333609,0,0.0060173659506173038,0,0,-0.012034731901234608,-0.0081234440333333609,0,0,0,0,0,0,-1.1970445041878517,0.11476792158633263,-0.10999903488300924,-0.52246942987201528,0.016544036885742422,0.01829769405223846,-0.83897529070710952,-0.92600250501931525,-0.034935551071894083,1.0663890201129518,0.056005863835778449,0.11023330467621779,0.28803895022870901,0.16984746519532806,-0.012797165432098785,0,0,0.02559433086419757,0.01727617333333336,0,-0.012797165432098785,0,0,0.02559433086419757,0.01727617333333336,0
406,FRAME,NONE,401,401,4.0099999999999998,RECOVERY,1.1000000000000014,0,0,0,0,0,0.15177261767572167,0.13062333080701724,-0.01161572082797307,0.80340239335474617,0.0049275246944058279,-0.053048606148618734,-0.096716695088387858,0.20941623955614252,-0.12479523207413679,0.12441570206647515,0.79806612169220914,0.012618677316272638,0.024851630572771219,0.018167748079360592,-0.132588675584,0.0055999999999999999,-0.034799999999999998,0.24977735116800004,-0.11839028796159996,-0.0077999999999999996,-0.132588675584,-0.0055999999999999999,0.034799999999999998,0.24977735116800004,-0.11839028796159996,0.0077999999999999996,0,0,0,0,0,0.53925860172936158,-0.045125225429836643,0.049500288247757381,0.1352070275272233,-0.013936517151506343,0.10820010200413394,0.38126361314023804,0.36783980694087781,0.022094117929231591,-0.49300788498364873,0.028080112627259752,-0.047922268994671058,-0.1283348346491669,-0.068396813882969254,0.0058893120000000233,0,0,-0.011778624000000047,-0.0079505712000000305,0,0.0058893120000000233,0,0,-0.011778624000000047,-0.0079505712000000305,0,0,0,0,0,0,-1.198506958797884,0.11490813598556388,-0.11013342303240634,-0.52310774183422237,0.016564249085813058,0.018320048732391153,-0.84000028457935516,-0.92713382188149474,-0.034978232574161015,1.0676918501523496,0.056074287385169411,0.11036797903798032,0.28839085351146682,0.1700549714389207,-0.012812800000000015,0,0,0.02562560000000003,0.017297280000000019,0,-0.012812800000000015,0,0,0.02562560000000003,0.017297280000000019,0
407,FRAME,NONE,402,402,4.0199999999999996,RECOVERY,1.1000000000000014,0,0,0,0,0,0.15711788501221469,0.13017709279618411,-0.011125531882458066,0.80470961389834028,0.0047898504157438968,-0.051959548516829962,-0.092945585095952632,0.21305535060278125,-0.12457375155551054,0.11952736717186303,0.79833661304271331,0.012132233782377882,0.023589380083445209,0.017495186348126041,-0.13253042330246914,0.0055999999999999999,-0.034799999999999998,0.24966084660493826,-0.11846892854166666,-0.0077999999999999996,-0.13253042330246914,-0.0055999999999999999,0.034799999999999998,0.24966084660493826,-0.11846892854166666,0.0077999999999999996,0,0,0,0,0,0.52977243563854182,-0.044028742079036801,0.048277515462516053,0.12628459835482853,-0.01384431326005333,0.10958332937843812,0.37306882895287941,0.35983268304225247,0.021321331878352633,-0.48220555831044964,0.026144499441412283,-0.046962275368689292,-0.12421456266168962,-0.067178299353325838,0.0057611265432098695,0,0,-0.011522253086419739,-0.0077775208333333229,0,0.0057611265432098695,0,0,-0.011522253086419739,-0.0077775208333333229,0,0,0,0,0,0,-1.1995037929888031,0.11500370852932287,-0.11022502430416847,-0.5235428262354993,0.016578026068678638,0.018335286066493966,-0.8406989380147013,-0.92790494689368141,-0.03500732501948383,1.0685798814931646,0.056120926052126353,0.11045977539700859,0.28863071683559544,0.1701964112600429,-0.012823456790123469,0,0,0.025646913580246938,0.017311666666666684,0,-0.012823456790123469,0,0,0.025646913580246938,0.017311666666666684,0
408,FRAME,NONE,403,403,4.0300000000000002,RECOVERY,1.1000000000000014,0,0,0,0,0,0.16236777726303622,0.12974181067965776,-0.010647606269566883,0.80592868662606887,0.0046530860934655832,-0.050857284963407322,-0.089256458958999932,0.21661424262908183,-0.12436013336218414,0.11474778163965441,0.79858811586379708,0.011656105063703992,0.022368038752283253,0.016834591491273868,-0.13247345332464197,0.0055999999999999999,-0.034799999999999998,0.24954690664928394,-0.11854583801173332,-0.0077999999999999996,-0.13247345332464197,-0.0055999999999999999,0.034799999999999998,0.24954690664928394,-0.11854583801173332,0.0077999999999999996,0,0,0,0,0,0.5201844680648966,-0.042937996146817516,0.047058153587386492,0.11757750520241009,-0.013744796332892648,0.11084153203186808,0.3648626940864248,0.35180886194891653,0.020571511355663288,-0.47139845099138938,0.024275860079991812,-0.045997316804907679,-0.12014745863115976,-0.065942588489967063,0.0056328596543210102,0,0,-0.01126571930864202,-0.0076043605333333628,0,0.0056328596543210102,0,0,-0.01126571930864202,-0.0076043605333333628,0,0,0,0,0,0,-1.2000294636603845,0.11505410776694958,-0.11027332933070505,-0.52377226370012209,0.016585291224610579,0.018343321324236835,-0.84106736600794907,-0.92831159205766378,-0.035022666633375193,1.0690481760556549,0.056145520492810935,0.11050818330088941,0.28875720639206437,0.1702709981536657,-0.012829076543209906,0,0,0.025658153086419812,0.017319253333333371,0,-0.012829076543209906,0,0,0.025658153086419812,0.017319253333333371,0
409,FRAME,NONE,404,404,4.04,RECOVERY,1.1000000000000014,0,0,0,0,0,0.16752129591707046,0.12931742646436256,-0.010181905898101236,0.80706177959189884,0.0045173053110278511,-0.049743066226227595,-0.085649413957911341,0.22009276714387421,-0.12415414104777829,0.11007694201149539,0.79882130017429764,0.011190309287627129,0.021187071361432684,0.016186144367030392,-0.13241776621199999,0.0055999999999999999,-0.034799999999999998,0.24943553242399999,-0.11862101561380001,-0.0077999999999999996,-0.13241776621199999,-0.0055999999999999999,0.034799999999999998,0.24943553242399999,-0.11862101561380001,0.0077999999999999996,0,0,0,0,0,0.51049863260997086,-0.04185303336780808,0.045842839984761519,0.10908863588735784,-0.013638012988421159,0.11197463918934503,0.35664855796061196,0.34377115495400817,0.019843964167952189,-0.46059096769903207,0.022474511248258493,-0.045027812637434869,-0.11613451440756341,-0.064690505531917325,0.0055045620000000166,0,0,-0.011009124000000033,-0.0074311587000000217,0,0.0055045620000000166,0,0,-0.011009124000000033,-0.0074311587000000217,0,0,0,0,0,0,-1.2000784277123928,0.11505880224778281,-0.11027782874442446,-0.52379363485236208,0.016585967943880137,0.018344069775309516,-0.84110168355389181,-0.92834946937522134,-0.035024095641347452,1.0690917957600679,0.056147811363384287,0.11051269229720855,0.28876898837184051,0.17027794561475859,-0.012829600000000028,0,0,0.025659200000000056,0.017319960000000037,0,-0.012829600000000028,0,0,0.025659200000000056,0.017319960000000037,0
410,FRAME,NONE,405,405,4.0499999999999998,RECOVERY,1.1000000000000014,0,0,0,0,0,0.1725774830096336,0.12890388162005406,-0.0097283863309691136,0.80811108801493514,0.0043825811426283137,-0.048618142853450459,-0.082124513658257348,0.223490804067042,-0.12395554529954766,0.1055148012753032,0.79903683864397168,0.010734861050619481,0.020045932917908214,0.015550017137862058,-0.13236336201639504,0.0055999999999999999,-0.034799999999999998,0.2493267240327901,-0.11869446127786668,-0.0077999999999999996,-0.13236336201639504,-0.0055999999999999999,0.034799999999999998,0.2493267240327901,-0.11869446127786668,0.0077999999999999996,0,0,0,0,0,0.50071910459897906,-0.040773915225140511,0.044632200241491414,0.10082053703023482,-0.013524024764476821,0.11298275872590005,0.34842981449066779,0.33572248613719502,0.019137998938371051,-0.44978754931154447,0.020740660247734993,-0.04405419517195492,-0.11217668243121483,-0.063422899661892837,0.0053762848395061749,0,0,-0.01075256967901235,-0.0072579845333333353,0,0.0053762848395061749,0,0,-0.01075256967901235,-0.0072579845333333353,0,0,0,0,0,0,-1.1996451420446073,0.11501726052116286,-0.1102380131777364,-0.52360452031649674,0.016579979616758774,0.018337446689401994,-0.84079800564733287,-0.92801429084814502,-0.035011450268913356,1.0687058025266649,0.056127539320008205,0.1104727919335531,0.28866472896589401,0.17021646713829311,-0.012824967901234585,0,0,0.02564993580246917,0.017313706666666689,0,-0.012824967901234585,0,0,0.02564993580246917,0.017313706666666689,0
411,FRAME,NONE,406,406,4.0599999999999996,RECOVERY,1.1000000000000014,0,0,0,0,0,0.1775354235244947,0.12850111691696114,-0.0092869969013958178,0.80907883090206068,0.0042489860080586117,-0.047483763436646793,-0.078681787467670045,0.22680826286514774,-0.12376412392491447,0.10106126851627201,0.79923540550400252,0.01028977129956612,0.018944069044142885,0.014926373023031568,-0.13231024027412347,0.0055999999999999999,-0.034799999999999998,0.24922048054824691,-0.11876617562993332,-0.0077999999999999996,-0.13231024027412347,-0.0055999999999999999,0.034799999999999998,0.24922048054824691,-0.11876617562993332,0.0077999999999999996,0,0,0,0,0,0.49085029793725382,-0.039700719724354683,0.043426848165810029,0.092775421182530876,-0.013402907620889373,0.11386617312351245,0.34020990194295897,0.32766589177754135,0.018452927579299852,-0.43899267305184969,0.019074405741634361,-0.043076909375817818,-0.10827487662675757,-0.062140644044893369,0.0052480800246913388,0,0,-0.010496160049382678,-0.0070849080333333066,0,0.0052480800246913388,0,0,-0.010496160049382678,-0.0070849080333333066,0,0,0,0,0,0,-1.198724063556792,0.11492895113642852,-0.11015337326304926,-0.52320250071679719,0.016567249633517741,0.01832336733620403,-0.84015244728306537,-0.92730176847821444,-0.034984568741585238,1.0678852582756932,0.056084445018843819,0.11038797175750882,0.28844309436519172,0.17008577621923868,-0.012815120987654294,0,0,0.025630241975308589,0.017300413333333296,0,-0.012815120987654294,0,0,0.025630241975308589,0.017300413333333296,0
412,FRAME,NONE,407,407,4.0700000000000003,RECOVERY,1.1000000000000014,0,0,0,0,0,0.18239424776190413,0.12810907225622067,-0.0088576808293557643,0.80996724774744921,0.0041165915322615258,-0.046341172887415086,-0.075321230193951996,0.23004508368038074,-0.1235796618130057,0.096716208564192108,0.79941767546602993,0.0098550472141866515,0.017880916359336758,0.014315366061494287,-0.13225839999999997,0.0055999999999999999,-0.034799999999999998,0.24911679999999997,-0.11883616000000001,-0.0077999999999999996,-0.13225839999999997,-0.0055999999999999999,0.034799999999999998,0.24911679999999997,-0.11883616000000001,0.0077999999999999996,0,0,0,0,0,0.48089686146774591,-0.038633542094738377,0.042227385844320994,0.084955175049529444,-0.013274751404748489,0.11462533483357436,0.3319923027925768,0.31960451960427477,0.017788067637122526,-0.42821085265361836,0.017475738738900824,-0.042096412566432422,-0.1044299733754486,-0.060844634876549314,0.0051200000000000048,0,0,-0.01024000000000001,-0.0069120000000000058,0,0.0051200000000000048,0,0,-0.01024000000000001,-0.0069120000000000058,0,0,0,0,0,0,-1.1973096491487349,0.11479334264292092,-0.11002339963277354,-0.52258515667754468,0.016547701384428626,0.01830174698540574,-0.83916112345589899,-0.9262076142672272,-0.034943289284876132,1.066625224927422,0.056018269116053336,0.11025772131666361,0.28810275076070602,0.16988508635256808,-0.012800000000000011,0,0,0.025600000000000022,0.017280000000000014,0,-0.012800000000000011,0,0,0.025600000000000022,0.017280000000000014,0
413,FRAME,NONE,408,408,4.0800000000000001,RECOVERY,1.1000000000000014,0,0,0,0,0,0.18715313366784628,0.12772768649383903,-0.0084403753376147261,0.81077859531939422,0.0039854684099476937,-0.045191610763114128,-0.072042801604418741,0.23320123845111507,-0.12340195087249928,0.092479441636895671,0.79958432265210244,0.0094306920906318276,0.016855902850689025,0.013717140884984855,-0.1322078396814321,0.0055999999999999999,-0.034799999999999998,0.24901567936286417,-0.11890441643006666,-0.0077999999999999996,-0.1322078396814321,-0.0055999999999999999,0.034799999999999998,0.24901567936286417,-0.11890441643006666,0.0077999999999999996,0,0,0,0,0,0.47086367486459424,-0.037572495417632169,0.041034403756582752,0.07736136872531979,-0.013139659283215704,0.11526086109312783,0.32378054358208169,0.3115416278954064,0.017142744504472032,-0.41744663855217951,0.015944543788255734,-0.041113174099218691,-0.10064281256179969,-0.059535790443970282,0.0049920978024691701,0,0,-0.0099841956049383403,-0.0067393320333333801,0,0.0049920978024691701,0,0,-0.0099841956049383403,-0.0067393320333333801,0,0,0,0,0,0,-1.1953963557201959,0.11460990358997844,-0.10984758291931718,-0.52175006882300834,0.016521258259762618,0.018272500906696815,-0.83782014916062364,-0.92472754021695935,-0.034887450124298225,1.0649207644020946,0.055928752267797685,0.11008153015860285,0.28764236434340251,0.16961361103325009,-0.012779545679012362,0,0,0.025559091358024724,0.017252386666666685,0,-0.012779545679012362,0,0,0.025559091358024724,0.017252386666666685,0
414,FRAME,NONE,409,409,4.0899999999999999,RECOVERY,1.1000000000000014,0,0,0,0,0,0.19181130912003658,0.12735689725887925,-0.0080350117667901295,0.81151514454432161,0.0038556862756095149,-0.044036309647032305,-0.068846425986446746,0.23627673202271748,-0.12323078994717643,0.088350742979634939,0.79973601953732276,0.0090167052263431559,0.015868448233939642,0.013131832501116422,-0.13215855727249384,0.0055999999999999999,-0.034799999999999998,0.24891711454498769,-0.1189709476821333,-0.0077999999999999996,-0.13215855727249384,-0.0055999999999999999,0.034799999999999998,0.24891711454498769,-0.1189709476821333,0.0077999999999999996,0,0,0,0,0,0.46075584409908077,-0.036517711181638254,0.039848480944591057,0.069995265853785377,-0.012997747148699779,0.11577352824487297,0.31557819478069576,0.30348058443422404,0.01651629349643112,-0.40670461809844655,0.014480600373352918,-0.040127675056249076,-0.096914198690587719,-0.058215050201608415,0.0048644270617284021,0,0,-0.0097288541234568041,-0.0065669765333333423,0,0.0048644270617284021,0,0,-0.0097288541234568041,-0.0065669765333333423,0,0,0,0,0,0,-1.1929786401709468,0.11437810252694065,-0.10962541375508925,-0.52069481777746274,0.016487843649791081,0.018235544369767126,-0.83612563939203777,-0.92285725832919629,-0.034816889485364072,1.0627669386199656,0.055815635130238329,0.10985888783091292,0.28706060130424982,0.16927056375625524,-0.012753698765432092,0,0,0.025507397530864184,0.017217493333333323,0,-0.012753698765432092,0,0,0.025507397530864184,0.017217493333333323,0
415,FRAME,NONE,410,410,4.0999999999999996,RECOVERY,1.1000000000000014,0,0,0,0,0,0.19636805416660469,0.12699664076661352,-0.0076415156888777298,0.81217917749659541,0.0037273135791942536,-0.042876493587583976,-0.06573199170927127,0.23927160324706465,-0.12306598471057803,0.084329842500293281,0.79987343590743121,0.0086130818062414953,0.014917964302386687,0.012559566086311459,-0.132110550188,0.0055999999999999999,-0.034799999999999998,0.248821100376,-0.11903575724619998,-0.0077999999999999996,-0.132110550188,-0.0055999999999999999,0.034799999999999998,0.248821100376,-0.11903575724619998,0.0077999999999999996,0,0,0,0,0,0.45057869651535593,-0.035469339765105051,0.03867018523426155,0.062857834626962455,-0.012849143001184036,0.11616426561243773,0.30738887064334341,0.29542486533365947,0.015908061787941088,-0.39598941579409663,0.013083584499984625,-0.039140407936646852,-0.093244902070222582,-0.056883373864443566,0.0047370420000000264,0,0,-0.0094740840000000527,-0.0063950067000000353,0,0.0047370420000000264,0,0,-0.0094740840000000527,-0.0063950067000000353,0,0,0,0,0,0,-1.1900509594007722,0.11409740800314835,-0.10935638277249998,-0.51941698416518767,0.016447380944785546,0.018190792644306741,-0.83407370914494861,-0.92059248060573329,-0.03473144559358661,1.0601588095013008,0.055678658359537336,0.10958928388118148,0.2863561278342196,0.16885515801655585,-0.012722400000000045,0,0,0.02544480000000009,0.01717524000000006,0,-0.012722400000000045,0,0,0.02544480000000009,0.01717524000000006,0
416,FRAME,NONE,411,411,4.1100000000000003,RECOVERY,1.1000000000000014,0,0,0,0,0,0.20082270321373696,0.12664685162734607,-0.007259807018706297,0.81277298450215496,0.0036004174676713676,-0.041713376600777737,-0.062699350787028388,0.24218592606959785,-0.12290734754121779,0.080416424400282419,0.7999972378329262,0.0082198127903186872,0.014003855263880004,0.01200045678834046,-0.13206381529758024,0.0055999999999999999,-0.034799999999999998,0.24872763059516045,-0.11909884934826667,-0.0077999999999999996,-0.13206381529758024,-0.0055999999999999999,0.034799999999999998,0.24872763059516045,-0.11909884934826667,0.0077999999999999996,0,0,0,0,0,0.44033777555361053,-0.034427550846615848,0.037500073505821373,0.055949759530935755,-0.012693986312399564,0.11643414898301238,0.29921622906889828,0.2873780537383766,0.015317410210537924,-0.38530569354609506,0.011753070466041765,-0.038151876349669815,-0.089635660058373368,-0.055541740520548853,0.0046099974320987754,0,0,-0.0092199948641975508,-0.0062234965333333465,0,0.0046099974320987754,0,0,-0.0092199948641975508,-0.0062234965333333465,0,0,0,0,0,0,-1.1866077703094251,0.11376728856793926,-0.10903998060395667,-0.51791414861044927,0.01639979353501712,0.018138161000005246,-0.8316604734141414,-0.91792891904834084,-0.034630956674477825,1.0570914389663377,0.055517562611855288,0.10927220785699322,0.28552761012427574,0.1683666073091197,-0.012685590123456762,0,0,0.025371180246913524,0.01712554666666663,0,-0.012685590123456762,0,0,0.025371180246913524,0.01712554666666663,0
417,FRAME,NONE,412,412,4.1200000000000001,RECOVERY,1.1000000000000014,0,0,0,0,0,0.20517464715890235,0.12630746265161363,-0.0068898001228178494,0.81329886136305896,0.0034750636726822706,-0.040548161239659021,-0.05974831844308099,0.24501983519325365,-0.1227547178682601,0.076610181062578289,0.80010802543724491,0.0078369373440921875,0.013125553068818154,0.011454588074348526,-0.13201834891975309,0.0055999999999999999,-0.034799999999999998,0.24863669783950615,-0.11916022895833334,-0.0077999999999999996,-0.13201834891975309,-0.0055999999999999999,0.034799999999999998,0.24863669783950615,-0.11916022895833334,0.0077999999999999996,0,0,0,0,0,0.43003883515876667,-0.033392533744602333,0.036338692009923082,0.049271453749045013,-0.012532427376415706,0.11658439374984333,0.29106397145723822,0.27934385050751709,0.014743721781006015,-0.37465814873854181,0.010488531896598544,-0.037162593641128505,-0.086087181084579772,-0.054191146033830614,0.0044833487654320934,0,0,-0.0089666975308641868,-0.0060525208333333256,0,0.0044833487654320934,0,0,-0.0089666975308641868,-0.0060525208333333256,0,0,0,0,0,0,-1.1826435297967002,0.11338721277065515,-0.10867569788187049,-0.51618389173753199,0.016345004810757471,0.018077564706552866,-0.8288820471944307,-0.91486228565882233,-0.034515260953550952,1.0535598889353515,0.055332088543354745,0.1089071493059367,0.28457371436539242,0.16780412512892062,-0.012643209876543215,0,0,0.025286419753086431,0.017068333333333342,0,-0.012643209876543215,0,0,0.025286419753086431,0.017068333333333342,0
418,FRAME,NONE,413,413,4.1299999999999999,RECOVERY,1.1000000000000014,0,0,0,0,0,0.20942333546680464,0.12597840465245688,-0.0065314039253096447,0.81375910670887719,0.0033513164044019694,-0.039382037233745559,-0.056878672675624596,0.24777342547959255,-0.12260787813387274,0.072910590843944287,0.80020658500805297,0.0074643279502269464,0.012282373017663937,0.010922099196819284,-0.131974146816,0.0055999999999999999,-0.034799999999999998,0.24854829363200001,-0.11921990179839999,-0.0077999999999999996,-0.131974146816,-0.0055999999999999999,0.034799999999999998,0.24854829363200001,-0.11921990179839999,0.0077999999999999996,0,0,0,0,0,0.41968783391220688,-0.032364497687516217,0.035186576726171481,0.042823072132933099,-0.012364626651036159,0.11661634776641953,0.28293584256459819,0.271326022698124,0.014186374617226766,-0.36405152365479748,0.0092893476575074269,-0.036173087078620873,-0.082600134674268813,-0.052832609415571941,0.0043571520000000178,0,0,-0.0087143040000000355,-0.0058821552000000244,0,0.0043571520000000178,0,0,-0.0087143040000000355,-0.0058821552000000244,0,0,0,0,0,0,-1.1781526947623568,0.11295664916063433,-0.10826302523864931,-0.51422379417070463,0.016282938162277789,0.018008919033639274,-0.82573454548060576,-0.91138829243895281,-0.034384196656318158,1.0495592213285847,0.055121976810196566,0.10849359777559715,0.28349310674853512,0.16716692497092722,-0.012595200000000011,0,0,0.025190400000000022,0.017003520000000015,0,-0.012595200000000011,0,0,0.025190400000000022,0.017003520000000015,0
419,FRAME,NONE,414,414,4.1399999999999997,RECOVERY,1.1000000000000014,0,0,0,0,0,0.21356827818536586,0.12565960624543696,-0.0061845220101958481,0.8141560194803843,0.0032292382517218362,-0.038216180201236162,-0.05409015382463734,0.25044691080961129,-0.122466682523986,0.069317258063982326,0.8002934951089673,0.0071020198217396635,0.011473738701451998,0.010403050711768903,-0.1319312041848395,0.0055999999999999999,-0.034799999999999998,0.24846240836967901,-0.11927787435046666,-0.0077999999999999996,-0.1319312041848395,-0.0055999999999999999,0.034799999999999998,0.24846240836967901,-0.11927787435046666,0.0077999999999999996,0,0,0,0,0,0.40929092892365732,-0.031343672016308242,0.034044253760721017,0.036604524653356202,-0.012190754094206648,0.1165314839635309,0.27483563035693254,0.26332847962739359,0.01364478801397148,-0.3534905915343875,0.0081547981190173945,-0.03518389049441796,-0.079175170614580195,-0.05146716070467007,0.004231463728395066,0,0,-0.0084629274567901321,-0.0057124760333333389,0,0.004231463728395066,0,0,-0.0084629274567901321,-0.0057124760333333389,0,0,0,0,0,0,-1.1731297221061625,0.11247506628721601,-0.10780145330670182,-0.51203143653423977,0.016213516979849376,0.017932139250954288,-0.82221408326746226,-0.90750265139051489,-0.034237602008291887,1.0450844980662886,0.054886968068542034,0.10803104281356068,0.28228445346467135,0.16645422033010948,-0.012541501234567898,0,0,0.025083002469135796,0.016931026666666661,0,-0.012541501234567898,0,0,0.025083002469135796,0.016931026666666661,0
420,FRAME,NONE,415,415,4.1500000000000004,RECOVERY,1.1000000000000014,0,0,0,0,0,0.21760904789958788,0.1253509936470564,-0.0058490527198886803,0.81449189654978216,0.0031088900888045705,-0.037051750435999509,-0.05138246414018114,0.25304051604224642,-0.12233096862756211,0.06582968027127499,0.80036939718869227,0.0067499858798957726,0.010699027034821196,0.0098975158775717973,-0.13188951565590121,0.0055999999999999999,-0.034799999999999998,0.24837903131180245,-0.11933415386453335,-0.0077999999999999996,-0.13188951565590121,-0.0055999999999999999,0.034799999999999998,0.24837903131180245,-0.11933415386453335,0.0077999999999999996,0,0,0,0,0,0.3988544695192453,-0.030330306321241455,0.032912239779556679,0.030615490245020471,-0.01201098849939417,0.11633139277888187,0.26676716586097793,0.25535521745209094,0.013118392538770831,-0.34298016678679671,0.0070840717816906991,-0.034195548955144796,-0.075812908014916941,-0.050095848060253072,0.0041063411358024148,0,0,-0.0082126822716048296,-0.005543560533333259,0,0.0041063411358024148,0,0,-0.0082126822716048296,-0.005543560533333259,0,0,0,0,0,0,-1.1675690687278988,0.11194193269974065,-0.10729047271843793,-0.50960439945241587,0.016136664653743724,0.017847140628187919,-0.8183167755498052,-0.90320107451530096,-0.034075315234984964,1.0401307810687257,0.054626802974553079,0.1075189739674146,0.28094642070477199,0.16566522470143927,-0.01248205432098762,0,0,0.024964108641975239,0.016850773333333284,0,-0.01248205432098762,0,0,0.024964108641975239,0.016850773333333284,0
421,FRAME,NONE,416,416,4.1600000000000001,RECOVERY,1.1000000000000014,0,0,0,0,0,0.22154528162143439,0.12505249047222661,-0.0055248892494296209,0.81476903048094507,0.0029903309880267822,-0.035889891770993249,-0.048755267352111574,0.25555450634235594,-0.12220057987628233,0.062447307399732879,0.80043492415165374,0.0064081942861095378,0.0099576088356098692,0.0094055570703098224,-0.131849075284,0.0055999999999999999,-0.034799999999999998,0.248298150568,-0.11938874836659999,-0.0077999999999999996,-0.131849075284,-0.0055999999999999999,0.034799999999999998,0.248298150568,-0.11938874836659999,0.0077999999999999996,0,0,0,0,0,0.38838499076064453,-0.029324670515313962,0.031791042474101708,0.024855430962678005,-0.011825516833643326,0.11601777444719465,0.25873432301281929,0.24741033137514112,0.012606639276961634,-0.33252510273223501,0.0060762667039091361,-0.033208617169612542,-0.072513940059543563,-0.048719734924150639,0.0039818420000000045,0,0,-0.0079636840000000091,-0.0053754867000000064,0,0.0039818420000000045,0,0,-0.0079636840000000091,-0.0053754867000000064,0,0,0,0,0,0,-1.1614651915273457,0.11135671694754858,-0.10672957410626747,-0.50694026354951116,0.016052304574232307,0.017753838435030173,-0.81403873732243881,-0.89847927381510295,-0.03389717456191018,1.0346931322561583,0.054341222184391545,0.10695688078474611,0.27947767465980766,0.16479915157988823,-0.012416800000000023,0,0,0.024833600000000046,0.01676268000000003,0,-0.012416800000000023,0,0,0.024833600000000046,0.01676268000000003,0
422,FRAME,NONE,417,417,4.1699999999999999,RECOVERY,1.1000000000000014,0,0,0,0,0,0.22537668261419799,0.12476401753138004,-0.005211919736133018,0.81498970743254795,0.0028736181393002303,-0.034731730519329929,-0.04620818824119155,0.25798918817052502,-0.12207536533331964,0.059169541371934892,0.8004906994673977,0.006076608338634007,0.009248849077303594,0.0089272256385437218,-0.13180987654320986,0.0055999999999999999,-0.034799999999999998,0.24821975308641975,-0.11944166666666667,-0.0077999999999999996,-0.13180987654320986,-0.0055999999999999999,0.034799999999999998,0.24821975308641975,-0.11944166666666667,0.0077999999999999996,0,0,0,0,0,0.37788920682855986,-0.028327054846768555,0.030681161055803353,0.019323606369271495,-0.011634533581746565,0.11559243119661484,0.2507410185037352,0.23949801381043562,0.012109000785183757,-0.32213029193898018,0.0051303931748584615,-0.032223659212750853,-0.069278835545647621,-0.047339899280581972,0.0038580246913580158,0,0,-0.0077160493827160316,-0.0052083333333333209,0,0.0038580246913580158,0,0,-0.0077160493827160316,-0.0052083333333333209,0,0,0,0,0,0,-1.1548125474042574,0.11071888757997767,-0.10611824810259786,-0.50403660944979201,0.015960360131586242,0.017652147941170652,-0.80937608358014901,-0.89333296129169237,-0.033703018214579578,1.0287666135488245,0.054029966354218084,0.10634425281314,0.27787688152074252,0.16385521446042436,-0.012345679012345684,0,0,0.024691358024691367,0.01666666666666667,0,-0.012345679012345684,0,0,0.024691358024691367,0.01666666666666667,0
423,FRAME,NONE,418,418,4.1799999999999997,RECOVERY,1.1000000000000014,0,0,0,0,0,0.22910302215011735,0.12448549262783465,-0.0049100273443431095,0.81515620520588805,0.0027588067757146045,-0.033578374493660253,-0.043740812211710327,0.26034491025390322,-0.12195517947274591,0.055995735697908548,0.8005373363072843,0.0057551863709478556,0.0085721071259221744,0.0084625617657349255,-0.13177191232093827,0.0055999999999999999,-0.034799999999999998,0.24814382464187651,-0.11949291836673334,-0.0077999999999999996,-0.13177191232093827,-0.0055999999999999999,0.034799999999999998,0.24814382464187651,-0.11949291836673334,0.0077999999999999996,0,0,0,0,0,0.36737400430240741,-0.027337769853384847,0.029583086776447168,0.014019088081265035,-0.011438240099669619,0.11505725939469555,0.24279121162335526,0.23162255248818045,0.011624971910671024,-0.31180066656969135,0.0042453765071085135,-0.031241248256265529,-0.066108140457945219,-0.045957432943365101,0.0037349481728394807,0,0,-0.0074698963456789613,-0.0050421800333332991,0,0.0037349481728394807,0,0,-0.0074698963456789613,-0.0050421800333332991,0,0,0,0,0,0,-1.1476055932584173,0.11002791314636858,-0.1054559853398392,-0.50089101777753786,0.015860754716077043,0.017541984416299398,-0.80432492931774224,-0.88775784894686349,-0.033492684418506044,1.0223462868669895,0.053692776140194694,0.10568057960018379,0.27614270747854797,0.1628326268380198,-0.01226863209876544,0,0,0.02453726419753088,0.016562653333333344,0,-0.01226863209876544,0,0,0.02453726419753088,0.016562653333333344,0
424,FRAME,NONE,419,419,4.1900000000000004,RECOVERY,1.1000000000000014,0,0,0,0,0,0.23272414120043342,0.12421683035594903,-0.0046190903450348975,0.81527079143866621,0.0026459501054256276,-0.032430912104182495,-0.041352684865581482,0.26262206453760911,-0.12183988195096702,0.052925195069292351,0.80057543670948317,0.0054438816518748226,0.0079267369610410629,0.0080115943400143642,-0.13173517491200001,0.0055999999999999999,-0.034799999999999998,0.248070349824,-0.11954251386879998,-0.0077999999999999996,-0.13173517491200001,-0.0055999999999999999,0.034799999999999998,0.248070349824,-0.11954251386879998,0.0077999999999999996,0,0,0,0,0,0.35684643536578892,-0.026357146261373372,0.028497303470998433,0.0089407744005713108,-0.011236843980064703,0.11441424168459058,0.23488890409991794,0.22378832850817645,0.011154070479662321,-0.30154119873528823,0.0034200599405642164,-0.030261966306221133,-0.063002379576704931,-0.044573440870907158,0.0036126719999999795,0,0,-0.0072253439999999591,-0.0048771071999999726,0,0.0036126719999999795,0,0,-0.0072253439999999591,-0.0048771071999999726,0,0,0,0,0,0,-1.1398387859895913,0.1092832621960603,-0.1047422764504,-0.49750106915702064,0.015753411717975993,0.017423263130106201,-0.79888138953001286,-0.88174964878239703,-0.033266011399201947,1.015427214130902,0.053329392198482581,0.10496535069346338,0.2742738187241911,0.16173060220764421,-0.01218559999999998,0,0,0.024371199999999961,0.016450559999999975,0,-0.01218559999999998,0,0,0.024371199999999961,0.016450559999999975,0
425,FRAME,NONE,420,420,4.2000000000000002,RECOVERY,1.1000000000000014,0,0,0,0,0,0.23623995205724391,0.12395794190061671,-0.004338982190019075,0.81533572194524473,0.0025350992496754308,-0.031290411535177455,-0.039043311577989674,0.26482108711617219,-0.12172933737148937,0.049957174948948413,0.80060559077342019,0.0051426422874493718,0.0073120873806156025,0.0075743408309655435,-0.13169965601269137,0.0055999999999999999,-0.034799999999999998,0.24799931202538275,-0.11959046438286663,-0.0077999999999999996,-0.13169965601269137,-0.0055999999999999999,0.034799999999999998,0.24799931202538275,-0.11959046438286663,0.0077999999999999996,0,0,0,0,0,0.34631371096564978,-0.025385534831843744,0.027424288119898485,0.0040874049677833701,-0.011030558432410477,0.11366543914903385,0.22703813993772617,0.21599981434821333,0.010695837858707737,-0.29135690085543614,0.002653207650077526,-0.029286403947709899,-0.059962058116523463,-0.04318904050904894,0.0034912563209876643,0,0,-0.0069825126419753285,-0.0047131960333333467,0,0.0034912563209876643,0,0,-0.0069825126419753285,-0.0047131960333333467,0,0,0,0,0,0,-1.1315065824975687,0.10848440327839406,-0.10397661206669093,-0.49386434421252223,0.015638254527554688,0.017295899352281197,-0.79304157921177132,-0.87530407280009181,-0.033022837382180363,1.008004457260832,0.052939555185244028,0.10419805564056679,0.2722688814486447,0.16054835406427057,-0.012096523456790164,0,0,0.024193046913580329,0.016330306666666721,0,-0.012096523456790164,0,0,0.024193046913580329,0.016330306666666721,0
426,FRAME,NONE,421,421,4.21,RECOVERY,1.1000000000000014,0,0,0,0,0,0.23965043988678536,0.12370873483859232,-0.0040695715805505383,0.81535323920330904,0.0024263031868183085,-0.030157919999645622,-0.03681215707463896,0.26694245914455167,-0.12162341504433052,0.047090881156071858,0.80062837588471003,0.0048514111245630846,0.0067275021892767989,0.007150807173137267,-0.13166534671486421,0.0055999999999999999,-0.034799999999999998,0.24793069342972843,-0.11963678193493331,-0.0077999999999999996,-0.13166534671486421,-0.0055999999999999999,0.034799999999999998,0.24793069342972843,-0.11963678193493331,0.0077999999999999996,0,0,0,0,0,0.33578319395071504,-0.024423306157914774,0.02636451142786397,-0.00054242462362097399,-0.010819601679986206,0.11281298353667876,0.21924300525176751,0.20826157183417815,0.010249839393091988,-0.28125282602455037,0.0019435078492817826,-0.02831516009667244,-0.056987663393282248,-0.041805361161632172,0.003370761876543232,0,0,-0.006741523753086464,-0.0045505285333333626,0,0.003370761876543232,0,0,-0.006741523753086464,-0.0045505285333333626,0,0,0,0,0,0,-1.1226034396820976,0.10763080494270716,-0.10315848282111885,-0.48997842356830668,0.015515206535084166,0.017159808352513899,-0.78680161335779952,-0.86841683300171479,-0.032763000592953145,1.0000730781770131,0.052523005756639395,0.1033781839890783,0.27012656184287159,0.15928509590286602,-0.012001343209876565,0,0,0.02400268641975313,0.016201813333333363,0,-0.012001343209876565,0,0,0.02400268641975313,0.016201813333333363,0
427,FRAME,NONE,422,422,4.2199999999999998,RECOVERY,1.1000000000000014,0,0,0,0,0,0.24295566421414902,0.12346911294212015,-0.0038107225301586855,0.81532557098624214,0.0023196087021923103,-0.029034463071223759,-0.034658645010592737,0.26898670772846545,-0.12152198874130618,0.044325469446793241,0.80064435597140604,0.0045701256564013616,0.0061723203698820124,0.0067409876559521385,-0.13163223749999997,0.0055999999999999999,-0.034799999999999998,0.24786447499999997,-0.11968147937500001,-0.0077999999999999996,-0.13163223749999997,-0.0055999999999999999,0.034799999999999998,0.24786447499999997,-0.11968147937500001,0.0077999999999999996,0,0,0,0,0,0.325262392212604,-0.023470850415607862,0.025318438416358023,-0.0049502483067841163,-0.010604196375600242,0.11185906958202296,0.21150762809956283,0.20057825007806679,0.0098156647269995057,-0.27123406838238584,0.001289575983666684,-0.027348841758872786,-0.054079666517036759,-0.040423543388460048,0.0032512499999999989,0,0,-0.0065024999999999979,-0.0043891874999999981,0,0.0032512499999999989,0,0,-0.0065024999999999979,-0.0043891874999999981,0,0,0,0,0,0,-1.1131238144429614,0.10672193573834024,-0.10228737934609386,-0.48584088784865342,0.015384191130835945,0.017014905400494353,-0.78015760696290393,-0.86108364138906035,-0.032486339257033182,0.99162813879970979,0.052079484568830693,0.10250522528658543,0.26784552609784312,0.15794004121840269,-0.011899999999999978,0,0,0.023799999999999957,0.016064999999999968,0,-0.011899999999999978,0,0,0.023799999999999957,0.016064999999999968,0
428,FRAME,NONE,423,423,4.2300000000000004,RECOVERY,1.1000000000000014,0,0,0,0,0,0.24615576033946335,0.12323897598531017,-0.0035622944215575533,0.81525492914001674,0.002215060343667097,-0.027921044092315855,-0.032582157550796818,0.27095440679360089,-0.12142493644837762,0.041660045090386344,0.800654080792641,0.0042987179296839284,0.0056458762379628935,0.0063448648197138328,-0.13160031823328394,0.0055999999999999999,-0.034799999999999998,0.24780063646656789,-0.11972457038506666,-0.0077999999999999996,-0.13160031823328394,-0.0055999999999999999,0.034799999999999998,0.24780063646656789,-0.11972457038506666,0.0077999999999999996,0,0,0,0,0,0.31475895185083352,-0.022528577071727281,0.024286529027077217,-0.0091377151639780163,-0.0103845690376574,0.11080594744692432,0.20383617831031625,0.19295458338960794,0.0093929280103725761,-0.26130576348836826,0.00068995800635483599,-0.026388063795968263,-0.051238524108860692,-0.039044738430141397,0.0031327826172839464,0,0,-0.0062655652345678927,-0.004229256533333327,0,0.0031327826172839464,0,0,-0.0062655652345678927,-0.004229256533333327,0,0,0,0,0,0,-1.1030621636799436,0.10575726421463399,-0.1013627922740261,-0.48144931767784194,0.015245131705081546,0.016861105765912616,-0.77310567502189109,-0.85330020996392286,-0.032192691599933376,0.98266470104918713,0.051608732277979949,0.10157866908067567,0.26542444040453067,0.15651240350585277,-0.011792434567901277,0,0,0.023584869135802555,0.015919786666666724,0,-0.011792434567901277,0,0,0.023584869135802555,0.015919786666666724,0
429,FRAME,NONE,424,424,4.2400000000000002,RECOVERY,1.1000000000000014,0,0,0,0,0,0.24925094068595832,0.12301821955365554,-0.0033241420575103584,0.81514350850300299,0.0021127003826815071,-0.026818643657121371,-0.030582034952264168,0.27284617793363969,-0.12133214011622294,0.039093662441076066,0.8006580852601709,0.0040371144537334367,0.0051474995789736857,0.0059624093574127453,-0.131569578157679,0.0055999999999999999,-0.034799999999999998,0.24773915631535801,-0.11976606948713334,-0.0077999999999999996,-0.131569578157679,-0.0055999999999999999,0.034799999999999998,0.24773915631535801,-0.11976606948713334,0.0077999999999999996,0,0,0,0,0,0.30428065038048085,-0.021596914551945373,0.023269238733925099,-0.013106575235702175,-0.010160949507876337,0.10965591530833044,0.19623286731139503,0.18539538916671836,0.0089812679977830847,-0.25147308869881158,0.00014313373045116151,-0.025433448698535463,-0.048464680039907324,-0.037670107659122085,0.0030154222469135545,0,0,-0.006030844493827109,-0.0040708200333332981,0,0.0030154222469135545,0,0,-0.006030844493827109,-0.0040708200333332981,0,0,0,0,0,0,-1.0924129442927955,0.10473625892092599,-0.10038421223732272,-0.47680129368013752,0.015097951648092038,0.016698324718458238,-0.76564193252954482,-0.8450622507280714,-0.031881895847165657,0.97317782684568066,0.051110489540247654,0.10059800491893353,0.26286197095389774,0.1550013962601838,-0.01167858765432099,0,0,0.023357175308641981,0.015766093333333338,0,-0.01167858765432099,0,0,0.023357175308641981,0.015766093333333338,0
430,FRAME,NONE,425,425,4.25,RECOVERY,1.1000000000000014,0,0,0,0,0,0.25224149608035484,0.12280673485708274,-0.0030961157055582485,0.81499348596658672,0.0020125687805672243,-0.025728219167962647,-0.028657575148007982,0.27466269123672105,-0.1212434854101001,0.036625324505566388,0.80065688879388119,0.0037852361113750715,0.004676515767977207,0.0055935800220484298,-0.13154000588799999,0.0055999999999999999,-0.034799999999999998,0.24768001177599999,-0.1198059920512,-0.0077999999999999996,-0.13154000588799999,-0.0055999999999999999,0.034799999999999998,0.24768001177599999,-0.1198059920512,0.0077999999999999996,0,0,0,0,0,0.29383538999923409,-0.02067630987234103,0.022267019161126736,-0.016858665554318086,-0.0099335704316694581,0.10841131211349074,0.18870194795231854,0.1779055657696223,0.0085803480448534593,-0.24174126354642875,-0.00035247974763889106,-0.024485626365888902,-0.045758567191297103,-0.036300822056058481,0.0028992319999999933,0,0,-0.0057984639999999867,-0.0039139631999999909,0,0.0028992319999999933,0,0,-0.0057984639999999867,-0.0039139631999999909,0,0,0,0,0,0,-1.0811706131813059,0.10365838840655743,-0.099351129868394353,-0.47189439647982212,0.014942574350139026,0.016526477527821361,-0.75776249448067567,-0.83636547568330488,-0.031553790224243095,0.9631625781094606,0.050584497011796091,0.0995627223489471,0.26015678393691716,0.15340623297636874,-0.011558399999999977,0,0,0.023116799999999955,0.01560383999999997,0,-0.011558399999999977,0,0,0.023116799999999955,0.01560383999999997,0
431,FRAME,NONE,426,426,4.2599999999999998,RECOVERY,1.1000000000000014,0,0,0,0,0,0.25512779696634463,0.12260440854686633,-0.0028780611365399988,0.81480701967409908,0.0019147031599469064,-0.024650704463096119,-0.026808033332717227,0.27640466609035713,-0.12115886146004497,0.034253982506304653,0.80065099471170942,0.0035429980716851885,0.0042322458716694787,0.0052383235391845534,-0.13151158940498764,0.0055999999999999999,-0.034799999999999998,0.24762317880997528,-0.11984435430326668,-0.0077999999999999996,-0.13151158940498764,-0.0055999999999999999,0.034799999999999998,0.24762317880997528,-0.11984435430326668,0.0077999999999999996,0,0,0,0,0,0.28343119092803876,-0.019767228237610061,0.021280318705302635,-0.02039589643476529,-0.0097026667619012665,0.10707451052065797,0.18124771432621836,0.17049009038287843,0.0081898560080655835,-0.23211555012135515,-0.00079852455913303338,-0.023545233892436679,-0.04312060923363524,-0.034938061710504051,0.0027842755802469084,0,0,-0.0055685511604938167,-0.0037587720333333262,0,0.0027842755802469084,0,0,-0.0055685511604938167,-0.0037587720333333262,0,0,0,0,0,0,-1.0693296272452415,0.10252312122086735,-0.098263035799649526,-0.4667262067011676,0.01477892320149379,0.016345479463691769,-0.749463475870078,-0.82720559683140416,-0.031208212956678076,0.95261401676077606,0.050030495348786466,0.098472310918302261,0.25730754554455598,0.1517261271493773,-0.011431812345679002,0,0,0.022863624691358005,0.015432946666666652,0,-0.011431812345679002,0,0,0.022863624691358005,0.015432946666666652,0
432,FRAME,NONE,427,427,4.2699999999999996,RECOVERY,1.1000000000000014,0,0,0,0,0,0.25791029455182529,0.1224111225367247,-0.0026698196568514785,0.81458624835557925,0.0018191387809953481,-0.023587009514204154,-0.025032621550227993,0.27807287196460595,-0.12107816061235349,0.031978535440578999,0.80064088965475089,0.0033103097045908796,0.0038140067324804916,0.0048965745244650355,-0.13148431604938271,0.0055999999999999999,-0.034799999999999998,0.24756863209876542,-0.11988117333333333,-0.0077999999999999996,-0.13148431604938271,-0.0055999999999999999,0.034799999999999998,0.24756863209876542,-0.11988117333333333,0.0077999999999999996,0,0,0,0,0,0.27307618483760482,-0.018870152609156119,0.020309583159480862,-0.023720238049323841,-0.0094684752865067251,0.10564791004003594,0.17387450158895848,0.16315401686924694,0.0078095040539665969,-0.22260125345323753,-0.0011966985127056795,-0.022612915360306678,-0.040551222425327299,-0.03358301534476045,0.0026706172839505867,0,0,-0.0053412345679011734,-0.0036053333333332916,0,0.0026706172839505867,0,0,-0.0053412345679011734,-0.0036053333333332916,0,0,0,0,0,0,-1.0568844433843758,0.10132992591319551,-0.097119420663497519,-0.46129430496844936,0.01460692159242772,0.01615524579575937,-0.74074099169255203,-0.81757832617415649,-0.030845002269983216,0.94152720471988371,0.049448225207380361,0.097326260174585677,0.25431292196778343,0.14996029227418028,-0.011298765432098764,0,0,0.022597530864197527,0.015253333333333331,0,-0.011298765432098764,0,0,0.022597530864197527,0.015253333333333331,0
433,FRAME,NONE,428,428,4.2800000000000002,RECOVERY,1.1000000000000014,0,0,0,0,0,0.26058952189091084,0.12222675382836956,-0.0024712281344231313,0.81433329079519734,0.0017259085223382026,-0.022538020191389608,-0.023330508282809612,0.27966812917349254,-0.12100127818327104,0.029797829635504355,0.80062704304808485,0.0030870744973367976,0.0034211110346170455,0.004568255405852437,-0.13145817251599998,0.0055999999999999999,-0.034799999999999998,0.24751634503199998,-0.11991646710340001,-0.0077999999999999996,-0.13145817251599998,-0.0055999999999999999,0.034799999999999998,0.24751634503199998,-0.11991646710340001,0.0077999999999999996,0,0,0,0,0,0.26277860837071693,-0.017985583246216869,0.019355256337198857,-0.026833707308217075,-0.0092312341801825334,0.10413393038657735,0.16658668577591271,0.15590247361879173,0.0074390283839715753,-0.21320372189381298,-0.0015487514874755488,-0.021689321637905594,-0.038050817429084519,-0.032236879859583699,0.0025583220000000039,0,0,-0.0051166440000000079,-0.0034537347000000054,0,0.0025583220000000039,0,0,-0.0051166440000000079,-0.0034537347000000054,0,0,0,0,0,0,-1.0438295184984787,0.10007827103288122,-0.095919775092347115,-0.45559627190594065,0.014426492913212142,0.015955691793714002,-0.73159115694289401,-0.80747937571334483,-0.03046399638967099,0.92989720390703556,0.048837427243739122,0.096124059665383552,0.25117157939756735,0.14810794184574785,-0.01115919999999998,0,0,0.02231839999999996,0.015064919999999973,0,-0.01115919999999998,0,0,0.02231839999999996,0.015064919999999973,0
434,FRAME,NONE,429,429,4.29,RECOVERY,1.1000000000000014,0,0,0,0,0,0.2631660949016848,0.12205117434176768,-0.0022821190184003815,0.81405024542824855,0.0016350428663613977,-0.021504598093524212,-0.021700818042301409,0.28119130961460076,-0.12092811221571925,0.027710658298963731,0.80060990659794762,0.0028731899728207042,0.0030528673517941289,0.0042532763503456746,-0.13143314484780247,0.0055999999999999999,-0.034799999999999998,0.24746628969560497,-0.11995025445546664,-0.0077999999999999996,-0.13143314484780247,-0.0055999999999999999,0.034799999999999998,0.24746628969560497,-0.11995025445546664,0.0077999999999999996,0,0,0,0,0,0.2525467967683151,-0.017114037223131436,0.018417780695011522,-0.029738355062786215,-0.0089911825801289886,0.10253500505324355,0.1593886836164535,0.14874066139619668,0.0070781888810926641,-0.20392834749952715,-0.001856481772894502,-0.020775110184047939,-0.035619801146295205,-0.030900859900317653,0.0024474552098765656,0,0,-0.0048949104197531313,-0.0033040645333333634,0,0.0024474552098765656,0,0,-0.0048949104197531313,-0.0033040645333333634,0,0,0,0,0,0,-1.0301593094873269,0.098767625129264555,-0.094663589718607874,-0.44962968813791815,0.014237560554118489,0.01574673272724561,-0.72201008661590615,-0.796904457450759,-0.030065033541254105,0.91771907624249072,0.048197842114024468,0.094865198938282796,0.24788218402487758,0.14616828935905127,-0.011013056790123462,0,0,0.022026113580246923,0.014867626666666672,0,-0.011013056790123462,0,0,0.022026113580246923,0.014867626666666672,0
435,FRAME,NONE,430,430,4.2999999999999998,RECOVERY,1.1000000000000014,0,0,0,0,0,0.26564071332074796,0.12188425075032272,-0.0021023203525352167,0.81373919006451523,0.001546569888714508,-0.020487580441781294,-0.020142630963116779,0.28264333748691228,-0.12085856323983302,0.025715761066566853,0.80058991382566536,0.0026685476098048124,0.0027085801765475265,0.0039515351949498513,-0.1314092184299753,0.0055999999999999999,-0.034799999999999998,0.2474184368599506,-0.11998255511953333,-0.0077999999999999996,-0.1314092184299753,-0.0055999999999999999,0.034799999999999998,0.2474184368599506,-0.11998255511953333,0.0077999999999999996,0,0,0,0,0,0.24238917760541165,-0.0162560479257879,0.017497597951899584,-0.032436253643068097,-0.0087485601856132512,0.1008535751104413,0.15228495234621542,0.14167385118895665,0.0067267686850624071,-0.19478056641386343,-0.0021217323588505806,-0.019870944857259154,-0.03325857856922565,-0.029576167441925059,0.0023380829876542939,0,0,-0.0046761659753085877,-0.0031564120333332966,0,0.0023380829876542939,0,0,-0.0046761659753085877,-0.0031564120333332966,0,0,0,0,0,0,-1.0158682732506865,0.097397456751684527,-0.093350355174688329,-0.44339213428865376,0.014040047905418039,0.015528283866043989,-0.71199389570638294,-0.78584928338817961,-0.029647951950244951,0.90498788364649851,0.047529210474397607,0.093549167540869338,0.24444340204068135,0.14414054830906017,-0.010860276543209818,0,0,0.021720553086419635,0.014661373333333253,0,-0.010860276543209818,0,0,0.021720553086419635,0.014661373333333253,0
436,FRAME,NONE,431,431,4.3099999999999996,RECOVERY,1.1000000000000014,0,0,0,0,0,0.26801416159567942,0.12172584432117647,-0.0019316557823186617,0.81340218173447409,0.0014605152517784545,-0.019487780033989242,-0.018654982397179009,0.2840251899868087,-0.12079253403802021,0.023811823544727283,0.80056747963894992,0.0024730327650119791,0.0023875499309050194,0.0036629173817122138,-0.13138637798400002,0.0055999999999999999,-0.034799999999999998,0.24737275596800004,-0.12001338972159997,-0.0077999999999999996,-0.13138637798400002,-0.0055999999999999999,0.034799999999999998,0.24737275596800004,-0.12001338972159997,0.0077999999999999996,0,0,0,0,0,0.23231426464096383,-0.01541216453021578,0.016595149704194914,-0.03492948473706918,-0.0085036068809257598,0.09909208323460289,0.14527998951713295,0.13470738205860616,0.0063845737023585734,-0.18576585924901701,-0.0023463871788175416,-0.018977495729819598,-0.030967554651248508,-0.028264021391257495,0.0022302719999999945,0,0,-0.004460543999999989,-0.0030108671999999927,0,0.0022302719999999945,0,0,-0.004460543999999989,-0.0030108671999999927,0,0,0,0,0,0,-1.0009508666883411,0.09596723444948177,-0.091979562092998568,-0.43688119098242678,0.013833878357382314,0.015300260479799181,-0.7015386992091307,-0.77430956552740104,-0.029212589842156411,0.89169868803932373,0.046831272981020536,0.092175455020730684,0.24085389963594994,0.14202393219074674,-0.010700799999999996,0,0,0.021401599999999993,0.014446079999999997,0,-0.010700799999999996,0,0,0.021401599999999993,0.014446079999999997,0
437,FRAME,NONE,432,432,4.3200000000000003,RECOVERY,1.1000000000000014,0,0,0,0,0,0.27028730971662018,0.12157581076077488,-0.0017699445558825148,0.81304125665503979,0.0013769022018868616,-0.018505985257574287,-0.017236862510751603,0.28533789798241593,-0.12072992941518071,0.021997476849851049,0.80054299994092615,0.0022865245971051239,0.0020890729582285924,0.0033872958966242425,-0.13136460756172841,0.0055999999999999999,-0.034799999999999998,0.24732921512345682,-0.12004277979166662,-0.0077999999999999996,-0.13136460756172841,-0.0055999999999999999,0.034799999999999998,0.24732921512345682,-0.12004277979166662,0.0077999999999999996,0,0,0,0,0,0.22233065178408529,-0.014582951466184501,0.015710878034840222,-0.037220127614773058,-0.008256562381104237,0.097252967966339463,0.13837833280517012,0.1278466589967964,0.0060514320577335244,-0.17688975146658065,-0.0025323673084849205,-0.018095438906090052,-0.028747136195523555,-0.026965647204827414,0.0021240895061728792,0,0,-0.0042481790123457585,-0.0028675208333333868,0,0.0021240895061728792,0,0,-0.0042481790123457585,-0.0028675208333333868,0,0,0,0,0,0,-0.98540154670005353,0.094476426771994998,-0.090550701105946804,-0.43009443884350773,0.013618975300282547,0.015062577838200924,-0.69064061211894157,-0.76228101587020158,-0.028758785442500771,0.87784655134121248,0.046103770290054316,0.090743550925452415,0.23711234300164971,0.13981765449908018,-0.010534567901234578,0,0,0.021069135802469156,0.014221666666666679,0,-0.010534567901234578,0,0,0.021069135802469156,0.014221666666666679,0
438,FRAME,NONE,433,433,4.3300000000000001,RECOVERY,1.1000000000000014,0,0,0,0,0,0.27246111398807227,0.12143400006584536,-0.0016170015187278535,0.81265843031129026,0.0012957515700844121,-0.017542960158746995,-0.015887215883263091,0.28658254666622585,-0.12067065597465552,0.020271297143771936,0.80051685127739403,0.0021088959925593428,0.0018124414960654471,0.0031245312122390083,-0.13134389053945678,0.0055999999999999999,-0.034799999999999998,0.24728778107891358,-0.12007074777173332,-0.0077999999999999996,-0.13134389053945678,-0.0055999999999999999,0.034799999999999998,0.24728778107891358,-0.12007074777173332,0.0077999999999999996,0,0,0,0,0,0.21244700717747275,-0.01376898786860498,0.014845226115908128,-0.039310247695757167,-0.008007665899665891,0.095338658196164452,0.13158455981578701,0.12109715078778818,0.0057271934938433857,-0.16815781375709779,-0.0026816271218533753,-0.017225456344652248,-0.026597733762850635,-0.025682276520268027,0.0020196033580247054,0,0,-0.0040392067160494108,-0.0027264645333333524,0,0.0020196033580247054,0,0,-0.0040392067160494108,-0.0027264645333333524,0,0,0,0,0,0,-0.96921477018560109,0.092924502268564316,-0.089063262845942653,-0.42302945849617346,0.01339526212439018,0.01481515121093918,-0.67929574943061788,-0.74975934641837094,-0.028286376976790758,0.86342653547242454,0.045346443057660682,0.089252944802621526,0.23321739832875066,0.13752092872903182,-0.010361520987654369,0,0,0.020723041975308738,0.013988053333333398,0,-0.010361520987654369,0,0,0.020723041975308738,0.013988053333333398,0
439,FRAME,NONE,434,434,4.3399999999999999,RECOVERY,1.1000000000000014,0,0,0,0,0,0.27453661774211463,0.12130025637987804,-0.0014726371023392564,0.81225569765085803,0.0012170817762220487,-0.016599444565751853,-0.014604941108111379,0.28776027618616068,-0.12061462190041304,0.018631805165454207,0.80048939052270995,0.0019400134934283307,0.0015569436297897528,0.0028744712338579451,-0.13132420961199998,0.0055999999999999999,-0.034799999999999998,0.24724841922399995,-0.12009731702380001,-0.0077999999999999996,-0.13132420961199998,-0.0055999999999999999,0.034799999999999998,0.24724841922399995,-0.12009731702380001,0.0077999999999999996,0,0,0,0,0,0.20267206739732854,-0.01297086701941374,0.013998638803474309,-0.041201885455689258,-0.0077571558374067923,0.093351567873559874,0.12490328788703021,0.11446438787849661,0.0054117287255978632,-0.15957566241824678,-0.0027961504063925514,-0.016368235683766757,-0.024519763599578893,-0.024415146799590864,0.0019168819999999917,0,0,-0.0038337639999999834,-0.0025877906999999889,0,0.0019168819999999917,0,0,-0.0038337639999999834,-0.0025877906999999889,0,0,0,0,0,0,-0.95238499404474386,0.09131092948852812,-0.087516737945394024,-0.4156838305646931,0.013162662219976404,0.014557895867703634,-0.66750022613894955,-0.73674026917368529,-0.027795202670538571,0.84843370235320359,0.044559031940000542,0.087703126199823345,0.22916773180821837,0.13513296837557046,-0.010181599999999994,0,0,0.020363199999999988,0.013745159999999991,0,-0.010181599999999994,0,0,0.020363199999999988,0.013745159999999991,0
440,FRAME,NONE,435,435,4.3499999999999996,RECOVERY,1.1000000000000014,0,0,0,0,0,0.27651495199421144,0.12117441785519573,-0.0013366573067515033,0.8118350333875668,0.0011409088361907505,-0.015676154263895827,-0.013388890395482331,0.28887228225511669,-0.12056173674590534,0.017077465759001511,0.80046095460473843,0.0017797372270058807,0.0013218632268123685,0.0026369512491668822,-0.13130554678676545,0.0055999999999999999,-0.034799999999999998,0.24721109357353088,-0.12012251183786664,-0.0077999999999999996,-0.13130554678676545,-0.0055999999999999999,0.034799999999999998,0.24721109357353088,-0.12012251183786664,0.0077999999999999996,0,0,0,0,0,0.19301463176763767,-0.012189195782510312,0.013171563224046041,-0.042897045663546657,-0.0075052694912377971,0.091294090933166899,0.11833917389011482,0.10795396025693541,0.0051049287558053999,-0.15114895973145925,-0.0028779464384909026,-0.015524470069641234,-0.022513649586663572,-0.023165500982287771,0.0018159944691358496,0,0,-0.0036319889382716991,-0.0024515925333333968,0,0.0018159944691358496,0,0,-0.0036319889382716991,-0.0024515925333333968,0,0,0,0,0,0,-0.93490667517727721,0.089635176981228248,-0.085910617036712156,-0.40805513567335133,0.012921098977312907,0.014290727078184524,-0.65525015723875168,-0.72321949613794811,-0.027285100749257447,0.83286311390382495,0.043741277593236469,0.086093584664646491,0.22496200963102714,0.13265298693366992,-0.0099947456790123752,0,0,0.01998949135802475,0.013492906666666705,0,-0.0099947456790123752,0,0,0.01998949135802475,0.013492906666666705,0
441,FRAME,NONE,436,436,4.3600000000000003,RECOVERY,1.1000000000000014,0,0,0,0,0,0.27839735874103527,0.12105635356014016,-0.0012089696374155293,0.81139833692470398,0.0010671426902648408,-0.014773748358953022,-0.012237825392652528,0.28991981673915962,-0.12051191122995854,0.015606687398036997,0.80043186026915492,0.0016279208373858208,0.0011064798512114243,0.002411793881212548,-0.13128788337782715,0.0055999999999999999,-0.034799999999999998,0.24717576675565431,-0.12014635743993332,-0.0077999999999999996,-0.13128788337782715,-0.0055999999999999999,0.034799999999999998,0.24717576675565431,-0.12014635743993332,0.0077999999999999996,0,0,0,0,0,0.1834835574234821,-0.011424591813395767,0.012364448674222307,-0.044397682920455317,-0.007252246864251282,0.089168591719982662,0.11189691739798316,0.10157151533967657,0.0048067041586605883,-0.14288341433687168,-0.0029290460200397852,-0.014694857986994051,-0.020579825211184281,-0.021934587146284559,0.0017170103950617252,0,0,-0.0034340207901234505,-0.0023179640333333292,0,0.0017170103950617252,0,0,-0.0034340207901234505,-0.0023179640333333292,0,0,0,0,0,0,-0.91677427048294913,0.087896713296001946,-0.084244390752303916,-0.40014095444641218,0.012670495786670717,0.014013560112071357,-0.64254165772480587,-0.70919273931292626,-0.026755909438459249,0.81670983204452197,0.042892920673528831,0.084423809744675199,0.22059889798813975,0.13008019789829736,-0.0098008987654320864,0,0,0.019601797530864173,0.013231213333333316,0,-0.0098008987654320864,0,0,0.019601797530864173,0.013231213333333316,0
442,FRAME,NONE,437,437,4.3700000000000001,RECOVERY,1.1000000000000014,0,0,0,0,0,0.28018509560566623,0.12094581105087229,-0.0010891470169905007,0.81094766738122759,0.00099601400301918487,-0.013892968471730186,-0.011150596798411643,0.29090418822432701,-0.12046505703999733,0.014217821706532375,0.80040240388369177,0.0014844114189211481,0.00091006865843610023,0.0021988090446602234,-0.13127119999999995,0.0055999999999999999,-0.034799999999999998,0.24714239999999993,-0.12016888000000003,-0.0077999999999999996,-0.13127119999999995,-0.0055999999999999999,0.034799999999999998,0.24714239999999993,-0.12016888000000003,0.0077999999999999996,0,0,0,0,0,0.17408775106469102,-0.010677692016596692,0.011577750026939155,-0.045705708381539922,-0.0069983135001263777,0.086977420197901278,0.10558124662746865,0.095322755868733899,0.0045169843375296908,-0.13478478160658833,-0.0029514974766850464,-0.013880103091407197,-0.018718735561803354,-0.020723658174734622,0.0016199999999999429,0,0,-0.0032399999999998858,-0.0021869999999999229,0,0.0016199999999999429,0,0,-0.0032399999999998858,-0.0021869999999999229,0,0,0,0,0,0,-0.89798223686154899,0.086095006982190483,-0.082517549724579947,-0.39193886750815754,0.012410776038321438,0.013726310239054273,-0.62937084259192266,-0.69465571070041876,-0.026207466963657031,0.79996891869556452,0.042013701837039903,0.082693290987497517,0.21607706307052899,0.12741381476442576,-0.0095999999999999853,0,0,0.019199999999999971,0.01295999999999998,0,-0.0095999999999999853,0,0,0.019199999999999971,0.01295999999999998,0
443,FRAME,NONE,438,438,4.3799999999999999,RECOVERY,1.1000000000000014,0,0,0,0,0,0.28187958883012237,0.12084265122810639,-0.00097710115854036765,0.81048487112161327,0.00092741490262550602,-0.013034417989936565,-0.010125866300849166,0.29182676256230428,-0.12042108664285303,0.012909162976059757,0.80037286128247764,0.0013490494515901255,0.00073190026996138502,0.0019977939052746854,-0.13125547656291359,0.0055999999999999999,-0.034799999999999998,0.2471109531258272,-0.12019010664006663,-0.0077999999999999996,-0.13125547656291359,-0.0055999999999999999,0.034799999999999998,0.2471109531258272,-0.12019010664006663,0.0077999999999999996,0,0,0,0,0,0.16483616816977953,-0.0099491382329069157,0.01081192381882402,-0.046822953313851286,-0.0067437065458714283,0.084722875909866116,0.099396939589841846,0.089213437817890442,0.0042357167634164651,-0.12685886401605054,-0.0029473626179651411,-0.013080914042930889,-0.016930839349745385,-0.019533971426580546,0.0015250340987654455,0,0,-0.0030500681975308909,-0.0020587960333333512,0,0.0015250340987654455,0,0,-0.0030500681975308909,-0.0020587960333333512,0,0,0,0,0,0,-0.87852503121284553,0.084229526589133089,-0.080729584585949032,-0.38344645548286049,0.012141863122536388,0.013428892728823099,-0.61573382683489852,-0.67960412230220835,-0.025639611550363265,0.78263543577720429,0.041103361739931017,0.080901517940699608,0.21139517106916264,0.12465305102702515,-0.009391990123456791,0,0,0.018783980246913582,0.012679186666666667,0,-0.009391990123456791,0,0,0.018783980246913582,0.012679186666666667,0
444,FRAME,NONE,439,439,4.3899999999999997,RECOVERY,1.1000000000000014,0,0,0,0,0,0.2834823254502063,0.12074668700824841,-0.00087262001062383271,0.81001184743522647,0.00086135195811319707,-0.012198719480289293,-0.0091622966505891645,0.29268896339499556,-0.12037991310328826,0.0116789476795085,0.8003434876510318,0.0012216687382497879,0.00057124062752689632,0.001808532842568198,-0.13124069226508642,0.0055999999999999999,-0.034799999999999998,0.24708138453017284,-0.12021006544213332,-0.0077999999999999996,-0.13124069226508642,-0.0055999999999999999,0.034799999999999998,0.24708138453017284,-0.12021006544213332,0.0077999999999999996,0,0,0,0,0,0.15573780432346737,-0.0092395859395893159,0.010067431936103963,-0.047751178200407425,-0.0064886563253955132,0.08240722604778318,0.093348809240861044,0.083249368308432589,0.0039628662003544056,-0.1191115115135256,-0.0029187126592471013,-0.012298004340432106,-0.015216610957084185,-0.018366788408830131,0.0014321840987654374,0,0,-0.0028643681975308749,-0.0019334485333333405,0,0.0014321840987654374,0,0,-0.0028643681975308749,-0.0019334485333333405,0,0,0,0,0,0,-0.85839711043660749,0.082299740666169033,-0.078879985968819913,-0.37466129899479406,0.011863680429586881,0.013121222851067657,-0.60162672544852935,-0.66403368612007807,-0.025052181424090405,0.76470444520969305,0.040161641038363505,0.079047980151867633,0.2065518881750085,0.12179712018106563,-0.0091768098765432175,0,0,0.018353619753086435,0.012388693333333343,0,-0.0091768098765432175,0,0,0.018353619753086435,0.012388693333333343,0
445,FRAME,NONE,440,440,4.4000000000000004,RECOVERY,1.1000000000000014,0,0,0,0,0,0.2849948826605927,0.12065772470961221,-0.00077548691155071808,0.80953047837629599,0.00079782941448093905,-0.011386473018098303,-0.0082585022634694676,0.29349227265804612,-0.12034144991038367,0.010525353981385852,0.80031451745223425,0.001102096343806025,0.00042735082673456298,0.001630797415657627,-0.131226825588,0.0055999999999999999,-0.034799999999999998,0.24705365117599998,-0.1202287854562,-0.0077999999999999996,-0.131226825588,-0.0055999999999999999,0.034799999999999998,0.24705365117599998,-0.1202287854562,0.0077999999999999996,0,0,0,0,0,0.14680169099656484,-0.0085497013507100771,0.0093447413217419631,-0.048492058477127259,-0.0062333908595257649,0.080032695332975329,0.087441707029317028,0.07743640353411782,0.0036984139238618089,-0.11154862188777671,-0.0028676241051417686,-0.011532092156183615,-0.013576542514222075,-0.017223374448503054,0.0013415220000000262,0,0,-0.0026830440000000524,-0.0018110547000000352,0,0.0013415220000000262,0,0,-0.0026830440000000524,-0.0018110547000000352,0,0,0,0,0,0,-0.83759293143261548,0.080305117762638711,-0.076968244505602468,-0.36558097866823641,0.0115761513497444,0.012803215875477959,-0.58704565342761983,-0.64794011415581998,-0.024445014810351263,0.7461710089132928,0.039188280388499232,0.077132167168588825,0.20154588057903727,0.11884523572151892,-0.0089544000000000307,0,0,0.017908800000000061,0.012088440000000041,0,-0.0089544000000000307,0,0,0.017908800000000061,0.012088440000000041,0
446,FRAME,NONE,441,441,4.4100000000000001,RECOVERY,1.1000000000000014,0,0,0,0,0,0.28641892814667819,0.12057556394858206,-0.00068548053821353529,0.80904262966370155,0.00073684921475166787,-0.010598256634182835,-0.0074130488357585476,0.29423823106354796,-0.12030561081179374,0.0094465012445818647,0.80028616439358802,0.00099015253627219701,0.00029948692971761112,0.0014643463322927626,-0.13121385429017288,0.0055999999999999999,-0.034799999999999998,0.24702770858034576,-0.1202462967082666,-0.0077999999999999996,-0.13121385429017288,-0.0055999999999999999,0.034799999999999998,0.24702770858034576,-0.1202462967082666,0.0077999999999999996,0,0,0,0,0,0.13803689043952375,-0.0078801608581532366,0.0086443245014674944,-0.04904717542650848,-0.0059781356678815034,0.077601462021409232,0.081680522678971648,0.071780446694817104,0.0034423569384160204,-0.10417614113373003,-0.0027961745938175132,-0.01078390017017355,-0.012011146008494802,-0.016104998362170424,0.001253120395061771,0,0,-0.002506240790123542,-0.0016917125333333906,0,0.001253120395061771,0,0,-0.002506240790123542,-0.0016917125333333906,0,0,0,0,0,0,-0.81610695110063214,0.078245126427880798,-0.074993850828704897,-0.35620307512745791,0.011279199273280178,0.012474787071743735,-0.57198672576696197,-0.63131911841121224,-0.02381794993465812,0.72703018880824999,0.038183020446499252,0.075153568538448789,0.19637581447221525,0.11579661114335424,-0.0087247012345679619,0,0,0.017449402469135924,0.011778346666666748,0,-0.0087247012345679619,0,0,0.017449402469135924,0.011778346666666748,0
447,FRAME,NONE,442,442,4.4199999999999999,RECOVERY,1.1000000000000014,0,0,0,0,0,0.28775622036561738,0.12049999754127703,-0.00060237484949292981,0.80855015167100608,0.00067841102416541876,-0.0098346268012234252,-0.0066244529616720478,0.29492843856189199,-0.12027230965587304,0.0084404495337017833,0.80025862143634563,0.00088565072972819658,0.00018689975647397501,0.00130892542113139,-0.13120175540123458,0.0055999999999999999,-0.034799999999999998,0.24700351080246913,-0.12026263020833332,-0.0077999999999999996,-0.13120175540123458,-0.0055999999999999999,0.034799999999999998,0.24700351080246913,-0.12026263020833332,0.0077999999999999996,0,0,0,0,0,0.12945249064716982,-0.0072316504805917618,0.0079666600990597365,-0.049418007273423742,-0.0057231135811717446,0.075115654039767124,0.076070183966610846,0.066287445938402079,0.0031947071997405385,-0.097000063816279666,-0.0027064387014346545,-0.010054155403660756,-0.010520955425983209,-0.015012932121084503,0.0011670524691358016,0,0,-0.0023341049382716032,-0.001575520833333332,0,0.0011670524691358016,0,0,-0.0023341049382716032,-0.001575520833333332,0,0,0,0,0,0,-0.79393362634042342,0.076119235211234301,-0.072956295570535706,-0.34652516899673041,0.010972747590465492,0.012135851709554767,-0.5564460574613499,-0.6141664108880357,-0.023170825022523357,0.70727704681481374,0.037145601868524766,0.073111673809033426,0.19104035604550962,0.11265045994154124,-0.0084876543209876192,0,0,0.016975308641975238,0.011458333333333286,0,-0.0084876543209876192,0,0,0.016975308641975238,0.011458333333333286,0
448,FRAME,NONE,443,443,4.4299999999999997,RECOVERY,1.1000000000000014,0,0,0,0,0,0.28900860877730067,0.12043081141061633,-0.00052593902435368368,0.80805488050455976,0.00062251225641376368,-0.0090961189581286531,-0.0058911817532302235,0.29556455478290405,-0.12024146024158086,0.0075051991150010241,0.80023206084671605,0.00078839742917869132,8.883465463939148e-05,0.0011642676073043013,-0.13119050521600001,0.0055999999999999999,-0.034799999999999998,0.24698101043200002,-0.12027781795839998,-0.0077999999999999996,-0.13119050521600001,-0.0055999999999999999,0.034799999999999998,0.24698101043200002,-0.12027781795839998,0.0077999999999999996,0,0,0,0,0,0.1210576003854876,-0.0066048653220671079,0.0073122333409358677,-0.049605920457613834,-0.0054685445623810173,0.072577345235886687,0.070615656495895546,0.060963392310185591,0.0029554908475039159,-0.09002643343220719,-0.0026004837057243845,-0.0093435890514936819,-0.0091065289286384066,-0.013948450509897622,0.001083392000000032,0,0,-0.0021667840000000639,-0.0014625792000000431,0,0.001083392000000032,0,0,-0.0021667840000000639,-0.0014625792000000431,0,0,0,0,0,0,-0.77106741405178469,0.073926912662041017,-0.070855069363506107,-0.33654484090033848,0.010656719691572027,0.011786325058601289,-0.54041976350559862,-0.59647770358809393,-0.02250347829946021,0.68690664485325925,0.036075765310738327,0.071005972527931324,0.18553817148989454,0.10940599561105377,-0.0082432000000000026,0,0,0.016486400000000005,0.011128320000000002,0,-0.0082432000000000026,0,0,0.016486400000000005,0.011128320000000002,0
449,FRAME,NONE,444,444,4.4400000000000004,RECOVERY,1.1000000000000014,0,0,0,0,0,0.2901780340258911,0.12036778449867387,-0.00045593739471355151,0.80755863916827431,0.00056914810183954819,-0.0083832480714929117,-0.0052116524624365368,0.29614829945638393,-0.12021297617603981,0.0066386899528109045,0.80020663428968608,0.00069819217729945131,4.5312472467870592e-06,0.0010300928913560708,-0.13118007928854319,0.0055999999999999999,-0.034799999999999998,0.24696015857708639,-0.12029189296046666,-0.0077999999999999996,-0.13118007928854319,-0.0055999999999999999,0.034799999999999998,0.24696015857708639,-0.12029189296046666,0.0077999999999999996,0,0,0,0,0,0.11286134427086328,-0.0060005090417002485,0.0066815365501697709,-0.049612161056422986,-0.0052146455353088194,0.069988551726488241,0.065321943466665394,0.055814317709103473,0.0027247474538018937,-0.083261342770174315,-0.0024803653075796453,-0.0086529363127290058,-0.007768451068841456,-0.012912830777014449,0.0010022133580246855,0,0,-0.002004426716049371,-0.0013529880333333253,0,0.0010022133580246855,0,0,-0.002004426716049371,-0.0013529880333333253,0,0,0,0,0,0,-0.74750277113446972,0.071667627329638772,-0.068689662840023494,-0.32625967146254869,0.010331038966870895,0.011426122388572896,-0.52390395889449359,-0.57824870851315813,-0.021815747990980711,0.66591404484382499,0.034973251429300571,0.068835954242727274,0.17986792699633425,0.10606243164685976,-0.0079912790123456683,0,0,0.015982558024691337,0.010788226666666652,0,-0.0079912790123456683,0,0,0.015982558024691337,0.010788226666666652,0
450,FRAME,NONE,445,445,4.4500000000000002,RECOVERY,1.1000000000000014,0,0,0,0,0,0.29126652807237996,0.12031068868421067,-0.00039212937321029802,0.80706323881334896,0.00051831155753285032,-0.0076965092330594179,-0.0045842321059090746,0.2966814528120692,-0.12018677073954265,0.0058388012025867939,0.80018247296580436,0.00061482750307465396,-6.6776841854789925e-05,0.00090610833166064326,-0.13117045242627159,0.0055999999999999999,-0.034799999999999998,0.24694090485254316,-0.12030488922453335,-0.0077999999999999996,-0.13117045242627159,-0.0055999999999999999,0.034799999999999998,0.24694090485254316,-0.12030488922453335,0.0077999999999999996,0,0,0,0,0,0.10487285789200525,-0.0054192933359571028,0.0060750696301730776,-0.049437846330296249,-0.0049616302189271488,0.067351228324607534,0.060194085439506578,0.050846292849925964,0.0025025292925759763,-0.07671093426896626,-0.0023481233093814091,-0.0079829362191225928,-0.0065073350436125749,-0.011907352274705872,0.00092359150617284059,0,0,-0.0018471830123456812,-0.0012468485333333348,0,0.00092359150617284059,0,0,-0.0018471830123456812,-0.0012468485333333348,0,0,0,0,0,0,-0.72323415448826223,0.069340847763368255,-0.066459566632497996,-0.31566724130764046,0.009995628806633617,0.011055158969159644,-0.50689475862284172,-0.55947513766502277,-0.021107472322597746,0.64429430870677584,0.033837800880373518,0.066601108501008796,0.17402828875580012,0.10261898154393138,-0.0077318320987654152,0,0,0.01546366419753083,0.01043797333333331,0,-0.0077318320987654152,0,0,0.01546366419753083,0.01043797333333331,0
451,FRAME,NONE,446,446,4.46,RECOVERY,1.1000000000000014,0,0,0,0,0,0.29227621427857381,0.12025928870523933,-0.00033426937595619905,0.80657048007200316,0.00046999345927705788,-0.0070363782925615117,-0.0040072370919621344,0.29716585595908135,-0.12016275675778264,0.0051033507004778463,0.8001596877914593,0.00053808887231959648,-0.00012586228537574649,0.00079200803044852789,-0.13116159868400001,0.0055999999999999999,-0.034799999999999998,0.246923197368,-0.12031684177659997,-0.0077999999999999996,-0.13116159868400001,-0.0055999999999999999,0.034799999999999998,0.246923197368,-0.12031684177659997,0.0077999999999999996,0,0,0,0,0,0.097101282964119129,-0.0048619374347319989,0.0054933405383168609,-0.049083956363043142,-0.0047097089660263665,0.064667265028791943,0.055237160095150679,0.046065425230454662,0.0022889006348420868,-0.070381400373862063,-0.0022057772486527849,-0.0073343314610574625,-0.005323824990589851,-0.010933296087130043,0.00084760200000000437,0,0,-0.0016952040000000087,-0.0011442627000000059,0,0.00084760200000000437,0,0,-0.0016952040000000087,-0.0011442627000000059,0,0,0,0,0,0,-0.69825602101292483,0.066946042512568152,-0.064164271373337842,-0.30476513105988423,0.0096504126011314282,0.010673350070051265,-0.48938827768543502,-0.54015270304546625,-0.020378489519823611,0.62204249836235825,0.032669154320118216,0.064300924850361485,0.16801792295925852,0.099074858797237875,-0.0074647999999999902,0,0,0.01492959999999998,0.010077479999999988,0,-0.0074647999999999902,0,0,0.01492959999999998,0.010077479999999988,0
452,FRAME,NONE,447,447,4.4699999999999998,RECOVERY,1.1000000000000014,0,0,0,0,0,0.29320930744288093,0.12021334208648533,-0.00028210674038290094,0.80608215447415843,0.00042418251530019872,-0.0064033125252663777,-0.0034789328502067992,0.29760341124496581,-0.12014084648099985,0.0044300944494354445,0.80013836962302787,0.00046775464007972823,-0.0001735043731506233,0.00068747312357399779,-0.13115349135802468,0.0055999999999999999,-0.034799999999999998,0.24690698271604936,-0.12032778666666667,-0.0077999999999999996,-0.13115349135802468,-0.0055999999999999999,0.034799999999999998,0.24690698271604936,-0.12032778666666667,0.0077999999999999996,0,0,0,0,0,0.08955576250495538,-0.0043291676124113578,0.0049368657498684047,-0.04855132576812958,-0.0044590886046518216,0.061938483555823584,0.050456281988516032,0.041477857102871031,0.0020839370743480938,-0.064278983891316241,-0.0020553219855435536,-0.0067078682105243667,-0.0042185983279692564,-0.0099919446445287663,0.00077432098765434893,0,0,-0.0015486419753086979,-0.001045333333333371,0,0.00077432098765434893,0,0,-0.0015486419753086979,-0.001045333333333371,0,0,0,0,0,0,-0.67256282760824104,0.064482680126579137,-0.061803267694953132,-0.29355092134355948,0.0092953137406358473,0.010280610960937809,-0.47138063107707984,-0.52027711665628285,-0.019628637808171191,0.59915367573083678,0.031467052404696681,0.061934892838372876,0.16183549579768081,0.095429276901751361,-0.0071901234567901418,0,0,0.014380246913580284,0.0097066666666666915,0,-0.0071901234567901418,0,0,0.014380246913580284,0.0097066666666666915,0
453,FRAME,NONE,448,448,4.4800000000000004,RECOVERY,1.1000000000000014,0,0,0,0,0,0.29406811378789666,0.12017259907158034,-0.00023538563827427727,0.80560004594677748,0.00038086534182293756,-0.0057977513340106632,-0.0029975334637533792,0.29799608259431792,-0.12012095146971263,0.0038167261018742108,0.80011858952533665,0.00040359600490863143,-0.00021048935631495021,0.00059217177419503193,-0.13114610298019752,0.0055999999999999999,-0.034799999999999998,0.24689220596039504,-0.12033776097673334,-0.0077999999999999996,-0.13114610298019752,-0.0055999999999999999,0.034799999999999998,0.24689220596039504,-0.12033776097673334,0.0077999999999999996,0,0,0,0,0,0.08224543602186353,-0.0038217167149288229,0.004406170712685311,-0.047840635431956324,-0.0042099722808413252,0.059166633898558238,0.045856602297024159,0.037089763448165072,0.0018877248879675638,-0.058409978341917135,-0.0018987232425558287,-0.0061042959407722726,-0.0031923681404946239,-0.0090845813219162554,0.00070382520987652224,0,0,-0.0014076504197530445,-0.00095016403333330506,0,0.00070382520987652224,0,0,-0.0014076504197530445,-0.00095016403333330506,0,0,0,0,0,0,-0.64614903117397393,0.061950229154739911,-0.059376046229752122,-0.28202219278293672,0.0089302556154181156,0.0098768569115090157,-0.45286793379256846,-0.49984409049925088,-0.018857755413152783,0.57562290273245809,0.030231235790269966,0.059502502012628571,0.15547967346203337,0.091681449352441102,-0.0069077432098765554,0,0,0.013815486419753111,0.0093254533333333497,0,-0.0069077432098765554,0,0,0.013815486419753111,0.0093254533333333497,0
454,FRAME,NONE,449,449,4.4900000000000002,RECOVERY,1.1000000000000014,0,0,0,0,0,0.29485503090007253,0.1201368025598256,-0.00019384498407477713,0.80512593239534935,0.00034002650038334896,-0.0052201169853933402,-0.002561201304027472,0.29834589582702514,-0.12010298248665413,0.003260876438793559,0.80010039908510389,0.00034537696500802802,-0.00023761081567212099,0.0005057591705490542,-0.131139405312,0.0055999999999999999,-0.034799999999999998,0.24687881062400002,-0.12034680282879998,-0.0077999999999999996,-0.131139405312,-0.0055999999999999999,0.034799999999999998,0.24687881062400002,-0.12034680282879998,0.0077999999999999996,0,0,0,0,0,0.075179434698970107,-0.0033403237037026509,0.0039017902931968379,-0.046952404264637954,-0.0039625593012075321,0.056353390890319911,0.041443308562974054,0.032907349952685197,0.0017003604348160939,-0.052780728311767715,-0.0017379130948538416,-0.0055243672422875985,-0.0022458856135856367,-0.0082124900206968655,0.00063619200000000363,0,0,-0.0012723840000000073,-0.00085885920000000485,0,0.00063619200000000363,0,0,-0.0012723840000000073,-0.00085885920000000485,0,0,0,0,0,0,-0.61900908860989778,0.059348158146390294,-0.056882097610144088,-0.27017652600229136,0.0085551616157496253,0.0094620031914547965,-0.43384630082670106,-0.47884933657615791,-0.018065680560281013,0.55144524128747874,0.028961445132999662,0.057003241920715264,0.14894912214328546,0.087830589644277951,-0.0066176000000000412,0,0,0.013235200000000082,0.0089337600000000562,0,-0.0066176000000000412,0,0,0.013235200000000082,0.0089337600000000562,0
455,FRAME,NONE,450,450,4.5,RECOVERY,1.1000000000000014,0,0,0,0,0,0.29557254762125701,0.12010568804734856,-0.00015721833856279004,0.80466158736776094,0.00030164853695458822,-0.0046708153802504024,-0.002168046668298017,0.2986549389562459,-0.12008684939448466,0.002760112845388016,0.80008383076952716,0.00029285427623310274,-0.00025567005455877346,0.00042787752800712935,-0.13113336933861727,0.0055999999999999999,-0.034799999999999998,0.24686673867723455,-0.12035495139286666,-0.0077999999999999996,-0.13113336933861727,-0.0055999999999999999,0.034799999999999998,0.24686673867723455,-0.12035495139286666,0.0077999999999999996,0,0,0,0,0,0.068366876573191279,-0.0028857332171851411,0.0034242692142575993,-0.045886980928659282,-0.0037170449739439637,0.053500350757257766,0.037221624429618495,0.028936850985651116,0.0015219495977437348,-0.047397629802243046,-0.0015747854094410752,-0.0049688376347653057,-0.0013799425175620491,-0.0073769547317205451,0.00057149928395062945,0,0,-0.0011429985679012589,-0.00077152403333334975,0,0.00057149928395062945,0,0,-0.0011429985679012589,-0.00077152403333334975,0,0,0,0,0,0,-0.59113745681578456,0.05667593565086982,-0.054320912468538082,-0.25801150162589787,0.0081699551319017374,0.0090359650704650244,-0.41431184717427605,-0.45728856688878911,-0.017252251475068432,0.5266157533161534,0.027657421089047247,0.054436602110219383,0.14224250803240554,0.083875911272232442,-0.0063196345679012236,0,0,0.012639269135802447,0.0085315066666666519,0,-0.0063196345679012236,0,0,0.012639269135802447,0.0085315066666666519,0
456,FRAME,NONE,451,451,4.5099999999999998,RECOVERY,1.1000000000000014,0,0,0,0,0,0.29622324389201715,0.12007898357247927,-0.00012523380796883245,0.8042087818008018,0.00026571202287076532,-0.0041502368585702495,-0.001816127419980329,0.29892536246596663,-0.12007246105883218,0.0023119387831031725,0.80006889833094275,0.00024577741194896488,-0.00026547651691927497,0.00035815609564448099,-0.13112796526301229,0.0055999999999999999,-0.034799999999999998,0.24685593052602459,-0.12036224689493338,-0.0077999999999999996,-0.13112796526301229,-0.0055999999999999999,0.034799999999999998,0.24685593052602459,-0.12036224689493338,0.0077999999999999996,0,0,0,0,0,0.061816861687888996,-0.0024586951506375175,0.002974162485574393,-0.044644535515448863,-0.0034736204468628169,0.050609027640038176,0.033196809370798754,0.025184527576662612,0.0013526072704788999,-0.042267130578342277,-0.0014111912314530221,-0.0044384653747878994,-0.00059537374390788815,-0.0065792590784352727,0.00050982558024690173,0,0,-0.0010196511604938035,-0.00068826453333331735,0,0.00050982558024690173,0,0,-0.0010196511604938035,-0.00068826453333331735,0,0,0,0,0,0,-0.56252859269140876,0.053933030217518323,-0.051691981437343403,-0.24552470027803178,0.0077745595541458485,0.0085986578182296117,-0.39426068783009366,-0.4351574934389319,-0.016417306383027675,0.50112950073873874,0.026318904314574308,0.051802072128727616,0.13535849732036287,0.07981662773127543,-0.0060137876543209737,0,0,0.012027575308641947,0.0081186133333333143,0,-0.0060137876543209737,0,0,0.012027575308641947,0.0081186133333333143,0
457,FRAME,NONE,452,452,4.5199999999999996,RECOVERY,1.1000000000000014,0,0,0,0,0,0.29680979054642881,0.1200564096651556,-9.7613938611205525e-05,0.80376928585004226,0.00023219559759791119,-0.0036587570392628303,-0.0015034486317710143,0.2991593795683023,-0.12005972525616462,0.0019137932580922086,0.80005559725773778,0.00020388852473553134,-0.0002678482309429598,0.00029621116753403368,-0.13112316250000003,0.0055999999999999999,-0.034799999999999998,0.24684632500000006,-0.12036873062499995,-0.0077999999999999996,-0.13112316250000003,-0.0055999999999999999,0.034799999999999998,0.24684632500000006,-0.12036873062499995,0.0077999999999999996,0,0,0,0,0,0.055538467212559617,-0.0020599642545668455,0.0025520358274645711,-0.043225051139883425,-0.0032324725411109652,0.047680850066293308,0.029374158413841753,0.02165666539201468,0.0011924568933200533,-0.037395730515635835,-0.0012489341157661967,-0.0039340112589285837,0.0001069401046434118,-0.0058206858388779497,0.00045125000000001116,0,0,-0.00090250000000002232,-0.0006091875000000151,0,0.00045125000000001116,0,0,-0.00090250000000002232,-0.0006091875000000151,0,0,0,0,0,0,-0.53317695313654512,0.051118910395675628,-0.048994795148969379,-0.2327137025829687,0.0073688982727533594,0.0081499967044384794,-0.37368893778895435,-0.4124518282283739,-0.015560683509671373,0.47498154547549176,0.024945635465742459,0.049099141523826682,0.12829575619812666,0.075651952516377838,-0.005699999999999995,0,0,0.01139999999999999,0.0076949999999999935,0,-0.005699999999999995,0,0,0.01139999999999999,0.0076949999999999935,0
458,FRAME,NONE,453,453,4.5300000000000002,RECOVERY,1.1000000000000014,0,0,0,0,0,0.29733494905804286,0.12003767930016314,-7.4075607111577019e-05,0.80334487080400419,0.0002010760133959156,-0.0031967376953444477,-0.0012279622316366996,0.299359266440484,-0.12004854858598224,0.0015630502859792644,0.80004390527229097,0.00016692240992563384,-0.00026361227894621767,0.00024164609901096605,-0.13111892967032099,0.0055999999999999999,-0.034799999999999998,0.24683785934064195,-0.12037444494506666,-0.0077999999999999996,-0.13111892967032099,-0.0055999999999999999,0.034799999999999998,0.24683785934064195,-0.12037444494506666,0.0077999999999999996,0,0,0,0,0,0.049540742516850429,-0.0016902997521163309,0.0021584660888046346,-0.041628315422532799,-0.0029937835792466241,0.044717157355283171,0.025759001855523708,0.018359572708677978,0.0010416300398479795,-0.032789981945913968,-0.0010897654021039321,-0.0034562384220312233,0.00072607006851824196,-0.0051025164453881288,0.00039585224691357723,0,0,-0.00079170449382715447,-0.0005344005333333293,0,0.00039585224691357723,0,0,-0.00079170449382715447,-0.0005344005333333293,0,0,0,0,0,0,-0.50307699505096215,0.048233044734680992,-0.046228844235824747,-0.21957608916498159,0.0069528946779955844,0.0076898969987814489,-0.35259271204565423,-0.38916728325889788,-0.014682221080511988,0.44816694944666402,0.023537355198713018,0.046327299843102715,0.12105295085666472,0.071381099122509714,-0.0053782123456790031,0,0,0.010756424691358006,0.0072605866666666545,0,-0.0053782123456790031,0,0,0.010756424691358006,0.0072605866666666545,0
459,FRAME,NONE,454,454,4.54,RECOVERY,1.1000000000000014,0,0,0,0,0,0.29780157123627787,0.12002249785404384,-5.4329906258644715e-05,0.80293731108391386,0.00017232818193160698,-0.0027645276653465401,-0.00098756665186498956,0.29952736244140654,-0.1200388363867764,0.0012570183530482123,0.80003378287641447,0.00013460647097952421,-0.00025360529393480516,0.00019405132816552003,-0.13111523459471602,0.0055999999999999999,-0.034799999999999998,0.24683046918943205,-0.12037943329713335,-0.0077999999999999996,-0.13111523459471602,-0.0055999999999999999,0.034799999999999998,0.24683046918943205,-0.12037943329713335,0.0077999999999999996,0,0,0,0,0,0.043832704187062053,-0.0013504649755393594,0.0017940416601342161,-0.039853911829271768,-0.0027577312063984411,0.041719195936300094,0.022356704970981366,0.01529957838481961,0.00090026605669945431,-0.028456490001724666,-0.00093537943178412524,-0.0030059121304502343,0.001261036128625573,-0.0044260304610708361,0.00034371261728390816,0,0,-0.00068742523456781631,-0.00046401203333327595,0,0.00034371261728390816,0,0,-0.00068742523456781631,-0.00046401203333327595,0,0,0,0,0,0,-0.47222317533443187,0.045274901783873958,-0.043393619330318565,-0.2061094406483448,0.0065264721601438844,0.0072182739709483927,-0.33096812559499161,-0.36529957053228918,-0.01378175732106207,0.42068077457250985,0.022093804169647454,0.043486036634142154,0.11362874748694558,0.067003281044641552,-0.0050483654320987474,0,0,0.010096730864197495,0.006815293333333308,0,-0.0050483654320987474,0,0,0.010096730864197495,0.006815293333333308,0
460,FRAME,NONE,455,455,4.5499999999999998,RECOVERY,1.1000000000000014,0,0,0,0,0,0.29821259887286966,0.12001056306545126,-3.8082026550791655e-05,0.80254838633066572,0.00014592522291602235,-0.0023624638018827997,-0.00078010648107025571,0.299666070307884,-0.12003049265521663,0.00099293987359540628,0.80002517394491923,0.00010666068667826132,-0.00023867398353323972,0.00015300440282141396,-0.131112044288,0.0055999999999999999,-0.034799999999999998,0.24682408857599999,-0.1203837402112,-0.0077999999999999996,-0.131112044288,-0.0055999999999999999,0.034799999999999998,0.24682408857599999,-0.1203837402112,0.0077999999999999996,0,0,0,0,0,0.038423330972923414,-0.001041227021703218,0.0014593628829680213,-0.037901210837784277,-0.0025244882032620934,0.038688115562412972,0.019172667715389266,0.012483029825590774,0.00076851175796865446,-0.024401912959877734,-0.00078740870423751766,-0.0025837995700447409,0.0017108044451968479,-0.0037925050321579441,0.00029491200000002492,0,0,-0.00058982400000004984,-0.00039813120000003365,0,0.00029491200000002492,0,0,-0.00058982400000004984,-0.00039813120000003365,0,0,0,0,0,0,-0.44060995088674043,0.042243950092595475,-0.040488611064861214,-0.19231133765733904,0.0060895541094698174,0.0067350428906294045,-0.30881129343177505,-0.34084440205034428,-0.012859130456834591,0.39251808277329664,0.020614723034707912,0.040574841444532765,0.10602181227994126,0.062517711777745899,-0.0047104000000000685,0,0,0.0094208000000001371,0.0063590400000000926,0,-0.0047104000000000685,0,0,0.0094208000000001371,0.0063590400000000926,0
461,FRAME,NONE,456,456,4.5599999999999996,RECOVERY,1.1000000000000014,0,0,0,0,0,0.29857106333743644,0.12000156499878573,-2.5031133465460666e-05,0.8021798835808549,0.00012183851484909571,-0.001990871958533029,-0.00060337211934659643,0.29977785633043497,-0.12002341996797396,0.00076799064354118169,0.80001800636790998,8.2797580132830135e-05,-0.00021967568180494815,0.00011807001327098892,-0.13110932495313579,0.0055999999999999999,-0.034799999999999998,0.24681864990627161,-0.12038741131326665,-0.0077999999999999996,-0.13110932495313579,-0.0055999999999999999,0.034799999999999998,0.24681864990627161,-0.12038741131326665,0.0077999999999999996,0,0,0,0,0,0.033321558652177334,-0.00076335642638861948,0.0011550424564878714,-0.035769360900199151,-0.0022942222897235093,0.035624965401191165,0.016212324418288855,0.0099162909428767952,0.00064652117531175583,-0.020632962584058782,-0.00064741897138492982,-0.0021906696287491596,0.0020742845368837727,-0.0032032143155704021,0.00024953187654321122,0,0,-0.00049906375308642243,-0.00033686803333333516,0,0.00024953187654321122,0,0,-0.00049906375308642243,-0.00033686803333333516,0,0,0,0,0,0,-0.40823177860763316,0.039139658210182546,-0.03751331007185929,-0.17817936081622707,0.0056420639162443756,0.0062401190275139509,-0.28611833055078423,-0.31579748981482791,-0.011914178713341328,0.36367393596925501,0.019099852450054619,0.037593203821858545,0.098230811426613912,0.057923604816789501,-0.00436425679012348,0,0,0.0087285135802469601,0.0058917466666666982,0,-0.00436425679012348,0,0,0.0087285135802469601,0.0058917466666666982,0
462,FRAME,NONE,457,457,4.5700000000000003,RECOVERY,1.1000000000000014,0,0,0,0,0,0.29888008512129438,0.11999518601091601,-1.4870240475769102e-05,0.80183359953414679,0.00010003774797129065,-0.001650068016403582,-0.00045509943661005425,0.29986525050858293,-0.12001751940560743,0.00057927929021062564,0.80001219274241175,6.2722189604689913e-05,-0.00019747892955904213,8.8800031047880945e-05,-0.13110704197530865,0.0055999999999999999,-0.034799999999999998,0.2468140839506173,-0.12039049333333331,-0.0077999999999999996,-0.13110704197530865,-0.0055999999999999999,0.034799999999999998,0.2468140839506173,-0.12039049333333331,0.0077999999999999996,0,0,0,0,0,0.028536274800353437,-0.00051762685697302377,0.00088170584292377916,-0.033457279170711653,-0.002067095917932517,0.032530689984074004,0.013481143470616084,0.007605740107770733,0.00053445536430992736,-0.017156404466875816,-0.00051690426793930594,-0.001827292673579095,0.0023503263989751843,-0.0026594288811618615,0.0002076543209876765,0,0,-0.00041530864197535301,-0.00028033333333336326,0,0.0002076543209876765,0,0,-0.00041530864197535301,-0.00028033333333336326,0,0,0,0,0,0,-0.37508311539690226,0.035961494685976689,-0.034467206983723735,-0.16371109074929219,0.0051839249707392029,0.0057334176512922183,-0.26288535194683199,-0.29015454582754124,-0.010946740316095431,0.33414339608065768,0.017548933071850004,0.034540613313707821,0.090254411117937028,0.053220173656745751,-0.0040098765432098719,0,0,0.0080197530864197439,0.0054133333333333264,0,-0.0040098765432098719,0,0,0.0080197530864197439,0.0054133333333333264,0
463,FRAME,NONE,458,458,4.5800000000000001,RECOVERY,1.1000000000000014,0,0,0,0,0,0.29914287332857376,0.11999110072081512,-7.2860778238391472e-06,0.80151134291437143,8.0490979520777352e-05,-0.0013403589517884357,-0.00033296943418943085,0.29993084668558917,-0.12001269047792043,0.00042384671820958433,0.80000763111403994,4.6132041123936862e-05,-0.00017296408380913827,6.4733554010044049e-05,-0.131105159916,0.0055999999999999999,-0.034799999999999998,0.246810319832,-0.12039303411339999,-0.0077999999999999996,-0.131105159916,-0.0055999999999999999,0.034799999999999998,0.246810319832,-0.12039303411339999,0.0077999999999999996,0,0,0,0,0,0.024076313452341003,-0.00030481482284705572,0.0006399916730312178,-0.030963641966770435,-0.0018432660536724062,0.029406124996032255,0.010984627004262639,0.005557768094157688,0.00043248226708241102,-0.013979058371367321,-0.00039728187564172306,-0.0014944403219195295,0.0025377175598579847,-0.0021624150882334752,0.00016936200000001141,0,0,-0.00033872400000002281,-0.00022863870000001539,0,0.00016936200000001141,0,0,-0.00033872400000002281,-0.00022863870000001539,0,0,0,0,0,0,-0.34115841815431952,0.03270892806931746,-0.03134979243286358,-0.1489041080808087,0.0047150606632256568,0.0052148540316540766,-0.23910847261471652,-0.26391128209026948,-0.0099566534906094465,0.30392152502775893,0.015961705556255534,0.031416559467667013,0.082091277544879118,0.048406631792585128,-0.0036472000000000076,0,0,0.0072944000000000151,0.0049237200000000099,0,-0.0036472000000000076,0,0,0.0072944000000000151,0.0049237200000000099,0
464,FRAME,NONE,459,459,4.5899999999999999,RECOVERY,1.1000000000000014,0,0,0,0,0,0.2993627251133732,0.11998897598192428,-1.9589570486912884e-06,0.80121493692741008,6.3164691429148874e-05,-0.0010620439467745912,-0.00023460790974955063,0.29997730266253314,-0.12000883105021663,0.00029866555135258743,0.80000420576933884,3.2717122910166967e-05,-0.00014702395696503901,4.5396958033019158e-05,-0.13110364250706177,0.0055999999999999999,-0.034799999999999998,0.24680728501412352,-0.12039508261546661,-0.0077999999999999996,-0.13110364250706177,-0.0055999999999999999,0.034799999999999998,0.24680728501412352,-0.12039508261546661,0.0077999999999999996,0,0,0,0,0,0.019950449642306349,-0.00012569940273224095,0.0004305521532550901,-0.028286874931668218,-0.0016228839448996469,0.026251992887089477,0.0087283105643392415,0.0037787760120016386,0.00034077663056955744,-0.011107798572404751,-0.00028988721939609353,-0.0011928852069985492,0.0026351800749218079,-0.0017134344361330067,0.00013473817283951917,0,0,-0.00026947634567903834,-0.00018189653333335087,0,0.00013473817283951917,0,0,-0.00026947634567903834,-0.00018189653333335087,0,0,0,0,0,0,-0.30645214377964775,0.029381426909543533,-0.02816055705168705,-0.13375599343504702,0.0042353943839749724,0.0046843434382892613,-0.2147838075492299,-0.23706341060479103,-0.008943756462395664,0.27300338473080515,0.014337910559432258,0.028220531831321734,0.073740076898406559,0.04348219271927687,-0.003276167901234557,0,0,0.006552335802469114,0.0044228266666666519,0,-0.003276167901234557,0,0,0.006552335802469114,0.0044228266666666519,0
465,FRAME,NONE,460,460,4.5999999999999996,RECOVERY,1.1000000000000014,0,0,0,0,0,0.29954302506175023,0.11998847085709612,1.4373687578465864e-06,0.80094622181889374,4.8023850572180604e-05,-0.00081541554457954921,-0.00015758512559656729,0.30000734029170201,-0.12000583726987617,0.0002006395705533433,0.80000178807937072,2.215986158879428e-05,-0.0001205644863243407,3.0303955583033618e-05,-0.13110245264479012,0.0055999999999999999,-0.034799999999999998,0.24680490528958024,-0.12039668892953333,-0.0077999999999999996,-0.13110245264479012,-0.0055999999999999999,0.034799999999999998,0.24680490528958024,-0.12039668892953333,0.0077999999999999996,0,0,0,0,0,0.016167393807599847,1.8938012194694826e-05,0.00025405347630022774,-0.025425142865777125,-0.0014060948763385444,0.023068898287118091,0.0067177627741285316,0.0022751732285410855,0.00025951997927904251,-0.0085495541981729494,-0.00019596869318702946,-0.00092340073743734177,0.0026413674573742664,-0.0013137428888766141,0.00010386669135800256,0,0,-0.00020773338271600511,-0.00014022003333330347,0,0.00010386669135800256,0,0,-0.00020773338271600511,-0.00014022003333330347,0,0,0,0,0,0,-0.27095874917267032,0.025978459755995588,-0.02489899147260426,-0.11826432743628662,0.0037448495232586701,0.0041418011408878228,-0.18990747174517866,-0.20960664337290008,-0.0079078874569669735,0.24138403711006104,0.012677288737542184,0.024952019952259492,0.065199475369490695,0.038446069931793107,-0.0028967209876543149,0,0,0.0057934419753086297,0.003910573333333325,0,-0.0028967209876543149,0,0,0.0057934419753086297,0.003910573333333325,0
466,FRAME,NONE,461,461,4.6100000000000003,RECOVERY,1.1000000000000014,0,0,0,0,0,0.29968724451702106,0.11998923659596686,3.2358489912356894e-06,0.80070705753516014,3.5031971721958029e-05,-0.0006007608516792679,-9.9415480503258204e-05,0.30002376588105256,-0.1200036044511069,0.00012660427936159681,0.8000001851150027,1.4137067738353384e-05,-9.4473472472295149e-05,1.8954883160062651e-05,-0.13110155238400001,0.0055999999999999999,-0.034799999999999998,0.24680310476800002,-0.12039790428159998,-0.0077999999999999996,-0.13110155238400001,-0.0055999999999999999,0.034799999999999998,0.24680310476800002,-0.12039790428159998,0.0077999999999999996,0,0,0,0,0,0.012735786041848947,0.00012831396069183773,0.00011117623702064491,-0.022376339192640975,-0.0011930379090286441,0.019857323205073416,0.0049585849929246481,0.0010533752873995699,0.00018890074872190548,-0.0063113095463679008,-0.00011668241478198925,-0.00068676081933621955,0.0025548615412823317,-0.00096459015334347949,7.6831999999977068e-05,0,0,-0.00015366399999995414,-0.00010372319999996904,0,7.6831999999977068e-05,0,0,-0.00015366399999995414,-0.00010372319999996904,0,0,0,0,0,0,-0.23467269123315021,0.022499495158012323,-0.021564586328023445,-0.10242669070879795,0.0032433494713479854,0.0035871424091394972,-0.16447558019735492,-0.18153669239637513,-0.0068488846998356681,0.20905854408577307,0.010979580746746369,0.021610513378065903,0.056468139149097936,0.033297476925103084,-0.0025087999999999829,0,0,0.0050175999999999658,0.0033868799999999767,0,-0.0025087999999999829,0,0,0.0050175999999999658,0.0033868799999999767,0
467,FRAME,NONE,462,462,4.6200000000000001,RECOVERY,1.1000000000000014,0,0,0,0,0,0.29979894084687309,0.11999091661460751,3.776283952914436e-06,0.80049932649157751,2.4151183352599067e-05,-0.00041836278911478104,-5.7557184994269474e-05,0.30002937843498617,-0.120002022672237,7.3321223517551444e-05,0.79999937667215626,8.3110309928617454e-06,-6.9765639292363154e-05,1.0840288991304858e-05,-0.13110090293209872,0.0055999999999999999,-0.034799999999999998,0.24680180586419745,-0.12039878104166671,-0.0077999999999999996,-0.13110090293209872,-0.0055999999999999999,0.034799999999999998,0.24680180586419745,-0.12039878104166671,0.0077999999999999996,0,0,0,0,0,0.0096641901814824467,0.00020164314096083116,2.6158557135621033e-06,-0.01913807502507453,-0.0009838456037228546,0.016617621993486844,0.0034564109668894843,0.00011980174266030359,0.00012911385686968538,-0.004400104547040793,-5.3086899618624915e-05,-0.00048373975010444374,0.002374169308240423,-0.00066721904854111452,5.3719135802457643e-05,0,0,-0.00010743827160491529,-7.2520833333317814e-05,0,5.3719135802457643e-05,0,0,-0.00010743827160491529,-7.2520833333317814e-05,0,0,0,0,0,0,-0.19758842686086792,0.018944001664934127,-0.018156832250354443,-0.086240663876859164,0.0027308176185143985,0.0030202825127342899,-0.1384842479005631,-0.15284926967700815,-0.00576658641651455,0.1760219675782034,0.0092445272432066881,0.018195501656328203,0.047544734428198912,0.028035627194178531,-0.0021123456790123406,0,0,0.0042246913580246811,0.0028516666666666595,0,-0.0021123456790123406,0,0,0.0042246913580246811,0.0028516666666666595,0
468,FRAME,NONE,463,463,4.6299999999999999,RECOVERY,1.1000000000000014,0,0,0,0,0,0.29988175665038935,0.11999314647735965,3.4054776976184248e-06,0.80032493645211333,1.5342296459161612e-05,-0.00026850139528948375,-2.9411940326243571e-05,0.30002712780963231,-0.12000098415580865,3.7486217517166273e-05,0.79999910967839372,4.3448041657544354e-06,-4.7334821471966471e-05,5.4349610429431411e-06,-0.1311004646431605,0.0055999999999999999,-0.034799999999999998,0.246800929286321,-0.12039937273173332,-0.0077999999999999996,-0.1311004646431605,-0.0055999999999999999,0.034799999999999998,0.246800929286321,-0.12039937273173332,0.0077999999999999996,0,0,0,0,0,0.0069610877091463609,0.00023813862914592876,-7.0916988872226912e-05,-0.015707667794900602,-0.00077864372702598887,0.013350016058531002,0.0022169064732175496,-0.00051912585898562834,8.0361734669575784e-05,-0.002823034891182883,-6.1376692979306889e-06,-0.00031511169706848255,0.0020977195782620342,-0.00042286458095590763,3.4613728395077227e-05,0,0,-6.9227456790154455e-05,-4.672853333335425e-05,0,3.4613728395077227e-05,0,0,-6.9227456790154455e-05,-4.672853333335425e-05,0,0,0,0,0,0,-0.15970041295559509,0.015311447826100536,-0.014675219872006297,-0.069703827564744567,0.0022071773550292667,0.0024411367213620708,-0.1119295898496015,-0.12354008721658434,-0.0046608308325161675,0.14226936950760627,0.0074718688830846033,0.014706474334632822,0.038427927397762129,0.022659734233989922,-0.001707298765432136,0,0,0.0034145975308642719,0.0023048533333333834,0,-0.001707298765432136,0,0,0.0034145975308642719,0.0023048533333333834,0
469,FRAME,NONE,464,464,4.6399999999999997,RECOVERY,1.1000000000000014,0,0,0,0,0,0.29993943236321863,0.11999555370525315,2.4761280057149015e-06,0.80018579376582177,8.563818624564704e-06,-0.00015143887037507317,-1.2324895401493752e-05,0.30001999092255444,-0.12000037735216056,1.572187528278006e-05,0.7999992175836208,1.8902054371426472e-06,-2.8149380112058024e-05,2.2027548288051111e-06,-0.13110019701199999,0.0055999999999999999,-0.034799999999999998,0.24680039402399997,-0.1203997340338,-0.0077999999999999996,-0.13110019701199999,-0.0055999999999999999,0.034799999999999998,0.24680039402399997,-0.1203997340338,0.0077999999999999996,0,0,0,0,0,0.0046348712517310549,0.00023701209013541694,-0.00010869589418538341,-0.012082128910641209,-0.00057755091930726684,0.010054588001545118,0.001245768963966324,-0.00085698622489152588,4.2853728283209819e-05,-0.0015872525570335928,2.3318230090972516e-05,-0.00018165065206663696,0.0017238597374990806,-0.0002327533135490009,1.9601999999991905e-05,0,0,-3.9203999999983811e-05,-2.646269999998907e-05,0,1.9601999999991905e-05,0,0,-3.9203999999983811e-05,-2.646269999998907e-05,0,0,0,0,0,0,-0.12100310641709459,0.01160130219085025,-0.011119239825387227,-0.052813762396724605,0.0016723520711638257,0.0018496203047125763,-0.084807721039262193,-0.093604857016882093,-0.0035314561733528105,0.10779581179422809,0.0056613463225411676,0.011142920960565369,0.029116384248753988,0.017169011539506493,-0.001293600000000023,0,0,0.002587200000000046,0.0017463600000000312,0,-0.001293600000000023,0,0,0.002587200000000046,0.0017463600000000312,0
470,FRAME,NONE,465,465,4.6500000000000004,RECOVERY,1.1000000000000014,0,0,0,0,0,0.29997574070928668,0.11999775860450608,1.3530741854070763e-06,0.80008394937504679,3.7771092008033842e-06,-6.7499317249619274e-05,-3.5830157526629035e-06,0.3000110092454038,-0.1200000886298689,4.5791145324038591e-06,0.7999995250293791,5.914337594385688e-07,-1.31940714839724e-05,5.9525501792161888e-07,-0.13110005866824692,0.0055999999999999999,-0.034799999999999998,0.24680011733649387,-0.12039992079786663,-0.0077999999999999996,-0.13110005866824692,-0.0055999999999999999,0.034799999999999998,0.24680011733649387,-0.12039992079786663,0.0077999999999999996,0,0,0,0,0,0.0026938390581744348,0.0001974739755725979,-0.00010997837137872459,-0.0082581538200124423,-0.00038067845943059558,0.0067312771885814221,0.00054872716812095622,-0.00088736044845220356,1.6806565750888982e-05,-0.00069996609693378099,3.4547789208127296e-05,-8.4130085460066875e-05,0.0012508523276359366,-9.8102516220000059e-05,8.7707654320941713e-06,0,0,-1.7541530864188343e-05,-1.1840533333327131e-05,0,8.7707654320941713e-06,0,0,-1.7541530864188343e-05,-1.1840533333327131e-05,0,0,0,0,0,0,-0.081490964145146963,0.0078130333085236568,-0.0074883827429070857,-0.035568048997077439,0.0011262651571895559,0.0012456485324758119,-0.057114756464349645,-0.063039291079693444,-0.002378300664537284,0.072596356358331032,0.0038127002177382558,0.0075043310817130863,0.019608771172145125,0.011562672605699971,-0.00087119012345678146,0,0,0.0017423802469135629,0.0011761066666666549,0,-0.00087119012345678146,0,0,0.0017423802469135629,0.0011761066666666549,0
471,FRAME,NONE,466,466,4.6600000000000001,RECOVERY,1.1000000000000014,0,0,0,0,0,0.2999946071306866,0.11999937267146693,4.0203113914164753e-07,0.80002133361643979,9.3691511233899673e-07,-1.6923067867557721e-05,-4.1724852284263054e-07,0.30000328877796806,-0.12000000219372568,5.3656962472823595e-07,0.79999984899492593,8.5056666546828216e-08,-3.4708990446553761e-06,5.1880796854955022e-08,-0.13110000737041971,0.0055999999999999999,-0.034799999999999998,0.24680001474083943,-0.12039999004993336,-0.0077999999999999996,-0.13110000737041971,-0.0055999999999999999,0.034799999999999998,0.24680001474083943,-0.12039999004993336,0.0077999999999999996,0,0,0,0,0,0.0011461863353801627,0.00011873373358988726,-7.4005179542650313e-05,-0.0042321044483177887,-0.00018812972698320629,0.003379870826833312,0.00013154077455235539,-0.00060383420880165851,2.4445868227118784e-06,-0.00016844099024373844,2.6937681768030854e-05,-2.3322670311158425e-05,0.00067687159878160774,-2.0119345004238545e-05,2.2074320987286457e-06,0,0,-4.4148641974572914e-06,-2.9800333332836713e-06,0,2.2074320987286457e-06,0,0,-4.4148641974572914e-06,-2.9800333332836713e-06,0,0,0,0,0,0,-0.041158443039517982,0.0039461097284597315,-0.003782139256974364,-0.017964267990074792,0.00056884000337773281,0.0006291366743415575,-0.028846811119657992,-0.031839101406799006,-0.0012012025315819637,0.036666065120164106,0.0019256712248370564,0.003790194245661853,0.0099037543589026323,0.0058399309275400024,-0.00044000987654314373,0,0,0.00088001975308628745,0.00059401333333324404,0,-0.00044000987654314373,0,0,0.00088001975308628745,0.00059401333333324404,0
472,FRAME,COMPLETE,467,467,4.6699999999999999,RECOVERY,1.1000000000000014,0,0,0,0,0,0.29999999999999999,0.12,0,0.80000000000000004,0,0,0,0.29999999999999999,-0.12,0,0.80000000000000004,0,0,0,-0.13109999999999999,0.0055999999999999999,-0.034799999999999998,0.24679999999999999,-0.12039999999999999,-0.0077999999999999996,-0.13109999999999999,-0.0055999999999999999,0.034799999999999998,0.24679999999999999,-0.12039999999999999,0.0077999999999999996,0,0,0,0,0,0,0,0,0,0,0,0,0,0,0,0,0,0,0,0,0,0,0,0,0,0,0,0,0,0,0,0,0,0,0,0,0,0,0,0,0,0,0,0,0,0,0,0,0,0,0,0,0,0,0,0,0,0,0,0,0,0
