frame_index,time_s,phase,source_fullbody_global_frame,event_mask,q_des_rad::left_hip_pitch_joint,q_des_rad::right_hip_pitch_joint,q_des_rad::waist_yaw_joint,q_des_rad::left_hip_roll_joint,q_des_rad::right_hip_roll_joint,q_des_rad::waist_roll_joint,q_des_rad::left_hip_yaw_joint,q_des_rad::right_hip_yaw_joint,q_des_rad::waist_pitch_joint,q_des_rad::left_knee_joint,q_des_rad::right_knee_joint,q_des_rad::head_yaw_joint,q_des_rad::left_shoulder_pitch_joint,q_des_rad::right_shoulder_pitch_joint,q_des_rad::left_ankle_pitch_joint,q_des_rad::right_ankle_pitch_joint,q_des_rad::head_pitch_joint,q_des_rad::left_shoulder_roll_joint,q_des_rad::right_shoulder_roll_joint,q_des_rad::left_ankle_roll_joint,q_des_rad::right_ankle_roll_joint,q_des_rad::left_shoulder_yaw_joint,q_des_rad::right_shoulder_yaw_joint,q_des_rad::left_elbow_joint,q_des_rad::right_elbow_joint,q_des_rad::left_wrist_roll_joint,q_des_rad::right_wrist_roll_joint,q_des_rad::left_wrist_pitch_joint,q_des_rad::right_wrist_pitch_joint,q_des_rad::left_wrist_yaw_joint,q_des_rad::right_wrist_yaw_joint,dq_des_rad_s::left_hip_pitch_joint,dq_des_rad_s::right_hip_pitch_joint,dq_des_rad_s::waist_yaw_joint,dq_des_rad_s::left_hip_roll_joint,dq_des_rad_s::right_hip_roll_joint,dq_des_rad_s::waist_roll_joint,dq_des_rad_s::left_hip_yaw_joint,dq_des_rad_s::right_hip_yaw_joint,dq_des_rad_s::waist_pitch_joint,dq_des_rad_s::left_knee_joint,dq_des_rad_s::right_knee_joint,dq_des_rad_s::head_yaw_joint,dq_des_rad_s::left_shoulder_pitch_joint,dq_des_rad_s::right_shoulder_pitch_joint,dq_des_rad_s::left_ankle_pitch_joint,dq_des_rad_s::right_ankle_pitch_joint,dq_des_rad_s::head_pitch_joint,dq_des_rad_s::left_shoulder_roll_joint,dq_des_rad_s::right_shoulder_roll_joint,dq_des_rad_s::left_ankle_roll_joint,dq_des_rad_s::right_ankle_roll_joint,dq_des_rad_s::left_shoulder_yaw_joint,dq_des_rad_s::right_shoulder_yaw_joint,dq_des_rad_s::left_elbow_joint,dq_des_rad_s::right_elbow_joint,dq_des_rad_s::left_wrist_roll_joint,dq_des_rad_s::right_wrist_roll_joint,dq_des_rad_s::left_wrist_pitch_joint,dq_des_rad_s::right_wrist_pitch_joint,dq_des_rad_s::left_wrist_yaw_joint,dq_des_rad_s::right_wrist_yaw_joint,tau_ff_nm::left_hip_pitch_joint,tau_ff_nm::right_hip_pitch_joint,tau_ff_nm::waist_yaw_joint,tau_ff_nm::left_hip_roll_joint,tau_ff_nm::right_hip_roll_joint,tau_ff_nm::waist_roll_joint,tau_ff_nm::left_hip_yaw_joint,tau_ff_nm::right_hip_yaw_joint,tau_ff_nm::waist_pitch_joint,tau_ff_nm::left_knee_joint,tau_ff_nm::right_knee_joint,tau_ff_nm::head_yaw_joint,tau_ff_nm::left_shoulder_pitch_joint,tau_ff_nm::right_shoulder_pitch_joint,tau_ff_nm::left_ankle_pitch_joint,tau_ff_nm::right_ankle_pitch_joint,tau_ff_nm::head_pitch_joint,tau_ff_nm::left_shoulder_roll_joint,tau_ff_nm::right_shoulder_roll_joint,tau_ff_nm::left_ankle_roll_joint,tau_ff_nm::right_ankle_roll_joint,tau_ff_nm::left_shoulder_yaw_joint,tau_ff_nm::right_shoulder_yaw_joint,tau_ff_nm::left_elbow_joint,tau_ff_nm::right_elbow_joint,tau_ff_nm::left_wrist_roll_joint,tau_ff_nm::right_wrist_roll_joint,tau_ff_nm::left_wrist_pitch_joint,tau_ff_nm::right_wrist_pitch_joint,tau_ff_nm::left_wrist_yaw_joint,tau_ff_nm::right_wrist_yaw_joint,kp_nm_per_rad::left_hip_pitch_joint,kp_nm_per_rad::right_hip_pitch_joint,kp_nm_per_rad::waist_yaw_joint,kp_nm_per_rad::left_hip_roll_joint,kp_nm_per_rad::right_hip_roll_joint,kp_nm_per_rad::waist_roll_joint,kp_nm_per_rad::left_hip_yaw_joint,kp_nm_per_rad::right_hip_yaw_joint,kp_nm_per_rad::waist_pitch_joint,kp_nm_per_rad::left_knee_joint,kp_nm_per_rad::right_knee_joint,kp_nm_per_rad::head_yaw_joint,kp_nm_per_rad::left_shoulder_pitch_joint,kp_nm_per_rad::right_shoulder_pitch_joint,kp_nm_per_rad::left_ankle_pitch_joint,kp_nm_per_rad::right_ankle_pitch_joint,kp_nm_per_rad::head_pitch_joint,kp_nm_per_rad::left_shoulder_roll_joint,kp_nm_per_rad::right_shoulder_roll_joint,kp_nm_per_rad::left_ankle_roll_joint,kp_nm_per_rad::right_ankle_roll_joint,kp_nm_per_rad::left_shoulder_yaw_joint,kp_nm_per_rad::right_shoulder_yaw_joint,kp_nm_per_rad::left_elbow_joint,kp_nm_per_rad::right_elbow_joint,kp_nm_per_rad::left_wrist_roll_joint,kp_nm_per_rad::right_wrist_roll_joint,kp_nm_per_rad::left_wrist_pitch_joint,kp_nm_per_rad::right_wrist_pitch_joint,kp_nm_per_rad::left_wrist_yaw_joint,kp_nm_per_rad::right_wrist_yaw_joint,kd_nm_s_per_rad::left_hip_pitch_joint,kd_nm_s_per_rad::right_hip_pitch_joint,kd_nm_s_per_rad::waist_yaw_joint,kd_nm_s_per_rad::left_hip_roll_joint,kd_nm_s_per_rad::right_hip_roll_joint,kd_nm_s_per_rad::waist_roll_joint,kd_nm_s_per_rad::left_hip_yaw_joint,kd_nm_s_per_rad::right_hip_yaw_joint,kd_nm_s_per_rad::waist_pitch_joint,kd_nm_s_per_rad::left_knee_joint,kd_nm_s_per_rad::right_knee_joint,kd_nm_s_per_rad::head_yaw_joint,kd_nm_s_per_rad::left_shoulder_pitch_joint,kd_nm_s_per_rad::right_shoulder_pitch_joint,kd_nm_s_per_rad::left_ankle_pitch_joint,kd_nm_s_per_rad::right_ankle_pitch_joint,kd_nm_s_per_rad::head_pitch_joint,kd_nm_s_per_rad::left_shoulder_roll_joint,kd_nm_s_per_rad::right_shoulder_roll_joint,kd_nm_s_per_rad::left_ankle_roll_joint,kd_nm_s_per_rad::right_ankle_roll_joint,kd_nm_s_per_rad::left_shoulder_yaw_joint,kd_nm_s_per_rad::right_shoulder_yaw_joint,kd_nm_s_per_rad::left_elbow_joint,kd_nm_s_per_rad::right_elbow_joint,kd_nm_s_per_rad::left_wrist_roll_joint,kd_nm_s_per_rad::right_wrist_roll_joint,kd_nm_s_per_rad::left_wrist_pitch_joint,kd_nm_s_per_rad::right_wrist_pitch_joint,kd_nm_s_per_rad::left_wrist_yaw_joint,kd_nm_s_per_rad::right_wrist_yaw_joint
0,0,FULLBODY_RECOVERY,1167,1,-0.24609999999999999,-0.24609999999999999,0,0.0055999999999999999,-0.0055999999999999999,0,-0.034799999999999998,0.034799999999999998,0,0.44679999999999997,0.44679999999999997,0,-1.5707963267948966,-0.8098387459870936,-0.18540000000000001,-0.18540000000000001,0,0.29936459787956377,-0.91373488073538678,-0.0077999999999999996,0.0077999999999999996,-0.17191156192620849,0.11037164166144869,-0.016539307308662706,-0.34663976868654278,0.025855783413169704,0.5259999999999998,0.028596479664696445,0.20137153184708242,-1.311189255399841,0.74949075941377441,0,0,0,0,0,0,0,0,0,0,0,0,0.00027439085206193425,0.00016278073395881165,0,0,0,-2.6307516287626953e-05,0.00011641758491665044,0,0,2.5214374906046277e-05,-1.6188276813489111e-05,0.00011976232423965838,0.00016817836267501995,-3.792283713444089e-06,-7.7148744698218863e-05,-4.1942633245001248e-06,-2.953528687871243e-05,0.00019231293746369005,-0.00010992827233491376,0,0,0,0,0,0,0,0,0,0,0,0,0,0,0,0,0,0,0,0,0,0,0,0,0,0,0,0,0,0,0,2250,2250,400,400,400,500,300,300,500,3000,3000,40,60,60,750,750,40,60,60,500,500,45,45,45,45,45,45,30,30,30,30,12,12,4,7,7,4,7,7,4,12,12,2,4.5,4.5,7.5,7.5,2,4.5,4.5,5,5,3,3,3,3,3,3,3,3,3,3
1,0.02,FULLBODY_RECOVERY,1169,0,-0.24609966265758024,-0.24609966265758024,0,0.0055999999999999999,-0.0055999999999999999,0,-0.034799999999999998,0.034799999999999998,0,0.44679941331753081,0.44679941331753081,0,-1.5707908389778553,-0.80983549037241442,-0.18539980932819755,-0.18539980932819755,0,0.29936407172923801,-0.91373255238368845,-0.0077999999999999996,0.0077999999999999996,-0.17191105763871037,0.11037131789591242,-0.016536912062177913,-0.34663640511928928,0.025855707567495435,0.52599845702510584,0.028596395779429955,0.20137094114134485,-1.3111854091410917,0.74948856084832771,0,0,0,0,0,0,0,0,0,0,0,0,0.0010865658974068548,0.00064459872821664987,0,0,0,-0.00010417566704973291,0.00046100435447393728,0,0,9.9846914323326041e-05,-6.4104285513177928e-05,0.0004742492555191366,0.00066597290758751981,-1.5017141152644242e-05,-0.00030550287802577625,-1.6608948362993592e-05,-0.00011695738123887467,0.00076154389954119495,-0.00043530719401885243,0,0,0,0,0,0,0,0,0,0,0,0,0,0,0,0,0,0,0,0,0,0,0,0,0,0,0,0,0,0,0,2250,2250,400,400,400,500,300,300,500,3000,3000,40,60,60,750,750,40,60,60,500,500,45,45,45,45,45,45,30,30,30,30,12,12,4,7,7,4,7,7,4,12,12,2,4.5,4.5,7.5,7.5,2,4.5,4.5,5,5,3,3,3,3,3,3,3,3,3,3
2,0.040000000000000001,FULLBODY_RECOVERY,1171,0,-0.24609732830182715,-0.24609732830182715,0,0.0055999999999999999,-0.0055999999999999999,0,-0.034799999999999998,0.034799999999999998,0,0.44679535356839506,0.44679535356839506,0,-1.5707528641590003,-0.80981296203796493,-0.1853984899097284,-0.1853984899097284,0,0.29936043085288178,-0.91371644056120782,-0.0077999999999999996,0.0077999999999999996,-0.17190756804963556,0.11036907749002817,-0.016520337338441941,-0.34661312977023928,0.025855182727523598,0.52598777988487877,0.028595815306761925,0.20136685355183287,-1.3111587936438593,0.74947334712601366,0,0,0,0,0,0,0,0,0,0,0,0,0.0034930474301864134,0.0020722295228342569,0,0,0,-0.00033489965675093103,0.001482017868911778,0,0,0.00032098376023317887,-0.00020607982480422282,0.0015245970329264523,0.0021409423570026287,-4.827648874090526e-05,-0.00098211810765358454,-5.3393765197563836e-05,-0.00037598978667938154,0.0024481800575848478,-0.001399407692659338,0,0,0,0,0,0,0,0,0,0,0,0,0,0,0,0,0,0,0,0,0,0,0,0,0,0,0,0,0,0,0,2250,2250,400,400,400,500,300,300,500,3000,3000,40,60,60,750,750,40,60,60,500,500,45,45,45,45,45,45,30,30,30,30,12,12,4,7,7,4,7,7,4,12,12,2,4.5,4.5,7.5,7.5,2,4.5,4.5,5,5,3,3,3,3,3,3,3,3,3,3
3,0.059999999999999998,FULLBODY_RECOVERY,1173,0,-0.24609107379199999,-0.24609107379199999,0,0.0055999999999999999,-0.0055999999999999999,0,-0.034799999999999998,0.034799999999999998,0,0.44678447616,0.44678447616,0,-1.5706511170806479,-0.80975260119150105,-0.18539495475200002,-0.18539495475200002,0,0.29935067574296798,-0.91367327166893197,-0.0077999999999999996,0.0077999999999999996,-0.17189821828830104,0.11036307470292026,-0.016475928180860855,-0.34655076742500918,0.025853776507945798,0.52595917230079969,0.028594260028822052,0.20135590154987767,-1.3110874819387883,0.74943258454062134,0,0,0,0,0,0,0,0,0,0,0,0,0.0074314201418512749,0.0044086456088304748,0,0,0,-0.00071249535095047056,0.003152976780798622,0,0,0.00068288943356267784,-0.00043843256969482158,0.003243563485794132,0.004554831410787108,-0.00010270770093362067,-0.0020894455150605173,-0.00011359465053603982,-0.00079991415224064943,0.0052084762530268947,-0.0029772245358106186,0,0,0,0,0,0,0,0,0,0,0,0,0,0,0,0,0,0,0,0,0,0,0,0,0,0,0,0,0,0,0,2250,2250,400,400,400,500,300,300,500,3000,3000,40,60,60,750,750,40,60,60,500,500,45,45,45,45,45,45,30,30,30,30,12,12,4,7,7,4,7,7,4,12,12,2,4.5,4.5,7.5,7.5,2,4.5,4.5,5,5,3,3,3,3,3,3,3,3,3,3
4,0.080000000000000002,FULLBODY_RECOVERY,1175,0,-0.24607905558439505,-0.24607905558439505,0,0.0055999999999999999,-0.0055999999999999999,0,-0.034799999999999998,0.034799999999999998,0,0.44676357492938268,0.44676357492938268,0,-1.5704556073533262,-0.80963661621361172,-0.1853881618520494,-0.1853881618520494,0,0.29933193103884376,-0.91359032148997588,-0.0077999999999999996,0.0077999999999999996,-0.17188025247229305,0.11035154018724037,-0.016390594799010175,-0.3464309365138078,0.025851074419486253,0.52590420206427635,0.028591271520740483,0.20133485698574324,-1.3109504545937383,0.74935425814458123,0,0,0,0,0,0,0,0,0,0,0,0,0.012837384069769309,0.0076157014174543791,0,0,0,-0.0012307979219944309,0.0054466001283143273,0,0,0.0011796552702565688,-0.00075736900598186163,0.0056030838557077391,0.0078682296354062875,-0.00017742210487881743,-0.003609406285429162,-0.00019622873278129019,-0.0013818092637944701,0.008997366425533837,-0.0051429974484845653,0,0,0,0,0,0,0,0,0,0,0,0,0,0,0,0,0,0,0,0,0,0,0,0,0,0,0,0,0,0,0,2250,2250,400,400,400,500,300,300,500,3000,3000,40,60,60,750,750,40,60,60,500,500,45,45,45,45,45,45,30,30,30,30,12,12,4,7,7,4,7,7,4,12,12,2,4.5,4.5,7.5,7.5,2,4.5,4.5,5,5,3,3,3,3,3,3,3,3,3,3
5,0.10000000000000001,FULLBODY_RECOVERY,1177,0,-0.24605950864197529,-0.24605950864197529,0,0.0055999999999999999,-0.0055999999999999999,0,-0.034799999999999998,0.034799999999999998,0,0.44672958024691356,0.44672958024691356,0,-1.5701376217178571,-0.80944797313480288,-0.18537711358024692,-0.18537711358024692,0,0.2993014438260882,-0.9134554076637994,-0.0077999999999999996,0.0077999999999999996,-0.17185103207749078,0.11033277994268098,-0.016251804826632545,-0.34623603823959292,0.025846679623750646,0.52581479604938253,0.028586410879510801,0.2013006291793259,-1.310727587281767,0.74922686464268196,0,0,0,0,0,0,0,0,0,0,0,0,0.01964752614731502,0.011655777525737543,0,0,0,-0.0018837275743324722,0.0083359832387552846,0,0,0.0018054541050756268,-0.0011591479437959851,0.0085754804843692946,0.01204227018951759,-0.00027154328528103747,-0.0055241709669140437,-0.00030032669718566343,-0.0021148493722290829,0.013770406115609646,-0.0078713214698156175,0,0,0,0,0,0,0,0,0,0,0,0,0,0,0,0,0,0,0,0,0,0,0,0,0,0,0,0,0,0,0,2250,2250,400,400,400,500,300,300,500,3000,3000,40,60,60,750,750,40,60,60,500,500,45,45,45,45,45,45,30,30,30,30,12,12,4,7,7,4,7,7,4,12,12,2,4.5,4.5,7.5,7.5,2,4.5,4.5,5,5,3,3,3,3,3,3,3,3,3,3
6,0.12,FULLBODY_RECOVERY,1179,0,-0.24603074534399999,-0.24603074534399999,0,0.0055999999999999999,-0.0055999999999999999,0,-0.034799999999999998,0.034799999999999998,0,0.44667955711999996,0.44667955711999996,0,-1.5696697063074336,-0.80917038511258221,-0.18536085606400002,-0.18536085606400002,0,0.29925658193587046,-0.91325688216042566,-0.0077999999999999996,0.0077999999999999996,-0.17180803430809002,0.11030517426948853,-0.016047575579635404,-0.34594924570622709,0.025840212688075011,0.52568323522559979,0.028579258452853057,0.20125026301085408,-1.3103996383491139,0.74903940528578861,0,0,0,0,0,0,0,0,0,0,0,0,0.027799320203936162,0.016491780656477384,0,0,0,-0.0026652895445067326,0.011794597728553846,0,0,0.0025545402715931864,-0.0016400805176040173,0.012133462813596757,0.017038629823966367,-0.00038420708440125087,-0.0078161594706194215,-0.00042493278585081437,-0.0029923041934581951,0.019483772464573557,-0.011137146953099641,0,0,0,0,0,0,0,0,0,0,0,0,0,0,0,0,0,0,0,0,0,0,0,0,0,0,0,0,0,0,0,2250,2250,400,400,400,500,300,300,500,3000,3000,40,60,60,750,750,40,60,60,500,500,45,45,45,45,45,45,30,30,30,30,12,12,4,7,7,4,7,7,4,12,12,2,4.5,4.5,7.5,7.5,2,4.5,4.5,5,5,3,3,3,3,3,3,3,3,3,3
7,0.14000000000000001,FULLBODY_RECOVERY,1181,0,-0.2459911543956543,-0.2459911543956543,0,0.0055999999999999999,-0.0055999999999999999,0,-0.034799999999999998,0.034799999999999998,0,0.44661070329679009,0.44661070329679009,0,-1.5690256489096996,-0.80878830190854378,-0.1853384785714568,-0.1853384785714568,0,0.29919483224430793,-0.91298362375465725,-0.0077999999999999996,0.0077999999999999996,-0.17174885046662705,0.11026717672197682,-0.015766466314088675,-0.34555449304663427,0.025831311340374596,0.52550214967055775,0.028569413568076768,0.20118093701158757,-1.309948236383184,0.74878137876455797,0,0,0,0,0,0,0,0,0,0,0,0,0.037231126965109329,0.02208714367823994,0,0,0,-0.0035695741011754212,0.015796291503269999,0,0,0.0034212496021999994,-0.0021965301862048037,0.016250127385324064,0.022819528881776185,-0.00051456160205711615,-0.010468041070615941,-0.00056910479772839806,-0.0040075389084195945,0.026094264214598928,-0.014915779565766174,0,0,0,0,0,0,0,0,0,0,0,0,0,0,0,0,0,0,0,0,0,0,0,0,0,0,0,0,0,0,0,2250,2250,400,400,400,500,300,300,500,3000,3000,40,60,60,750,750,40,60,60,500,500,45,45,45,45,45,45,30,30,30,30,12,12,4,7,7,4,7,7,4,12,12,2,4.5,4.5,7.5,7.5,2,4.5,4.5,5,5,3,3,3,3,3,3,3,3,3,3
8,0.16,FULLBODY_RECOVERY,1183,0,-0.245939199737679,-0.245939199737679,0,0.0055999999999999999,-0.0055999999999999999,0,-0.034799999999999998,0.034799999999999998,0,0.4465203473698765,0.4465203473698765,0,-1.5681804612288293,-0.80828689936545262,-0.18530911289520988,-0.18530911289520988,0,0.29911379897182344,-0.91262503050029486,-0.0077999999999999996,0.0077999999999999996,-0.17167118432400202,0.11021731306204034,-0.015397570484222441,-0.34503646455095605,0.025819630223992727,0.52526451358277515,0.028556494260943921,0.2010899614545173,-1.3093558677805299,0.74844277410315796,0,0,0,0,0,0,0,0,0,0,0,0,0.047882194052334404,0.028405825605393176,0,0,0,-0.0045907565451017152,0.02031528875758859,0,0,0.0043999994281007648,-0.0028249127327302503,0.020898957841601399,0.029347731298164093,-0.00066176719562280675,-0.013462734403948962,-0.0007319140886193759,-0.0051540141630682101,0.033559301708674383,-0.019182880289358994,0,0,0,0,0,0,0,0,0,0,0,0,0,0,0,0,0,0,0,0,0,0,0,0,0,0,0,0,0,0,0,2250,2250,400,400,400,500,300,300,500,3000,3000,40,60,60,750,750,40,60,60,500,500,45,45,45,45,45,45,30,30,30,30,12,12,4,7,7,4,7,7,4,12,12,2,4.5,4.5,7.5,7.5,2,4.5,4.5,5,5,3,3,3,3,3,3,3,3,3,3
9,0.17999999999999999,FULLBODY_RECOVERY,1185,0,-0.245873419456,-0.245873419456,0,0.0055999999999999999,-0.0055999999999999999,0,-0.034799999999999998,0.034799999999999998,0,0.44640594687999996,0.44640594687999996,0,-1.5671103611476063,-0.80765206888432806,-0.18527193273600001,-0.18527193273600001,0,0.29901120198250386,-0.9121710122043537,-0.0077999999999999996,0.0077999999999999996,-0.17157285048950302,0.11015418021266761,-0.014930508000424619,-0.34438058379470771,0.025804840652549683,0.52496364029439979,0.028540137004531993,0.20097477644506484,-1.3086058643148371,0.74801406355298361,0,0,0,0,0,0,0,0,0,0,0,0,0.059692655983145659,0.035412311598062574,0,0,0,-0.005723097209155148,0.025326189975330426,0,0,0.0054852885793113537,-0.0035216962646480998,0.026053824924594834,0.036586544600533677,-0.00082499648002901105,-0.016783407470619127,-0.00091244557117453606,-0.0064252860683879087,0.041836926890626014,-0.02391446541958886,0,0,0,0,0,0,0,0,0,0,0,0,0,0,0,0,0,0,0,0,0,0,0,0,0,0,0,0,0,0,0,2250,2250,400,400,400,500,300,300,500,3000,3000,40,60,60,750,750,40,60,60,500,500,45,45,45,45,45,45,30,30,30,30,12,12,4,7,7,4,7,7,4,12,12,2,4.5,4.5,7.5,7.5,2,4.5,4.5,5,5,3,3,3,3,3,3,3,3,3,3
10,0.20000000000000001,FULLBODY_RECOVERY,1187,0,-0.24579242469135801,-0.24579242469135801,0,0.0055999999999999999,-0.0055999999999999999,0,-0.034799999999999998,0.034799999999999998,0,0.44626508641975304,0.44626508641975304,0,-1.5657927549895034,-0.80687040690153011,-0.18522615308641976,-0.18522615308641976,0,0.29888487508345724,-0.91161198290128165,-0.0077999999999999996,0.0077999999999999996,-0.17145177278082957,0.11007644521145442,-0.014355417487238648,-0.3435730027669347,0.025786630364791566,0.52459317728395038,0.02851999643809694,0.20083295001178178,-1.3076823907049049,0.74748619548637441,0,0,0,0,0,0,0,0,0,0,0,0,0.072603534171128414,0.043071612962145012,0,0,0,-0.0069609414583088336,0.030803971929435625,0,0,0.0066716973846664418,-0.0042834012137591554,0.031688986476586467,0.044499819908470906,-0.0010034343277631058,-0.020413477633579591,-0.0011097977148944067,-0.0078150062003810861,0.050885803305122934,-0.029086906566289095,0,0,0,0,0,0,0,0,0,0,0,0,0,0,0,0,0,0,0,0,0,0,0,0,0,0,0,0,0,0,0,2250,2250,400,400,400,500,300,300,500,3000,3000,40,60,60,750,750,40,60,60,500,500,45,45,45,45,45,45,30,30,30,30,12,12,4,7,7,4,7,7,4,12,12,2,4.5,4.5,7.5,7.5,2,4.5,4.5,5,5,3,3,3,3,3,3,3,3,3,3
11,0.22,FULLBODY_RECOVERY,1189,0,-0.24569489854893825,-0.24569489854893825,0,0.0055999999999999999,-0.0055999999999999999,0,-0.034799999999999998,0.034799999999999998,0,0.44609547573728392,0.44609547573728392,0,-1.5642062197807611,-0.80592920436584226,-0.18517102961461729,-0.18517102961461729,0,0.29873276432417151,-0.91093885332717628,-0.0077999999999999996,0.0077999999999999996,-0.17130598259411636,0.10998284416411724,-0.01366294854136116,-0.34260059099836887,0.025764703279439159,0.52414710118905661,0.028495745095936217,0.2006621761970496,-1.3065704321826321,0.74685058729033205,0,0,0,0,0,0,0,0,0,0,0,0,0.086556736925896827,0.051349267149328193,0,0,0,-0.0082987196896408544,0.036723987681983039,0,0,0.0079538876718132645,-0.005106600336197975,0.037779087439974643,0.053051951933755226,-0.0011962778688691562,-0.024336611618766546,-0.001323082546128649,-0.0093169216000728305,0.06066521609764397,-0.034676930653432247,0,0,0,0,0,0,0,0,0,0,0,0,0,0,0,0,0,0,0,0,0,0,0,0,0,0,0,0,0,0,0,2250,2250,400,400,400,500,300,300,500,3000,3000,40,60,60,750,750,40,60,60,500,500,45,45,45,45,45,45,30,30,30,30,12,12,4,7,7,4,7,7,4,12,12,2,4.5,4.5,7.5,7.5,2,4.5,4.5,5,5,3,3,3,3,3,3,3,3,3,3
12,0.23999999999999999,FULLBODY_RECOVERY,1191,0,-0.24557959500799997,-0.24557959500799997,0,0.0055999999999999999,-0.0055999999999999999,0,-0.034799999999999998,0.034799999999999998,0,0.44589494784,0.44589494784,0,-1.5623304855124676,-0.80481643621555699,-0.185105858048,-0.185105858048,0,0.2985529262958716,-0.91014302339400233,-0.0077999999999999996,0.0077999999999999996,-0.17113361727395704,0.1098721811980065,-0.012844253989639662,-0.34145092468958449,0.0257387792500368,0.52361971281919972,0.028467073136251794,0.20046027314777887,-1.3052557820609991,0.74609911826023712,0,0,0,0,0,0,0,0,0,0,0,0,0.10149505945309945,0.060211337757060113,0,0,0,-0.0097309473323356488,0.043061966584173605,0,0,0.0093266027672130047,-0.0059879187124332184,0.044299159857273715,0.062207878980347076,-0.0014027364909477424,-0.028536725515063144,-0.0015514256480768374,-0.010924874773513005,0.071135072014533174,-0.040661619919135639,0,0,0,0,0,0,0,0,0,0,0,0,0,0,0,0,0,0,0,0,0,0,0,0,0,0,0,0,0,0,0,2250,2250,400,400,400,500,300,300,500,3000,3000,40,60,60,750,750,40,60,60,500,500,45,45,45,45,45,45,30,30,30,30,12,12,4,7,7,4,7,7,4,12,12,2,4.5,4.5,7.5,7.5,2,4.5,4.5,5,5,3,3,3,3,3,3,3,3,3,3
13,0.26000000000000001,FULLBODY_RECOVERY,1193,0,-0.24544533783150616,-0.24544533783150616,0,0.0055999999999999999,-0.0055999999999999999,0,-0.034799999999999998,0.034799999999999998,0,0.4456614570982716,0.4456614570982716,0,-1.5601464174026372,-0.80352075085555985,-0.18502997355693829,-0.18502997355693829,0,0.29834352643087808,-0.90921637466380933,-0.0077999999999999996,0.0077999999999999996,-0.17093291848342784,0.10974332741561992,-0.011890982147070212,-0.34011227583915499,0.02570859381980125,0.52300563216845408,0.028433688070013143,0.20022518120610908,-1.3037250293020508,0.74522412249356662,0,0,0,0,0,0,0,0,0,0,0,0,0.11736218385443586,0.069624414528576817,0,0,0,-0.011252224847684011,0.049794014276338672,0,0,0.010784667496142181,-0.006924033747265218,0.051224622871113859,0.071933082944390658,-0.0016220318391558727,-0.032997984774318923,-0.0017939661607885467,-0.012632803691771388,0.082255899402927657,-0.047018411915647484,0,0,0,0,0,0,0,0,0,0,0,0,0,0,0,0,0,0,0,0,0,0,0,0,0,0,0,0,0,0,0,2250,2250,400,400,400,500,300,300,500,3000,3000,40,60,60,750,750,40,60,60,500,500,45,45,45,45,45,45,30,30,30,30,12,12,4,7,7,4,7,7,4,12,12,2,4.5,4.5,7.5,7.5,2,4.5,4.5,5,5,3,3,3,3,3,3,3,3,3,3
14,0.28000000000000003,FULLBODY_RECOVERY,1195,0,-0.24529101947575307,-0.24529101947575307,0,0.0055999999999999999,-0.0055999999999999999,0,-0.034799999999999998,0.034799999999999998,0,0.4453930773491358,0.4453930773491358,0,-1.5576359981582901,-0.80203145963441391,-0.18494275013846914,-0.18494275013846914,0,0.29810283730196424,-0.90815126282294878,-0.0077999999999999996,0.0077999999999999996,-0.17070223057411135,0.10959521984811589,-0.010795269074795107,-0.33857360137180886,0.025673897976470565,0.52229979342822697,0.028395314489820252,0.19995496100010801,-1.301965546084882,0.74421838178361122,0,0,0,0,0,0,0,0,0,0,0,0,0.13410267912762341,0.079555613352894072,0,0,0,-0.012857237729084481,0.056896612687934445,0,0,0.012322988182691952,-0.0079116751698304899,0.058531282724241407,0.082193589314225046,-0.0018533978162069836,-0.037704804211358134,-0.0020498567811624846,-0.014434741790941841,0.093988848210813103,-0.053725099509352447,0,0,0,0,0,0,0,0,0,0,0,0,0,0,0,0,0,0,0,0,0,0,0,0,0,0,0,0,0,0,0,2250,2250,400,400,400,500,300,300,500,3000,3000,40,60,60,750,750,40,60,60,500,500,45,45,45,45,45,45,30,30,30,30,12,12,4,7,7,4,7,7,4,12,12,2,4.5,4.5,7.5,7.5,2,4.5,4.5,5,5,3,3,3,3,3,3,3,3,3,3
15,0.29999999999999999,FULLBODY_RECOVERY,1197,0,-0.24511559999999999,-0.24511559999999999,0,0.0055999999999999999,-0.0055999999999999999,0,-0.034799999999999998,0.034799999999999998,0,0.44508799999999998,0.44508799999999998,0,-1.5547823102375322,-0.80033852632144409,-0.1848436,-0.1848436,0,0.2978292369217147,-0.90694051015629196,-0.0077999999999999996,0.0077999999999999996,-0.17043999895612016,0.1094268604088267,-0.0095497308381005553,-0.33682453226658599,0.02563445790715297,0.52149743999999976,0.028351693798766644,0.1996477915344714,-1.2999654753736183,0.74307511851319252,0,0,0,0,0,0,0,0,0,0,0,0,0.15166200116641937,0.08997257626478794,0,0,0,-0.014540756502033625,0.064346620037553093,0,0,0.013936552649770201,-0.0089476250336006924,0.066195332759519263,0.092955967170373077,-0.002096080582371547,-0.042641848003951988,-0.0023182637629469253,-0.016324817972140221,0.10629568998701822,-0.060759830880777188,0,0,0,0,0,0,0,0,0,0,0,0,0,0,0,0,0,0,0,0,0,0,0,0,0,0,0,0,0,0,0,2250,2250,400,400,400,500,300,300,500,3000,3000,40,60,60,750,750,40,60,60,500,500,45,45,45,45,45,45,30,30,30,30,12,12,4,7,7,4,7,7,4,12,12,2,4.5,4.5,7.5,7.5,2,4.5,4.5,5,5,3,3,3,3,3,3,3,3,3,3
16,0.32000000000000001,FULLBODY_RECOVERY,1199,0,-0.24491810597609875,-0.24491810597609875,0,0.0055999999999999999,-0.0055999999999999999,0,-0.034799999999999998,0.034799999999999998,0,0.44474453213234566,0.44474453213234566,0,-1.5515695181116334,-0.79843255658382239,-0.18473197294301236,-0.18473197294301236,0,0.2975212070418829,-0.90557739802144666,-0.0077999999999999996,0.0077999999999999996,-0.17014476846812054,0.10923731484677186,-0.008147455764414337,-0.33485536268499394,0.025590054753175703,0.52059411950806889,0.028302583939302375,0.1993019682812224,-1.2977137184854013,0.74178798854838013,0,0,0,0,0,0,0,0,0,0,0,0,0.1699864927606265,0.1008434714448142,0,0,0,-0.016297636724144082,0.072121270832911644,0,0,0.015620430219094594,-0.010028717716377769,0.074193353419925612,0.10418732918554274,-0.0023493385554764629,-0.04779402969283808,-0.0025983669167398832,-0.018297256601505774,0.11913881788119807,-0.068101109524584813,0,0,0,0,0,0,0,0,0,0,0,0,0,0,0,0,0,0,0,0,0,0,0,0,0,0,0,0,0,0,0,2250,2250,400,400,400,500,300,300,500,3000,3000,40,60,60,750,750,40,60,60,500,500,45,45,45,45,45,45,30,30,30,30,12,12,4,7,7,4,7,7,4,12,12,2,4.5,4.5,7.5,7.5,2,4.5,4.5,5,5,3,3,3,3,3,3,3,3,3,3
17,0.34000000000000002,FULLBODY_RECOVERY,1201,0,-0.24469762939812345,-0.24469762939812345,0,0.0055999999999999999,-0.0055999999999999999,0,-0.034799999999999998,0.034799999999999998,0,0.44436109460543205,0.44436109460543205,0,-1.5479828505271072,-0.79630478746365152,-0.18460735574676543,-0.18460735574676543,0,0.29717733145274894,-0.90405565932297549,-0.0077999999999999996,0.0077999999999999996,-0.16981518174735638,0.10902571170017158,-0.0065819967013035306,-0.33265703909916428,0.025540484364933912,0.51958567881228623,0.028247759122097049,0.19891590127041117,-1.2951999226583704,0.74035107413220913,0,0,0,0,0,0,0,0,0,0,0,0,0.18902338359608195,0.11213699321931114,0,0,0,-0.018122818985127909,0.080198175870846433,0,0,0.017369771711200216,-0.011151839920299153,0.082502312248554838,0.11585533162462719,-0.002612442410905233,-0.053146512181725947,-0.0028893596099891991,-0.020346377510199048,0.13248124664383965,-0.075727794249574876,0,0,0,0,0,0,0,0,0,0,0,0,0,0,0,0,0,0,0,0,0,0,0,0,0,0,0,0,0,0,0,2250,2250,400,400,400,500,300,300,500,3000,3000,40,60,60,750,750,40,60,60,500,500,45,45,45,45,45,45,30,30,30,30,12,12,4,7,7,4,7,7,4,12,12,2,4.5,4.5,7.5,7.5,2,4.5,4.5,5,5,3,3,3,3,3,3,3,3,3,3
18,0.35999999999999999,FULLBODY_RECOVERY,1203,0,-0.24445332659199998,-0.24445332659199998,0,0.0055999999999999999,-0.0055999999999999999,0,-0.034799999999999998,0.034799999999999998,0,0.44393622015999995,0.44393622015999995,0,-1.5440085827677901,-0.79394707685504995,-0.18446927155200002,-0.18446927155200002,0,0.29679629428247778,-0.9023694709866128,-0.0077999999999999996,0.0077999999999999996,-0.16944997759967254,0.1087912412499599,-0.0048473632744721433,-0.33022114942000885,0.025485557056739494,0.51846825902079985,0.028187009554902807,0.19848811318081444,-1.2924144686196477,0.73875887677839713,0,0,0,0,0,0,0,0,0,0,0,0,0.20872079025464618,0.12382236206039121,0,0,0,-0.020011328906802128,0.088555322237343637,0,0,0.019179809445436097,-0.01231393067183742,0.091099563888618187,0.12792817434470888,-0.0028846750815977006,-0.058684707737283182,-0.0031904487669922807,-0.0224665959944019,0.14628661262625631,-0.083619099178691703,0,0,0,0,0,0,0,0,0,0,0,0,0,0,0,0,0,0,0,0,0,0,0,0,0,0,0,0,0,0,0,2250,2250,400,400,400,500,300,300,500,3000,3000,40,60,60,750,750,40,60,60,500,500,45,45,45,45,45,45,30,30,30,30,12,12,4,7,7,4,7,7,4,12,12,2,4.5,4.5,7.5,7.5,2,4.5,4.5,5,5,3,3,3,3,3,3,3,3,3,3
19,0.38,FULLBODY_RECOVERY,1205,0,-0.24418441712513578,-0.24418441712513578,0,0.0055999999999999999,-0.0055999999999999999,0,-0.034799999999999998,0.034799999999999998,0,0.44346855152197528,0.44346855152197528,0,-1.5396340189169213,-0.79135189298123587,-0.18431727924464197,-0.18431727924464197,0,0.29637687829647685,-0.90051344643348175,-0.0077999999999999996,0.0077999999999999996,-0.16904798936953894,0.10853315447329809,-0.0029380141457588031,-0.32753991212537592,0.025425097361670004,0.51723829050279491,0.028120141171417357,0.1980172374306351,-1.2893484581533201,0.73700631016506146,0,0,0,0,0,0,0,0,0,0,0,0,0.22902771621422513,0.13586932458594381,0,0,0,-0.021958277143092897,0.097171073307505962,0,0,0.021045857239966603,-0.013511981321796124,0.099962850083442009,0.14037460079505681,-0.0031653317580503972,-0.06439427798913544,-0.0035008548688956684,-0.024652422815320957,0.16051917378057667,-0.09175459374900774,0,0,0,0,0,0,0,0,0,0,0,0,0,0,0,0,0,0,0,0,0,0,0,0,0,0,0,0,0,0,0,2250,2250,400,400,400,500,300,300,500,3000,3000,40,60,60,750,750,40,60,60,500,500,45,45,45,45,45,45,30,30,30,30,12,12,4,7,7,4,7,7,4,12,12,2,4.5,4.5,7.5,7.5,2,4.5,4.5,5,5,3,3,3,3,3,3,3,3,3,3
20,0.40000000000000002,FULLBODY_RECOVERY,1207,0,-0.24389018271604937,-0.24389018271604937,0,0.0055999999999999999,-0.0055999999999999999,0,-0.034799999999999998,0.034799999999999998,0,0.44295683950617282,0.44295683950617282,0,-1.5348474741192211,-0.7885123038716122,-0.18415097283950618,-0.18415097283950618,0,0.29591796319675406,-0.89848262805431256,-0.0077999999999999996,0.0077999999999999996,-0.16860814331007387,0.10825076199708805,-0.00084884927113446302,-0.32460616538820658,0.025358943786417478,0.51589248790123443,0.02804697536014698,0.1975020162682016,-1.2859937016684246,0.73508869302843682,0,0,0,0,0,0,0,0,0,0,0,0,0.24989405184877578,0.14824815355962973,0,0,0,-0.023958859380027175,0.10602416874556098,0,0,0.022963310411770743,-0.014743035545313962,0.10907029967646864,0.15316389801712377,-0.003453719888316803,-0.070261133929877539,-0.0038198119536962498,-0.026898464199186928,0.17514380965980569,-0.10011420271174021,0,0,0,0,0,0,0,0,0,0,0,0,0,0,0,0,0,0,0,0,0,0,0,0,0,0,0,0,0,0,0,2250,2250,400,400,400,500,300,300,500,3000,3000,40,60,60,750,750,40,60,60,500,500,45,45,45,45,45,45,30,30,30,30,12,12,4,7,7,4,7,7,4,12,12,2,4.5,4.5,7.5,7.5,2,4.5,4.5,5,5,3,3,3,3,3,3,3,3,3,3
21,0.41999999999999998,FULLBODY_RECOVERY,1209,0,-0.24356996614399998,-0.24356996614399998,0,0.0055999999999999999,-0.0055999999999999999,0,-0.034799999999999998,0.034799999999999998,0,0.44239994111999997,0.44239994111999997,0,-1.5296382568429703,-0.78542196683885068,-0.18396998086400002,-0.18396998086400002,0,0.29541852392127577,-0.89627247968365931,-0.0077999999999999996,0.0077999999999999996,-0.16812945695306811,0.10794343305148553,0.0014247978412999427,-0.32141335620469097,0.025286948566137332,0.5144278451455998,0.027967348693269507,0.19694129886266762,-1.2823427057669279,0.73300174205659185,0,0,0,0,0,0,0,0,0,0,0,0,0.2712705744282673,0.16092964789088671,0,0,0,-0.026008356335743832,0.11509372450486666,0,0,0.024927645776640778,-0.016004189341865468,0.1184004286112575,0.16626589664455599,-0.003749159178006306,-0.076271435915062358,-0.0041465676162400454,-0.029199421837248357,0.19012602141777468,-0.10867820613224555,0,0,0,0,0,0,0,0,0,0,0,0,0,0,0,0,0,0,0,0,0,0,0,0,0,0,0,0,0,0,0,2250,2250,400,400,400,500,300,300,500,3000,3000,40,60,60,750,750,40,60,60,500,500,45,45,45,45,45,45,30,30,30,30,12,12,4,7,7,4,7,7,4,12,12,2,4.5,4.5,7.5,7.5,2,4.5,4.5,5,5,3,3,3,3,3,3,3,3,3,3
22,0.44,FULLBODY_RECOVERY,1211,0,-0.24322317015861727,-0.24322317015861727,0,0.0055999999999999999,-0.0055999999999999999,0,-0.034799999999999998,0.034799999999999998,0,0.44179681766716045,0.44179681766716045,0,-1.5239966511420904,-0.78207511795597673,-0.18377396574182717,-0.18377396574182717,0,0.29487762894332431,-0.89387887907411789,-0.0077999999999999996,0.0077999999999999996,-0.16761103747900824,0.10761059442341343,0.0038871678733158371,-0.31795552952242434,0.025208977419297226,0.51284163046463194,0.027881112655497378,0.19633403939471167,-1.2783886608117137,0.730741564783147,0,0,0,0,0,0,0,0,0,0,0,0,0.2931089481187199,0.17388513263493222,0,0,0,-0.028102133760486703,0.12435923282791139,0,0,0.02693442164918361,-0.017292591035256502,0.12793213993148364,0.17965097090318072,-0.0040509815902854164,-0.082411593663209159,-0.004480383008222729,-0.031550092885778563,0.20543193180908581,-0.11742723938999722,0,0,0,0,0,0,0,0,0,0,0,0,0,0,0,0,0,0,0,0,0,0,0,0,0,0,0,0,0,0,0,2250,2250,400,400,400,500,300,300,500,3000,3000,40,60,60,750,750,40,60,60,500,500,45,45,45,45,45,45,30,30,30,30,12,12,4,7,7,4,7,7,4,12,12,2,4.5,4.5,7.5,7.5,2,4.5,4.5,5,5,3,3,3,3,3,3,3,3,3,3
23,0.46000000000000002,FULLBODY_RECOVERY,1213,0,-0.24284925638953084,-0.24284925638953084,0,0.0055999999999999999,-0.0055999999999999999,0,-0.034799999999999998,0.034799999999999998,0,0.44114653285135802,0.44114653285135802,0,-1.5179138989182215,-0.77846656153345339,-0.18356262317669136,-0.18356262317669136,0,0.2942944385708563,-0.89129811037054285,-0.0077999999999999996,0.0077999999999999996,-0.16705208008710076,0.10725172941007527,0.0065420834385592876,-0.31422731736856374,0.025124909302525915,0.51113138139907144,0.027788133372940598,0.19567929514723648,-1.2741254284945644,0.72830465248099197,0,0,0,0,0,0,0,0,0,0,0,0,0.3153617239821882,0.18708645899275511,0,0,0,-0.030235642436599042,0.13380056224631398,0,0,0.028979277842821477,-0.01860544127362633,0.13764472378093723,0.19329003861100896,-0.0043585313458769856,-0.088668266255800821,-0.0048205328381898879,-0.033945369966076333,0.22102828518923423,-0.12634229317863566,0,0,0,0,0,0,0,0,0,0,0,0,0,0,0,0,0,0,0,0,0,0,0,0,0,0,0,0,0,0,0,2250,2250,400,400,400,500,300,300,500,3000,3000,40,60,60,750,750,40,60,60,500,500,45,45,45,45,45,45,30,30,30,30,12,12,4,7,7,4,7,7,4,12,12,2,4.5,4.5,7.5,7.5,2,4.5,4.5,5,5,3,3,3,3,3,3,3,3,3,3
24,0.47999999999999998,FULLBODY_RECOVERY,1215,0,-0.24244774425599999,-0.24244774425599999,0,0.0055999999999999999,-0.0055999999999999999,0,-0.034799999999999998,0.034799999999999998,0,0.44044825087999995,0.44044825087999995,0,-1.5113821821828028,-0.77459165959626652,-0.18333568153599999,-0.18333568153599999,0,0.29366820324586035,-0.88852685658426533,-0.0077999999999999996,0.0077999999999999996,-0.16645186636529538,0.10686637677246838,0.0093929568245533258,-0.31022392797798398,0.025034636165462146,0.5092948998143999,0.027688291341969783,0.19497622459606861,-1.2695475294041443,0.72568787305600158,0,0,0,0,0,0,0,0,0,0,0,0,0.33798233997674454,0.2005060043111212,0,0,0,-0.032404418178530459,0.14339795758082641,0,0,0.031057935669791953,-0.019939993029450057,0.1475178574035258,0.20715456117824382,-0.0046711649230604668,-0.095028362137283828,-0.0051663053715366759,-0.036380241164457594,0.23688244751455256,-0.13540471350593219,0,0,0,0,0,0,0,0,0,0,0,0,0,0,0,0,0,0,0,0,0,0,0,0,0,0,0,0,0,0,0,2250,2250,400,400,400,500,300,300,500,3000,3000,40,60,60,750,750,40,60,60,500,500,45,45,45,45,45,45,30,30,30,30,12,12,4,7,7,4,7,7,4,12,12,2,4.5,4.5,7.5,7.5,2,4.5,4.5,5,5,3,3,3,3,3,3,3,3,3,3
25,0.5,FULLBODY_RECOVERY,1217,0,-0.24201820987654318,-0.24201820987654318,0,0.0055999999999999999,-0.0055999999999999999,0,-0.034799999999999998,0.034799999999999998,0,0.43970123456790122,0.43970123456790122,0,-1.5043946053191517,-0.77044632136100855,-0.18309290123456792,-0.18309290123456792,0,0.29299826184371508,-0.88556219206730979,-0.0077999999999999996,0.0077999999999999996,-0.16580976266030908,0.10645412968889727,0.01244279773470032,-0.30594113492143399,0.024938062705603496,0.50733024691358009,0.027581481158079131,0.19422408550065817,-1.2646501305939823,0.72288846394075468,0,0,0,0,0,0,0,0,0,0,0,0,0.36092512095652896,0.21411667208257879,0,0,0,-0.034604081832846634,0.15313203994132274,0,0,0.033166197941143089,-0.021293551599535845,0.15753160514327239,0.22121654360727355,-0.0049882510576722619,-0.10147903911506551,-0.005517002430507293,-0.038849790032261661,0.25296240634215539,-0.14459620169377796,0,0,0,0,0,0,0,0,0,0,0,0,0,0,0,0,0,0,0,0,0,0,0,0,0,0,0,0,0,0,0,2250,2250,400,400,400,500,300,300,500,3000,3000,40,60,60,750,750,40,60,60,500,500,45,45,45,45,45,45,30,30,30,30,12,12,4,7,7,4,7,7,4,12,12,2,4.5,4.5,7.5,7.5,2,4.5,4.5,5,5,3,3,3,3,3,3,3,3,3,3
26,0.52000000000000002,FULLBODY_RECOVERY,1219,0,-0.24156028497856788,-0.24156028497856788,0,0.0055999999999999999,-0.0055999999999999999,0,-0.034799999999999998,0.034799999999999998,0,0.43890484344098762,0.43890484344098762,0,-1.4969451773445417,-0.76602699271296337,-0.182834074118321,-0.182834074118321,0,0.29228403997254648,-0.88240157498661242,-0.0077999999999999996,0.0077999999999999996,-0.16512521844764966,0.10601463470848695,0.015694221030284221,-0.30137526623369304,0.024835106123155256,0.50523573824979728,0.027467611244749491,0.19342223299477815,-1.2594290331504581,0.71990402498825046,0,0,0,0,0,0,0,0,0,0,0,0,0.38414527867169368,0.22789189194543646,0,0,0,-0.036830339278209889,0.16298380672679913,0,0,0.035299948966742434,-0.022663474605024922,0.16766641844431565,0.2354485344926785,-0.0053091707431046804,-0.10800770435950569,-0.0058719393941961129,-0.041349195585856091,0.26923677083000586,-0.15389881437822273,0,0,0,0,0,0,0,0,0,0,0,0,0,0,0,0,0,0,0,0,0,0,0,0,0,0,0,0,0,0,0,2250,2250,400,400,400,500,300,300,500,3000,3000,40,60,60,750,750,40,60,60,500,500,45,45,45,45,45,45,30,30,30,30,12,12,4,7,7,4,7,7,4,12,12,2,4.5,4.5,7.5,7.5,2,4.5,4.5,5,5,3,3,3,3,3,3,3,3,3,3
27,0.54000000000000004,FULLBODY_RECOVERY,1221,0,-0.241073655808,-0.241073655808,0,0.0055999999999999999,-0.0055999999999999999,0,-0.034799999999999998,0.034799999999999998,0,0.43805853183999999,0.43805853183999999,0,-1.489028794172284,-0.76133064568319109,-0.18255902284800002,-0.18255902284800002,0,0.29152504827258668,-0.87904283979823783,-0.0077999999999999996,0.0077999999999999996,-0.16439776470163939,0.10554759070469627,0.019149454472472946,-0.29652319354172685,0.024725695875879309,0.50300993873919986,0.027346603582311287,0.19257011767722393,-1.2538806597607821,0.71673251136562577,0,0,0,0,0,0,0,0,0,0,0,0,0.40759891176844754,0.24180561968379088,0,0,0,-0.03907898142538474,0.17293463162539047,0,0,0.037455154555271486,-0.024047171991393307,0.17790313585091133,0.24982362602121444,-0.0056333172303070674,-0.11460201440395001,-0.0062304451985472492,-0.043873732306625585,0.28567477173695455,-0.16329496350944162,0,0,0,0,0,0,0,0,0,0,0,0,0,0,0,0,0,0,0,0,0,0,0,0,0,0,0,0,0,0,0,2250,2250,400,400,400,500,300,300,500,3000,3000,40,60,60,750,750,40,60,60,500,500,45,45,45,45,45,45,30,30,30,30,12,12,4,7,7,4,7,7,4,12,12,2,4.5,4.5,7.5,7.5,2,4.5,4.5,5,5,3,3,3,3,3,3,3,3,3,3
28,0.56000000000000005,FULLBODY_RECOVERY,1223,0,-0.24055806203891356,-0.24055806203891356,0,0.0055999999999999999,-0.0055999999999999999,0,-0.034799999999999998,0.034799999999999998,0,0.43716184702419753,0.43716184702419753,0,-1.4806412208738038,-0.75635476792561174,-0.18226760028286421,-0.18226760028286421,0,0.29072088071553109,-0.87548418972159681,-0.0077999999999999996,0.0077999999999999996,-0.1636270122654388,0.10505274782883121,0.022810346464320674,-0.29138232119284446,0.024609773433942973,0.50065165767363928,0.027218393436807601,0.19166728370251312,-1.2480020422809799,0.71337222644787279,0,0,0,0,0,0,0,0,0,0,0,0,0.43124300578903374,0.25583233722751841,0,0,0,-0.041345884217251772,0.1829662646143565,0,0,0.039627862014223608,-0.025442106028450776,0.18822298300742948,0.26431545397182649,-0.0059600960277852826,-0.1212498751446911,-0.0065918623363537751,-0.046418770140976839,0.30224626142261179,-0.17276741635174897,0,0,0,0,0,0,0,0,0,0,0,0,0,0,0,0,0,0,0,0,0,0,0,0,0,0,0,0,0,0,0,2250,2250,400,400,400,500,300,300,500,3000,3000,40,60,60,750,750,40,60,60,500,500,45,45,45,45,45,45,30,30,30,30,12,12,4,7,7,4,7,7,4,12,12,2,4.5,4.5,7.5,7.5,2,4.5,4.5,5,5,3,3,3,3,3,3,3,3,3,3
29,0.57999999999999996,FULLBODY_RECOVERY,1225,0,-0.24001329568316049,-0.24001329568316049,0,0.0055999999999999999,-0.0055999999999999999,0,-0.034799999999999998,0.034799999999999998,0,0.43621442727506171,0.43621442727506171,0,-1.4717790739407226,-0.75109735219409035,-0.18195968886439506,-0.18195968886439506,0,0.28987121290389661,-0.87172418921366357,-0.0077999999999999996,0.0077999999999999996,-0.16281265022107044,0.10452990646355824,0.026678373792770126,-0.28595057538285379,0.024487292034767898,0.49815994373341221,0.027082929088857136,0.19071336687158486,-1.2417908093038776,0.70982181471155581,0,0,0,0,0,0,0,0,0,0,0,0,0.45503543317169104,0.26994705265226404,0,0,0,-0.043627008628790986,0.19306083196009294,0,0,0.041814200149907499,-0.026845791310340511,0.19860757265835871,0.27889819771565599,-0.0062889249016014406,-0.12793944184098655,-0.0069555468572592843,-0.048979774500342715,0.31892171384744206,-0.18229929548360391,0,0,0,0,0,0,0,0,0,0,0,0,0,0,0,0,0,0,0,0,0,0,0,0,0,0,0,0,0,0,0,2250,2250,400,400,400,500,300,300,500,3000,3000,40,60,60,750,750,40,60,60,500,500,45,45,45,45,45,45,30,30,30,30,12,12,4,7,7,4,7,7,4,12,12,2,4.5,4.5,7.5,7.5,2,4.5,4.5,5,5,3,3,3,3,3,3,3,3,3,3
30,0.59999999999999998,FULLBODY_RECOVERY,1227,0,-0.23943919999999999,-0.23943919999999999,0,0.0055999999999999999,-0.0055999999999999999,0,-0.034799999999999998,0.034799999999999998,0,0.43521599999999999,0.43521599999999999,0,-1.4624398035469361,-0.74555688581952118,-0.1816352,-0.1816352,0,0.28897580037037945,-0.86776175644319309,-0.0077999999999999996,0.0077999999999999996,-0.1619544442594425,0.10397891617641759,0.030754649370655023,-0.28022639328421822,0.024358216437878916,0.49553407999999982,0.02694017156251723,0.18970809272249942,-1.2352451737270822,0.70608025462852864,0,0,0,0,0,0,0,0,0,0,0,0,0.47893495325074809,0.28412530017944693,0,0,0,-0.045918400667090131,0.20320083621810925,0,0,0.044010379267447192,-0.028255794755539798,0.20903890464830291,0.29354658021602253,-0.0066192338753749518,-0.13465911911506173,-0.0073208683677563301,-0.05155230626117599,0.33567222457276946,-0.19187407879759921,0,0,0,0,0,0,0,0,0,0,0,0,0,0,0,0,0,0,0,0,0,0,0,0,0,0,0,0,0,0,0,2250,2250,400,400,400,500,300,300,500,3000,3000,40,60,60,750,750,40,60,60,500,500,45,45,45,45,45,45,30,30,30,30,12,12,4,7,7,4,7,7,4,12,12,2,4.5,4.5,7.5,7.5,2,4.5,4.5,5,5,3,3,3,3,3,3,3,3,3,3
31,0.62,FULLBODY_RECOVERY,1229,0,-0.23883566840572837,-0.23883566840572837,0,0.0055999999999999999,-0.0055999999999999999,0,-0.034799999999999998,0.034799999999999998,0,0.43416637983604933,0.43416637983604933,0,-1.4526216758106927,-0.73973234018691247,-0.18129407344671605,-0.18129407344671605,0,0.28803447687721301,-0.8635961557649392,-0.0077999999999999996,0.0077999999999999996,-0.16105223505037256,0.10339967467333665,0.035039929978702242,-0.27420871217421289,0.0242225226797529,0.49277357896880974,0.026790094354146882,0.18865127462113782,-1.2283639203209669,0.70214685155965184,0,0,0,0,0,0,0,0,0,0,0,0,0.50290121225654572,0.2983431401762604,0,0,0,-0.048216191371339145,0.21336915623305641,0,0,0.046212691170782749,-0.029669735606859329,0.21949936592197994,0.30823586802843361,-0.0069504652302812206,-0.14139756095209871,-0.007687210031187032,-0.054132021764952826,0.35246951076071675,-0.20147559950046412,0,0,0,0,0,0,0,0,0,0,0,0,0,0,0,0,0,0,0,0,0,0,0,0,0,0,0,0,0,0,0,2250,2250,400,400,400,500,300,300,500,3000,3000,40,60,60,750,750,40,60,60,500,500,45,45,45,45,45,45,30,30,30,30,12,12,4,7,7,4,7,7,4,12,12,2,4.5,4.5,7.5,7.5,2,4.5,4.5,5,5,3,3,3,3,3,3,3,3,3,3
32,0.64000000000000001,FULLBODY_RECOVERY,1231,0,-0.23820264338330863,-0.23820264338330863,0,0.0055999999999999999,-0.0055999999999999999,0,-0.034799999999999998,0.034799999999999998,0,0.43306546675358021,0.43306546675358021,0,-1.4423237550566743,-0.73362316021247076,-0.18093627669491358,-0.18093627669491358,0,0.28704715271552589,-0.85922699019387083,-0.0077999999999999996,0.0077999999999999996,-0.16010593661261119,0.10279212675214322,0.039534624007534221,-0.26789695856308088,0.024080197828667667,0.48987817756191587,0.026632683161269748,0.1875428118519013,-1.2211463932966535,0.69802123064851007,0,0,0,0,0,0,0,0,0,0,0,0,0.52689474331546471,0.31257715915567474,0,0,0,-0.050516596812835712,0.22354904713871304,0,0,0.048417509162665406,-0.031085285431443899,0.22997173052422462,0.32294187130058188,-0.0072820735050522535,-0.14814367070024731,-0.0080539685677435968,-0.056714672818172079,0.36928591117424969,-0.21108804611306431,0,0,0,0,0,0,0,0,0,0,0,0,0,0,0,0,0,0,0,0,0,0,0,0,0,0,0,0,0,0,0,2250,2250,400,400,400,500,300,300,500,3000,3000,40,60,60,750,750,40,60,60,500,500,45,45,45,45,45,45,30,30,30,30,12,12,4,7,7,4,7,7,4,12,12,2,4.5,4.5,7.5,7.5,2,4.5,4.5,5,5,3,3,3,3,3,3,3,3,3,3
33,0.66000000000000003,FULLBODY_RECOVERY,1233,0,-0.23754011539199998,-0.23754011539199998,0,0.0055999999999999999,-0.0055999999999999999,0,-0.034799999999999998,0.034799999999999998,0,0.43191324415999999,0.43191324415999999,0,-1.4315458860780741,-0.72722925382068548,-0.180561804352,-0.180561804352,0,0.28601381300469958,-0.85465419387939068,-0.0077999999999999996,0.0077999999999999996,-0.15911553468386594,0.10215626325607889,0.044238799199671226,-0.26129103732218961,0.023931239739550809,0.48684783214079985,0.026467935611437138,0.18638268770841093,-1.2135924838739969,0.69370332971512927,0,0,0,0,0,0,0,0,0,0,0,0,0.55087696644992579,0.32680446977645661,0,0,0,-0.052815918094988035,0.23372414035797706,0,0,0.050621288044660345,-0.032500168120771708,0.24043915959999027,0.3376409437723521,-0.0076135254959770922,-0.1548866010706168,-0.0084205542544674508,-0.059296106692354605,0.38609438617717151,-0.22069596247040746,0,0,0,0,0,0,0,0,0,0,0,0,0,0,0,0,0,0,0,0,0,0,0,0,0,0,0,0,0,0,0,2250,2250,400,400,400,500,300,300,500,3000,3000,40,60,60,750,750,40,60,60,500,500,45,45,45,45,45,45,30,30,30,30,12,12,4,7,7,4,7,7,4,12,12,2,4.5,4.5,7.5,7.5,2,4.5,4.5,5,5,3,3,3,3,3,3,3,3,3,3
34,0.68000000000000005,FULLBODY_RECOVERY,1235,0,-0.23684812177698764,-0.23684812177698764,0,0.0055999999999999999,-0.0055999999999999999,0,-0.034799999999999998,0.034799999999999998,0,0.43070977700345675,0.43070977700345675,0,-1.4202886763986773,-0.7205509814214125,-0.18017067752612348,-0.18017067752612348,0,0.28493451599172637,-0.84987802457955175,-0.0077999999999999996,0.0077999999999999996,-0.15808108509082477,0.10149212002731235,0.049152190391533832,-0.25439132081218679,0.023775656808828583,0.4836827135190912,0.02629586099109105,0.18517096758420712,-1.2057026178495667,0.68919339214969377,0,0,0,0,0,0,0,0,0,0,0,0,0.57481018857836186,0.34100271084312184,0,0,0,-0.055110541353300957,0.24387844360288513,0,0,0.052820564117152247,-0.033912159890655755,0.25088520139434389,0.35230998277581138,-0.0079443002569005994,-0.16161575413728424,-0.0087863909252497603,-0.061872266124042563,0.40286851773412846,-0.23028424772164324,0,0,0,0,0,0,0,0,0,0,0,0,0,0,0,0,0,0,0,0,0,0,0,0,0,0,0,0,0,0,0,2250,2250,400,400,400,500,300,300,500,3000,3000,40,60,60,750,750,40,60,60,500,500,45,45,45,45,45,45,30,30,30,30,12,12,4,7,7,4,7,7,4,12,12,2,4.5,4.5,7.5,7.5,2,4.5,4.5,5,5,3,3,3,3,3,3,3,3,3,3
35,0.69999999999999996,FULLBODY_RECOVERY,1237,0,-0.23612674567901232,-0.23612674567901232,0,0.0055999999999999999,-0.0055999999999999999,0,-0.034799999999999998,0.034799999999999998,0,0.42945520987654318,0.42945520987654318,0,-1.4085534785349396,-0.71358914538696061,-0.17976294320987654,-0.17976294320987654,0,0.28380939135056754,-0.84489905613527527,-0.0077999999999999996,0.0077999999999999996,-0.15700271211917985,0.10079977686045266,0.054274207255444983,-0.24719863801115716,0.023613467729274785,0.48038320197530848,0.026116479974427148,0.18390779706344923,-1.1974777431646317,0.68449195980626354,0,0,0,0,0,0,0,0,0,0,0,0,0.59865760351527908,0.355150047305966,0,0,0,-0.057396937755391231,0.25399634087459322,0,0,0.055011955179339045,-0.035319089281242791,0.26129379125246888,0.36692642923521129,-0.0082738890992249334,-0.16832078133728334,-0.0091509159708316051,-0.06443918931480358,0.41958250941055431,-0.23983815633003835,0,0,0,0,0,0,0,0,0,0,0,0,0,0,0,0,0,0,0,0,0,0,0,0,0,0,0,0,0,0,0,2250,2250,400,400,400,500,300,300,500,3000,3000,40,60,60,750,750,40,60,60,500,500,45,45,45,45,45,45,30,30,30,30,12,12,4,7,7,4,7,7,4,12,12,2,4.5,4.5,7.5,7.5,2,4.5,4.5,5,5,3,3,3,3,3,3,3,3,3,3
36,0.71999999999999997,FULLBODY_RECOVERY,1239,0,-0.23537611494399999,-0.23537611494399999,0,0.0055999999999999999,-0.0055999999999999999,0,-0.034799999999999998,0.034799999999999998,0,0.42814976511999997,0.42814976511999997,0,-1.3963423722580661,-0.70634497952917386,-0.179338673664,-0.179338673664,0,0.28263863848151072,-0.83971817094456802,-0.0077999999999999996,0.0077999999999999996,-0.15588060688365121,0.10007935645606264,0.059603942041632586,-0.23971426364277834,0.023444701244859586,0.47694988226559987,0.025929824352257786,0.18259340001161498,-1.1889193174731445,0.67959986589649224,0,0,0,0,0,0,0,0,0,0,0,0,0.6223832919712069,0.36922517026107549,0,0,0,-0.059671663500980576,0.26406259246339603,0,0,0.057192160529228458,-0.036718837157012282,0.27164925161966541,0.38146826766699626,-0.0086017955919085939,-0.174991583470617,-0.0095135803388032847,-0.066993009931226588,0.43621118637277023,-0.24934329807302369,0,0,0,0,0,0,0,0,0,0,0,0,0,0,0,0,0,0,0,0,0,0,0,0,0,0,0,0,0,0,0,2250,2250,400,400,400,500,300,300,500,3000,3000,40,60,60,750,750,40,60,60,500,500,45,45,45,45,45,45,30,30,30,30,12,12,4,7,7,4,7,7,4,12,12,2,4.5,4.5,7.5,7.5,2,4.5,4.5,5,5,3,3,3,3,3,3,3,3,3,3
37,0.73999999999999999,FULLBODY_RECOVERY,1241,0,-0.23459640103269136,-0.23459640103269136,0,0.0055999999999999999,-0.0055999999999999999,0,-0.034799999999999998,0.034799999999999998,0,0.42679374092641975,0.42679374092641975,0,-1.3836581468560913,-0.69882013857651759,-0.17889796580108644,-0.17889796580108644,0,0.28142252481052832,-0.83433655243673943,-0.0077999999999999996,0.0077999999999999996,-0.15471502569801071,0.09933102337417217,0.065140177320231599,-0.23193990730447731,0.023269395905598442,0.4733835386364838,0.025735936760875017,0.18122807666620017,-1.1800292957097209,0.67451822788334259,0,0,0,0,0,0,0,0,0,0,0,0,0.64595222155268694,0.38320729695029698,0,0,0,-0.061931359821892906,0.27406233494871035,0,0,0.059357960963647705,-0.038109336706777797,0.2819362920413489,0.3959140261797951,-0.0089275355614663356,-0.18161831070024753,-0.0098738485336049252,-0.069529957104919743,0.4527299953879016,-0.25878563804216104,0,0,0,0,0,0,0,0,0,0,0,0,0,0,0,0,0,0,0,0,0,0,0,0,0,0,0,0,0,0,0,2250,2250,400,400,400,500,300,300,500,3000,3000,40,60,60,750,750,40,60,60,500,500,45,45,45,45,45,45,30,30,30,30,12,12,4,7,7,4,7,7,4,12,12,2,4.5,4.5,7.5,7.5,2,4.5,4.5,5,5,3,3,3,3,3,3,3,3,3,3
38,0.76000000000000001,FULLBODY_RECOVERY,1243,0,-0.23378781793027159,-0.23378781793027159,0,0.0055999999999999999,-0.0055999999999999999,0,-0.034799999999999998,0.034799999999999998,0,0.4253875094439506,0.4253875094439506,0,-1.3705042833959586,-0.69101668765116198,-0.17844094056928395,-0.17844094056928395,0,0.280161384088635,-0.82875567754661961,-0.0077999999999999996,0.0077999999999999996,-0.1535062884451053,0.098554982987791528,0.070881393723286543,-0.22387770259558654,0.023087599822400932,0.46968514983758997,0.025534870410913589,0.17981220172741819,-1.1708101176576284,0.6692484403748058,0,0,0,0,0,0,0,0,0,0,0,0,0.66933024676233965,0.39707617076126245,0,0,0,-0.064172752982062653,0.28398108119908616,0,0,0.061506218778237254,-0.039488573443688044,0.29214000916304961,0.41024277647441831,-0.009250637091970295,-0.18819136255209812,-0.010231198616525959,-0.072046355432519443,0.46911500482388901,-0.26815149664312921,0,0,0,0,0,0,0,0,0,0,0,0,0,0,0,0,0,0,0,0,0,0,0,0,0,0,0,0,0,0,0,2250,2250,400,400,400,500,300,300,500,3000,3000,40,60,60,750,750,40,60,60,500,500,45,45,45,45,45,45,30,30,30,30,12,12,4,7,7,4,7,7,4,12,12,2,4.5,4.5,7.5,7.5,2,4.5,4.5,5,5,3,3,3,3,3,3,3,3,3,3
39,0.78000000000000003,FULLBODY_RECOVERY,1245,0,-0.23295062105599998,-0.23295062105599998,0,0.0055999999999999999,-0.0055999999999999999,0,-0.034799999999999998,0.034799999999999998,0,0.42393151487999997,0.42393151487999997,0,-1.3568849369855978,-0.68293709174606709,-0.17796774233600002,-0.17796774233600002,0,0.27885561469124581,-0.82297730918877599,-0.0077999999999999996,0.0077999999999999996,-0.15225477694688122,0.097751480436424648,0.076825777686753582,-0.21553019624550057,0.02289937042191963,0.46585588413439988,0.025326688816213978,0.17834622244889939,-1.1612646955167654,0.66379216801761742,0,0,0,0,0,0,0,0,0,0,0,0,0.69248410899879764,0.41081206122737524,0,0,0,-0.066392654277525054,0.29380472037219829,0,0,0.063633877767450137,-0.040854585205224447,0.30224588673041786,0.42443413384386924,-0.0095706405250482567,-0.19470138791506247,-0.010585122205705733,-0.074538624975682699,0.48534290464954943,-0.27742754959577121,0,0,0,0,0,0,0,0,0,0,0,0,0,0,0,0,0,0,0,0,0,0,0,0,0,0,0,0,0,0,0,2250,2250,400,400,400,500,300,300,500,3000,3000,40,60,60,750,750,40,60,60,500,500,45,45,45,45,45,45,30,30,30,30,12,12,4,7,7,4,7,7,4,12,12,2,4.5,4.5,7.5,7.5,2,4.5,4.5,5,5,3,3,3,3,3,3,3,3,3,3
40,0.80000000000000004,FULLBODY_RECOVERY,1247,0,-0.23208510617283951,-0.23208510617283951,0,0.0055999999999999999,-0.0055999999999999999,0,-0.034799999999999998,0.034799999999999998,0,0.42242627160493823,0.42242627160493823,0,-1.3428049190360067,-0.67458420520206697,-0.17747853827160495,-0.17747853827160495,0,0.277505677917534,-0.81700348873173168,-0.0077999999999999996,0.0077999999999999996,-0.1509609333344073,0.096920799579582551,0.082971229192503257,-0.20690033724183177,0.022704774201399002,0.46189709432098747,0.02511146552268536,0.17683065672839088,-1.1513964014716465,0.65815133839097495,0,0,0,0,0,0,0,0,0,0,0,0,0.71538143655671127,0.42439576402781565,0,0,0,-0.06858796003642309,0.30351951791484644,0,0,0.065737963224558188,-0.042205462153201492,0.31223979558921594,0.43846825717333487,-0.0098870984598851269,-0.20113928504098821,-0.010935124476133332,-0.077003281261085743,0.50139100643450396,-0.28660082793405262,0,0,0,0,0,0,0,0,0,0,0,0,0,0,0,0,0,0,0,0,0,0,0,0,0,0,0,0,0,0,0,2250,2250,400,400,400,500,300,300,500,3000,3000,40,60,60,750,750,40,60,60,500,500,45,45,45,45,45,45,30,30,30,30,12,12,4,7,7,4,7,7,4,12,12,2,4.5,4.5,7.5,7.5,2,4.5,4.5,5,5,3,3,3,3,3,3,3,3,3,3
41,0.81999999999999995,FULLBODY_RECOVERY,1249,0,-0.2311916082970864,-0.2311916082970864,0,0.0055999999999999999,-0.0055999999999999999,0,-0.034799999999999998,0.034799999999999998,0,0.42087236225580243,0.42087236225580243,0,-1.3282696795233293,-0.66596126118495447,-0.1769735177331358,-0.1769735177331358,0,0.27611209628978889,-0.81083652847218213,-0.0077999999999999996,0.0077999999999999996,-0.14962525841789889,0.096063261950296588,0.089315369510322221,-0.19799146595856718,0.022503886483524225,0.45781031273276035,0.024889283837168645,0.17526609119845596,-1.1412090552593852,0.65232813490025532,0,0,0,0,0,0,0,0,0,0,0,0,0.73799074462680414,0.43780860098753538,0,0,0,-0.07075565161901165,0.3131121155629718,0,0,0.067815581941641639,-0.043539346773769153,0.32210799368532389,0.45232584894019101,-0.010199575753222327,-0.20749620154469073,-0.011280724159647235,-0.079436935280428195,0.51723724334920007,-0.29565871800608934,0,0,0,0,0,0,0,0,0,0,0,0,0,0,0,0,0,0,0,0,0,0,0,0,0,0,0,0,0,0,0,2250,2250,400,400,400,500,300,300,500,3000,3000,40,60,60,750,750,40,60,60,500,500,45,45,45,45,45,45,30,30,30,30,12,12,4,7,7,4,7,7,4,12,12,2,4.5,4.5,7.5,7.5,2,4.5,4.5,5,5,3,3,3,3,3,3,3,3,3,3
42,0.83999999999999997,FULLBODY_RECOVERY,1251,0,-0.23027050060799997,-0.23027050060799997,0,0.0055999999999999999,-0.0055999999999999999,0,-0.034799999999999998,0.034799999999999998,0,0.41927043583999996,0.41927043583999996,0,-1.3132852892509346,-0.65707186116256555,-0.17645289164800002,-0.17645289164800002,0,0.27467545185277353,-0.8044790041092128,-0.0077999999999999996,0.0077999999999999996,-0.14824831005674163,0.095179225708631784,0.095855548939916213,-0.18880730328422413,0.022296791171270109,0.45359724625919984,0.02466023655629947,0.17365317931717375,-1.1307069117376785,0.64632498967073138,0,0,0,0,0,0,0,0,0,0,0,0,0.76028143529583425,0.45103242007727973,0,0,0,-0.072892795417642264,0.32256953134162658,0,0,0.069863922209600221,-0.044854433877409769,0.33183712606474036,0.46598815521399978,-0.010507649519357707,-0.21376353440395041,-0.01162145354493575,-0.081836293490437223,0.53286017016493381,-0.30458896147412817,0,0,0,0,0,0,0,0,0,0,0,0,0,0,0,0,0,0,0,0,0,0,0,0,0,0,0,0,0,0,0,2250,2250,400,400,400,500,300,300,500,3000,3000,40,60,60,750,750,40,60,60,500,500,45,45,45,45,45,45,30,30,30,30,12,12,4,7,7,4,7,7,4,12,12,2,4.5,4.5,7.5,7.5,2,4.5,4.5,5,5,3,3,3,3,3,3,3,3,3,3
43,0.85999999999999999,FULLBODY_RECOVERY,1253,0,-0.22932219335743209,-0.22932219335743209,0,0.0055999999999999999,-0.0055999999999999999,0,-0.034799999999999998,0.034799999999999998,0,0.4176212058390123,0.4176212058390123,0,-1.2978584221114959,-0.64791996438186328,-0.17591689189767901,-0.17591689189767901,0,0.2731963844730832,-0.79793374721851706,-0.0077999999999999996,0.0077999999999999996,-0.14683070152951488,0.094269084595200198,0.10258885455291183,-0.17935193975000718,0.022083580502749917,0.44925977135660233,0.024424425695371215,0.17199263945883847,-1.1198946484527879,0.64014457644129019,0,0,0,0,0,0,0,0,0,0,0,0,0.78222379754655513,0.46404959541355151,0,0,0,-0.074996542856770043,0.33187915956500447,0,0,0.071880253818148304,-0.046148970598941172,0.3414142248735732,0.4794369656565059,-0.010810909130146065,-0.2199329299595057,-0.011956858477536487,-0.084198157812857138,0.54823896325382759,-0.31337965531453849,0,0,0,0,0,0,0,0,0,0,0,0,0,0,0,0,0,0,0,0,0,0,0,0,0,0,0,0,0,0,0,2250,2250,400,400,400,500,300,300,500,3000,3000,40,60,60,750,750,40,60,60,500,500,45,45,45,45,45,45,30,30,30,30,12,12,4,7,7,4,7,7,4,12,12,2,4.5,4.5,7.5,7.5,2,4.5,4.5,5,5,3,3,3,3,3,3,3,3,3,3
44,0.88,FULLBODY_RECOVERY,1255,0,-0.22834713277945679,-0.22834713277945679,0,0.0055999999999999999,-0.0055999999999999999,0,-0.034799999999999998,0.034799999999999998,0,0.41592544831209877,0.41592544831209877,0,-1.2819963373490724,-0.63850987734602349,-0.17536577070143211,-0.17536577070143211,0,0.27167559013850273,-0.79120383772661262,-0.0077999999999999996,0.0077999999999999996,-0.1453730999040157,0.093333266884674138,0.10951211793485914,-0.16962982465796389,0.021864354806064266,0.44479992906081961,0.024181962217198011,0.17028525300465946,-1.1087773532075254,0.63378980345814984,0,0,0,0,0,0,0,0,0,0,0,0,0.80378900725778246,0.47684302725862215,0,0,0,-0.077064130392967556,0.34102877083643235,0,0,0.073861928055811432,-0.047421256397513906,0.35082670935805449,0.4926546135216453,-0.011108956214998193,-0.22599628391506144,-0.012286498359836626,-0.086519425634457026,0.56335342058882465,-0.32201925181785385,0,0,0,0,0,0,0,0,0,0,0,0,0,0,0,0,0,0,0,0,0,0,0,0,0,0,0,0,0,0,0,2250,2250,400,400,400,500,300,300,500,3000,3000,40,60,60,750,750,40,60,60,500,500,45,45,45,45,45,45,30,30,30,30,12,12,4,7,7,4,7,7,4,12,12,2,4.5,4.5,7.5,7.5,2,4.5,4.5,5,5,3,3,3,3,3,3,3,3,3,3
45,0.90000000000000002,FULLBODY_RECOVERY,1257,0,-0.22734579999999999,-0.22734579999999999,0,0.0055999999999999999,-0.0055999999999999999,0,-0.034799999999999998,0.034799999999999998,0,0.414184,0.414184,0,-1.2657068618211846,-0.62884624329151839,-0.17479980000000001,-0.17479980000000001,0,0.2701138192573645,-0.78429259638505977,-0.0077999999999999996,0.0077999999999999996,-0.14387622440728243,0.092372234339299641,0.11662192292723401,-0.15964575520914137,0.021639222254149989,0.44021991999999988,0.02393296576097775,0.16853186243346019,-1.0973605116292349,0.62726380636857604,0,0,0,0,0,0,0,0,0,0,0,0,0.82494912720438851,0.48939614202056503,0,0,0,-0.079092879514904013,0.35000651204834532,0,0,0.075806377709933259,-0.048669643056611575,0.3600623858645256,0.50562397565553574,-0.011401404660881919,-0.2319457413372833,-0.012609946151073258,-0.088797089807027274,0.57818396174372233,-0.33049655858873039,0,0,0,0,0,0,0,0,0,0,0,0,0,0,0,0,0,0,0,0,0,0,0,0,0,0,0,0,0,0,0,2250,2250,400,400,400,500,300,300,500,3000,3000,40,60,60,750,750,40,60,60,500,500,45,45,45,45,45,45,30,30,30,30,12,12,4,7,7,4,7,7,4,12,12,2,4.5,4.5,7.5,7.5,2,4.5,4.5,5,5,3,3,3,3,3,3,3,3,3,3
46,0.92000000000000004,FULLBODY_RECOVERY,1259,0,-0.22631870994646913,-0.22631870994646913,0,0.0055999999999999999,-0.0055999999999999999,0,-0.034799999999999998,0.034799999999999998,0,0.41239775642864196,0.41239775642864196,0,-1.2489983722608968,-0.61893403166520089,-0.17421927083930866,-0.17421927083930866,0,0.26851187495790657,-0.77720357724467881,-0.0077999999999999996,0.0077999999999999996,-0.14234084479561837,0.091386481162409675,0.12391461336944017,-0.14940486563174246,0.02140829861962899,0.43552209940732828,0.023677564371155081,0.16673336941237837,-1.0856499947377765,0.62056994111460062,0,0,0,0,0,0,0,0,0,0,0,0,0.84567710705725774,0.50169289225321656,0,0,0,-0.08108019674335637,0.35880090638232554,0,0,0.077711117066668611,-0.049892534684053969,0.36910944783944583,0.51832847249648761,-0.011687880612321587,-0.23777369665580195,-0.012926788367333304,-0.091028238647380272,0.59271162789313325,-0.33880073854596349,0,0,0,0,0,0,0,0,0,0,0,0,0,0,0,0,0,0,0,0,0,0,0,0,0,0,0,0,0,0,0,2250,2250,400,400,400,500,300,300,500,3000,3000,40,60,60,750,750,40,60,60,500,500,45,45,45,45,45,45,30,30,30,30,12,12,4,7,7,4,7,7,4,12,12,2,4.5,4.5,7.5,7.5,2,4.5,4.5,5,5,3,3,3,3,3,3,3,3,3,3
47,0.93999999999999995,FULLBODY_RECOVERY,1261,0,-0.2252664102573827,-0.2252664102573827,0,0.0055999999999999999,-0.0055999999999999999,0,-0.034799999999999998,0.034799999999999998,0,0.41056767001283945,0.41056767001283945,0,-1.2318797775388943,-0.60877852760138973,-0.17362449275417285,-0.17362449275417285,0,0.26687061138763024,-0.76994056012976675,-0.0077999999999999996,0.0077999999999999996,-0.14076777972461568,0.090376532951937483,0.13138630084081185,-0.13891261630928187,0.021171707029657125,0.4307089721337678,0.023415894226284418,0.16489073288756498,-1.0736520465135095,0.6137117768267375,0,0,0,0,0,0,0,0,0,0,0,0,0.86594678338331454,0.51371775665617903,0,0,0,-0.083023573631207936,0.36740085330908556,0,0,0.079573741910988344,-0.051088387711991506,0.37795647582939512,0.53075206807499797,-0.011968022471398054,-0.2434727936632089,-0.013236625081552902,-0.093210055937355263,0.6069180818125075,-0.34692130992249326,0,0,0,0,0,0,0,0,0,0,0,0,0,0,0,0,0,0,0,0,0,0,0,0,0,0,0,0,0,0,0,2250,2250,400,400,400,500,300,300,500,3000,3000,40,60,60,750,750,40,60,60,500,500,45,45,45,45,45,45,30,30,30,30,12,12,4,7,7,4,7,7,4,12,12,2,4.5,4.5,7.5,7.5,2,4.5,4.5,5,5,3,3,3,3,3,3,3,3,3,3
48,0.95999999999999996,FULLBODY_RECOVERY,1263,0,-0.22418948019199997,-0.22418948019199997,0,0.0055999999999999999,-0.0055999999999999999,0,-0.034799999999999998,0.034799999999999998,0,0.40869474815999995,0.40869474815999995,0,-1.2143605009255642,-0.59838532139895373,-0.173015793152,-0.173015793152,0,0.26519093201265825,-0.76250754311231539,-0.0077999999999999996,0.0077999999999999996,-0.13915789511917884,0.089342945653930014,0.13903287240261597,-0.12817478290874254,0.020929577720773068,0.42578318766079992,0.023148099367892964,0.16300496717488416,-1.0613732714652762,0.60669308871770089,0,0,0,0,0,0,0,0,0,0,0,0,0.88573287964552327,0.5254557400748483,0,0,0,-0.08492058676344838,0.37579562858844895,0,0,0.081391929526679341,-0.052255710896911486,0.38659243748106542,0.54287927001374459,-0.012241480897748434,-0.24903592551506065,-0.013539069923517669,-0.09533982092381002,0.62078560787814374,-0.35484814626539074,0,0,0,0,0,0,0,0,0,0,0,0,0,0,0,0,0,0,0,0,0,0,0,0,0,0,0,0,0,0,0,2250,2250,400,400,400,500,300,300,500,3000,3000,40,60,60,750,750,40,60,60,500,500,45,45,45,45,45,45,30,30,30,30,12,12,4,7,7,4,7,7,4,12,12,2,4.5,4.5,7.5,7.5,2,4.5,4.5,5,5,3,3,3,3,3,3,3,3,3,3
49,0.97999999999999998,FULLBODY_RECOVERY,1265,0,-0.22308852953995062,-0.22308852953995062,0,0.0055999999999999999,-0.0055999999999999999,0,-0.034799999999999998,0.034799999999999998,0,0.40678005137382717,0.40678005137382717,0,-1.1964504623530734,-0.5877602979983958,-0.17239351669649383,-0.17239351669649383,0,0.26347378791709231,-0.75490873498622879,-0.0077999999999999996,0.0077999999999999996,-0.13751210254354851,0.088286304516061023,0.14684999834005447,-0.11719744550873208,0.020682047793747188,0.42074753511316537,0.022874331429343711,0.16107714005061258,-1.0488206221983838,0.59951785097612187,0,0,0,0,0,0,0,0,0,0,0,0,0.90501100620287711,0.53689237350038888,0,0,0,-0.086768897757170949,0.38397488426938353,0,0,0.083163438696339659,-0.05339306531963392,0.39500668754126333,0.55469512952759437,-0.012507918808567046,-0.25445623472987594,-0.013833750079863313,-0.097414908318624316,0.63429711206713923,-0.3625714764358634,0,0,0,0,0,0,0,0,0,0,0,0,0,0,0,0,0,0,0,0,0,0,0,0,0,0,0,0,0,0,0,2250,2250,400,400,400,500,300,300,500,3000,3000,40,60,60,750,750,40,60,60,500,500,45,45,45,45,45,45,30,30,30,30,12,12,4,7,7,4,7,7,4,12,12,2,4.5,4.5,7.5,7.5,2,4.5,4.5,5,5,3,3,3,3,3,3,3,3,3,3
50,1,FULLBODY_RECOVERY,1267,0,-0.22196419753086419,-0.22196419753086419,0,0.0055999999999999999,-0.0055999999999999999,0,-0.034799999999999998,0.034799999999999998,0,0.40482469135802468,0.40482469135802468,0,-1.1781600606774492,-0.57690962645893817,-0.17175802469135804,-0.17175802469135804,0,0.26172017610237142,-0.74714854774154005,-0.0077999999999999996,0.0077999999999999996,-0.13583135757132525,0.087207223041144658,0.1548331399042665,-0.10598697772763876,0.020429260968430386,0.41560493827160488,0.022594749364698432,0.15910837084213919,-1.0360013869825906,0.59219022966026635,0,0,0,0,0,0,0,0,0,0,0,0,0.92375766031041473,0.54801371406973109,0,0,0,-0.088566253261576633,0.39192864868997646,0,0,0.084886109701386853,-0.054499064385311533,0.40318896785691349,0.5661852414236036,-0.012767011378604816,-0.25972711318913849,-0.014120306294075104,-0.099432788298701308,0.64743612195743983,-0.3700818846092635,0,0,0,0,0,0,0,0,0,0,0,0,0,0,0,0,0,0,0,0,0,0,0,0,0,0,0,0,0,0,0,2250,2250,400,400,400,500,300,300,500,3000,3000,40,60,60,750,750,40,60,60,500,500,45,45,45,45,45,45,30,30,30,30,12,12,4,7,7,4,7,7,4,12,12,2,4.5,4.5,7.5,7.5,2,4.5,4.5,5,5,3,3,3,3,3,3,3,3,3,3
51,1.02,FULLBODY_RECOVERY,1269,0,-0.22081715174399999,-0.22081715174399999,0,0.0055999999999999999,-0.0055999999999999999,0,-0.034799999999999998,0.034799999999999998,0,0.40282982911999998,0.40282982911999998,0,-1.1595001559406568,-0.56583974943560655,-0.17110969446400001,-0.17110969446400001,0,0.25993113778662924,-0.73923158903862973,-0.0077999999999999996,0.0077999999999999996,-0.13411665815549303,0.086106341940648562,0.16297755705433101,-0.094550035851787936,0.020171367338602995,0.41035845058559983,0.022309519177580707,0.15709982851866452,-1.0229231773200862,0.58471457559175133,0,0,0,0,0,0,0,0,0,0,0,0,0.9419502261192092,0.55880634506559612,0,0,0,-0.090310484957971393,0.39964732647743695,0,0,0.086557864322048261,-0.055572373823432192,0.41112940737505349,0.57733574410100752,-0.013018446040168399,-0.26484220213728454,-0.014398392866487274,-0.10139102650596823,0.66018678672782882,-0.37737031027507695,0,0,0,0,0,0,0,0,0,0,0,0,0,0,0,0,0,0,0,0,0,0,0,0,0,0,0,0,0,0,0,2250,2250,400,400,400,500,300,300,500,3000,3000,40,60,60,750,750,40,60,60,500,500,45,45,45,45,45,45,30,30,30,30,12,12,4,7,7,4,7,7,4,12,12,2,4.5,4.5,7.5,7.5,2,4.5,4.5,5,5,3,3,3,3,3,3,3,3,3,3
52,1.04,FULLBODY_RECOVERY,1271,0,-0.21964808701787653,-0.21964808701787653,0,0.0055999999999999999,-0.0055999999999999999,0,-0.034799999999999998,0.034799999999999998,0,0.4007966730745679,0.4007966730745679,0,-1.1404820516326808,-0.55455737265631433,-0.17044891874923457,-0.17044891874923457,0,0.25810775670405256,-0.73116265468244257,-0.0077999999999999996,0.0077999999999999996,-0.13236904299844332,0.08498432808820737,0.17127831619926864,-0.082893547963598463,0.01990852312682365,0.4050112501861135,0.022018813650038941,0.15505272978190046,-1.0095939155134774,0.57709541724926328,0,0,0,0,0,0,0,0,0,0,0,0,0.95956697467635688,0.56925737591647374,0,0,0,-0.091999509559761994,0.40712169854813518,0,0,0.088176705837365865,-0.056611711687816479,0.4188185221428456,0.58813331955123693,-0.013261922483121576,-0.26979539218172505,-0.014667677654284228,-0.10328728404737364,0.67253387715792146,-0.38442804823692056,0,0,0,0,0,0,0,0,0,0,0,0,0,0,0,0,0,0,0,0,0,0,0,0,0,0,0,0,0,0,0,2250,2250,400,400,400,500,300,300,500,3000,3000,40,60,60,750,750,40,60,60,500,500,45,45,45,45,45,45,30,30,30,30,12,12,4,7,7,4,7,7,4,12,12,2,4.5,4.5,7.5,7.5,2,4.5,4.5,5,5,3,3,3,3,3,3,3,3,3,3
53,1.0600000000000001,FULLBODY_RECOVERY,1273,0,-0.21845772435990124,-0.21845772435990124,0,0.0055999999999999999,-0.0055999999999999999,0,-0.034799999999999998,0.034799999999999998,0,0.3987264771476543,0.3987264771476543,0,-1.1211174769536025,-0.5430694543989476,-0.16977610507298765,-0.16977610507298765,0,0.25625115740423876,-0.72294672109670433,-0.0077999999999999996,0.0077999999999999996,-0.1305895899219984,0.083841873473135903,0.17973029794004483,-0.07102470306973846,0.019640890439278132,0.39956663489833083,0.021722812071409338,0.15296833715676958,-0.99602182223376934,0.56933745366227451,0,0,0,0,0,0,0,0,0,0,0,0,0.97658706392502181,0.57935444219663068,0,0,0,-0.093631328812469883,0.41434292210754398,0,0,0.089740719025201837,-0.05761584835662116,0.42624721530756249,0.5985651933579117,-0.013497152654884902,-0.27458082329284011,-0.014927842071500545,-0.10511931749489084,0.6844627856281621,-0.39124674861256703,0,0,0,0,0,0,0,0,0,0,0,0,0,0,0,0,0,0,0,0,0,0,0,0,0,0,0,0,0,0,0,2250,2250,400,400,400,500,300,300,500,3000,3000,40,60,60,750,750,40,60,60,500,500,45,45,45,45,45,45,30,30,30,30,12,12,4,7,7,4,7,7,4,12,12,2,4.5,4.5,7.5,7.5,2,4.5,4.5,5,5,3,3,3,3,3,3,3,3,3,3
54,1.0800000000000001,FULLBODY_RECOVERY,1275,0,-0.21724680985599998,-0.21724680985599998,0,0.0055999999999999999,-0.0055999999999999999,0,-0.034799999999999998,0.034799999999999998,0,0.39662053887999998,0.39662053887999998,0,-1.1014185690756799,-0.5313831949684491,-0.16909167513600001,-0.16909167513600001,0,0.25436250355155376,-0.71458893779814081,-0.0077999999999999996,0.0077999999999999996,-0.12877941423743525,0.082679694153942523,0.18832820481157114,-0.058950940229281996,0.019368637020628254,0.3940280172543999,0.021421699967178919,0.15084795708210483,-0.98221540408835095,0.56144554730476059,0,0,0,0,0,0,0,0,0,0,0,0,0.99299053870438025,0.58908570562611617,0,0,0,-0.0952040294937187,0.42130253065025269,0,0,0.091248070162228134,-0.058583606532334326,0.4334067771165892,0.60861913469682993,-0.013723860760435358,-0.27919288480395266,-0.01517858108901933,-0.1068849788855096,0.69595952611982148,-0.39781841683390884,0,0,0,0,0,0,0,0,0,0,0,0,0,0,0,0,0,0,0,0,0,0,0,0,0,0,0,0,0,0,0,2250,2250,400,400,400,500,300,300,500,3000,3000,40,60,60,750,750,40,60,60,500,500,45,45,45,45,45,45,30,30,30,30,12,12,4,7,7,4,7,7,4,12,12,2,4.5,4.5,7.5,7.5,2,4.5,4.5,5,5,3,3,3,3,3,3,3,3,3,3
55,1.1000000000000001,FULLBODY_RECOVERY,1277,0,-0.21601611358024692,-0.21601611358024692,0,0.0055999999999999999,-0.0055999999999999999,0,-0.034799999999999998,0.034799999999999998,0,0.39448019753086416,0.39448019753086416,0,-1.0813978554054273,-0.51950602617390296,-0.16839606419753086,-0.16839606419753086,0,0.25244299622449001,-0.70609461987069422,-0.0077999999999999996,0.0077999999999999996,-0.12693966711550927,0.08149852921184253,0.1970665690247084,-0.046679937681865263,0.019091936008860718,0.38839891950617272,0.021115668827848565,0.1486929380013492,-0.96818344118897648,0.55342471698891815,0,0,0,0,0,0,0,0,0,0,0,0,1.0087583307496373,0.59843985407073974,0,0,0,-0.09671578341323428,0.42799243396000608,0,0,0.092697007023927885,-0.059513861241778515,0.44028888491743079,0.61828345633596971,-0.013941783262306356,-0.28362621541135891,-0.015419603234573601,-0.10858221572124654,0.70701073421501059,-0.40413541364698324,0,0,0,0,0,0,0,0,0,0,0,0,0,0,0,0,0,0,0,0,0,0,0,0,0,0,0,0,0,0,0,2250,2250,400,400,400,500,300,300,500,3000,3000,40,60,60,750,750,40,60,60,500,500,45,45,45,45,45,45,30,30,30,30,12,12,4,7,7,4,7,7,4,12,12,2,4.5,4.5,7.5,7.5,2,4.5,4.5,5,5,3,3,3,3,3,3,3,3,3,3
56,1.1200000000000001,FULLBODY_RECOVERY,1279,0,-0.21476642850449382,-0.21476642850449382,0,0.0055999999999999999,-0.0055999999999999999,0,-0.034799999999999998,0.034799999999999998,0,0.39230683218172835,0.39230683218172835,0,-1.0610682358456944,-0.50744560080561951,-0.16768972045906172,-0.16768972045906172,0,0.25049387221502439,-0.69746924043974057,-0.0077999999999999996,0.0077999999999999996,-0.12507153395647813,0.080299139704271383,0.20593976020826837,-0.034219601975843207,0.018810965690135999,0.38268296863794554,0.020804915837795975,0.14650466845325497,-0.95393497471975053,0.54528013075888127,0,0,0,0,0,0,0,0,0,0,0,0,1.0238722586920435,0.60740610154208785,0,0,0,-0.09816484741284881,0.43440491810966542,0,0,0.094085858884605106,-0.060405539836109676,0.44688560315770326,0.62754701463550755,-0.01415066888058765,-0.28787570317431732,-0.015650630592746375,-0.11020907096914168,0.71760366709665846,-0.41019045511196672,0,0,0,0,0,0,0,0,0,0,0,0,0,0,0,0,0,0,0,0,0,0,0,0,0,0,0,0,0,0,0,2250,2250,400,400,400,500,300,300,500,3000,3000,40,60,60,750,750,40,60,60,500,500,45,45,45,45,45,45,30,30,30,30,12,12,4,7,7,4,7,7,4,12,12,2,4.5,4.5,7.5,7.5,2,4.5,4.5,5,5,3,3,3,3,3,3,3,3,3,3
57,1.1399999999999999,FULLBODY_RECOVERY,1281,0,-0.21349856940799997,-0.21349856940799997,0,0.0055999999999999999,-0.0055999999999999999,0,-0.034799999999999998,0.034799999999999998,0,0.39010185983999995,0.39010185983999995,0,-1.0404429650577456,-0.49520978211221944,-0.16697310444800001,-0.16697310444800001,0,0.24851640232797606,-0.6887184231463076,-0.0077999999999999996,0.0077999999999999996,-0.12317623276012507,0.079082307618398143,0.21494199315101653,-0.021578057096444961,0.018525909253637212,0.37688389137920003,0.02048964360413871,0.14428457516258353,-0.93947929450511014,0.53701709878443948,0,0,0,0,0,0,0,0,0,0,0,0,1.0383150280589115,0.61597418819755168,0,0,0,-0.099549563366505694,0.44053264546122517,0,0,0.09541303651737984,-0.061257621990819244,0.45318938338515663,0.63639920954781659,-0.014350278592926459,-0.29193648551505691,-0.015871398804970325,-0.111763683061257,0.72772620354854822,-0.41597661260317775,0,0,0,0,0,0,0,0,0,0,0,0,0,0,0,0,0,0,0,0,0,0,0,0,0,0,0,0,0,0,0,2250,2250,400,400,400,500,300,300,500,3000,3000,40,60,60,750,750,40,60,60,500,500,45,45,45,45,45,45,30,30,30,30,12,12,4,7,7,4,7,7,4,12,12,2,4.5,4.5,7.5,7.5,2,4.5,4.5,5,5,3,3,3,3,3,3,3,3,3,3
58,1.1599999999999999,FULLBODY_RECOVERY,1283,0,-0.21221337178706171,-0.21221337178706171,0,0.0055999999999999999,-0.0055999999999999999,0,-0.034799999999999998,0.034799999999999998,0,0.387866733542716,0.387866733542716,0,-1.019535634723338,-0.48280663327771745,-0.16624668840138271,-0.16624668840138271,0,0.24651188968036417,-0.67984793462129156,-0.0077999999999999996,0.0077999999999999996,-0.12125501249578294,0.077848834824638613,0.22406733554367464,-0.0087636335939305435,0.018236954546418941,0.37100550921734327,0.020170059885597162,0.14203412113080469,-0.9248259265778086,0.52864106625475416,0,0,0,0,0,0,0,0,0,0,0,0,1.0520702312735579,0.6241343803402799,0,0,0,-0.10086835818024914,0.44636865466580466,0,0,0.096677032194180876,-0.062069139705732065,0.45919306424764134,0.64482998461743779,-0.014540385634526087,-0.29580394921876613,-0.016081657069527255,-0.11324428589467583,0.73736684395529495,-0.42148731280906293,0,0,0,0,0,0,0,0,0,0,0,0,0,0,0,0,0,0,0,0,0,0,0,0,0,0,0,0,0,0,0,2250,2250,400,400,400,500,300,300,500,3000,3000,40,60,60,750,750,40,60,60,500,500,45,45,45,45,45,45,30,30,30,30,12,12,4,7,7,4,7,7,4,12,12,2,4.5,4.5,7.5,7.5,2,4.5,4.5,5,5,3,3,3,3,3,3,3,3,3,3
59,1.1799999999999999,FULLBODY_RECOVERY,1285,0,-0.21091169076464197,-0.21091169076464197,0,0.0055999999999999999,-0.0055999999999999999,0,-0.034799999999999998,0.034799999999999998,0,0.3856029404602469,0.3856029404602469,0,-0.99836015580680326,-0.47024440689860825,-0.16551095564958027,-0.16551095564958027,0,0.24448166800076609,-0.67086367695967541,-0.0077999999999999996,0.0077999999999999996,-0.11930915147235784,0.07659954203016886,0.23330971572092218,0.0042151422882525519,0.017944293828256169,0.36505173341044939,0.019846377321357619,0.13975480372679649,-0.90998462074689834,0.52015760627207697,0,0,0,0,0,0,0,0,0,0,0,0,1.0651223476553284,0.6318774704191662,0,0,0,-0.10211974379222832,0.45190636066365086,0,0,0.097876419685750601,-0.06283917730500431,0.46488987149311195,0.65282982698109482,-0.014720775498145659,-0.29947373043358178,-0.016281168141548622,-0.11464920883150279,0.74651471030231786,-0.42671633773220252,0,0,0,0,0,0,0,0,0,0,0,0,0,0,0,0,0,0,0,0,0,0,0,0,0,0,0,0,0,0,0,2250,2250,400,400,400,500,300,300,500,3000,3000,40,60,60,750,750,40,60,60,500,500,45,45,45,45,45,45,30,30,30,30,12,12,4,7,7,4,7,7,4,12,12,2,4.5,4.5,7.5,7.5,2,4.5,4.5,5,5,3,3,3,3,3,3,3,3,3,3
60,1.2,FULLBODY_RECOVERY,1287,0,-0.20959439999999999,-0.20959439999999999,0,0.0055999999999999999,-0.0055999999999999999,0,-0.034799999999999998,0.034799999999999998,0,0.38331199999999999,0.38331199999999999,0,-0.97693074081712483,-0.4575315344609508,-0.16476640000000001,-0.16476640000000001,0,0.24242709992867503,-0.66177168019474553,-0.0077999999999999996,0.0077999999999999996,-0.11733995570835291,0.075335267732438441,0.24266293040339912,0.017349559485313248,0.017648123526493115,0.35902655999999999,0.019518813159935217,0.13744815277754457,-0.89496533816571588,0.51157241274546605,0,0,0,0,0,0,0,0,0,0,0,0,1.0774567434196551,0.63919477702892857,0,0,0,-0.10330231717270155,0.45713955468413836,0,0,0.099009854261652985,-0.063566871437129718,0.47027341796966465,0.66038976736771848,-0.014891245934102113,-0.30294171467061953,-0.016469708333016319,-0.11597687669886794,0.75515954617589032,-0.43165782468933822,0,0,0,0,0,0,0,0,0,0,0,0,0,0,0,0,0,0,0,0,0,0,0,0,0,0,0,0,0,0,0,2250,2250,400,400,400,500,300,300,500,3000,3000,40,60,60,750,750,40,60,60,500,500,45,45,45,45,45,45,30,30,30,30,12,12,4,7,7,4,7,7,4,12,12,2,4.5,4.5,7.5,7.5,2,4.5,4.5,5,5,3,3,3,3,3,3,3,3,3,3
61,1.22,FULLBODY_RECOVERY,1289,0,-0.20826239059832097,-0.20826239059832097,0,0.0055999999999999999,-0.0055999999999999999,0,-0.034799999999999998,0.034799999999999998,0,0.38099546191012346,0.38099546191012346,0,-0.95526188607001705,-0.4446766158174511,-0.16401352512079012,-0.16401352512079012,0,0.24034957531385803,-0.65257809477230988,-0.0077999999999999996,0.0077999999999999996,-0.11534875730189172,0.074056867172683671,0.25212065243970877,0.03063073298296129,0.017348643990892084,0.3529340648236246,0.019187588988036967,0.13511572865884178,-0.87977823889986273,0.50289129328450344,0,0,0,0,0,0,0,0,0,0,0,0,1.0890596716779581,0.64607814491004911,0,0,0,-0.10441476032403002,0.46206240424577494,0,0,0.10007607269026178,-0.064251411074933013,0.47533770362550365,0.6675013800984182,-0.01505160695026847,-0.30620403680395036,-0.016647067512760762,-0.11722580978891992,0.76329171676311758,-0.43630626631132874,0,0,0,0,0,0,0,0,0,0,0,0,0,0,0,0,0,0,0,0,0,0,0,0,0,0,0,0,0,0,0,2250,2250,400,400,400,500,300,300,500,3000,3000,40,60,60,750,750,40,60,60,500,500,45,45,45,45,45,45,30,30,30,30,12,12,4,7,7,4,7,7,4,12,12,2,4.5,4.5,7.5,7.5,2,4.5,4.5,5,5,3,3,3,3,3,3,3,3,3,3
62,1.24,FULLBODY_RECOVERY,1291,0,-0.20691657002034566,-0.20691657002034566,0,0.0055999999999999999,-0.0055999999999999999,0,-0.034799999999999998,0.034799999999999998,0,0.37865490438320981,0.37865490438320981,0,-0.9333683539500065,-0.43168840866454883,-0.1632528439245432,-0.1632528439245432,0,0.23825050951571383,-0.64328918402491453,-0.0077999999999999996,0.0077999999999999996,-0.11333691280074244,0.07276521128944112,0.26167643854841927,0.044049614689249977,0.017046059248482376,0.34677839852784198,0.018852930459424787,0.13275912038598778,-0.86443366949519118,0.4941201620930129,0,0,0,0,0,0,0,0,0,0,0,0,1.0999182724376888,0.65251994494875121,0,0,0,-0.10545584028068197,0.46666945315619879,0,0,0.10107389323876469,-0.064892037515573361,0.48007711550893811,0.67415678308648253,-0.015201680812074094,-0.30925708107061578,-0.016813049106462544,-0.11839462385883487,0.77090220885192018,-0.44065651054316507,0,0,0,0,0,0,0,0,0,0,0,0,0,0,0,0,0,0,0,0,0,0,0,0,0,0,0,0,0,0,0,2250,2250,400,400,400,500,300,300,500,3000,3000,40,60,60,750,750,40,60,60,500,500,45,45,45,45,45,45,30,30,30,30,12,12,4,7,7,4,7,7,4,12,12,2,4.5,4.5,7.5,7.5,2,4.5,4.5,5,5,3,3,3,3,3,3,3,3,3,3
63,1.26,FULLBODY_RECOVERY,1293,0,-0.20555786099200002,-0.20555786099200002,0,0.0055999999999999999,-0.0055999999999999999,0,-0.034799999999999998,0.034799999999999998,0,0.37629193216000001,0.37629193216000001,0,-0.9112651551725095,-0.41857581801950106,-0.16248487795200001,-0.16248487795200001,0,0.23613134170263075,-0.63391131664606193,-0.0077999999999999996,0.0077999999999999996,-0.11130580157234113,0.071461185672060737,0.27132373706006629,0.057597004306420591,0.01674057675840912,0.34056378158079997,0.018515067023778465,0.13037994370448838,-0.84894215054578592,0.48526503286277684,0,0,0,0,0,0,0,0,0,0,0,0,1.1100205726023797,0.6585130741770806,0,0,0,-0.1064244091092327,0.47095562151217019,0,0,0.10200221567316647,-0.065488044380546118,0.48448642776840745,0.6803486378373913,-0.015341302042505209,-0.31209748107061952,-0.016967470096651907,-0.11948203013081096,0.77798263083108388,-0.44470376064399825,0,0,0,0,0,0,0,0,0,0,0,0,0,0,0,0,0,0,0,0,0,0,0,0,0,0,0,0,0,0,0,2250,2250,400,400,400,500,300,300,500,3000,3000,40,60,60,750,750,40,60,60,500,500,45,45,45,45,45,45,30,30,30,30,12,12,4,7,7,4,7,7,4,12,12,2,4.5,4.5,7.5,7.5,2,4.5,4.5,5,5,3,3,3,3,3,3,3,3,3,3
64,1.28,FULLBODY_RECOVERY,1295,0,-0.20418720041402466,-0.20418720041402466,0,0.0055999999999999999,-0.0055999999999999999,0,-0.034799999999999998,0.034799999999999998,0,0.3739081746330864,0.3739081746330864,0,-0.88896753104591131,-0.4053478856974656,-0.16171015675575309,-0.16171015675575309,0,0.23399353315134452,-0.62445095916442772,-0.0077999999999999996,0.0077999999999999996,-0.10925682417381578,0.070145689514219275,0.28105589565915556,0.071263560202745629,0.016432407166782168,0.3342944992850172,0.018174231655558711,0.12797983918075534,-0.83331436426194783,0.47633201166725297,0,0,0,0,0,0,0,0,0,0,0,0,1.1193554859715653,0.66405095577283657,0,0,0,-0.10731940390835762,0.47491620569957704,0,0,0.10286002125828309,-0.066038777615675878,0.48856080165245036,0.68607014944880029,-0.015470317422104467,-0.31472211976691228,-0.017110161022708577,-0.12048683529206142,0.78452521269018749,-0.44844357518710048,0,0,0,0,0,0,0,0,0,0,0,0,0,0,0,0,0,0,0,0,0,0,0,0,0,0,0,0,0,0,0,2250,2250,400,400,400,500,300,300,500,3000,3000,40,60,60,750,750,40,60,60,500,500,45,45,45,45,45,45,30,30,30,30,12,12,4,7,7,4,7,7,4,12,12,2,4.5,4.5,7.5,7.5,2,4.5,4.5,5,5,3,3,3,3,3,3,3,3,3,3
65,1.3,FULLBODY_RECOVERY,1297,0,-0.20280553827160491,-0.20280553827160491,0,0.0055999999999999999,-0.0055999999999999999,0,-0.034799999999999998,0.034799999999999998,0,0.37150528395061727,0.37150528395061727,0,-0.86649093573364688,-0.39201377978858759,-0.16092921728395063,-0.16092921728395063,0,0.23183856554629645,-0.61491466841807885,-0.0077999999999999996,0.0077999999999999996,-0.10719140072200981,0.068819634567433702,0.29086616912616431,0.085039810284372602,0.016121764061524942,0.32797489679012348,0.017830660582870122,0.12556047029280593,-0.81756114203817842,0.46732728985529282,0,0,0,0,0,0,0,0,0,0,0,0,1.127912813240836,0.66912753905958855,0,0,0,-0.10813984680884403,0.47854687839344878,0,0,0.10364637275775135,-0.066543635491124464,0.49229578550974151,0.69131506661058884,-0.015588585988971383,-0.31712812948543057,-0.01724096598086193,-0.12140794149483082,0.79052280601966951,-0.45187186805989432,0,0,0,0,0,0,0,0,0,0,0,0,0,0,0,0,0,0,0,0,0,0,0,0,0,0,0,0,0,0,0,2250,2250,400,400,400,500,300,300,500,3000,3000,40,60,60,750,750,40,60,60,500,500,45,45,45,45,45,45,30,30,30,30,12,12,4,7,7,4,7,7,4,12,12,2,4.5,4.5,7.5,7.5,2,4.5,4.5,5,5,3,3,3,3,3,3,3,3,3,3
66,1.3200000000000001,FULLBODY_RECOVERY,1299,0,-0.201413836544,-0.201413836544,0,0.0055999999999999999,-0.0055999999999999999,0,-0.034799999999999998,0.034799999999999998,0,0.36908493312000001,0.36908493312000001,0,-0.84385101851627786,-0.37858278413508206,-0.16014260326400001,-0.16014260326400001,0,0.22966793927899076,-0.60530908402868977,-0.0077999999999999996,0.0077999999999999996,-0.10511096926350573,0.067483944094574297,0.30074772707954522,0.098916162867169186,0.015808863727223312,0.32160937410559998,0.017484593016324233,0.12312352152096211,-0.80169345202116105,0.4582571369448572,0,0,0,0,0,0,0,0,0,0,0,0,1.135683242001817,0.67373729950669925,0,0,0,-0.10888484497358561,0.48184368855793691,0,0,0.10436041443401753,-0.067002068601387799,0.49568731478907141,0.69607768160479144,-0.015695979038761767,-0.31931289191506201,-0.017359742624190998,-0.12224434635638402,0.79596888401079757,-0.45498490846393458,0,0,0,0,0,0,0,0,0,0,0,0,0,0,0,0,0,0,0,0,0,0,0,0,0,0,0,0,0,0,0,2250,2250,400,400,400,500,300,300,500,3000,3000,40,60,60,750,750,40,60,60,500,500,45,45,45,45,45,45,30,30,30,30,12,12,4,7,7,4,7,7,4,12,12,2,4.5,4.5,7.5,7.5,2,4.5,4.5,5,5,3,3,3,3,3,3,3,3,3,3
67,1.3400000000000001,FULLBODY_RECOVERY,1301,0,-0.20001306811417283,-0.20001306811417283,0,0.0055999999999999999,-0.0055999999999999999,0,-0.034799999999999998,0.034799999999999998,0,0.36664881411160494,0.36664881411160494,0,-0.8210636060535742,-0.36506428780831962,-0.15935086458627162,-0.15935086458627162,0,0.22748317174735302,-0.59564092087576137,-0.0077999999999999996,0.0077999999999999996,-0.1030169841446491,0.06613955182337819,0.31069366171772717,0.11288291754856426,0.015493924899974471,0.315202381113521,0.017136270877902482,0.12067069643855056,-0.78572238667774652,0.44912789351673543,0,0,0,0,0,0,0,0,0,0,0,0,1.1426583467421285,0.6778752387292919,0,0,0,-0.10955359059757266,0.48480306144630114,0,0,0.1050013720483408,-0.067413579865293477,0.49873171203931865,0.70035283030561268,-0.015792380124688126,-0.32127403810765093,-0.017466362162624378,-0.12299514295900371,0.8008575414556518,-0.45777932091489448,0,0,0,0,0,0,0,0,0,0,0,0,0,0,0,0,0,0,0,0,0,0,0,0,0,0,0,0,0,0,0,2250,2250,400,400,400,500,300,300,500,3000,3000,40,60,60,750,750,40,60,60,500,500,45,45,45,45,45,45,30,30,30,30,12,12,4,7,7,4,7,7,4,12,12,2,4.5,4.5,7.5,7.5,2,4.5,4.5,5,5,3,3,3,3,3,3,3,3,3,3
68,1.3600000000000001,FULLBODY_RECOVERY,1303,0,-0.19860421567841974,-0.19860421567841974,0,0.0055999999999999999,-0.0055999999999999999,0,-0.034799999999999998,0.034799999999999998,0,0.36419863596246915,0.36419863596246915,0,-0.79814468464659272,-0.35146777458591039,-0.15855455668780247,-0.15855455668780247,0,0.22528579565508786,-0.58591696157083772,-0.0077999999999999996,0.0077999999999999996,-0.1009109143815721,0.064787400899962558,0.32069699556111797,0.12693027607939369,0.015177168522235787,0.30875841258129394,0.016785938529819258,0.11820371580260196,-0.76965915036293497,0.43994596410826142,0,0,0,0,0,0,0,0,0,0,0,0,1.1488305888454953,0.68153688448827765,0,0,0,-0.1101453609079088,0.48742179860096491,0,0,0.10556855286079914,-0.067777724526005279,0.50142568690950262,0.70413589217948214,-0.015877685057519426,-0.32300944847802465,-0.017560709362940321,-0.12365951985000186,0.80518349474717477,-0.46025208524262118,0,0,0,0,0,0,0,0,0,0,0,0,0,0,0,0,0,0,0,0,0,0,0,0,0,0,0,0,0,0,0,2250,2250,400,400,400,500,300,300,500,3000,3000,40,60,60,750,750,40,60,60,500,500,45,45,45,45,45,45,30,30,30,30,12,12,4,7,7,4,7,7,4,12,12,2,4.5,4.5,7.5,7.5,2,4.5,4.5,5,5,3,3,3,3,3,3,3,3,3,3
69,1.3799999999999999,FULLBODY_RECOVERY,1305,0,-0.197188270656,-0.197188270656,0,0.0055999999999999999,-0.0055999999999999999,0,-0.034799999999999998,0.034799999999999998,0,0.36173612288000001,0.36173612288000001,0,-0.77511038249975439,-0.33780281242878851,-0.15775423993600002,-0.15775423993600002,0,0.22307735731103667,-0.57614404893172277,-0.0077999999999999996,0.0077999999999999996,-0.098794242030217139,0.063428442842337979,0.33075068919410727,0.14104835323574355,0.014858817497673694,0.30228200317440002,0.016433842503384869,0.11572431564455049,-0.75351504688785953,0.43071781010703059,0,0,0,0,0,0,0,0,0,0,0,0,1.1541933165916451,0.68471829069032819,0,0,0,-0.11065951816380468,0.48969707785345706,0,0,0.10606134563028342,-0.068094110151017434,0.50376633614875732,0.70742279028500676,-0.01595180190558116,-0.32451725280395055,-0.017642682548766643,-0.12423676104170792,0.80894208187911321,-0.46240053659107189,0,0,0,0,0,0,0,0,0,0,0,0,0,0,0,0,0,0,0,0,0,0,0,0,0,0,0,0,0,0,0,2250,2250,400,400,400,500,300,300,500,3000,3000,40,60,60,750,750,40,60,60,500,500,45,45,45,45,45,45,30,30,30,30,12,12,4,7,7,4,7,7,4,12,12,2,4.5,4.5,7.5,7.5,2,4.5,4.5,5,5,3,3,3,3,3,3,3,3,3,3
70,1.3999999999999999,FULLBODY_RECOVERY,1307,0,-0.19576623209876542,-0.19576623209876542,0,0.0055999999999999999,-0.0055999999999999999,0,-0.034799999999999998,0.034799999999999998,0,0.35926301234567898,0.35926301234567898,0,-0.75197695198292691,-0.32407904295829726,-0.15695047901234568,-0.15695047901234568,0,0.22085941492853567,-0.56632907845669944,-0.0077999999999999996,0.0077999999999999996,-0.096668460556360761,0.06206363649392186,0.34084764900706827,0.15522718769079397,0.014539096446012541,0.29577772246913592,0.016080231227868592,0.11323424536093364,-0.73730146708777045,0.42144994264461855,0,0,0,0,0,0,0,0,0,0,0,0,1.1587407651563046,0.68741603738790014,0,0,0,-0.11109550965657036,0.49162645332443966,0,0,0.10647922061449988,-0.068362396632161426,0.50575114360632556,0.71020999127296214,-0.016014650994756064,-0.32579583022616931,-0.017712193600580902,-0.12472624601147474,0.81212926244605688,-0.46422236541834999,0,0,0,0,0,0,0,0,0,0,0,0,0,0,0,0,0,0,0,0,0,0,0,0,0,0,0,0,0,0,0,2250,2250,400,400,400,500,300,300,500,3000,3000,40,60,60,750,750,40,60,60,500,500,45,45,45,45,45,45,30,30,30,30,12,12,4,7,7,4,7,7,4,12,12,2,4.5,4.5,7.5,7.5,2,4.5,4.5,5,5,3,3,3,3,3,3,3,3,3,3
71,1.4199999999999999,FULLBODY_RECOVERY,1309,0,-0.1943391056007901,-0.1943391056007901,0,0.0055999999999999999,-0.0055999999999999999,0,-0.034799999999999998,0.034799999999999998,0,0.35678105321876535,0.35678105321876535,0,-0.7287607518935022,-0.31030617093327251,-0.15614384229609876,-0.15614384229609876,0,0.21863353692477386,-0.55647899079874519,-0.0077999999999999996,0.0077999999999999996,-0.094535073205637143,0.060693946977051522,0.35098073493836029,0.16945675288666204,0.014218231457883451,0.28925016996535324,0.015725354759361633,0.1107352658040915,-0.72102987639001725,0.41214891549029659,0,0,0,0,0,0,0,0,0,0,0,0,1.1624680566113155,0.68962723077924948,0,0,0,-0.11145286770962645,0.49320785542371903,0,0,0.10682172956996902,-0.068582296185602618,0.50737798023157976,0.71249450538632897,-0.016066164908482786,-0.32684380924839773,-0.017769167955710524,-0.12512744970168235,0.81474161764344688,-0.46571561749671475,0,0,0,0,0,0,0,0,0,0,0,0,0,0,0,0,0,0,0,0,0,0,0,0,0,0,0,0,0,0,0,2250,2250,400,400,400,500,300,300,500,3000,3000,40,60,60,750,750,40,60,60,500,500,45,45,45,45,45,45,30,30,30,30,12,12,4,7,7,4,7,7,4,12,12,2,4.5,4.5,7.5,7.5,2,4.5,4.5,5,5,3,3,3,3,3,3,3,3,3,3
72,1.4399999999999999,FULLBODY_RECOVERY,1311,0,-0.192907902208,-0.192907902208,0,0.0055999999999999999,-0.0055999999999999999,0,-0.034799999999999998,0.034799999999999998,0,0.35429200383999998,0.35429200383999998,0,-0.70547822971847429,-0.29649395372712728,-0.15533490124800001,-0.15533490124800001,0,0.21640130022015061,-0.54660076423975068,-0.0077999999999999996,0.0077999999999999996,-0.092395591373562,0.059320344646497755,0.36114276821633146,0.18372696790624712,0.013896449849673229,0.28270397009920001,0.015369464509640171,0.10822914737286635,-0.70471180238203257,0.40282131794474996,0,0,0,0,0,0,0,0,0,0,0,0,1.165371199924492,0.69134950320835631,0,0,0,-0.11173120967849642,0.49443959085019584,0,0,0.10708850575202253,-0.06875357335183567,0.50864510407397778,0.71427388646026424,-0.016106288487756186,-0.32766006773728568,-0.017813544608331552,-0.12543994251972659,0.81677635026751738,-0.4668786939125244,0,0,0,0,0,0,0,0,0,0,0,0,0,0,0,0,0,0,0,0,0,0,0,0,0,0,0,0,0,0,0,2250,2250,400,400,400,500,300,300,500,3000,3000,40,60,60,750,750,40,60,60,500,500,45,45,45,45,45,45,30,30,30,30,12,12,4,7,7,4,7,7,4,12,12,2,4.5,4.5,7.5,7.5,2,4.5,4.5,5,5,3,3,3,3,3,3,3,3,3,3
73,1.46,FULLBODY_RECOVERY,1313,0,-0.19147363732780248,-0.19147363732780248,0,0.0055999999999999999,-0.0055999999999999999,0,-0.034799999999999998,0.034799999999999998,0,0.35179763013530863,0.35179763013530863,0,-0.68214590389652252,-0.28265219080493825,-0.15452422979397532,-0.15452422979397532,0,0.214164288537634,-0.53670140716473735,-0.0077999999999999996,0.0077999999999999996,-0.090251532975556242,0.057943804042978095,0.37132653910131941,0.19802770834507261,0.013573979918373204,0.27614376725586182,0.015012812975028371,0.10571766810330244,-0.68835882237931656,0.39347376773379561,0,0,0,0,0,0,0,0,0,0,0,0,1.1674470909596861,0.69258101316500564,0,0,0,-0.11193023795080873,0.49532034259192892,0,0,0.10727926391481055,-0.068876044995693983,0.5095511602831212,0.71554623192210332,-0.016134978831128678,-0.32824373292246467,-0.017845276109470412,-0.12566339033802734,0.81823128471534834,-0.46771035106629999,0,0,0,0,0,0,0,0,0,0,0,0,0,0,0,0,0,0,0,0,0,0,0,0,0,0,0,0,0,0,0,2250,2250,400,400,400,500,300,300,500,3000,3000,40,60,60,750,750,40,60,60,500,500,45,45,45,45,45,45,30,30,30,30,12,12,4,7,7,4,7,7,4,12,12,2,4.5,4.5,7.5,7.5,2,4.5,4.5,5,5,3,3,3,3,3,3,3,3,3,3
74,1.48,FULLBODY_RECOVERY,1315,0,-0.19003732963871606,-0.19003732963871606,0,0.0055999999999999999,-0.0055999999999999999,0,-0.034799999999999998,0.034799999999999998,0,0.34929970371950614,0.34929970371950614,0,-0.65878034608008684,-0.26879071320052705,-0.15371240370883951,-0.15371240370883951,0,0.21192409070211826,-0.52678795053607352,-0.0077999999999999996,0.0077999999999999996,-0.088104420816969578,0.056565302846669996,0.38152481462765631,0.21234881718313126,0.013251050696428082,0.26957422078230142,0.014655653465261355,0.10320261175934525,-0.67198255099341864,0.38411290390209796,0,0,0,0,0,0,0,0,0,0,0,0,1.1686935124768594,0.69332044528478542,0,0,0,-0.11204973994630232,0.49584916992609918,0,0,0.10739380031129994,-0.06894958030634335,0.51009518110873286,0.71631018279139369,-0.01615220529470893,-0.32859418139654373,-0.01786432856700354,-0.12579755449403096,0.81910486698489604,-0.46820970067270318,0,0,0,0,0,0,0,0,0,0,0,0,0,0,0,0,0,0,0,0,0,0,0,0,0,0,0,0,0,0,0,2250,2250,400,400,400,500,300,300,500,3000,3000,40,60,60,750,750,40,60,60,500,500,45,45,45,45,45,45,30,30,30,30,12,12,4,7,7,4,7,7,4,12,12,2,4.5,4.5,7.5,7.5,2,4.5,4.5,5,5,3,3,3,3,3,3,3,3,3,3
75,1.5,FULLBODY_RECOVERY,1317,0,-0.18859999999999999,-0.18859999999999999,0,0.0055999999999999999,-0.0055999999999999999,0,-0.034799999999999998,0.034799999999999998,0,0.3468,0.3468,0,-0.63539816339744815,-0.25491937299354683,-0.15290000000000001,-0.15290000000000001,0,0.20968229893978191,-0.51686744036769339,-0.0077999999999999996,0.0077999999999999996,-0.085955780963104245,0.055185820830724361,0.39173034634566872,0.22668011565672835,0.012927891706584847,0.26300000000000007,0.014298239832348229,0.1006857659235412,-0.65559462769992072,0.37474537970688748,0,0,0,0,0,0,0,0,0,0,0,0,1.169109134131932,0.69356701034901236,0,0,0,-0.11208958811681907,0.49602550841900961,0,0,0.10743199269326632,-0.068974100797281751,0.51027658590062364,0.71656492367986535,-0.01615794949216165,-0.32871103911506494,-0.017870681645656018,-0.12584229179020237,0.81939616467488763,-0.46837620976053207,0,0,0,0,0,0,0,0,0,0,0,0,0,0,0,0,0,0,0,0,0,0,0,0,0,0,0,0,0,0,0,2250,2250,400,400,400,500,300,300,500,3000,3000,40,60,60,750,750,40,60,60,500,500,45,45,45,45,45,45,30,30,30,30,12,12,4,7,7,4,7,7,4,12,12,2,4.5,4.5,7.5,7.5,2,4.5,4.5,5,5,3,3,3,3,3,3,3,3,3,3
76,1.52,FULLBODY_RECOVERY,1319,0,-0.18716267036128395,-0.18716267036128395,0,0.0055999999999999999,-0.0055999999999999999,0,-0.034799999999999998,0.034799999999999998,0,0.34430029628049386,0.34430029628049386,0,-0.61201598071480956,-0.24104803278656656,-0.1520875962911605,-0.1520875962911605,0,0.2074405071774455,-0.50694693019931314,-0.0077999999999999996,0.0077999999999999996,-0.083807141109238925,0.053806338814778726,0.40193587806368125,0.24101141413032587,0.012604732716741616,0.25642577921769882,0.013940826199435114,0.098168920087737158,-0.63920670440642313,0.36537785551167667,0,0,0,0,0,0,0,0,0,0,0,0,1.1686935124768594,0.69332044528478343,0,0,0,-0.11204973994630371,0.49584916992610195,0,0,0.10739380031129925,-0.068949580306343003,0.51009518110873009,0.71631018279140612,-0.016152205294708757,-0.32859418139654234,-0.017864328567003367,-0.12579755449403096,0.81910486698488771,-0.46820970067270457,0,0,0,0,0,0,0,0,0,0,0,0,0,0,0,0,0,0,0,0,0,0,0,0,0,0,0,0,0,0,0,2250,2250,400,400,400,500,300,300,500,3000,3000,40,60,60,750,750,40,60,60,500,500,45,45,45,45,45,45,30,30,30,30,12,12,4,7,7,4,7,7,4,12,12,2,4.5,4.5,7.5,7.5,2,4.5,4.5,5,5,3,3,3,3,3,3,3,3,3,3
77,1.54,FULLBODY_RECOVERY,1321,0,-0.18572636267219753,-0.18572636267219753,0,0.0055999999999999999,-0.0055999999999999999,0,-0.034799999999999998,0.034799999999999998,0,0.34180236986469131,0.34180236986469131,0,-0.58865042289837377,-0.2271865551821555,-0.15127577020602467,-0.15127577020602467,0,0.20520030934192976,-0.49703347357064931,-0.0077999999999999996,0.0077999999999999996,-0.081660028950652275,0.052427837618470641,0.41213415359001793,0.2553325229683846,0.012281803494796496,0.24985623274413837,0.013583666689668095,0.09565386374377996,-0.62283043302052521,0.3560169916799793,0,0,0,0,0,0,0,0,0,0,0,0,1.1674470909596946,0.69258101316500142,0,0,0,-0.11193023795080803,0.49532034259192614,0,0,0.10727926391481055,-0.068876044995693289,0.50955116028311431,0.71554623192210187,-0.016134978831128546,-0.32824373292246672,-0.017845276109470412,-0.12566339033802629,0.81823128471534834,-0.46771035106629444,0,0,0,0,0,0,0,0,0,0,0,0,0,0,0,0,0,0,0,0,0,0,0,0,0,0,0,0,0,0,0,2250,2250,400,400,400,500,300,300,500,3000,3000,40,60,60,750,750,40,60,60,500,500,45,45,45,45,45,45,30,30,30,30,12,12,4,7,7,4,7,7,4,12,12,2,4.5,4.5,7.5,7.5,2,4.5,4.5,5,5,3,3,3,3,3,3,3,3,3,3
78,1.5600000000000001,FULLBODY_RECOVERY,1323,0,-0.18429209779199998,-0.18429209779199998,0,0.0055999999999999999,-0.0055999999999999999,0,-0.034799999999999998,0.034799999999999998,0,0.33930799615999996,0.33930799615999996,0,-0.56531809707642178,-0.2133447922599665,-0.15046509875199998,-0.15046509875199998,0,0.20296329765941318,-0.48713411649563609,-0.0077999999999999996,0.0077999999999999996,-0.079515970552646503,0.051051297014950994,0.42231792447500582,0.26963326340720994,0.011959333563496474,0.24329602990080015,0.013227015155056298,0.093142384474216106,-0.6064774530178092,0.3466694414690249,0,0,0,0,0,0,0,0,0,0,0,0,1.1653711999244836,0.69134950320835009,0,0,0,-0.11173120967849504,0.49443959085019307,0,0,0.10708850575202218,-0.068753573351834976,0.5086451040739709,0.7142738864602538,-0.016106288487756099,-0.3276600677372829,-0.017813544608331292,-0.12543994251972418,0.81677635026750628,-0.46687869391251746,0,0,0,0,0,0,0,0,0,0,0,0,0,0,0,0,0,0,0,0,0,0,0,0,0,0,0,0,0,0,0,2250,2250,400,400,400,500,300,300,500,3000,3000,40,60,60,750,750,40,60,60,500,500,45,45,45,45,45,45,30,30,30,30,12,12,4,7,7,4,7,7,4,12,12,2,4.5,4.5,7.5,7.5,2,4.5,4.5,5,5,3,3,3,3,3,3,3,3,3,3
79,1.5800000000000001,FULLBODY_RECOVERY,1325,0,-0.18286089439920988,-0.18286089439920988,0,0.0055999999999999999,-0.0055999999999999999,0,-0.034799999999999998,0.034799999999999998,0,0.33681894678123458,0.33681894678123458,0,-0.54203557490139442,-0.19953257505382149,-0.14965615770390123,-0.14965615770390123,0,0.20073106095478996,-0.47725588993664159,-0.0077999999999999996,0.0077999999999999996,-0.077376488720571387,0.049677694684397242,0.43247995775297676,0.28390347842679475,0.011637551955286252,0.23674983003464706,0.012871124905334843,0.090636266042990993,-0.59015937900982496,0.3373418439234786,0,0,0,0,0,0,0,0,0,0,0,0,1.1624680566113126,0.68962723077925359,0,0,0,-0.11145286770962784,0.49320785542372181,0,0,0.10682172956996971,-0.068582296185602964,0.50737798023158531,0.71249450538633241,-0.0160661649084827,-0.32684380924839634,-0.01776916795571061,-0.1251274497016848,0.8147416176434441,-0.46571561749671475,0,0,0,0,0,0,0,0,0,0,0,0,0,0,0,0,0,0,0,0,0,0,0,0,0,0,0,0,0,0,0,2250,2250,400,400,400,500,300,300,500,3000,3000,40,60,60,750,750,40,60,60,500,500,45,45,45,45,45,45,30,30,30,30,12,12,4,7,7,4,7,7,4,12,12,2,4.5,4.5,7.5,7.5,2,4.5,4.5,5,5,3,3,3,3,3,3,3,3,3,3
80,1.6000000000000001,FULLBODY_RECOVERY,1327,0,-0.18143376790123455,-0.18143376790123455,0,0.0055999999999999999,-0.0055999999999999999,0,-0.034799999999999998,0.034799999999999998,0,0.33433698765432096,0.33433698765432096,0,-0.51881937481196927,-0.18575970302879635,-0.14884952098765433,-0.14884952098765433,0,0.19850518295102806,-0.46740580227868722,-0.0077999999999999996,0.0077999999999999996,-0.075243101369847715,0.048308005167526875,0.44261304368426924,0.29813304362266324,0.011316686967157166,0.2302222775308643,0.012516248436827873,0.088137286486148714,-0.57388778831207143,0.32804081676915631,0,0,0,0,0,0,0,0,0,0,0,0,1.1587407651563075,0.68741603738790424,0,0,0,-0.11109550965656967,0.49162645332444244,0,0,0.10647922061450023,-0.06836239663216212,0.50575114360633111,0.71020999127296425,-0.016014650994755932,-0.32579583022617209,-0.017712193600581117,-0.12472624601147717,0.81212926244605965,-0.46422236541835693,0,0,0,0,0,0,0,0,0,0,0,0,0,0,0,0,0,0,0,0,0,0,0,0,0,0,0,0,0,0,0,2250,2250,400,400,400,500,300,300,500,3000,3000,40,60,60,750,750,40,60,60,500,500,45,45,45,45,45,45,30,30,30,30,12,12,4,7,7,4,7,7,4,12,12,2,4.5,4.5,7.5,7.5,2,4.5,4.5,5,5,3,3,3,3,3,3,3,3,3,3
81,1.6200000000000001,FULLBODY_RECOVERY,1329,0,-0.18001172934399998,-0.18001172934399998,0,0.0055999999999999999,-0.0055999999999999999,0,-0.034799999999999998,0.034799999999999998,0,0.33186387711999993,0.33186387711999993,0,-0.49568594429514212,-0.17203593355830532,-0.148045760064,-0.148045760064,0,0.19628724056852717,-0.45759083180366389,-0.0077999999999999996,0.0077999999999999996,-0.073117319895991378,0.046943198819110757,0.45271000349723001,0.31231187807771332,0.010996965915496015,0.22371799682560017,0.012162637161311598,0.085647216202531906,-0.55767420851198257,0.31877294930674432,0,0,0,0,0,0,0,0,0,0,0,0,1.1541933165916285,0.68471829069031709,0,0,0,-0.11065951816380329,0.48969707785344596,0,0,0.10606134563028238,-0.06809411015101674,0.50376633614875455,0.7074227902849991,-0.01595180190558116,-0.32451725280394567,-0.017642682548766338,-0.12423676104170583,0.80894208187909933,-0.46240053659106772,0,0,0,0,0,0,0,0,0,0,0,0,0,0,0,0,0,0,0,0,0,0,0,0,0,0,0,0,0,0,0,2250,2250,400,400,400,500,300,300,500,3000,3000,40,60,60,750,750,40,60,60,500,500,45,45,45,45,45,45,30,30,30,30,12,12,4,7,7,4,7,7,4,12,12,2,4.5,4.5,7.5,7.5,2,4.5,4.5,5,5,3,3,3,3,3,3,3,3,3,3
82,1.6399999999999999,FULLBODY_RECOVERY,1331,0,-0.1785957843215803,-0.1785957843215803,0,0.0055999999999999999,-0.0055999999999999999,0,-0.034799999999999998,0.034799999999999998,0,0.32940136403753095,0.32940136403753095,0,-0.47265164214830413,-0.15837097140118367,-0.14724544331219755,-0.14724544331219755,0,0.19407880222447593,-0.44781791916454938,-0.0077999999999999996,0.0077999999999999996,-0.071000647544636419,0.045584240761486206,0.46276369713021942,0.32642995523406321,0.01067861489093392,0.21724158741870647,0.01181054113487722,0.08316781604448048,-0.54153010503690746,0.3095447953055136,0,0,0,0,0,0,0,0,0,0,0,0,1.1488305888455008,0.68153688448827487,0,0,0,-0.1101453609079095,0.48742179860096768,0,0,0.10556855286079983,-0.067777724526004932,0.50142568690950817,0.70413589217949013,-0.015877685057519599,-0.32300944847802254,-0.017560709362940276,-0.12365951985000151,0.80518349474717477,-0.46025208524262534,0,0,0,0,0,0,0,0,0,0,0,0,0,0,0,0,0,0,0,0,0,0,0,0,0,0,0,0,0,0,0,2250,2250,400,400,400,500,300,300,500,3000,3000,40,60,60,750,750,40,60,60,500,500,45,45,45,45,45,45,30,30,30,30,12,12,4,7,7,4,7,7,4,12,12,2,4.5,4.5,7.5,7.5,2,4.5,4.5,5,5,3,3,3,3,3,3,3,3,3,3
83,1.6599999999999999,FULLBODY_RECOVERY,1333,0,-0.17718693188582713,-0.17718693188582713,0,0.0055999999999999999,-0.0055999999999999999,0,-0.034799999999999998,0.034799999999999998,0,0.326951185888395,0.326951185888395,0,-0.44973272074132209,-0.14477445817877432,-0.14644913541372839,-0.14644913541372839,0,0.19188142613221079,-0.43809395985962518,-0.0077999999999999996,0.0077999999999999996,-0.068894577781559385,0.04423208983807056,0.47276703097361034,0.34047731376489293,0.010361858513195231,0.21079761888647927,0.011460208786793987,0.080700835408531846,-0.52546686872209558,0.30036286589703931,0,0,0,0,0,0,0,0,0,0,0,0,1.1426583467421314,0.677875238729296,0,0,0,-0.10955359059757197,0.48480306144630947,0,0,0.10500137204833941,-0.067413579865294518,0.49873171203932004,0.70035283030561857,-0.015792380124688081,-0.32127403810765648,-0.017466362162624465,-0.12299514295900336,0.8008575414556629,-0.45777932091489726,0,0,0,0,0,0,0,0,0,0,0,0,0,0,0,0,0,0,0,0,0,0,0,0,0,0,0,0,0,0,0,2250,2250,400,400,400,500,300,300,500,3000,3000,40,60,60,750,750,40,60,60,500,500,45,45,45,45,45,45,30,30,30,30,12,12,4,7,7,4,7,7,4,12,12,2,4.5,4.5,7.5,7.5,2,4.5,4.5,5,5,3,3,3,3,3,3,3,3,3,3
84,1.6799999999999999,FULLBODY_RECOVERY,1335,0,-0.17578616345600001,-0.17578616345600001,0,0.0055999999999999999,-0.0055999999999999999,0,-0.034799999999999998,0.034799999999999998,0,0.32451506687999998,0.32451506687999998,0,-0.42694530827861887,-0.13125596185201183,-0.14565739673600001,-0.14565739673600001,0,0.18969665860057305,-0.428425796706697,-0.0077999999999999996,0.0077999999999999996,-0.066800592662702843,0.042887697566874425,0.48271296561179222,0.35444406844628795,0.010046919685946397,0.20439062589440021,0.011111886648372241,0.078248010326120346,-0.50949580337868094,0.29123362246891771,0,0,0,0,0,0,0,0,0,0,0,0,1.1356832420018197,0.67373729950671724,0,0,0,-0.10888484497358561,0.48184368855793275,0,0,0.10436041443401683,-0.067002068601388659,0.49568731478907141,0.69607768160478978,-0.01569597903876168,-0.31931289191506268,-0.017359742624191085,-0.12224434635638368,0.79596888401080168,-0.4549849084639318,0,0,0,0,0,0,0,0,0,0,0,0,0,0,0,0,0,0,0,0,0,0,0,0,0,0,0,0,0,0,0,2250,2250,400,400,400,500,300,300,500,3000,3000,40,60,60,750,750,40,60,60,500,500,45,45,45,45,45,45,30,30,30,30,12,12,4,7,7,4,7,7,4,12,12,2,4.5,4.5,7.5,7.5,2,4.5,4.5,5,5,3,3,3,3,3,3,3,3,3,3
85,1.7,FULLBODY_RECOVERY,1337,0,-0.17439446172839509,-0.17439446172839509,0,0.0055999999999999999,-0.0055999999999999999,0,-0.034799999999999998,0.034799999999999998,0,0.32209471604938278,0.32209471604938278,0,-0.4043053910612493,-0.11782496619850563,-0.14487078271604942,-0.14487078271604942,0,0.18752603233326737,-0.41882021231730787,-0.0077999999999999996,0.0077999999999999996,-0.064720161204198712,0.041552007094015013,0.49259452356517319,0.36832042102908452,0.0097340193516447637,0.19802510320987676,0.010765819081826344,0.075811061554276499,-0.49362811336166351,0.28216346955848204,0,0,0,0,0,0,0,0,0,0,0,0,1.1279128132408445,0.66912753905959965,0,0,0,-0.10813984680884681,0.47854687839345017,0,0,0.10364637275775308,-0.066543635491124284,0.49229578550974706,0.69131506661059128,-0.015588585988971643,-0.31712812948543262,-0.017240965980862059,-0.12140794149483325,0.79052280601967229,-0.4518718680598971,0,0,0,0,0,0,0,0,0,0,0,0,0,0,0,0,0,0,0,0,0,0,0,0,0,0,0,0,0,0,0,2250,2250,400,400,400,500,300,300,500,3000,3000,40,60,60,750,750,40,60,60,500,500,45,45,45,45,45,45,30,30,30,30,12,12,4,7,7,4,7,7,4,12,12,2,4.5,4.5,7.5,7.5,2,4.5,4.5,5,5,3,3,3,3,3,3,3,3,3,3
86,1.72,FULLBODY_RECOVERY,1339,0,-0.17301279958597526,-0.17301279958597526,0,0.0055999999999999999,-0.0055999999999999999,0,-0.034799999999999998,0.034799999999999998,0,0.31969182536691354,0.31969182536691354,0,-0.38182879574898509,-0.10449086028962784,-0.1440898432442469,-0.1440898432442469,0,0.18537106472821918,-0.409283921570959,-0.0077999999999999996,0.0077999999999999996,-0.06265473775239272,0.040225952147229453,0.5024047970321821,0.38209667111071161,0.0094233762463875308,0.19170550071498291,0.010422248009137759,0.073391692666327016,-0.47787489113789405,0.27315874774652182,0,0,0,0,0,0,0,0,0,0,0,0,1.1193554859715571,0.66405095577282269,0,0,0,-0.10731940390835901,0.47491620569958259,0,0,0.10286002125828482,-0.066038777615674837,0.48856080165244897,0.68607014944880584,-0.015470317422104553,-0.31472211976691294,-0.017110161022708445,-0.12048683529206038,0.78452521269018882,-0.44844357518710326,0,0,0,0,0,0,0,0,0,0,0,0,0,0,0,0,0,0,0,0,0,0,0,0,0,0,0,0,0,0,0,2250,2250,400,400,400,500,300,300,500,3000,3000,40,60,60,750,750,40,60,60,500,500,45,45,45,45,45,45,30,30,30,30,12,12,4,7,7,4,7,7,4,12,12,2,4.5,4.5,7.5,7.5,2,4.5,4.5,5,5,3,3,3,3,3,3,3,3,3,3
87,1.74,FULLBODY_RECOVERY,1341,0,-0.17164213900800002,-0.17164213900800002,0,0.0055999999999999999,-0.0055999999999999999,0,-0.034799999999999998,0.034799999999999998,0,0.31730806783999999,0.31730806783999999,0,-0.35953117162238701,-0.091262927967592722,-0.14331512204800001,-0.14331512204800001,0,0.18323325617693301,-0.39982356408932457,-0.0077999999999999996,0.0077999999999999996,-0.060605760353867319,0.038910455989388019,0.51213695563127115,0.39576322700703676,0.0091152066547605815,0.18543621841920024,0.010081412640918006,0.070991588142594084,-0.46224710485405596,0.26422572655099791,0,0,0,0,0,0,0,0,0,0,0,0,1.1100205726023771,0.6585130741770806,0,0,0,-0.10642440910923132,0.47095562151216741,0,0,0.10200221567316613,-0.065488044380545771,0.48448642776839357,0.68034863783738986,-0.015341302042505079,-0.31209748107061536,-0.01696747009665156,-0.11948203013080923,0.7779826308310811,-0.44470376064399825,0,0,0,0,0,0,0,0,0,0,0,0,0,0,0,0,0,0,0,0,0,0,0,0,0,0,0,0,0,0,0,2250,2250,400,400,400,500,300,300,500,3000,3000,40,60,60,750,750,40,60,60,500,500,45,45,45,45,45,45,30,30,30,30,12,12,4,7,7,4,7,7,4,12,12,2,4.5,4.5,7.5,7.5,2,4.5,4.5,5,5,3,3,3,3,3,3,3,3,3,3
88,1.76,FULLBODY_RECOVERY,1343,0,-0.17028342997965432,-0.17028342997965432,0,0.0055999999999999999,-0.0055999999999999999,0,-0.034799999999999998,0.034799999999999998,0,0.31494509561679013,0.31494509561679013,0,-0.33742797284489001,-0.078150337322544616,-0.14254715607545679,-0.14254715607545679,0,0.18111408836384993,-0.3904456967104723,-0.0077999999999999996,0.0077999999999999996,-0.058574649125466074,0.037606430372007622,0.52178425414291785,0.4093106166242072,0.0088097241646873277,0.17922160147215829,0.0097435492052716961,0.068612411461094647,-0.44675558590465081,0.25537059732076189,0,0,0,0,0,0,0,0,0,0,0,0,1.0999182724376999,0.65251994494875953,0,0,0,-0.10545584028068336,0.46666945315620295,0,0,0.10107389323876399,-0.064892037515574916,0.48007711550894228,0.67415678308648941,-0.015201680812074181,-0.30925708107062061,-0.016813049106462717,-0.11839462385883799,0.77090220885192851,-0.44065651054316646,0,0,0,0,0,0,0,0,0,0,0,0,0,0,0,0,0,0,0,0,0,0,0,0,0,0,0,0,0,0,0,2250,2250,400,400,400,500,300,300,500,3000,3000,40,60,60,750,750,40,60,60,500,500,45,45,45,45,45,45,30,30,30,30,12,12,4,7,7,4,7,7,4,12,12,2,4.5,4.5,7.5,7.5,2,4.5,4.5,5,5,3,3,3,3,3,3,3,3,3,3
89,1.78,FULLBODY_RECOVERY,1345,0,-0.16893760940167901,-0.16893760940167901,0,0.0055999999999999999,-0.0055999999999999999,0,-0.034799999999999998,0.034799999999999998,0,0.31260453808987654,0.31260453808987654,0,-0.31553444072487902,-0.065162130169642341,-0.14178647487920987,-0.14178647487920987,0,0.17901502256570567,-0.38115678596307645,-0.0077999999999999996,0.0077999999999999996,-0.056562804624316759,0.036314774488765023,0.53134004025162884,0.42272949833049633,0.0085071394222776143,0.17306593517637542,0.0094088906766594971,0.066255803188240564,-0.43141101649997882,0.24659946612927125,0,0,0,0,0,0,0,0,0,0,0,0,1.0890596716779581,0.646078144910045,0,0,0,-0.10441476032403071,0.46206240424578465,0,0,0.10007607269026109,-0.064251411074933359,0.47533770362551131,0.66750138009842586,-0.015051606950268644,-0.30620403680395453,-0.016647067512761151,-0.117225809788922,0.7632917167631259,-0.43630626631133013,0,0,0,0,0,0,0,0,0,0,0,0,0,0,0,0,0,0,0,0,0,0,0,0,0,0,0,0,0,0,0,2250,2250,400,400,400,500,300,300,500,3000,3000,40,60,60,750,750,40,60,60,500,500,45,45,45,45,45,45,30,30,30,30,12,12,4,7,7,4,7,7,4,12,12,2,4.5,4.5,7.5,7.5,2,4.5,4.5,5,5,3,3,3,3,3,3,3,3,3,3
90,1.8,FULLBODY_RECOVERY,1347,0,-0.16760560000000002,-0.16760560000000002,0,0.0055999999999999999,-0.0055999999999999999,0,-0.034799999999999998,0.034799999999999998,0,0.31028800000000006,0.31028800000000006,0,-0.29386558597777168,-0.052307211526142816,-0.14103360000000004,-0.14103360000000004,0,0.1769374979508887,-0.37196320054064091,-0.0077999999999999996,0.0077999999999999996,-0.054571606217855631,0.035036373929010288,0.5407977622879383,0.43601067182814424,0.0082076598866765819,0.16697344000000011,0.00907766650476125,0.063923379069537767,-0.41622391723412577,0.23791834666830869,0,0,0,0,0,0,0,0,0,0,0,0,1.077456743419658,0.63919477702893135,0,0,0,-0.10330231717270016,0.45713955468412726,0,0,0.099009854261652985,-0.063566871437129024,0.47027341796966327,0.66038976736770838,-0.014891245934102156,-0.30294171467061953,-0.0164697083330161,-0.11597687669886621,0.75515954617587921,-0.43165782468933267,0,0,0,0,0,0,0,0,0,0,0,0,0,0,0,0,0,0,0,0,0,0,0,0,0,0,0,0,0,0,0,2250,2250,400,400,400,500,300,300,500,3000,3000,40,60,60,750,750,40,60,60,500,500,45,45,45,45,45,45,30,30,30,30,12,12,4,7,7,4,7,7,4,12,12,2,4.5,4.5,7.5,7.5,2,4.5,4.5,5,5,3,3,3,3,3,3,3,3,3,3
91,1.8200000000000001,FULLBODY_RECOVERY,1349,0,-0.16628830923535803,-0.16628830923535803,0,0.0055999999999999999,-0.0055999999999999999,0,-0.034799999999999998,0.034799999999999998,0,0.30799705953975309,0.30799705953975309,0,-0.2724361709880927,-0.039594339088485087,-0.14028904435041975,-0.14028904435041975,0,0.17488292987879767,-0.36287120377571136,-0.0077999999999999996,0.0077999999999999996,-0.05260241045385064,0.033772099631279862,0.55015097697041537,0.44914508902520467,0.0079114895849135281,0.16094826658955064,0.0087501023433388531,0.061616728120285916,-0.40120463465294365,0.22933315314169794,0,0,0,0,0,0,0,0,0,0,0,0,1.06512234765532,0.63187747041916209,0,0,0,-0.10211974379222763,0.45190636066364531,0,0,0.097876419685750254,-0.062839177305004476,0.4648898714931099,0.65282982698109115,-0.014720775498145528,-0.29947373043357828,-0.016281168141548449,-0.11464920883150244,0.74651471030230121,-0.42671633773219697,0,0,0,0,0,0,0,0,0,0,0,0,0,0,0,0,0,0,0,0,0,0,0,0,0,0,0,0,0,0,0,2250,2250,400,400,400,500,300,300,500,3000,3000,40,60,60,750,750,40,60,60,500,500,45,45,45,45,45,45,30,30,30,30,12,12,4,7,7,4,7,7,4,12,12,2,4.5,4.5,7.5,7.5,2,4.5,4.5,5,5,3,3,3,3,3,3,3,3,3,3
92,1.8400000000000001,FULLBODY_RECOVERY,1351,0,-0.1649866282129383,-0.1649866282129383,0,0.0055999999999999999,-0.0055999999999999999,0,-0.034799999999999998,0.034799999999999998,0,0.30573326645728394,0.30573326645728394,0,-0.25126069207155888,-0.027032112709376332,-0.13955331159861728,-0.13955331159861728,0,0.1728527081991996,-0.3538869461140951,-0.0077999999999999996,0.0077999999999999996,-0.050656549430425621,0.032522806836810109,0.5593933571476627,0.46212386490738788,0.0076188288667507608,0.15499449078265698,0.0084264197790993121,0.059337410716277669,-0.38636332882203372,0.22084969315902081,0,0,0,0,0,0,0,0,0,0,0,0,1.0520702312735386,0.6241343803402688,0,0,0,-0.10086835818024775,0.44636865466580189,0,0,0.096677032194179835,-0.062069139705731372,0.45919306424763717,0.64482998461742325,-0.014540385634525871,-0.29580394921876058,-0.016081657069527081,-0.11324428589467445,0.73736684395528662,-0.42148731280905599,0,0,0,0,0,0,0,0,0,0,0,0,0,0,0,0,0,0,0,0,0,0,0,0,0,0,0,0,0,0,0,2250,2250,400,400,400,500,300,300,500,3000,3000,40,60,60,750,750,40,60,60,500,500,45,45,45,45,45,45,30,30,30,30,12,12,4,7,7,4,7,7,4,12,12,2,4.5,4.5,7.5,7.5,2,4.5,4.5,5,5,3,3,3,3,3,3,3,3,3,3
93,1.8600000000000001,FULLBODY_RECOVERY,1353,0,-0.16370143059199999,-0.16370143059199999,0,0.0055999999999999999,-0.0055999999999999999,0,-0.034799999999999998,0.034799999999999998,0,0.30349814015999999,0.30349814015999999,0,-0.23035336173715115,-0.014628963874874334,-0.13882689555199998,-0.13882689555199998,0,0.17084819555158776,-0.34501645758907928,-0.0077999999999999996,0.0077999999999999996,-0.048735329166083446,0.031289334043050607,0.56851869954032086,0.4749382884099016,0.0073298741595324932,0.14911610862080021,0.0081068360605577698,0.057086956684498938,-0.37170996089473218,0.2124736606293357,0,0,0,0,0,0,0,0,0,0,0,0,1.0383150280589364,0.61597418819756,0,0,0,-0.099549563366504307,0.44053264546122795,0,0,0.095413036517381575,-0.061257621990819938,0.45318938338516079,0.63639920954781382,-0.014350278592926589,-0.29193648551505968,-0.015871398804970367,-0.11176368306125457,0.72772620354855377,-0.41597661260317775,0,0,0,0,0,0,0,0,0,0,0,0,0,0,0,0,0,0,0,0,0,0,0,0,0,0,0,0,0,0,0,2250,2250,400,400,400,500,300,300,500,3000,3000,40,60,60,750,750,40,60,60,500,500,45,45,45,45,45,45,30,30,30,30,12,12,4,7,7,4,7,7,4,12,12,2,4.5,4.5,7.5,7.5,2,4.5,4.5,5,5,3,3,3,3,3,3,3,3,3,3
94,1.8799999999999999,FULLBODY_RECOVERY,1355,0,-0.16243357149550613,-0.16243357149550613,0,0.0055999999999999999,-0.0055999999999999999,0,-0.034799999999999998,0.034799999999999998,0,0.30129316781827153,0.30129316781827153,0,-0.20972809094920142,-0.0023931451814739324,-0.13811027954093824,-0.13811027954093824,0,0.16887072566453942,-0.33626564029564598,-0.0077999999999999996,0.0077999999999999996,-0.046840027969730358,0.030072501957177311,0.57752093248306913,0.48757983328930043,0.0070448177230336972,0.14331703136205459,0.0077915638269004973,0.054866863393827486,-0.35725428068009157,0.2042106286548937,0,0,0,0,0,0,0,0,0,0,0,0,1.0238722586920379,0.60740610154208785,0,0,0,-0.098164847412849504,0.43440491810966819,0,0,0.0940858588846058,-0.060405539836108982,0.44688560315769288,0.62754701463551832,-0.014150668880587606,-0.28787570317431455,-0.015650630592746635,-0.11020907096914272,0.71760366709666124,-0.41019045511197783,0,0,0,0,0,0,0,0,0,0,0,0,0,0,0,0,0,0,0,0,0,0,0,0,0,0,0,0,0,0,0,2250,2250,400,400,400,500,300,300,500,3000,3000,40,60,60,750,750,40,60,60,500,500,45,45,45,45,45,45,30,30,30,30,12,12,4,7,7,4,7,7,4,12,12,2,4.5,4.5,7.5,7.5,2,4.5,4.5,5,5,3,3,3,3,3,3,3,3,3,3
95,1.8999999999999999,FULLBODY_RECOVERY,1357,0,-0.16118388641975312,-0.16118388641975312,0,0.0055999999999999999,-0.0055999999999999999,0,-0.034799999999999998,0.034799999999999998,0,0.29911980246913583,0.29911980246913583,0,-0.18939847138946964,0.0096672801868091796,-0.13740393580246915,-0.13740393580246915,0,0.16692160165507378,-0.32764026086469256,-0.0077999999999999996,0.0077999999999999996,-0.044971894810699214,0.028873112449606247,0.58639412366662858,0.50004016899532233,0.006763847404308989,0.13760108049382763,0.0074808108368479044,0.052678593845733229,-0.34300581421086573,0.19606604242485659,0,0,0,0,0,0,0,0,0,0,0,0,1.0087583307496206,0.59843985407072864,0,0,0,-0.096715783413234974,0.42799243396000608,0,0,0.092697007023926151,-0.05951386124177574,0.44028888491741691,0.61828345633597459,-0.01394178326230653,-0.28362621541135891,-0.015419603234573687,-0.10858221572124724,0.70701073421500504,-0.40413541364698463,0,0,0,0,0,0,0,0,0,0,0,0,0,0,0,0,0,0,0,0,0,0,0,0,0,0,0,0,0,0,0,2250,2250,400,400,400,500,300,300,500,3000,3000,40,60,60,750,750,40,60,60,500,500,45,45,45,45,45,45,30,30,30,30,12,12,4,7,7,4,7,7,4,12,12,2,4.5,4.5,7.5,7.5,2,4.5,4.5,5,5,3,3,3,3,3,3,3,3,3,3
96,1.9199999999999999,FULLBODY_RECOVERY,1359,0,-0.15995319014399989,-0.15995319014399989,0,0.0055999999999999999,-0.0055999999999999999,0,-0.034799999999999998,0.034799999999999998,0,0.29697946111999984,0.29697946111999984,0,-0.16937775771921659,0.021544448981355213,-0.13670832486399995,-0.13670832486399995,0,0.16500209432801002,-0.31914594293724574,-0.0077999999999999996,0.0077999999999999996,-0.043132147688773312,0.027691947507506282,0.5951324878797658,0.51231117154273942,0.006487146392541436,0.13197198274560024,0.0071747796975175498,0.050523574764977597,-0.32897385131149137,0.18804521210901431,0,0,0,0,0,0,0,0,0,0,0,0,0.99299053870440801,0.58908570562611617,0,0,0,-0.095204029493719394,0.42130253065025824,0,0,0.09124807016222744,-0.05858360653233502,0.43340677711659337,0.60861913469683615,-0.013723860760435618,-0.27919288480395821,-0.015178581089019157,-0.10688497888550821,0.69595952611982981,-0.39781841683390329,0,0,0,0,0,0,0,0,0,0,0,0,0,0,0,0,0,0,0,0,0,0,0,0,0,0,0,0,0,0,0,2250,2250,400,400,400,500,300,300,500,3000,3000,40,60,60,750,750,40,60,60,500,500,45,45,45,45,45,45,30,30,30,30,12,12,4,7,7,4,7,7,4,12,12,2,4.5,4.5,7.5,7.5,2,4.5,4.5,5,5,3,3,3,3,3,3,3,3,3,3
97,1.9399999999999999,FULLBODY_RECOVERY,1361,0,-0.15874227564009874,-0.15874227564009874,0,0.0055999999999999999,-0.0055999999999999999,0,-0.034799999999999998,0.034799999999999998,0,0.29487352285234569,0.29487352285234569,0,-0.14967884984129332,0.033230708411853827,-0.13602389492701233,-0.13602389492701233,0,0.163113440475325,-0.31078815963868223,-0.0077999999999999996,0.0077999999999999996,-0.041321972004210117,0.026529768188312847,0.60373039475129231,0.52438493438319578,0.0062148929738915643,0.1264333651016693,0.0068736675932871381,0.048403194690312901,-0.31516743316607254,0.18015330575150046,0,0,0,0,0,0,0,0,0,0,0,0,0.97658706392502181,0.57935444219663623,0,0,0,-0.093631328812471964,0.41434292210754953,0,0,0.089740719025203225,-0.057615848356622201,0.42624721530757081,0.59856519335790837,-0.013497152654884641,-0.27458082329284011,-0.014927842071500545,-0.10511931749489015,0.6844627856281621,-0.39124674861257397,0,0,0,0,0,0,0,0,0,0,0,0,0,0,0,0,0,0,0,0,0,0,0,0,0,0,0,0,0,0,0,2250,2250,400,400,400,500,300,300,500,3000,3000,40,60,60,750,750,40,60,60,500,500,45,45,45,45,45,45,30,30,30,30,12,12,4,7,7,4,7,7,4,12,12,2,4.5,4.5,7.5,7.5,2,4.5,4.5,5,5,3,3,3,3,3,3,3,3,3,3
98,1.96,FULLBODY_RECOVERY,1363,0,-0.15755191298212348,-0.15755191298212348,0,0.0055999999999999999,-0.0055999999999999999,0,-0.034799999999999998,0.034799999999999998,0,0.29280332692543215,0.29280332692543215,0,-0.13031427516221572,0.044718626669220662,-0.13535108125076545,-0.13535108125076545,0,0.16125684117551115,-0.30257222605294376,-0.0077999999999999996,0.0077999999999999996,-0.039542518927765183,0.025387313573241393,0.61218237649206864,0.53625377927705575,0.0059472602863460504,0.12098874981388663,0.006577666014657528,0.046318802065181991,-0.30159533988636489,0.17239534216451136,0,0,0,0,0,0,0,0,0,0,0,0,0.95956697467634022,0.56925737591648207,0,0,0,-0.0919995095597613,0.40712169854813796,0,0,0.088176705837368641,-0.056611711687816826,0.41881852214285531,0.58813331955124837,-0.013261922483121576,-0.2697953921817306,-0.014667677654284662,-0.10328728404737711,0.67253387715792701,-0.38442804823693444,0,0,0,0,0,0,0,0,0,0,0,0,0,0,0,0,0,0,0,0,0,0,0,0,0,0,0,0,0,0,0,2250,2250,400,400,400,500,300,300,500,3000,3000,40,60,60,750,750,40,60,60,500,500,45,45,45,45,45,45,30,30,30,30,12,12,4,7,7,4,7,7,4,12,12,2,4.5,4.5,7.5,7.5,2,4.5,4.5,5,5,3,3,3,3,3,3,3,3,3,3
99,1.98,FULLBODY_RECOVERY,1365,0,-0.15638284825599999,-0.15638284825599999,0,0.0055999999999999999,-0.0055999999999999999,0,-0.034799999999999998,0.034799999999999998,0,0.29077017088000001,0.29077017088000001,0,-0.11129617085423971,0.056001003448513109,-0.134690305536,-0.134690305536,0,0.15943346009293455,-0.29450329169675671,-0.0077999999999999996,0.0077999999999999996,-0.037794903770715371,0.024265299720800174,0.62048313563700652,0.54791026716524571,0.0056844160745667012,0.11564154941440008,0.0062869604871157517,0.044271703328417816,-0.28826607807975546,0.16477618382202308,0,0,0,0,0,0,0,0,0,0,0,0,0.9419502261192092,0.5588063450655989,0,0,0,-0.090310484957968618,0.39964732647743417,0,0,0.086557864322047914,-0.055572373823432539,0.4111294073750521,0.57733574410099853,-0.013018446040168399,-0.26484220213728038,-0.0143983928664871,-0.10139102650596893,0.66018678672783437,-0.3773703102750714,0,0,0,0,0,0,0,0,0,0,0,0,0,0,0,0,0,0,0,0,0,0,0,0,0,0,0,0,0,0,0,2250,2250,400,400,400,500,300,300,500,3000,3000,40,60,60,750,750,40,60,60,500,500,45,45,45,45,45,45,30,30,30,30,12,12,4,7,7,4,7,7,4,12,12,2,4.5,4.5,7.5,7.5,2,4.5,4.5,5,5,3,3,3,3,3,3,3,3,3,3
100,2,FULLBODY_RECOVERY,1367,0,-0.15523580246913582,-0.15523580246913582,0,0.0055999999999999999,-0.0055999999999999999,0,-0.034799999999999998,0.034799999999999998,0,0.28877530864197531,0.28877530864197531,0,-0.092636266117447352,0.067070880471844618,-0.13404197530864198,-0.13404197530864198,0,0.1576444217771924,-0.28658633299384639,-0.0077999999999999996,0.0077999999999999996,-0.036080204354883266,0.023164418620304092,0.62862755278707072,0.55934720904109569,0.0054265224447393144,0.11039506172839542,0.006001730299998044,0.042263161004943234,-0.27518786841725151,0.1573005297535085,0,0,0,0,0,0,0,0,0,0,0,0,0.92375766031044249,0.54801371406973665,0,0,0,-0.088566253261577327,0.3919286486899709,0,0,0.084886109701386853,-0.05449906438531292,0.40318896785691283,0.56618524142360571,-0.012767011378604816,-0.2597271131891371,-0.014120306294075017,-0.099432788298702696,0.64743612195746203,-0.37008188460925795,0,0,0,0,0,0,0,0,0,0,0,0,0,0,0,0,0,0,0,0,0,0,0,0,0,0,0,0,0,0,0,2250,2250,400,400,400,500,300,300,500,3000,3000,40,60,60,750,750,40,60,60,500,500,45,45,45,45,45,45,30,30,30,30,12,12,4,7,7,4,7,7,4,12,12,2,4.5,4.5,7.5,7.5,2,4.5,4.5,5,5,3,3,3,3,3,3,3,3,3,3
101,2.02,FULLBODY_RECOVERY,1369,0,-0.15411147046004936,-0.15411147046004936,0,0.0055999999999999999,-0.0055999999999999999,0,-0.034799999999999998,0.034799999999999998,0,0.28681994862617277,0.28681994862617277,0,-0.074345864441822007,0.077921552011302575,-0.13340648330350616,-0.13340648330350616,0,0.15589080996247145,-0.27882614574915787,-0.0077999999999999996,0.0077999999999999996,-0.034399459382659897,0.022085337145387657,0.63661069435128304,0.57055767682218994,0.0051737356194225086,0.1052524648868346,0.005722148235352751,0.040294391796469708,-0.26236863320145698,0.14997290843765276,0,0,0,0,0,0,0,0,0,0,0,0,0.90501100620289376,0.53689237350039443,0,0,0,-0.086768897757174418,0.38397488426939463,0,0,0.083163438696342434,-0.053393065319635308,0.39500668754127721,0.55469512952761868,-0.01250791880856748,-0.25445623472988427,-0.01383375007986366,-0.097414908318627785,0.63429711206714479,-0.36257147643587728,0,0,0,0,0,0,0,0,0,0,0,0,0,0,0,0,0,0,0,0,0,0,0,0,0,0,0,0,0,0,0,2250,2250,400,400,400,500,300,300,500,3000,3000,40,60,60,750,750,40,60,60,500,500,45,45,45,45,45,45,30,30,30,30,12,12,4,7,7,4,7,7,4,12,12,2,4.5,4.5,7.5,7.5,2,4.5,4.5,5,5,3,3,3,3,3,3,3,3,3,3
102,2.04,FULLBODY_RECOVERY,1371,0,-0.15301051980800007,-0.15301051980800007,0,0.0055999999999999999,-0.0055999999999999999,0,-0.034799999999999998,0.034799999999999998,0,0.28490525184000015,0.28490525184000015,0,-0.056435825869331602,0.088546575411860395,-0.13278420684800005,-0.13278420684800005,0,0.15417366586690542,-0.27122733762307061,-0.0077999999999999996,0.0077999999999999996,-0.032753666807029569,0.02102869600751868,0.64442782028872181,0.58153501422220044,0.0049262056923966152,0.10021681233920005,0.0054483802968034976,0.038366564672198122,-0.24981598393456572,0.14279767069607341,0,0,0,0,0,0,0,0,0,0,0,0,0.88573287964547331,0.52545574007482609,0,0,0,-0.084920586763446299,0.37579562858845172,0,0,0.081391929526677259,-0.052255710896908364,0.38659243748105365,0.54287927001371028,-0.012241480897748087,-0.24903592551505094,-0.013539069923517062,-0.095339820923804469,0.62078560787809933,-0.35484814626537409,0,0,0,0,0,0,0,0,0,0,0,0,0,0,0,0,0,0,0,0,0,0,0,0,0,0,0,0,0,0,0,2250,2250,400,400,400,500,300,300,500,3000,3000,40,60,60,750,750,40,60,60,500,500,45,45,45,45,45,45,30,30,30,30,12,12,4,7,7,4,7,7,4,12,12,2,4.5,4.5,7.5,7.5,2,4.5,4.5,5,5,3,3,3,3,3,3,3,3,3,3
103,2.0600000000000001,FULLBODY_RECOVERY,1373,0,-0.15193358974261728,-0.15193358974261728,0,0.0055999999999999999,-0.0055999999999999999,0,-0.034799999999999998,0.034799999999999998,0,0.28303232998716055,0.28303232998716055,0,-0.038916549256003075,0.098939781614295619,-0.13217550724582716,-0.13217550724582716,0,0.1524939864919336,-0.2637943206056198,-0.0077999999999999996,0.0077999999999999996,-0.031143782201592807,0.019995108709511322,0.65207439185052518,0.59227284762273835,0.0046840763835125851,0.095291027866232558,0.0051805854384120685,0.03648079895951753,-0.23753720888633301,0.1357789825870378,0,0,0,0,0,0,0,0,0,0,0,0,0.86594678338329234,0.51371775665617347,0,0,0,-0.083023573631205855,0.36740085330905781,0,0,0.07957374191098418,-0.051088387711990119,0.37795647582937186,0.53075206807496889,-0.011968022471397534,-0.2434727936631978,-0.013236625081552381,-0.093210055937350406,0.60691808181249085,-0.34692130992247383,0,0,0,0,0,0,0,0,0,0,0,0,0,0,0,0,0,0,0,0,0,0,0,0,0,0,0,0,0,0,0,2250,2250,400,400,400,500,300,300,500,3000,3000,40,60,60,750,750,40,60,60,500,500,45,45,45,45,45,45,30,30,30,30,12,12,4,7,7,4,7,7,4,12,12,2,4.5,4.5,7.5,7.5,2,4.5,4.5,5,5,3,3,3,3,3,3,3,3,3,3
104,2.0800000000000001,FULLBODY_RECOVERY,1375,0,-0.15088129005353088,-0.15088129005353088,0,0.0055999999999999999,-0.0055999999999999999,0,-0.034799999999999998,0.034799999999999998,0,0.28120224357135803,0.28120224357135803,0,-0.021797954533999908,0.10909528567810733,-0.13158072916069136,-0.13158072916069136,0,0.15085272292165719,-0.2565313034907083,-0.0077999999999999996,0.0077999999999999996,-0.029570717130590202,0.018985160499039075,0.65954607932189668,0.6027650969451992,0.0044474847935407139,0.090477900592672134,0.0049189152935414024,0.034638162434704106,-0.22553926066206609,0.12892081829917446,0,0,0,0,0,0,0,0,0,0,0,0,0.84567710705728549,0.50169289225323599,0,0,0,-0.081080196743359145,0.35880090638233109,0,0,0.077711117066667917,-0.049892534684055703,0.36910944783944966,0.51832847249649316,-0.011687880612321934,-0.23777369665580195,-0.012926788367333478,-0.091028238647383047,0.59271162789315546,-0.33880073854597459,0,0,0,0,0,0,0,0,0,0,0,0,0,0,0,0,0,0,0,0,0,0,0,0,0,0,0,0,0,0,0,2250,2250,400,400,400,500,300,300,500,3000,3000,40,60,60,750,750,40,60,60,500,500,45,45,45,45,45,45,30,30,30,30,12,12,4,7,7,4,7,7,4,12,12,2,4.5,4.5,7.5,7.5,2,4.5,4.5,5,5,3,3,3,3,3,3,3,3,3,3
105,2.1000000000000001,FULLBODY_RECOVERY,1377,0,-0.14985420000000005,-0.14985420000000005,0,0.0055999999999999999,-0.0055999999999999999,0,-0.034799999999999998,0.034799999999999998,0,0.27941600000000005,0.27941600000000005,0,-0.0050894649737116548,0.11900749730442506,-0.13100020000000001,-0.13100020000000001,0,0.14925077862219924,-0.24944228435032656,-0.0077999999999999996,0.0077999999999999996,-0.02803533751892609,0.017999407322149094,0.66683876976410317,0.61300598652259808,0.0042165611590197077,0.08578008000000048,0.0046635139037187294,0.032839669413622208,-0.21382874377060679,0.12222695304519882,0,0,0,0,0,0,0,0,0,0,0,0,0.82494912720437186,0.48939614202055393,0,0,0,-0.079092879514901931,0.35000651204835365,0,0,0.075806377709933953,-0.048669643056610187,0.3600623858645291,0.50562397565553918,-0.011401404660881746,-0.2319457413372833,-0.012609946151073172,-0.088797089807025192,0.57818396174371123,-0.33049655858872207,0,0,0,0,0,0,0,0,0,0,0,0,0,0,0,0,0,0,0,0,0,0,0,0,0,0,0,0,0,0,0,2250,2250,400,400,400,500,300,300,500,3000,3000,40,60,60,750,750,40,60,60,500,500,45,45,45,45,45,45,30,30,30,30,12,12,4,7,7,4,7,7,4,12,12,2,4.5,4.5,7.5,7.5,2,4.5,4.5,5,5,3,3,3,3,3,3,3,3,3,3
106,2.1200000000000001,FULLBODY_RECOVERY,1379,0,-0.14885286722054325,-0.14885286722054325,0,0.0055999999999999999,-0.0055999999999999999,0,-0.034799999999999998,0.034799999999999998,0,0.27767455168790128,0.27767455168790128,0,0.011200010554174966,0.12867113135892949,-0.13043422929856791,-0.13043422929856791,0,0.14768900774106111,-0.24253104300877415,-0.0077999999999999996,0.0077999999999999996,-0.026538462022192844,0.017038374776774667,0.67394857475647785,0.62299005597142076,0.003991428607105444,0.081200070939180802,0.0044145174474984755,0.031086278842423098,-0.20241190219231764,0.11570095595562557,0,0,0,0,0,0,0,0,0,0,0,0,0.80378900725779912,0.47684302725859995,0,0,0,-0.077064130392967556,0.34102877083643235,0,0,0.07386192805581282,-0.047421256397512865,0.35082670935805138,0.49265461352165918,-0.011108956214998106,-0.22599628391505588,-0.012286498359836365,-0.086519425634455638,0.563353420588808,-0.32201925181785385,0,0,0,0,0,0,0,0,0,0,0,0,0,0,0,0,0,0,0,0,0,0,0,0,0,0,0,0,0,0,0,2250,2250,400,400,400,500,300,300,500,3000,3000,40,60,60,750,750,40,60,60,500,500,45,45,45,45,45,45,30,30,30,30,12,12,4,7,7,4,7,7,4,12,12,2,4.5,4.5,7.5,7.5,2,4.5,4.5,5,5,3,3,3,3,3,3,3,3,3,3
107,2.1400000000000001,FULLBODY_RECOVERY,1381,0,-0.14787780664256794,-0.14787780664256794,0,0.0055999999999999999,-0.0055999999999999999,0,-0.034799999999999998,0.034799999999999998,0,0.27597879416098769,0.27597879416098769,0,0.02706209531660031,0.13808121839476906,-0.12988310810232101,-0.12988310810232101,0,0.14616821340648053,-0.23580113351686927,-0.0077999999999999996,0.0077999999999999996,-0.025080860396693577,0.01610255706624858,0.68087183813842522,0.63271217106346445,0.0037722029104197835,0.076740228643398245,0.0041720539693252748,0.029378892388243982,-0.19129460694705447,0.10934618297248466,0,0,0,0,0,0,0,0,0,0,0,0,0.78222379754657734,0.46404959541356816,0,0,0,-0.074996542856770043,0.33187915956502112,0,0,0.071880253818149692,-0.046148970598941519,0.34141422487357909,0.47943696565651006,-0.010810909130146411,-0.21993292995950708,-0.011956858477536574,-0.084198157812861302,0.54823896325382759,-0.31337965531454404,0,0,0,0,0,0,0,0,0,0,0,0,0,0,0,0,0,0,0,0,0,0,0,0,0,0,0,0,0,0,0,2250,2250,400,400,400,500,300,300,500,3000,3000,40,60,60,750,750,40,60,60,500,500,45,45,45,45,45,45,30,30,30,30,12,12,4,7,7,4,7,7,4,12,12,2,4.5,4.5,7.5,7.5,2,4.5,4.5,5,5,3,3,3,3,3,3,3,3,3,3
108,2.1600000000000001,FULLBODY_RECOVERY,1383,0,-0.14692949939199995,-0.14692949939199995,0,0.0055999999999999999,-0.0055999999999999999,0,-0.034799999999999998,0.034799999999999998,0,0.27432956415999987,0.27432956415999987,0,0.04248896245603806,0.14723311517547222,-0.12934710835199997,-0.12934710835199997,0,0.14468914602679031,-0.2292558766261733,-0.0077999999999999996,0.0077999999999999996,-0.023663251869466856,0.015192415952817007,0.68760514375142101,0.64216753459768117,0.0035589922418995876,0.072402753740800518,0.0039362431083970126,0.027718352529908646,-0.18048234366216453,0.10316576974304381,0,0,0,0,0,0,0,0,0,0,0,0,0.76028143529577319,0.45103242007728528,0,0,0,-0.072892795417639489,0.32256953134161825,0,0,0.069863922209599527,-0.044854433877408728,0.33183712606473792,0.46598815521398107,-0.010507649519357447,-0.21376353440395179,-0.011621453544935836,-0.081836293490437223,0.53286017016492271,-0.30458896147412262,0,0,0,0,0,0,0,0,0,0,0,0,0,0,0,0,0,0,0,0,0,0,0,0,0,0,0,0,0,0,0,2250,2250,400,400,400,500,300,300,500,3000,3000,40,60,60,750,750,40,60,60,500,500,45,45,45,45,45,45,30,30,30,30,12,12,4,7,7,4,7,7,4,12,12,2,4.5,4.5,7.5,7.5,2,4.5,4.5,5,5,3,3,3,3,3,3,3,3,3,3
109,2.1800000000000002,FULLBODY_RECOVERY,1385,0,-0.14600839170291352,-0.14600839170291352,0,0.0055999999999999999,-0.0055999999999999999,0,-0.034799999999999998,0.034799999999999998,0,0.27272763774419739,0.27272763774419739,0,0.057473352728431237,0.15612251519786047,-0.12882648226686416,-0.12882648226686416,0,0.14325250158977496,-0.22289835226320454,-0.0077999999999999996,0.0077999999999999996,-0.022286303508309596,0.01430837971115223,0.69414532318101474,0.65135169727202369,0.0033518969296454856,0.068189687267240173,0.0037071958275278413,0.026105440648626493,-0.16998020014045756,0.097162624513519757,0,0,0,0,0,0,0,0,0,0,0,0,0.73799074462681524,0.43780860098752705,0,0,0,-0.070755651619015814,0.3131121155629718,0,0,0.067815581941645109,-0.043539346773770193,0.32210799368533327,0.45232584894022154,-0.010199575753222327,-0.20749620154469628,-0.011280724159647669,-0.07943693528043097,0.51723724334923338,-0.29565871800610599,0,0,0,0,0,0,0,0,0,0,0,0,0,0,0,0,0,0,0,0,0,0,0,0,0,0,0,0,0,0,0,2250,2250,400,400,400,500,300,300,500,3000,3000,40,60,60,750,750,40,60,60,500,500,45,45,45,45,45,45,30,30,30,30,12,12,4,7,7,4,7,7,4,12,12,2,4.5,4.5,7.5,7.5,2,4.5,4.5,5,5,3,3,3,3,3,3,3,3,3,3
110,2.2000000000000002,FULLBODY_RECOVERY,1387,0,-0.14511489382716053,-0.14511489382716053,0,0.0055999999999999999,-0.0055999999999999999,0,-0.034799999999999998,0.034799999999999998,0,0.27117372839506182,0.27117372839506182,0,0.072008592241110669,0.1647454592149733,-0.12832146172839509,-0.12832146172839509,0,0.14185891996202968,-0.21673139200365443,-0.0077999999999999996,0.0077999999999999996,-0.020950628591801052,0.013450842081866199,0.70048946349883434,0.66026056855529003,0.0031510092117706945,0.064102905679012667,0.0034850141420111058,0.024540875118691408,-0.1597928539281952,0.091339421022799572,0,0,0,0,0,0,0,0,0,0,0,0,0.71538143655673903,0.42439576402781842,0,0,0,-0.068587960036424478,0.30351951791484921,0,0,0.065737963224558188,-0.042205462153203921,0.31223979558922255,0.43846825717335225,-0.0098870984598856473,-0.20113928504099654,-0.010935124476133679,-0.077003281261086437,0.50139100643450951,-0.28660082793406372,0,0,0,0,0,0,0,0,0,0,0,0,0,0,0,0,0,0,0,0,0,0,0,0,0,0,0,0,0,0,0,2250,2250,400,400,400,500,300,300,500,3000,3000,40,60,60,750,750,40,60,60,500,500,45,45,45,45,45,45,30,30,30,30,12,12,4,7,7,4,7,7,4,12,12,2,4.5,4.5,7.5,7.5,2,4.5,4.5,5,5,3,3,3,3,3,3,3,3,3,3
111,2.2200000000000002,FULLBODY_RECOVERY,1389,0,-0.144249378944,-0.144249378944,0,0.0055999999999999999,-0.0055999999999999999,0,-0.034799999999999998,0.034799999999999998,0,0.26966848511999997,0.26966848511999997,0,0.086088610190700798,0.1730983457589732,-0.127832257664,-0.127832257664,0,0.14050898318831798,-0.21075757154661057,-0.0077999999999999996,0.0077999999999999996,-0.019656784979327269,0.012620161225024074,0.70663491500458364,0.66889042755895778,0.0029564129912500597,0.060144115865600312,0.0032697908484824942,0.023025309398183036,-0.14992455988307718,0.085698591396157209,0,0,0,0,0,0,0,0,0,0,0,0,0.69248410899879209,0.41081206122737801,0,0,0,-0.066392654277525054,0.29380472037218719,0,0,0.063633877767445973,-0.040854585205223753,0.30224588673041786,0.42443413384384843,-0.0095706405250481699,-0.19470138791505831,-0.010585122205705212,-0.074538624975679924,0.48534290464954388,-0.27742754959576565,0,0,0,0,0,0,0,0,0,0,0,0,0,0,0,0,0,0,0,0,0,0,0,0,0,0,0,0,0,0,0,2250,2250,400,400,400,500,300,300,500,3000,3000,40,60,60,750,750,40,60,60,500,500,45,45,45,45,45,45,30,30,30,30,12,12,4,7,7,4,7,7,4,12,12,2,4.5,4.5,7.5,7.5,2,4.5,4.5,5,5,3,3,3,3,3,3,3,3,3,3
112,2.2400000000000002,FULLBODY_RECOVERY,1391,0,-0.14341218206972844,-0.14341218206972844,0,0.0055999999999999999,-0.0055999999999999999,0,-0.034799999999999998,0.034799999999999998,0,0.26821249055604945,0.26821249055604945,0,0.099707956601062353,0.18117794166406842,-0.12735905943071607,-0.12735905943071607,0,0.13920321379092868,-0.20497920318876695,-0.0077999999999999996,0.0077999999999999996,-0.018405273481103213,0.011816658673657249,0.71257929896805106,0.67723793390904397,0.0027681835907687677,0.056314850162410335,0.0030616092537828973,0.021559330119664211,-0.14037913774221344,0.080242319038968946,0,0,0,0,0,0,0,0,0,0,0,0,0.6693302467623341,0.39707617076126245,0,0,0,-0.064172752982060571,0.28398108119908616,0,0,0.061506218778235866,-0.039488573443685615,0.29214000916304439,0.41024277647442875,-0.0092506370919702083,-0.18819136255209257,-0.010231198616525786,-0.072046355432518749,0.46911500482387791,-0.26815149664311533,0,0,0,0,0,0,0,0,0,0,0,0,0,0,0,0,0,0,0,0,0,0,0,0,0,0,0,0,0,0,0,2250,2250,400,400,400,500,300,300,500,3000,3000,40,60,60,750,750,40,60,60,500,500,45,45,45,45,45,45,30,30,30,30,12,12,4,7,7,4,7,7,4,12,12,2,4.5,4.5,7.5,7.5,2,4.5,4.5,5,5,3,3,3,3,3,3,3,3,3,3
113,2.2599999999999998,FULLBODY_RECOVERY,1393,0,-0.14260359896730868,-0.14260359896730868,0,0.0055999999999999999,-0.0055999999999999999,0,-0.034799999999999998,0.034799999999999998,0,0.26680625907358024,0.26680625907358024,0,0.11286182006119416,0.1889813925894237,-0.1269020341989136,-0.1269020341989136,0,0.13794207306903555,-0.19939832829864712,-0.0077999999999999996,0.0077999999999999996,-0.017196536228197834,0.011040618287276649,0.71832051537110542,0.68530013861793493,0.0025863875075712514,0.052616461363516609,0.0028605429038214628,0.020143455180882286,-0.13115995969012206,0.074972531530432596,0,0,0,0,0,0,0,0,0,0,0,0,0.64595222155267029,0.38320729695027755,0,0,0,-0.061931359821885273,0.27406233494869925,0,0,0.059357960963646317,-0.038109336706775715,0.28193629204132375,0.39591402617979443,-0.0089275355614659019,-0.18161831070022949,-0.0098738485336044915,-0.069529957104919049,0.45272999538786274,-0.25878563804214716,0,0,0,0,0,0,0,0,0,0,0,0,0,0,0,0,0,0,0,0,0,0,0,0,0,0,0,0,0,0,0,2250,2250,400,400,400,500,300,300,500,3000,3000,40,60,60,750,750,40,60,60,500,500,45,45,45,45,45,45,30,30,30,30,12,12,4,7,7,4,7,7,4,12,12,2,4.5,4.5,7.5,7.5,2,4.5,4.5,5,5,3,3,3,3,3,3,3,3,3,3
114,2.2799999999999998,FULLBODY_RECOVERY,1395,0,-0.14182388505599991,-0.14182388505599991,0,0.0055999999999999999,-0.0055999999999999999,0,-0.034799999999999998,0.034799999999999998,0,0.26545023487999986,0.26545023487999986,0,0.12554604546316916,0.19650623354207952,-0.12646132633599994,-0.12646132633599994,0,0.13672595939805327,-0.19401670979081898,-0.0077999999999999996,0.0077999999999999996,-0.01603095504255736,0.01029228520538622,0.72385675064970401,0.69307449495623574,0.0024110821683101316,0.049050117734401155,0.0026666553124387177,0.018778131835467449,-0.12226993792669894,0.069890893517283059,0,0,0,0,0,0,0,0,0,0,0,0,0.6223832919712402,0.36922517026110602,0,0,0,-0.059671663500983352,0.26406259246341546,0,0,0.057192160529231928,-0.036718837157015405,0.27164925161968778,0.38146826766700115,-0.0086017955919089409,-0.17499158347062671,-0.0095135803388029377,-0.066993009931230751,0.43621118637283129,-0.24934329807304589,0,0,0,0,0,0,0,0,0,0,0,0,0,0,0,0,0,0,0,0,0,0,0,0,0,0,0,0,0,0,0,2250,2250,400,400,400,500,300,300,500,3000,3000,40,60,60,750,750,40,60,60,500,500,45,45,45,45,45,45,30,30,30,30,12,12,4,7,7,4,7,7,4,12,12,2,4.5,4.5,7.5,7.5,2,4.5,4.5,5,5,3,3,3,3,3,3,3,3,3,3
115,2.2999999999999998,FULLBODY_RECOVERY,1397,0,-0.14107325432098766,-0.14107325432098766,0,0.0055999999999999999,-0.0055999999999999999,0,-0.034799999999999998,0.034799999999999998,0,0.26414479012345682,0.26414479012345682,0,0.13775715174004377,0.20375039939986794,-0.12603705679012345,-0.12603705679012345,0,0.13555520652899622,-0.1888358246001105,-0.0077999999999999996,0.0077999999999999996,-0.014908849807028557,0.0095718648009960328,0.72918648543589293,0.70055886932461497,0.0022423156838948938,0.045616798024691541,0.0024799996902693452,0.017463734783633056,-0.11371151223520881,0.06499879960751076,0,0,0,0,0,0,0,0,0,0,0,0,0.59865760351530684,0.35515004730597988,0,0,0,-0.05739693775539817,0.2539963408746071,0,0,0.055011955179340433,-0.03531908928124522,0.26129379125247598,0.36692642923522034,-0.0082738890992256273,-0.16832078133729167,-0.009150915970832299,-0.064439189314799417,0.41958250941057096,-0.23983815633005223,0,0,0,0,0,0,0,0,0,0,0,0,0,0,0,0,0,0,0,0,0,0,0,0,0,0,0,0,0,0,0,2250,2250,400,400,400,500,300,300,500,3000,3000,40,60,60,750,750,40,60,60,500,500,45,45,45,45,45,45,30,30,30,30,12,12,4,7,7,4,7,7,4,12,12,2,4.5,4.5,7.5,7.5,2,4.5,4.5,5,5,3,3,3,3,3,3,3,3,3,3
116,2.3199999999999998,FULLBODY_RECOVERY,1399,0,-0.14035187822301232,-0.14035187822301232,0,0.0055999999999999999,-0.0055999999999999999,0,-0.034799999999999998,0.034799999999999998,0,0.26289022299654319,0.26289022299654319,0,0.14949234960378144,0.21071223543431872,-0.12562932247387654,-0.12562932247387654,0,0.13443008188783734,-0.18385685615583469,-0.0077999999999999996,0.0077999999999999996,-0.013830476835383743,0.0088795216341364114,0.73430850229980305,0.70775155212564456,0.0020801266043411065,0.042317286480909488,0.0023006186736054257,0.016200564262875472,-0.1054866375502761,0.06029736726408097,0,0,0,0,0,0,0,0,0,0,0,0,0.5748101885783452,0.34100271084310796,0,0,0,-0.055110541353302345,0.24387844360286848,0,0,0.052820564117150859,-0.033912159890654714,0.25088520139432413,0.35230998277581693,-0.0079443002569002524,-0.16161575413727591,-0.0087863909252500205,-0.061872266124041175,0.4028685177340785,-0.23028424772163492,0,0,0,0,0,0,0,0,0,0,0,0,0,0,0,0,0,0,0,0,0,0,0,0,0,0,0,0,0,0,0,2250,2250,400,400,400,500,300,300,500,3000,3000,40,60,60,750,750,40,60,60,500,500,45,45,45,45,45,45,30,30,30,30,12,12,4,7,7,4,7,7,4,12,12,2,4.5,4.5,7.5,7.5,2,4.5,4.5,5,5,3,3,3,3,3,3,3,3,3,3
117,2.3399999999999999,FULLBODY_RECOVERY,1401,0,-0.13965988460800011,-0.13965988460800011,0,0.0055999999999999999,-0.0055999999999999999,0,-0.034799999999999998,0.034799999999999998,0,0.26168675584000017,0.26168675584000017,0,0.16074955928317758,0.21739050783359226,-0.12523819564800004,-0.12523819564800004,0,0.13335078487486413,-0.17908068685599576,-0.0077999999999999996,0.0077999999999999996,-0.012796027242342523,0.0082153784053698442,0.73922189349166589,0.71465126863564765,0.0019245436736188837,0.039152167859200504,0.0021285440532593444,0.014988844138671409,-0.097596771525845671,0.055787429698645363,0,0,0,0,0,0,0,0,0,0,0,0,0.55087696644989803,0.32680446977648714,0,0,0,-0.052815918094989422,0.23372414035797706,0,0,0.050621288044662427,-0.032500168120772749,0.24043915960001438,0.33764094377237153,-0.0076135254959775259,-0.15488660107062791,-0.0084205542544677978,-0.059296106692359463,0.38609438617720482,-0.22069596247040746,0,0,0,0,0,0,0,0,0,0,0,0,0,0,0,0,0,0,0,0,0,0,0,0,0,0,0,0,0,0,0,2250,2250,400,400,400,500,300,300,500,3000,3000,40,60,60,750,750,40,60,60,500,500,45,45,45,45,45,45,30,30,30,30,12,12,4,7,7,4,7,7,4,12,12,2,4.5,4.5,7.5,7.5,2,4.5,4.5,5,5,3,3,3,3,3,3,3,3,3,3
118,2.3599999999999999,FULLBODY_RECOVERY,1403,0,-0.13899735661669144,-0.13899735661669144,0,0.0055999999999999999,-0.0055999999999999999,0,-0.034799999999999998,0.034799999999999998,0,0.26053453324641984,0.26053453324641984,0,0.17152742826177736,0.2237844142253782,-0.12486372330508645,-0.12486372330508645,0,0.13231744516403776,-0.17450789054151561,-0.0077999999999999996,0.0077999999999999996,-0.011805625313597246,0.0075795149093055014,0.74392606868380362,0.72125718987653942,0.0017755855845020055,0.036121822438084372,0.0019637965034267138,0.013828719995181094,-0.090042862103187904,0.051469528765264672,0,0,0,0,0,0,0,0,0,0,0,0,0.5268947433154092,0.31257715915567474,0,0,0,-0.050516596812834325,0.22354904713870472,0,0,0.048417509162664019,-0.031085285431440429,0.22997173052421993,0.32294187130054719,-0.0072820735050521668,-0.14814367070024315,-0.0080539685677432499,-0.056714672818165834,0.36928591117424414,-0.21108804611305598,0,0,0,0,0,0,0,0,0,0,0,0,0,0,0,0,0,0,0,0,0,0,0,0,0,0,0,0,0,0,0,2250,2250,400,400,400,500,300,300,500,3000,3000,40,60,60,750,750,40,60,60,500,500,45,45,45,45,45,45,30,30,30,30,12,12,4,7,7,4,7,7,4,12,12,2,4.5,4.5,7.5,7.5,2,4.5,4.5,5,5,3,3,3,3,3,3,3,3,3,3
119,2.3799999999999999,FULLBODY_RECOVERY,1405,0,-0.13836433159427156,-0.13836433159427156,0,0.0055999999999999999,-0.0055999999999999999,0,-0.034799999999999998,0.034799999999999998,0,0.25943362016395055,0.25943362016395055,0,0.18182534901579395,0.22989359419981925,-0.12450592655328391,-0.12450592655328391,0,0.13133012100235075,-0.17013872497044757,-0.0077999999999999996,0.0077999999999999996,-0.010859326875835962,0.006971966988112227,0.74842076271263469,0.72756894348766954,0.001633260733416797,0.033226421031190778,0.0018063853105496144,0.012720257225944775,-0.082825335078875906,0.047343907854123124,0,0,0,0,0,0,0,0,0,0,0,0,0.50290121225651241,0.29834314017620489,0,0,0,-0.04821619137133637,0.21336915623305641,0,0,0.046212691170774423,-0.029669735606854819,0.21949936592195463,0.30823586802838365,-0.0069504652302796593,-0.141397560952089,-0.0076872100311856442,-0.054132021764947968,0.3524695107606779,-0.20147559950043914,0,0,0,0,0,0,0,0,0,0,0,0,0,0,0,0,0,0,0,0,0,0,0,0,0,0,0,0,0,0,0,2250,2250,400,400,400,500,300,300,500,3000,3000,40,60,60,750,750,40,60,60,500,500,45,45,45,45,45,45,30,30,30,30,12,12,4,7,7,4,7,7,4,12,12,2,4.5,4.5,7.5,7.5,2,4.5,4.5,5,5,3,3,3,3,3,3,3,3,3,3
120,2.3999999999999999,FULLBODY_RECOVERY,1407,0,-0.13776079999999993,-0.13776079999999993,0,0.0055999999999999999,-0.0055999999999999999,0,-0.034799999999999998,0.034799999999999998,0,0.25838399999999989,0.25838399999999989,0,0.19164347675203786,0.2357181398324264,-0.12416479999999996,-0.12416479999999996,0,0.13038879750918431,-0.16597312429219335,-0.0077999999999999996,0.0077999999999999996,-0.0099571176667662686,0.0063927254850313087,0.75270604332068181,0.73358662459767476,0.0014975669752908191,0.030465920000000812,0.001656308102179288,0.011663439124583175,-0.075944081672760788,0.043410504785247106,0,0,0,0,0,0,0,0,0,0,0,0,0.47893495325077584,0.2841253001794608,0,0,0,-0.045918400667094295,0.2032008362181259,0,0,0.044010379267450661,-0.028255794755543961,0.2090389046483121,0.29354658021606417,-0.006619233875375212,-0.13465911911506034,-0.0073208683677560699,-0.051552306261183622,0.33567222457276946,-0.19187407879759921,0,0,0,0,0,0,0,0,0,0,0,0,0,0,0,0,0,0,0,0,0,0,0,0,0,0,0,0,0,0,0,2250,2250,400,400,400,500,300,300,500,3000,3000,40,60,60,750,750,40,60,60,500,500,45,45,45,45,45,45,30,30,30,30,12,12,4,7,7,4,7,7,4,12,12,2,4.5,4.5,7.5,7.5,2,4.5,4.5,5,5,3,3,3,3,3,3,3,3,3,3
121,2.4199999999999999,FULLBODY_RECOVERY,1409,0,-0.13718670431683955,-0.13718670431683955,0,0.0055999999999999999,-0.0055999999999999999,0,-0.034799999999999998,0.034799999999999998,0,0.25738557272493834,0.25738557272493834,0,0.20098274714582498,0.24125860620699768,-0.12384031113560495,-0.12384031113560495,0,0.12949338497566698,-0.16201069152172254,-0.0077999999999999996,0.0077999999999999996,-0.0090989117051379353,0.0058417351978904686,0.75678231889856717,0.73931080669631211,0.0013684913784017885,0.027840056266588364,0.0015135505758393716,0.010658164975497431,-0.069398446095965127,0.039668944702219155,0,0,0,0,0,0,0,0,0,0,0,0,0.45503543317174655,0.26994705265229735,0,0,0,-0.043627008628790986,0.19306083196010126,0,0,0.041814200149919989,-0.026845791310345368,0.19860757265837137,0.27889819771567126,-0.0062889249016026549,-0.12793944184100736,-0.0069555468572603252,-0.048979774500350348,0.31892171384750867,-0.18229929548364554,0,0,0,0,0,0,0,0,0,0,0,0,0,0,0,0,0,0,0,0,0,0,0,0,0,0,0,0,0,0,0,2250,2250,400,400,400,500,300,300,500,3000,3000,40,60,60,750,750,40,60,60,500,500,45,45,45,45,45,45,30,30,30,30,12,12,4,7,7,4,7,7,4,12,12,2,4.5,4.5,7.5,7.5,2,4.5,4.5,5,5,3,3,3,3,3,3,3,3,3,3
122,2.4399999999999999,FULLBODY_RECOVERY,1411,0,-0.13664193796108637,-0.13664193796108637,0,0.0055999999999999999,-0.0055999999999999999,0,-0.034799999999999998,0.034799999999999998,0,0.25643815297580241,0.25643815297580241,0,0.20984489407890772,0.24651602193851829,-0.12353239971713578,-0.12353239971713578,0,0.12864371716403267,-0.1582506910137893,-0.0077999999999999996,0.0077999999999999996,-0.0082845496607694691,0.0053188938326174939,0.76065034622701666,0.74474255250630161,0.0012460099792267129,0.025348342326360518,0.001378086227888875,0.0097042481445691608,-0.063187213118860441,0.036118532965901284,0,0,0,0,0,0,0,0,0,0,0,0,0.4312430057890726,0.25583233722750176,0,0,0,-0.041345884217251772,0.18296626461435372,0,0,0.039627862014221527,-0.025442106028449735,0.18822298300744111,0.26431545397178624,-0.0059600960277846754,-0.12124987514468,-0.0065918623363537751,-0.046418770140975452,0.30224626142257849,-0.17276741635174342,0,0,0,0,0,0,0,0,0,0,0,0,0,0,0,0,0,0,0,0,0,0,0,0,0,0,0,0,0,0,0,2250,2250,400,400,400,500,300,300,500,3000,3000,40,60,60,750,750,40,60,60,500,500,45,45,45,45,45,45,30,30,30,30,12,12,4,7,7,4,7,7,4,12,12,2,4.5,4.5,7.5,7.5,2,4.5,4.5,5,5,3,3,3,3,3,3,3,3,3,3
123,2.46,FULLBODY_RECOVERY,1413,0,-0.13612634419200001,-0.13612634419200001,0,0.0055999999999999999,-0.0055999999999999999,0,-0.034799999999999998,0.034799999999999998,0,0.25554146816000001,0.25554146816000001,0,0.21823246737738788,0.25149189969609775,-0.123240977152,-0.123240977152,0,0.12783954960697691,-0.15469204093714839,-0.0077999999999999996,0.0077999999999999996,-0.0075137972245690743,0.0048240509567524792,0.76431123821886482,0.74988342485518356,0.0011300875372904015,0.022990061260801165,0.0012498760823852206,0.0088014141698584125,-0.057308595639061988,0.032758248048149419,0,0,0,0,0,0,0,0,0,0,0,0,0.40759891176845864,0.24180561968381031,0,0,0,-0.039078981425387516,0.17293463162540434,0,0,0.037455154555265935,-0.024047171991391919,0.17790313585092088,0.24982362602121722,-0.0056333172303064602,-0.11460201440394169,-0.0062304451985472492,-0.043873732306622115,0.28567477173689904,-0.16329496350944162,0,0,0,0,0,0,0,0,0,0,0,0,0,0,0,0,0,0,0,0,0,0,0,0,0,0,0,0,0,0,0,2250,2250,400,400,400,500,300,300,500,3000,3000,40,60,60,750,750,40,60,60,500,500,45,45,45,45,45,45,30,30,30,30,12,12,4,7,7,4,7,7,4,12,12,2,4.5,4.5,7.5,7.5,2,4.5,4.5,5,5,3,3,3,3,3,3,3,3,3,3
124,2.48,FULLBODY_RECOVERY,1415,0,-0.13563971502143202,-0.13563971502143202,0,0.0055999999999999999,-0.0055999999999999999,0,-0.034799999999999998,0.034799999999999998,0,0.2546951565590122,0.2546951565590122,0,0.22614885054964606,0.25618824672587071,-0.12296592588167897,-0.12296592588167897,0,0.12708055790701717,-0.15133330574877313,-0.0077999999999999996,0.0077999999999999996,-0.0067863434785588317,0.0043570069529618172,0.7677664716610535,0.7547354975471503,0.0010206772900144545,0.02076426175020285,0.0011288684199469851,0.0079492988523042762,-0.05176022224938448,0.02958673442552362,0,0,0,0,0,0,0,0,0,0,0,0,0.38414527867167703,0.22789189194544202,0,0,0,-0.03683033927820295,0.16298380672678525,0,0,0.035299948966743822,-0.022663474605025269,0.16766641844432328,0.23544853449271042,-0.0053091707431054611,-0.10800770435952511,-0.0058719393941968068,-0.041349195585857479,0.26923677083003916,-0.15389881437824493,0,0,0,0,0,0,0,0,0,0,0,0,0,0,0,0,0,0,0,0,0,0,0,0,0,0,0,0,0,0,0,2250,2250,400,400,400,500,300,300,500,3000,3000,40,60,60,750,750,40,60,60,500,500,45,45,45,45,45,45,30,30,30,30,12,12,4,7,7,4,7,7,4,12,12,2,4.5,4.5,7.5,7.5,2,4.5,4.5,5,5,3,3,3,3,3,3,3,3,3,3
125,2.5,FULLBODY_RECOVERY,1417,0,-0.13518179012345677,-0.13518179012345677,0,0.0055999999999999999,-0.0055999999999999999,0,-0.034799999999999998,0.034799999999999998,0,0.25389876543209872,0.25389876543209872,0,0.23359827852425497,0.26060757537391543,-0.12270709876543208,-0.12270709876543208,0,0.12636633603584879,-0.14817268866807698,-0.0077999999999999996,0.0077999999999999996,-0.0061017992658993214,0.0039175119725514684,0.77101789495663775,0.75930136623489197,0.00091772070756618307,0.01866975308642016,0.0010149985066173484,0.0071474463464241134,-0.046539124805860421,0.026602295473019621,0,0,0,0,0,0,0,0,0,0,0,0,0.3609251209564901,0.21411667208255381,0,0,0,-0.034604081832845246,0.15313203994129498,0,0,0.033166197941147946,-0.021293551599534111,0.15753160514325182,0.22121654360729437,-0.0049882510576720884,-0.10147903911505995,-0.0055170024305061655,-0.038849790032256803,0.25296240634214984,-0.14459620169375853,0,0,0,0,0,0,0,0,0,0,0,0,0,0,0,0,0,0,0,0,0,0,0,0,0,0,0,0,0,0,0,2250,2250,400,400,400,500,300,300,500,3000,3000,40,60,60,750,750,40,60,60,500,500,45,45,45,45,45,45,30,30,30,30,12,12,4,7,7,4,7,7,4,12,12,2,4.5,4.5,7.5,7.5,2,4.5,4.5,5,5,3,3,3,3,3,3,3,3,3,3
126,2.52,FULLBODY_RECOVERY,1419,0,-0.13475225574400007,-0.13475225574400007,0,0.0055999999999999999,-0.0055999999999999999,0,-0.034799999999999998,0.034799999999999998,0,0.25315174912000016,0.25315174912000016,0,0.24058585538790567,0.26475291360917286,-0.12246431846400005,-0.12246431846400005,0,0.12569639463370336,-0.14520802415112133,-0.0077999999999999996,0.0077999999999999996,-0.0054596955609129139,0.0035052648889804527,0.77406773586678357,0.76358415929144208,0.00082114724770757097,0.016705100185600452,0.00090818832272673844,0.0063953072510140041,-0.041641725995698486,0.023802886357773279,0,0,0,0,0,0,0,0,0,0,0,0,0.33798233997670568,0.20050600431110732,0,0,0,-0.032404418178529071,0.14339795758083751,0,0,0.031057935669789871,-0.019939993029445546,0.14751785740352297,0.2071545611782355,-0.0046711649230597729,-0.095028362137283828,-0.0051663053715369361,-0.036380241164461757,0.23688244751454146,-0.13540471350591554,0,0,0,0,0,0,0,0,0,0,0,0,0,0,0,0,0,0,0,0,0,0,0,0,0,0,0,0,0,0,0,2250,2250,400,400,400,500,300,300,500,3000,3000,40,60,60,750,750,40,60,60,500,500,45,45,45,45,45,45,30,30,30,30,12,12,4,7,7,4,7,7,4,12,12,2,4.5,4.5,7.5,7.5,2,4.5,4.5,5,5,3,3,3,3,3,3,3,3,3,3
127,2.54,FULLBODY_RECOVERY,1421,0,-0.13435074361046923,-0.13435074361046923,0,0.0055999999999999999,-0.0055999999999999999,0,-0.034799999999999998,0.034799999999999998,0,0.25245346714864214,0.25245346714864214,0,0.24711757212332319,0.26862781554635973,-0.12223737682330868,-0.12223737682330868,0,0.12507015930870763,-0.14243677036484348,-0.0077999999999999996,0.0077999999999999996,-0.0048594818391077266,0.0031199122513736466,0.77691860925277867,0.76758754868202139,0.00073087411064379215,0.014868618600928807,0.00080834629175587092,0.0056922366998456431,-0.037063826905278763,0.021186106932783,0,0,0,0,0,0,0,0,0,0,0,0,0.31536172398225482,0.18708645899279119,0,0,0,-0.030235642436605981,0.13380056224633341,0,0,0.028979277842819395,-0.018605441273632228,0.13764472378098302,0.19329003861103811,-0.004358531345877853,-0.088668266255814698,-0.0048205328381914492,-0.033945369966095762,0.22102828518928419,-0.12634229317867174,0,0,0,0,0,0,0,0,0,0,0,0,0,0,0,0,0,0,0,0,0,0,0,0,0,0,0,0,0,0,0,2250,2250,400,400,400,500,300,300,500,3000,3000,40,60,60,750,750,40,60,60,500,500,45,45,45,45,45,45,30,30,30,30,12,12,4,7,7,4,7,7,4,12,12,2,4.5,4.5,7.5,7.5,2,4.5,4.5,5,5,3,3,3,3,3,3,3,3,3,3
128,2.5600000000000001,FULLBODY_RECOVERY,1423,0,-0.13397682984138268,-0.13397682984138268,0,0.0055999999999999999,-0.0055999999999999999,0,-0.034799999999999998,0.034799999999999998,0,0.25180318233283944,0.25180318233283944,0,0.25320032434719586,0.27223637196888451,-0.12202603425817282,-0.12202603425817282,0,0.12448696893623912,-0.13985600166126799,-0.0077999999999999996,0.0077999999999999996,-0.004300524447200138,0.0027610472380351636,0.77957352481802289,0.7713157608358836,0.00064680599387245685,0.013158369535367864,0.00071536700919908047,0.0050374924523701736,-0.032800594588127119,0.018749194630626409,0,0,0,0,0,0,0,0,0,0,0,0,0.29310894811873656,0.17388513263492111,0,0,0,-0.028102133760489478,0.12435923282790862,0,0,0.026934421649185691,-0.017292591035261706,0.12793213993146368,0.17965097090318904,-0.0040509815902856766,-0.082411593663200833,-0.0044803830082221219,-0.031550092885773706,0.20543193180911912,-0.11742723939000554,0,0,0,0,0,0,0,0,0,0,0,0,0,0,0,0,0,0,0,0,0,0,0,0,0,0,0,0,0,0,0,2250,2250,400,400,400,500,300,300,500,3000,3000,40,60,60,750,750,40,60,60,500,500,45,45,45,45,45,45,30,30,30,30,12,12,4,7,7,4,7,7,4,12,12,2,4.5,4.5,7.5,7.5,2,4.5,4.5,5,5,3,3,3,3,3,3,3,3,3,3
129,2.5800000000000001,FULLBODY_RECOVERY,1425,0,-0.13363003385599997,-0.13363003385599997,0,0.0055999999999999999,-0.0055999999999999999,0,-0.034799999999999998,0.034799999999999998,0,0.25120005887999997,0.25120005887999997,0,0.25884193004807265,0.27558322085175657,-0.12183001913599997,-0.12183001913599997,0,0.12394607395828805,-0.13746240105172713,-0.0077999999999999996,0.0077999999999999996,-0.0037821049731402989,0.0024282086099631783,0.78203589485003722,0.77477358751814895,0.00056883484703236509,0.011572154854400774,0.00062913097142698604,0.0044302329844146948,-0.028846549632913998,0.016489017357182778,0,0,0,0,0,0,0,0,0,0,0,0,0.27127057442812852,0.16092964789086173,0,0,0,-0.02600835633573273,0.11509372450483335,0,0,0.024927645776633145,-0.016004189341856101,0.11840042861120947,0.16626589664445746,-0.0037491591780049183,-0.076271435915031827,-0.0041465676162387444,-0.029199421837236561,0.19012602141771362,-0.10867820613218448,0,0,0,0,0,0,0,0,0,0,0,0,0,0,0,0,0,0,0,0,0,0,0,0,0,0,0,0,0,0,0,2250,2250,400,400,400,500,300,300,500,3000,3000,40,60,60,750,750,40,60,60,500,500,45,45,45,45,45,45,30,30,30,30,12,12,4,7,7,4,7,7,4,12,12,2,4.5,4.5,7.5,7.5,2,4.5,4.5,5,5,3,3,3,3,3,3,3,3,3,3
130,2.6000000000000001,FULLBODY_RECOVERY,1427,0,-0.13330981728395058,-0.13330981728395058,0,0.0055999999999999999,-0.0055999999999999999,0,-0.034799999999999998,0.034799999999999998,0,0.25064316049382707,0.25064316049382707,0,0.264051147324321,0.27867355788451897,-0.12164902716049381,-0.12164902716049381,0,0.12344663468280981,-0.13525225268107466,-0.0077999999999999996,0.0077999999999999996,-0.0033034186161348122,0.0021208796643609196,0.78430954196247127,0.7779663967016619,0.00049683962675226012,0.010107512098766591,0.0005495043045495307,0.0038695155788807112,-0.025195553731418574,0.01440206638533903,0,0,0,0,0,0,0,0,0,0,0,0,0.24989405184876468,0.14824815355960475,0,0,0,-0.023958859380021624,0.10602416874553322,0,0,0.022963310411762416,-0.014743035545308758,0.10907029967645032,0.15316389801706132,-0.0034537198883157622,-0.070261133929860886,-0.0038198119536949487,-0.026898464199182071,0.17514380965973908,-0.10011420271169857,0,0,0,0,0,0,0,0,0,0,0,0,0,0,0,0,0,0,0,0,0,0,0,0,0,0,0,0,0,0,0,2250,2250,400,400,400,500,300,300,500,3000,3000,40,60,60,750,750,40,60,60,500,500,45,45,45,45,45,45,30,30,30,30,12,12,4,7,7,4,7,7,4,12,12,2,4.5,4.5,7.5,7.5,2,4.5,4.5,5,5,3,3,3,3,3,3,3,3,3,3
131,2.6200000000000001,FULLBODY_RECOVERY,1429,0,-0.13301558287486431,-0.13301558287486431,0,0.0055999999999999999,-0.0055999999999999999,0,-0.034799999999999998,0.034799999999999998,0,0.25013144847802482,0.25013144847802482,0,0.26883769212202324,0.28151314699414076,-0.12148272075535807,-0.12148272075535807,0,0.12298771958308718,-0.13322143430190581,-0.0077999999999999996,0.0077999999999999996,-0.0028635725566698023,0.001838487188150828,0.78639870683709523,0.78090014343883141,0.0004306860514997346,0.0087617094972063381,0.00047633849327918809,0.003354294416447412,-0.021840797246524435,0.012484449248714835,0,0,0,0,0,0,0,0,0,0,0,0,0.22902771621429174,0.13586932458595768,0,0,0,-0.021958277143094285,0.097171073307533717,0,0,0.021045857239970767,-0.013511981321802369,0.099962850083445964,0.14037460079511233,-0.0031653317580510043,-0.06439427798916042,-0.0035008548688961888,-0.024652422815321651,0.16051917378060443,-0.091754593749038271,0,0,0,0,0,0,0,0,0,0,0,0,0,0,0,0,0,0,0,0,0,0,0,0,0,0,0,0,0,0,0,2250,2250,400,400,400,500,300,300,500,3000,3000,40,60,60,750,750,40,60,60,500,500,45,45,45,45,45,45,30,30,30,30,12,12,4,7,7,4,7,7,4,12,12,2,4.5,4.5,7.5,7.5,2,4.5,4.5,5,5,3,3,3,3,3,3,3,3,3,3
132,2.6400000000000001,FULLBODY_RECOVERY,1431,0,-0.13274667340800012,-0.13274667340800012,0,0.0055999999999999999,-0.0055999999999999999,0,-0.034799999999999998,0.034799999999999998,0,0.24966377984000018,0.24966377984000018,0,0.27321225597289267,0.28410833086795728,-0.12133072844800005,-0.12133072844800005,0,0.12256830359708604,-0.13136540974877331,-0.0077999999999999996,0.0077999999999999996,-0.0024615843265359816,0.0015804004114888248,0.78830805596580911,0.78358138073346639,0.00037022635643021995,0.0075317409792001744,0.00040947010979368315,0.0028834186662678452,-0.018774786780194397,0.010731882635377499,0,0,0,0,0,0,0,0,0,0,0,0,0.2087207902547128,0.12382236206043284,0,0,0,-0.020011328906816006,0.088555322237393597,0,0,0.019179809445446505,-0.012313930671840889,0.091099563888663582,0.12792817434477133,-0.0028846750815991751,-0.058684707737305386,-0.0031904487669938419,-0.022466595994410921,0.14628661262635623,-0.083619099178733336,0,0,0,0,0,0,0,0,0,0,0,0,0,0,0,0,0,0,0,0,0,0,0,0,0,0,0,0,0,0,0,2250,2250,400,400,400,500,300,300,500,3000,3000,40,60,60,750,750,40,60,60,500,500,45,45,45,45,45,45,30,30,30,30,12,12,4,7,7,4,7,7,4,12,12,2,4.5,4.5,7.5,7.5,2,4.5,4.5,5,5,3,3,3,3,3,3,3,3,3,3
133,2.6600000000000001,FULLBODY_RECOVERY,1433,0,-0.13250237060187656,-0.13250237060187656,0,0.0055999999999999999,-0.0055999999999999999,0,-0.034799999999999998,0.034799999999999998,0,0.24923890539456792,0.24923890539456792,0,0.27718652373221175,0.28646604147655808,-0.12119264425323457,-0.12119264425323457,0,0.12218726642681454,-0.12967922141241006,-0.0077999999999999996,0.0077999999999999996,-0.0020963801788519421,0.0013459299612771924,0.79004268939264177,0.78601727041262226,0.0003152990482357676,0.0064143211877141226,0.00034872054259943441,0.0024556305766709752,-0.015989332741470186,0.0091396852815655016,0,0,0,0,0,0,0,0,0,0,0,0,0.1890233835960764,0.11213699321926951,0,0,0,-0.018122818985127909,0.080198175870849209,0,0,0.017369771711206461,-0.011151839920296724,0.082502312248566856,0.1158553316246369,-0.0026124424109045391,-0.053146512181706518,-0.0028893596099897195,-0.020346377510196967,0.13248124664382299,-0.075727794249569325,0,0,0,0,0,0,0,0,0,0,0,0,0,0,0,0,0,0,0,0,0,0,0,0,0,0,0,0,0,0,0,2250,2250,400,400,400,500,300,300,500,3000,3000,40,60,60,750,750,40,60,60,500,500,45,45,45,45,45,45,30,30,30,30,12,12,4,7,7,4,7,7,4,12,12,2,4.5,4.5,7.5,7.5,2,4.5,4.5,5,5,3,3,3,3,3,3,3,3,3,3
134,2.6800000000000002,FULLBODY_RECOVERY,1435,0,-0.13228189402390134,-0.13228189402390134,0,0.0055999999999999999,-0.0055999999999999999,0,-0.034799999999999998,0.034799999999999998,0,0.24885546786765447,0.24885546786765447,0,0.28077319131673573,0.28859381059672806,-0.1210680270569877,-0.1210680270569877,0,0.12184339083768092,-0.12815748271393934,-0.0077999999999999996,0.0077999999999999996,-0.0017667934580877231,0.0011343268146769558,0.79160814845575178,0.78821559399845187,0.00026572865999403839,0.0054058804919319137,0.00029389572539409436,0.0020695635658599665,-0.013475536914441477,0.0077027708653947258,0,0,0,0,0,0,0,0,0,0,0,0,0.16998649276056543,0.10084347144481143,0,0,0,-0.016297636724138531,0.072121270832881113,0,0,0.015620430219093207,-0.010028717716376034,0.074193353419926833,0.10418732918551221,-0.0023493385554747281,-0.047794029692826978,-0.0025983669167391893,-0.01829725660150161,0.1191388178811037,-0.068101109524587589,0,0,0,0,0,0,0,0,0,0,0,0,0,0,0,0,0,0,0,0,0,0,0,0,0,0,0,0,0,0,0,2250,2250,400,400,400,500,300,300,500,3000,3000,40,60,60,750,750,40,60,60,500,500,45,45,45,45,45,45,30,30,30,30,12,12,4,7,7,4,7,7,4,12,12,2,4.5,4.5,7.5,7.5,2,4.5,4.5,5,5,3,3,3,3,3,3,3,3,3,3
135,2.7000000000000002,FULLBODY_RECOVERY,1437,0,-0.13208439999999982,-0.13208439999999982,0,0.0055999999999999999,-0.0055999999999999999,0,-0.034799999999999998,0.034799999999999998,0,0.24851199999999965,0.24851199999999965,0,0.28398598344263437,0.29049978033435053,-0.12095639999999988,-0.12095639999999988,0,0.121535360957849,-0.12679437057909482,-0.0077999999999999996,0.0077999999999999996,-0.0014715629700882138,0.00094478125262215107,0.79301042352943885,0.79018476358004275,0.00022132550601677847,0.0045025600000010435,0.00024478586592986684,0.0017237403126109108,-0.011223780026226038,0.0064156409005819981,0,0,0,0,0,0,0,0,0,0,0,0,0.15166200116631945,0.089972576264774062,0,0,0,-0.014540756502029462,0.064346620037503133,0,0,0.013936552649765344,-0.0089476250335993046,0.066195332759499959,0.092955967170305076,-0.0020960805823720674,-0.042641848003927008,-0.0023182637629449304,-0.016324817972135364,0.10629568998696826,-0.060759830880752208,0,0,0,0,0,0,0,0,0,0,0,0,0,0,0,0,0,0,0,0,0,0,0,0,0,0,0,0,0,0,0,2250,2250,400,400,400,500,300,300,500,3000,3000,40,60,60,750,750,40,60,60,500,500,45,45,45,45,45,45,30,30,30,30,12,12,4,7,7,4,7,7,4,12,12,2,4.5,4.5,7.5,7.5,2,4.5,4.5,5,5,3,3,3,3,3,3,3,3,3,3
136,2.7200000000000002,FULLBODY_RECOVERY,1439,0,-0.13190898052424693,-0.13190898052424693,0,0.0055999999999999999,-0.0055999999999999999,0,-0.034799999999999998,0.034799999999999998,0,0.24820692265086422,0.24820692265086422,0,0.2868396713633885,0.29219271364731902,-0.12085724986153086,-0.12085724986153086,0,0.12126176057759974,-0.12558361791243922,-0.0077999999999999996,0.0077999999999999996,-0.0012093313520971094,0.00077642181333298366,0.79425596176613178,0.79193383268526407,0.00018188543669915569,0.0037002065717748334,0.00020116517487629715,0.0014165708469745519,-0.0092237093149627469,0.0052723776301646375,0,0,0,0,0,0,0,0,0,0,0,0,0.13410267912767893,0.079555613352910726,0,0,0,-0.012857237729088644,0.056896612687951098,0,0,0.012322988182689176,-0.0079116751698346532,0.05853128272423902,0.082193589314227822,-0.0018533978162080245,-0.037704804211380338,-0.0020498567811638724,-0.014434741790947392,0.093988848210879716,-0.053725099509349672,0,0,0,0,0,0,0,0,0,0,0,0,0,0,0,0,0,0,0,0,0,0,0,0,0,0,0,0,0,0,0,2250,2250,400,400,400,500,300,300,500,3000,3000,40,60,60,750,750,40,60,60,500,500,45,45,45,45,45,45,30,30,30,30,12,12,4,7,7,4,7,7,4,12,12,2,4.5,4.5,7.5,7.5,2,4.5,4.5,5,5,3,3,3,3,3,3,3,3,3,3
137,2.7400000000000002,FULLBODY_RECOVERY,1441,0,-0.13175466216849407,-0.13175466216849407,0,0.0055999999999999999,-0.0055999999999999999,0,-0.034799999999999998,0.034799999999999998,0,0.24793854290172881,0.24793854290172881,0,0.28935009060774153,0.29368200486846696,-0.12077002644306185,-0.12077002644306185,0,0.12102107144868546,-0.12451850607157677,-0.0077999999999999996,0.0077999999999999996,-0.00097864344278064674,0.00062831424582876494,0.79535167483840841,0.79347250715261186,0.00014718959336845749,0.00299436783154583,0.00016279159468331195,0.0011463506409730151,-0.0074642260977908492,0.0042666369202080112,0,0,0,0,0,0,0,0,0,0,0,0,0.11736218385451913,0.069624414528624001,0,0,0,-0.011252224847693726,0.049794014276383081,0,0,0.010784667496152589,-0.0069240337472700753,0.051224622871137715,0.071933082944419802,-0.0016220318391560462,-0.032997984774368883,-0.0017939661607905416,-0.012632803691778327,0.082255899403005373,-0.047018411915689118,0,0,0,0,0,0,0,0,0,0,0,0,0,0,0,0,0,0,0,0,0,0,0,0,0,0,0,0,0,0,0,2250,2250,400,400,400,500,300,300,500,3000,3000,40,60,60,750,750,40,60,60,500,500,45,45,45,45,45,45,30,30,30,30,12,12,4,7,7,4,7,7,4,12,12,2,4.5,4.5,7.5,7.5,2,4.5,4.5,5,5,3,3,3,3,3,3,3,3,3,3
138,2.7599999999999998,FULLBODY_RECOVERY,1443,0,-0.13162040499200003,-0.13162040499200003,0,0.0055999999999999999,-0.0055999999999999999,0,-0.034799999999999998,0.034799999999999998,0,0.24770505216000008,0.24770505216000008,0,0.29153415871756927,0.29497769022846398,-0.12069414195200001,-0.12069414195200001,0,0.12081167158369199,-0.12359185734138389,-0.0077999999999999996,0.0077999999999999996,-0.00077794465225100584,0.00049946046344218065,0.79630494668097729,0.79481115600304086,0.00011700416313291384,0.0023802871808000781,0.00012940652844467548,0.00091125869930341885,-0.005933473338842532,0.0033916411535370727,0,0,0,0,0,0,0,0,0,0,0,0,0.10149505945304949,0.060211337757021255,0,0,0,-0.0097309473323314855,0.04306196658414585,0,0,0.0093266027672150864,-0.0059879187124245448,0.044299159857241754,0.062207878980347076,-0.0014027364909484363,-0.028536725515060368,-0.0015514256480754496,-0.010924874773510229,0.071135072014505418,-0.040661619919124536,0,0,0,0,0,0,0,0,0,0,0,0,0,0,0,0,0,0,0,0,0,0,0,0,0,0,0,0,0,0,0,2250,2250,400,400,400,500,300,300,500,3000,3000,40,60,60,750,750,40,60,60,500,500,45,45,45,45,45,45,30,30,30,30,12,12,4,7,7,4,7,7,4,12,12,2,4.5,4.5,7.5,7.5,2,4.5,4.5,5,5,3,3,3,3,3,3,3,3,3,3
139,2.7799999999999998,FULLBODY_RECOVERY,1445,0,-0.13150510145106165,-0.13150510145106165,0,0.0055999999999999999,-0.0055999999999999999,0,-0.034799999999999998,0.034799999999999998,0,0.24750452426271588,0.24750452426271588,0,0.29340989298586351,0.29609045837874781,-0.12062897038538266,-0.12062897038538266,0,0.1206318335553922,-0.12279602740821094,-0.0077999999999999996,0.0077999999999999996,-0.00060557933209204329,0.00038879749733178315,0.79712364123269808,0.79596082231182574,9.1080133730520041e-05,0.0018528988109434152,0.00010073456876029396,0.00070935565003260592,-0.0046188232172106325,0.0026401721234430298,0,0,0,0,0,0,0,0,0,0,0,0,0.086556736925924582,0.05134926714929211,0,0,0,-0.008298719689636691,0.036723987681952508,0,0,0.0079538876717966112,-0.0051066003361868728,0.037779087439948622,0.053051951933769104,-0.0011962778688676817,-0.024336611618736015,-0.0013230825461268275,-0.0093169216000693611,0.060665216097577357,-0.034676930653398941,0,0,0,0,0,0,0,0,0,0,0,0,0,0,0,0,0,0,0,0,0,0,0,0,0,0,0,0,0,0,0,2250,2250,400,400,400,500,300,300,500,3000,3000,40,60,60,750,750,40,60,60,500,500,45,45,45,45,45,45,30,30,30,30,12,12,4,7,7,4,7,7,4,12,12,2,4.5,4.5,7.5,7.5,2,4.5,4.5,5,5,3,3,3,3,3,3,3,3,3,3
140,2.7999999999999998,FULLBODY_RECOVERY,1447,0,-0.13140757530864194,-0.13140757530864194,0,0.0055999999999999999,-0.0055999999999999999,0,-0.034799999999999998,0.034799999999999998,0,0.24733491358024687,0.24733491358024687,0,0.29499642819460625,0.29703166091443567,-0.12057384691358022,-0.12057384691358022,0,0.12047972279610653,-0.12212289783410579,-0.0077999999999999996,0.0077999999999999996,-0.0004597891453791414,0.00029519644999470573,0.79781611017857523,0.79693323408039163,6.9153048378206572e-05,0.0014068227160506375,7.6483226599602383e-05,0.00053858183530064441,-0.0035068646949394378,0.0020045639274011151,0,0,0,0,0,0,0,0,0,0,0,0,0.07260353417115617,0.043071612962219952,0,0,0,-0.0069609414583088336,0.03080397192948281,0,0,0.0066716973846719929,-0.0042834012137629718,0.031688986476596792,0.044499819908527805,-0.0010034343277631058,-0.02041347763357404,-0.0011097977148957078,-0.00781500620038178,0.050885803305145139,-0.029086906566311299,0,0,0,0,0,0,0,0,0,0,0,0,0,0,0,0,0,0,0,0,0,0,0,0,0,0,0,0,0,0,0,2250,2250,400,400,400,500,300,300,500,3000,3000,40,60,60,750,750,40,60,60,500,500,45,45,45,45,45,45,30,30,30,30,12,12,4,7,7,4,7,7,4,12,12,2,4.5,4.5,7.5,7.5,2,4.5,4.5,5,5,3,3,3,3,3,3,3,3,3,3
141,2.8199999999999998,FULLBODY_RECOVERY,1449,0,-0.13132658054400009,-0.13132658054400009,0,0.0055999999999999999,-0.0055999999999999999,0,-0.034799999999999998,0.034799999999999998,0,0.24719405312000012,0.24719405312000012,0,0.29631403435270975,0.29781332289723661,-0.12052806726400003,-0.12052806726400003,0,0.12035339589705984,-0.12156386853103163,-0.0077999999999999996,0.0077999999999999996,-0.00033871143670516357,0.00021746144878126428,0.79839120069176195,0.79774081510816686,5.0942760619995808e-05,0.0010363597056004537,5.6342660164465652e-05,0.00039675540201733472,-0.0025833910850048269,0.0014766958607905778,0,0,0,0,0,0,0,0,0,0,0,0,0.059692655983090148,0.035412311598026491,0,0,0,-0.0057230972091509846,0.025326189975305446,0,0,0.0054852885793182926,-0.0035216962646480998,0.026053824924565649,0.036586544600480941,-0.00082499648002970494,-0.016783407470599698,-0.00091244557117488301,-0.0064252860683788882,0.041836926890637116,-0.023914465419550002,0,0,0,0,0,0,0,0,0,0,0,0,0,0,0,0,0,0,0,0,0,0,0,0,0,0,0,0,0,0,0,2250,2250,400,400,400,500,300,300,500,3000,3000,40,60,60,750,750,40,60,60,500,500,45,45,45,45,45,45,30,30,30,30,12,12,4,7,7,4,7,7,4,12,12,2,4.5,4.5,7.5,7.5,2,4.5,4.5,5,5,3,3,3,3,3,3,3,3,3,3
142,2.8399999999999999,FULLBODY_RECOVERY,1451,0,-0.13126080026232073,-0.13126080026232073,0,0.0055999999999999999,-0.0055999999999999999,0,-0.034799999999999998,0.034799999999999998,0,0.24707965263012302,0.24707965263012302,0,0.29738413443392986,0.29844815337835673,-0.12049088710478997,-0.12049088710478997,0,0.12025079890774049,-0.12110985023509357,-0.0077999999999999996,0.0077999999999999996,-0.00024037760220640969,0.00015432859940878174,0.79885826317555786,0.79839669586441087,3.6153189177018374e-05,0.00073548641722664954,3.9985403752607063e-05,0.00028157039256548888,-0.0018333876193139531,0.001047985310619115,0,0,0,0,0,0,0,0,0,0,0,0,0.047882194052339955,0.028405825605370971,0,0,0,-0.0045907565451058785,0.020315288757566385,0,0,0.0043999994280952137,-0.0028249127327337198,0.020898957841619659,0.029347731298101642,-0.00066176719562202613,-0.013462734403935084,-0.00073191408861902896,-0.0051540141630723735,0.033559301708674383,-0.01918288028933679,0,0,0,0,0,0,0,0,0,0,0,0,0,0,0,0,0,0,0,0,0,0,0,0,0,0,0,0,0,0,0,2250,2250,400,400,400,500,300,300,500,3000,3000,40,60,60,750,750,40,60,60,500,500,45,45,45,45,45,45,30,30,30,30,12,12,4,7,7,4,7,7,4,12,12,2,4.5,4.5,7.5,7.5,2,4.5,4.5,5,5,3,3,3,3,3,3,3,3,3,3
143,2.8599999999999999,FULLBODY_RECOVERY,1453,0,-0.13120884560434565,-0.13120884560434565,0,0.0055999999999999999,-0.0055999999999999999,0,-0.034799999999999998,0.034799999999999998,0,0.24698929670320985,0.24698929670320985,0,0.29822932211480335,0.29894955592145145,-0.1204615214285432,-0.1204615214285432,0,0.12016976563525561,-0.12075125698072897,-0.0077999999999999996,0.0077999999999999996,-0.00016271145958135502,0.00010446493947191549,0.79922715900542673,0.79891472436009092,2.4472072795114763e-05,0.0004978503294430503,2.7066096619704494e-05,0.00019059483549443978,-0.0012410190166578516,0.0007093806492171062,0,0,0,0,0,0,0,0,0,0,0,0,0.037231126965187045,0.022087143678328758,0,0,0,-0.0035695741011865234,0.015796291503333837,0,0,0.0034212496022034689,-0.0021965301862131303,0.016250127385397661,0.022819528881834472,-0.00051456160205798351,-0.010468041070665901,-0.00056910479772978584,-0.0040075389084320845,0.026094264214671092,-0.014915779565816134,0,0,0,0,0,0,0,0,0,0,0,0,0,0,0,0,0,0,0,0,0,0,0,0,0,0,0,0,0,0,0,2250,2250,400,400,400,500,300,300,500,3000,3000,40,60,60,750,750,40,60,60,500,500,45,45,45,45,45,45,30,30,30,30,12,12,4,7,7,4,7,7,4,12,12,2,4.5,4.5,7.5,7.5,2,4.5,4.5,5,5,3,3,3,3,3,3,3,3,3,3
144,2.8799999999999999,FULLBODY_RECOVERY,1455,0,-0.13116925465599996,-0.13116925465599996,0,0.0055999999999999999,-0.0055999999999999999,0,-0.034799999999999998,0.034799999999999998,0,0.24692044287999995,0.24692044287999995,0,0.29887337951253734,0.29933163912548988,-0.12043914393599997,-0.12043914393599997,0,0.12010801594369303,-0.12047799857496022,-0.0077999999999999996,0.0077999999999999996,-0.00010352761811827094,6.6467391960256528e-05,0.79950826827097377,0.79930947701968424,1.5570725094699034e-05,0.00031676477440001349,1.7221211843415629e-05,0.0001212688362282055,-0.00078961705072710942,0.00045135412798646968,0,0,0,0,0,0,0,0,0,0,0,0,0.027799320203847344,0.016491780656480159,0,0,0,-0.0026652895444956304,0.011794597728542744,0,0,0.0025545402715987375,-0.0016400805175981192,0.012133462813568308,0.017038629823962204,-0.00038420708440047024,-0.0078161594706194215,-0.00042493278584951333,-0.0029923041934415417,0.01948377246459021,-0.011137146953088539,0,0,0,0,0,0,0,0,0,0,0,0,0,0,0,0,0,0,0,0,0,0,0,0,0,0,0,0,0,0,0,2250,2250,400,400,400,500,300,300,500,3000,3000,40,60,60,750,750,40,60,60,500,500,45,45,45,45,45,45,30,30,30,30,12,12,4,7,7,4,7,7,4,12,12,2,4.5,4.5,7.5,7.5,2,4.5,4.5,5,5,3,3,3,3,3,3,3,3,3,3
145,2.8999999999999999,FULLBODY_RECOVERY,1457,0,-0.13114049135802475,-0.13114049135802475,0,0.0055999999999999999,-0.0055999999999999999,0,-0.034799999999999998,0.034799999999999998,0,0.24687041975308652,0.24687041975308652,0,0.29934129492295725,0.29960922714771066,-0.12042288641975311,-0.12042288641975311,0,0.12006315405347578,-0.12027947307158726,-0.0077999999999999996,0.0077999999999999996,-6.0529848717405521e-05,3.8861718767990716e-05,0.79971249751796947,0.79959626955304941,9.1037894190959534e-06,0.00018520395061827344,1.0068785185723961e-05,7.0902667756778115e-05,-0.00046166811807424324,0.00026389477109356463,0,0,0,0,0,0,0,0,0,0,0,0,0.01964752614731502,0.011655777525709787,0,0,0,-0.0018837275743310844,0.0083359832387386312,0,0,0.001805454105080484,-0.0011591479437939034,0.0085754804843407584,0.012042270189538407,-0.00027154328528095073,-0.0055241709669084926,-0.0003003266971855767,-0.0021148493722256134,0.013770406115609646,-0.0078713214698211686,0,0,0,0,0,0,0,0,0,0,0,0,0,0,0,0,0,0,0,0,0,0,0,0,0,0,0,0,0,0,0,2250,2250,400,400,400,500,300,300,500,3000,3000,40,60,60,750,750,40,60,60,500,500,45,45,45,45,45,45,30,30,30,30,12,12,4,7,7,4,7,7,4,12,12,2,4.5,4.5,7.5,7.5,2,4.5,4.5,5,5,3,3,3,3,3,3,3,3,3,3
146,2.9199999999999999,FULLBODY_RECOVERY,1459,0,-0.13112094441560518,-0.13112094441560518,0,0.0055999999999999999,-0.0055999999999999999,0,-0.034799999999999998,0.034799999999999998,0,0.24683642507061768,0.24683642507061768,0,0.29965928055842994,0.29979787022651827,-0.12041183814795074,-0.12041183814795074,0,0.12003266684071978,-0.12014455924541068,-0.0077999999999999996,0.0077999999999999996,-3.1309453915051577e-05,2.0101474208500392e-05,0.7998512874903474,0.79979116782726578,4.7089936834610047e-06,9.5797935723673788e-05,5.2081439559925613e-06,3.6674861339180964e-05,-0.00023880080610272358,0.00013650126919362293,0,0,0,0,0,0,0,0,0,0,0,0,0.012837384069852575,0.0076157014174071946,0,0,0,-0.0012307979220083087,0.0054466001283337562,0,0,0.0011796552702530994,-0.00075736900598255552,0.005603083855709734,0.0078682296353882464,-0.00017742210487933785,-0.0036094062854430398,-0.00019622873278293818,-0.0013818092638062662,0.0089973664255227348,-0.0051429974484817897,0,0,0,0,0,0,0,0,0,0,0,0,0,0,0,0,0,0,0,0,0,0,0,0,0,0,0,0,0,0,0,2250,2250,400,400,400,500,300,300,500,3000,3000,40,60,60,750,750,40,60,60,500,500,45,45,45,45,45,45,30,30,30,30,12,12,4,7,7,4,7,7,4,12,12,2,4.5,4.5,7.5,7.5,2,4.5,4.5,5,5,3,3,3,3,3,3,3,3,3,3
147,2.9399999999999999,FULLBODY_RECOVERY,1461,0,-0.13110892620800008,-0.13110892620800008,0,0.0055999999999999999,-0.0055999999999999999,0,-0.034799999999999998,0.034799999999999998,0,0.24681552384000013,0.24681552384000013,0,0.29985479028575135,0.29991385520440694,-0.12040504524800004,-0.12040504524800004,0,0.12001392213659545,-0.12006160906645391,-0.0077999999999999996,0.0077999999999999996,-1.3343637907281547e-05,8.5669585286884953e-06,0.79993662087219786,0.79991099873846494,2.0069052239224394e-06,4.0827699200551848e-05,2.2196358744064337e-06,1.5630297204527466e-05,-0.00010177346105333385,5.8174873154293039e-05,0,0,0,0,0,0,0,0,0,0,0,0,0.0074314201418346215,0.0044086456087999437,0,0,0,-0.00071249535094908278,0.0031529767808180509,0,0,0.00068288943354810616,-0.00043843256969655631,0.0032435634857774787,0.0045548314107524135,-0.0001027077009337074,-0.0020894455150299862,-0.00011359465053595308,-0.00079991415224411888,0.0052084762529380768,-0.0029772245358161697,0,0,0,0,0,0,0,0,0,0,0,0,0,0,0,0,0,0,0,0,0,0,0,0,0,0,0,0,0,0,0,2250,2250,400,400,400,500,300,300,500,3000,3000,40,60,60,750,750,40,60,60,500,500,45,45,45,45,45,45,30,30,30,30,12,12,4,7,7,4,7,7,4,12,12,2,4.5,4.5,7.5,7.5,2,4.5,4.5,5,5,3,3,3,3,3,3,3,3,3,3
148,2.96,FULLBODY_RECOVERY,1463,0,-0.13110267169817297,-0.13110267169817297,0,0.0055999999999999999,-0.0055999999999999999,0,-0.034799999999999998,0.034799999999999998,0,0.24680464643160516,0.24680464643160516,0,0.29995653736410333,0.29997421605087027,-0.12040151009027167,-0.12040151009027167,0,0.12000416702668182,-0.12001844017417795,-0.0077999999999999996,0.0077999999999999996,-3.9938765731273307e-06,2.5641714206381394e-06,0.79998103002977849,0.79997336108369588,6.0068564611270858e-07,1.222011512247434e-05,6.6435793455443815e-07,4.6782952494162089e-06,-3.0461755985200512e-05,1.7412287760976142e-05,0,0,0,0,0,0,0,0,0,0,0,0,0.0034930474302363734,0.002072229522864788,0,0,0,-0.00033489965674537991,0.0014820178688923491,0,0,0.00032098376023248498,-0.00020607982480769227,0.0015245970329536007,0.0021409423570428743,-4.8276488739951162e-05,-0.00098211810763970675,-5.3393765196696474e-05,-0.00037598978667729988,0.0024481800575681945,-0.0013994076927037469,0,0,0,0,0,0,0,0,0,0,0,0,0,0,0,0,0,0,0,0,0,0,0,0,0,0,0,0,0,0,0,2250,2250,400,400,400,500,300,300,500,3000,3000,40,60,60,750,750,40,60,60,500,500,45,45,45,45,45,45,30,30,30,30,12,12,4,7,7,4,7,7,4,12,12,2,4.5,4.5,7.5,7.5,2,4.5,4.5,5,5,3,3,3,3,3,3,3,3,3,3
149,2.98,FULLBODY_RECOVERY,1465,0,-0.13110033734241988,-0.13110033734241988,0,0.0055999999999999999,-0.0055999999999999999,0,-0.034799999999999998,0.034799999999999998,0,0.24680058668246935,0.24680058668246935,0,0.2999945121829608,0.29999674438532153,-0.12040019067180253,-0.12040019067180253,0,0.12000052615032564,-0.12000232835169822,-0.0077999999999999996,0.0077999999999999996,-5.0428749798214767e-07,3.2376553638080452e-07,0.799997604753516,0.79999663643274666,7.5845674324392931e-08,1.542974894963578e-06,8.3885266538574754e-08,5.9070573743547072e-07,-3.8462587506060686e-06,2.1985654461431636e-06,0,0,0,0,0,0,0,0,0,0,0,0,0.0010865658974165693,0.00064459872824301767,0,0,0,-0.00010417566704556958,0.00046100435444895727,0,0,9.9846914328183267e-05,-6.4104285515953485e-05,0.00047424925553873898,0.00066597290760417316,-1.5017141152817715e-05,-0.0003055028780618585,-1.6608948363860954e-05,-0.00011695738123540522,0.00076154389963001279,-0.00043530719402440354,0,0,0,0,0,0,0,0,0,0,0,0,0,0,0,0,0,0,0,0,0,0,0,0,0,0,0,0,0,0,0,2250,2250,400,400,400,500,300,300,500,3000,3000,40,60,60,750,750,40,60,60,500,500,45,45,45,45,45,45,30,30,30,30,12,12,4,7,7,4,7,7,4,12,12,2,4.5,4.5,7.5,7.5,2,4.5,4.5,5,5,3,3,3,3,3,3,3,3,3,3
150,3,PDSTAND_TERMINAL_HOLD,1467,6,-0.13109999999999999,-0.13109999999999999,0,0.0055999999999999999,-0.0055999999999999999,0,-0.034799999999999998,0.034799999999999998,0,0.24679999999999999,0.24679999999999999,0,0.29999999999999999,0.29999999999999999,-0.12039999999999999,-0.12039999999999999,0,0.12,-0.12,-0.0077999999999999996,0.0077999999999999996,0,0,0.80000000000000004,0.80000000000000004,0,0,0,0,0,0,0,0,0,0,0,0,0,0,0,0,0,0,0,0,0,0,0,0,0,0,0,0,0,0,0,0,0,0,0,0,0,0,0,0,0,0,0,0,0,0,0,0,0,0,0,0,0,0,0,0,0,0,0,0,0,0,0,0,0,0,0,0,2250,2250,400,400,400,500,300,300,500,3000,3000,40,60,60,750,750,40,60,60,500,500,45,45,45,45,45,45,30,30,30,30,12,12,4,7,7,4,7,7,4,12,12,2,4.5,4.5,7.5,7.5,2,4.5,4.5,5,5,3,3,3,3,3,3,3,3,3,3
