sequence_index,row_kind,event,action_tick,frame_index,time_s,phase,source_time_s,q_rad::waist_yaw_joint,q_rad::waist_roll_joint,q_rad::waist_pitch_joint,q_rad::head_yaw_joint,q_rad::head_pitch_joint,q_rad::left_shoulder_pitch_joint,q_rad::left_shoulder_roll_joint,q_rad::left_shoulder_yaw_joint,q_rad::left_elbow_joint,q_rad::left_wrist_roll_joint,q_rad::left_wrist_pitch_joint,q_rad::left_wrist_yaw_joint,q_rad::right_shoulder_pitch_joint,q_rad::right_shoulder_roll_joint,q_rad::right_shoulder_yaw_joint,q_rad::right_elbow_joint,q_rad::right_wrist_roll_joint,q_rad::right_wrist_pitch_joint,q_rad::right_wrist_yaw_joint,q_rad::left_hip_pitch_joint,q_rad::left_hip_roll_joint,q_rad::left_hip_yaw_joint,q_rad::left_knee_joint,q_rad::left_ankle_pitch_joint,q_rad::left_ankle_roll_joint,q_rad::right_hip_pitch_joint,q_rad::right_hip_roll_joint,q_rad::right_hip_yaw_joint,q_rad::right_knee_joint,q_rad::right_ankle_pitch_joint,q_rad::right_ankle_roll_joint,qd_rad_s::waist_yaw_joint,qd_rad_s::waist_roll_joint,qd_rad_s::waist_pitch_joint,qd_rad_s::head_yaw_joint,qd_rad_s::head_pitch_joint,qd_rad_s::left_shoulder_pitch_joint,qd_rad_s::left_shoulder_roll_joint,qd_rad_s::left_shoulder_yaw_joint,qd_rad_s::left_elbow_joint,qd_rad_s::left_wrist_roll_joint,qd_rad_s::left_wrist_pitch_joint,qd_rad_s::left_wrist_yaw_joint,qd_rad_s::right_shoulder_pitch_joint,qd_rad_s::right_shoulder_roll_joint,qd_rad_s::right_shoulder_yaw_joint,qd_rad_s::right_elbow_joint,qd_rad_s::right_wrist_roll_joint,qd_rad_s::right_wrist_pitch_joint,qd_rad_s::right_wrist_yaw_joint,qd_rad_s::left_hip_pitch_joint,qd_rad_s::left_hip_roll_joint,qd_rad_s::left_hip_yaw_joint,qd_rad_s::left_knee_joint,qd_rad_s::left_ankle_pitch_joint,qd_rad_s::left_ankle_roll_joint,qd_rad_s::right_hip_pitch_joint,qd_rad_s::right_hip_roll_joint,qd_rad_s::right_hip_yaw_joint,qd_rad_s::right_knee_joint,qd_rad_s::right_ankle_pitch_joint,qd_rad_s::right_ankle_roll_joint,qdd_rad_s2::waist_yaw_joint,qdd_rad_s2::waist_roll_joint,qdd_rad_s2::waist_pitch_joint,qdd_rad_s2::head_yaw_joint,qdd_rad_s2::head_pitch_joint,qdd_rad_s2::left_shoulder_pitch_joint,qdd_rad_s2::left_shoulder_roll_joint,qdd_rad_s2::left_shoulder_yaw_joint,qdd_rad_s2::left_elbow_joint,qdd_rad_s2::left_wrist_roll_joint,qdd_rad_s2::left_wrist_pitch_joint,qdd_rad_s2::left_wrist_yaw_joint,qdd_rad_s2::right_shoulder_pitch_joint,qdd_rad_s2::right_shoulder_roll_joint,qdd_rad_s2::right_shoulder_yaw_joint,qdd_rad_s2::right_elbow_joint,qdd_rad_s2::right_wrist_roll_joint,qdd_rad_s2::right_wrist_pitch_joint,qdd_rad_s2::right_wrist_yaw_joint,qdd_rad_s2::left_hip_pitch_joint,qdd_rad_s2::left_hip_roll_joint,qdd_rad_s2::left_hip_yaw_joint,qdd_rad_s2::left_knee_joint,qdd_rad_s2::left_ankle_pitch_joint,qdd_rad_s2::left_ankle_roll_joint,qdd_rad_s2::right_hip_pitch_joint,qdd_rad_s2::right_hip_roll_joint,qdd_rad_s2::right_hip_yaw_joint,qdd_rad_s2::right_knee_joint,qdd_rad_s2::right_ankle_pitch_joint,qdd_rad_s2::right_ankle_roll_joint
0,PREAMBLE,WAIT_LOAD_CLEAR,,,,,,,,,,,,,,,,,,,,,,,,,,,,,,,,,,,,,,,,,,,,,,,,,,,,,,,,,,,,,,,,,,,,,,,,,,,,,,,,,,,,,,,,,,,,,,,,,,
1,PREAMBLE,GRAB,,,,,,,,,,,,,,,,,,,,,,,,,,,,,,,,,,,,,,,,,,,,,,,,,,,,,,,,,,,,,,,,,,,,,,,,,,,,,,,,,,,,,,,,,,,,,,,,,,
2,PREAMBLE,WAIT_GRAB_ACK,,,,,,,,,,,,,,,,,,,,,,,,,,,,,,,,,,,,,,,,,,,,,,,,,,,,,,,,,,,,,,,,,,,,,,,,,,,,,,,,,,,,,,,,,,,,,,,,,,
3,PREAMBLE,WAIT_SECURE_CLEAR,,,,,,,,,,,,,,,,,,,,,,,,,,,,,,,,,,,,,,,,,,,,,,,,,,,,,,,,,,,,,,,,,,,,,,,,,,,,,,,,,,,,,,,,,,,,,,,,,,
4,PREAMBLE,WAIT_SPACE,,,,,,,,,,,,,,,,,,,,,,,,,,,,,,,,,,,,,,,,,,,,,,,,,,,,,,,,,,,,,,,,,,,,,,,,,,,,,,,,,,,,,,,,,,,,,,,,,,
5,FRAME,SPACE,0,0,0,READY,-0.5,0,0,0,0,0,-1.40463927513,0.33585055564,-0.155997071966,-0.433739725807,0.0186527213242,0.28070492316,-1.29296430372,-1.10982116994,-0.8029900386,1.38132064118,-0.552813438425,0.582642250889,0.259332437311,0.227364706825,-0.1511,0.0356,-0.0348,0.2868,-0.0954,-0.0378,-0.1511,-0.0356,0.0348,0.2868,-0.0954,0.0378,0,0,0,0,0,0,0,0,0,0,0,0,0,0,0,0,0,0,0,0,0,0,0,0,0,0,0,0,0,0,0,0,0,0,0,0,0,0,0,0,0,0,0,0,0,0,0,0,0,0,0,0,0,0,0,0,0,0,0,0,0,0
6,FRAME,NONE,1,1,0.01,READY,-0.48999999999999999,0,0,0,0,0,-1.40463927513,0.33585055564,-0.155997071966,-0.433739725807,0.0186527213242,0.28070492316,-1.29296430372,-1.10982116994,-0.8029900386,1.38132064118,-0.552813438425,0.582642250889,0.259332437311,0.227364706825,-0.1511,0.0356,-0.0348,0.2868,-0.0954,-0.0378,-0.1511,-0.0356,0.0348,0.2868,-0.0954,0.0378,0,0,0,0,0,0,0,0,0,0,0,0,0,0,0,0,0,0,0,0,0,0,0,0,0,0,0,0,0,0,0,0,0,0,0,0,0,0,0,0,0,0,0,0,0,0,0,0,0,0,0,0,0,0,0,0,0,0,0,0,0,0
7,FRAME,NONE,2,2,0.02,READY,-0.47999999999999998,0,0,0,0,0,-1.40463927513,0.33585055564,-0.155997071966,-0.433739725807,0.0186527213242,0.28070492316,-1.29296430372,-1.10982116994,-0.8029900386,1.38132064118,-0.552813438425,0.582642250889,0.259332437311,0.227364706825,-0.1511,0.0356,-0.0348,0.2868,-0.0954,-0.0378,-0.1511,-0.0356,0.0348,0.2868,-0.0954,0.0378,0,0,0,0,0,0,0,0,0,0,0,0,0,0,0,0,0,0,0,0,0,0,0,0,0,0,0,0,0,0,0,0,0,0,0,0,0,0,0,0,0,0,0,0,0,0,0,0,0,0,0,0,0,0,0,0,0,0,0,0,0,0
8,FRAME,NONE,3,3,0.029999999999999999,READY,-0.46999999999999997,0,0,0,0,0,-1.40463927513,0.33585055564,-0.155997071966,-0.433739725807,0.0186527213242,0.28070492316,-1.29296430372,-1.10982116994,-0.8029900386,1.38132064118,-0.552813438425,0.582642250889,0.259332437311,0.227364706825,-0.1511,0.0356,-0.0348,0.2868,-0.0954,-0.0378,-0.1511,-0.0356,0.0348,0.2868,-0.0954,0.0378,0,0,0,0,0,0,0,0,0,0,0,0,0,0,0,0,0,0,0,0,0,0,0,0,0,0,0,0,0,0,0,0,0,0,0,0,0,0,0,0,0,0,0,0,0,0,0,0,0,0,0,0,0,0,0,0,0,0,0,0,0,0
9,FRAME,NONE,4,4,0.040000000000000001,READY,-0.46000000000000002,0,0,0,0,0,-1.40463927513,0.33585055564,-0.155997071966,-0.433739725807,0.0186527213242,0.28070492316,-1.29296430372,-1.10982116994,-0.8029900386,1.38132064118,-0.552813438425,0.582642250889,0.259332437311,0.227364706825,-0.1511,0.0356,-0.0348,0.2868,-0.0954,-0.0378,-0.1511,-0.0356,0.0348,0.2868,-0.0954,0.0378,0,0,0,0,0,0,0,0,0,0,0,0,0,0,0,0,0,0,0,0,0,0,0,0,0,0,0,0,0,0,0,0,0,0,0,0,0,0,0,0,0,0,0,0,0,0,0,0,0,0,0,0,0,0,0,0,0,0,0,0,0,0
10,FRAME,NONE,5,5,0.050000000000000003,READY,-0.45000000000000001,0,0,0,0,0,-1.40463927513,0.33585055564,-0.155997071966,-0.433739725807,0.0186527213242,0.28070492316,-1.29296430372,-1.10982116994,-0.8029900386,1.38132064118,-0.552813438425,0.582642250889,0.259332437311,0.227364706825,-0.1511,0.0356,-0.0348,0.2868,-0.0954,-0.0378,-0.1511,-0.0356,0.0348,0.2868,-0.0954,0.0378,0,0,0,0,0,0,0,0,0,0,0,0,0,0,0,0,0,0,0,0,0,0,0,0,0,0,0,0,0,0,0,0,0,0,0,0,0,0,0,0,0,0,0,0,0,0,0,0,0,0,0,0,0,0,0,0,0,0,0,0,0,0
11,FRAME,NONE,6,6,0.059999999999999998,READY,-0.44,0,0,0,0,0,-1.40463927513,0.33585055564,-0.155997071966,-0.433739725807,0.0186527213242,0.28070492316,-1.29296430372,-1.10982116994,-0.8029900386,1.38132064118,-0.552813438425,0.582642250889,0.259332437311,0.227364706825,-0.1511,0.0356,-0.0348,0.2868,-0.0954,-0.0378,-0.1511,-0.0356,0.0348,0.2868,-0.0954,0.0378,0,0,0,0,0,0,0,0,0,0,0,0,0,0,0,0,0,0,0,0,0,0,0,0,0,0,0,0,0,0,0,0,0,0,0,0,0,0,0,0,0,0,0,0,0,0,0,0,0,0,0,0,0,0,0,0,0,0,0,0,0,0
12,FRAME,NONE,7,7,0.070000000000000007,READY,-0.42999999999999999,0,0,0,0,0,-1.40463927513,0.33585055564,-0.155997071966,-0.433739725807,0.0186527213242,0.28070492316,-1.29296430372,-1.10982116994,-0.8029900386,1.38132064118,-0.552813438425,0.582642250889,0.259332437311,0.227364706825,-0.1511,0.0356,-0.0348,0.2868,-0.0954,-0.0378,-0.1511,-0.0356,0.0348,0.2868,-0.0954,0.0378,0,0,0,0,0,0,0,0,0,0,0,0,0,0,0,0,0,0,0,0,0,0,0,0,0,0,0,0,0,0,0,0,0,0,0,0,0,0,0,0,0,0,0,0,0,0,0,0,0,0,0,0,0,0,0,0,0,0,0,0,0,0
13,FRAME,NONE,8,8,0.080000000000000002,READY,-0.41999999999999998,0,0,0,0,0,-1.40463927513,0.33585055564,-0.155997071966,-0.433739725807,0.0186527213242,0.28070492316,-1.29296430372,-1.10982116994,-0.8029900386,1.38132064118,-0.552813438425,0.582642250889,0.259332437311,0.227364706825,-0.1511,0.0356,-0.0348,0.2868,-0.0954,-0.0378,-0.1511,-0.0356,0.0348,0.2868,-0.0954,0.0378,0,0,0,0,0,0,0,0,0,0,0,0,0,0,0,0,0,0,0,0,0,0,0,0,0,0,0,0,0,0,0,0,0,0,0,0,0,0,0,0,0,0,0,0,0,0,0,0,0,0,0,0,0,0,0,0,0,0,0,0,0,0
14,FRAME,NONE,9,9,0.089999999999999997,READY,-0.40999999999999998,0,0,0,0,0,-1.40463927513,0.33585055564,-0.155997071966,-0.433739725807,0.0186527213242,0.28070492316,-1.29296430372,-1.10982116994,-0.8029900386,1.38132064118,-0.552813438425,0.582642250889,0.259332437311,0.227364706825,-0.1511,0.0356,-0.0348,0.2868,-0.0954,-0.0378,-0.1511,-0.0356,0.0348,0.2868,-0.0954,0.0378,0,0,0,0,0,0,0,0,0,0,0,0,0,0,0,0,0,0,0,0,0,0,0,0,0,0,0,0,0,0,0,0,0,0,0,0,0,0,0,0,0,0,0,0,0,0,0,0,0,0,0,0,0,0,0,0,0,0,0,0,0,0
15,FRAME,NONE,10,10,0.10000000000000001,READY,-0.40000000000000002,0,0,0,0,0,-1.40463927513,0.33585055564,-0.155997071966,-0.433739725807,0.0186527213242,0.28070492316,-1.29296430372,-1.10982116994,-0.8029900386,1.38132064118,-0.552813438425,0.582642250889,0.259332437311,0.227364706825,-0.1511,0.0356,-0.0348,0.2868,-0.0954,-0.0378,-0.1511,-0.0356,0.0348,0.2868,-0.0954,0.0378,0,0,0,0,0,0,0,0,0,0,0,0,0,0,0,0,0,0,0,0,0,0,0,0,0,0,0,0,0,0,0,0,0,0,0,0,0,0,0,0,0,0,0,0,0,0,0,0,0,0,0,0,0,0,0,0,0,0,0,0,0,0
16,FRAME,NONE,11,11,0.11,READY,-0.39000000000000001,0,0,0,0,0,-1.40463927513,0.33585055564,-0.155997071966,-0.433739725807,0.0186527213242,0.28070492316,-1.29296430372,-1.10982116994,-0.8029900386,1.38132064118,-0.552813438425,0.582642250889,0.259332437311,0.227364706825,-0.1511,0.0356,-0.0348,0.2868,-0.0954,-0.0378,-0.1511,-0.0356,0.0348,0.2868,-0.0954,0.0378,0,0,0,0,0,0,0,0,0,0,0,0,0,0,0,0,0,0,0,0,0,0,0,0,0,0,0,0,0,0,0,0,0,0,0,0,0,0,0,0,0,0,0,0,0,0,0,0,0,0,0,0,0,0,0,0,0,0,0,0,0,0
17,FRAME,NONE,12,12,0.12,READY,-0.38,0,0,0,0,0,-1.40463927513,0.33585055564,-0.155997071966,-0.433739725807,0.0186527213242,0.28070492316,-1.29296430372,-1.10982116994,-0.8029900386,1.38132064118,-0.552813438425,0.582642250889,0.259332437311,0.227364706825,-0.1511,0.0356,-0.0348,0.2868,-0.0954,-0.0378,-0.1511,-0.0356,0.0348,0.2868,-0.0954,0.0378,0,0,0,0,0,0,0,0,0,0,0,0,0,0,0,0,0,0,0,0,0,0,0,0,0,0,0,0,0,0,0,0,0,0,0,0,0,0,0,0,0,0,0,0,0,0,0,0,0,0,0,0,0,0,0,0,0,0,0,0,0,0
18,FRAME,NONE,13,13,0.13,READY,-0.37,0,0,0,0,0,-1.40463927513,0.33585055564,-0.155997071966,-0.433739725807,0.0186527213242,0.28070492316,-1.29296430372,-1.10982116994,-0.8029900386,1.38132064118,-0.552813438425,0.582642250889,0.259332437311,0.227364706825,-0.1511,0.0356,-0.0348,0.2868,-0.0954,-0.0378,-0.1511,-0.0356,0.0348,0.2868,-0.0954,0.0378,0,0,0,0,0,0,0,0,0,0,0,0,0,0,0,0,0,0,0,0,0,0,0,0,0,0,0,0,0,0,0,0,0,0,0,0,0,0,0,0,0,0,0,0,0,0,0,0,0,0,0,0,0,0,0,0,0,0,0,0,0,0
19,FRAME,NONE,14,14,0.14000000000000001,READY,-0.35999999999999999,0,0,0,0,0,-1.40463927513,0.33585055564,-0.155997071966,-0.433739725807,0.0186527213242,0.28070492316,-1.29296430372,-1.10982116994,-0.8029900386,1.38132064118,-0.552813438425,0.582642250889,0.259332437311,0.227364706825,-0.1511,0.0356,-0.0348,0.2868,-0.0954,-0.0378,-0.1511,-0.0356,0.0348,0.2868,-0.0954,0.0378,0,0,0,0,0,0,0,0,0,0,0,0,0,0,0,0,0,0,0,0,0,0,0,0,0,0,0,0,0,0,0,0,0,0,0,0,0,0,0,0,0,0,0,0,0,0,0,0,0,0,0,0,0,0,0,0,0,0,0,0,0,0
20,FRAME,NONE,15,15,0.14999999999999999,READY,-0.34999999999999998,0,0,0,0,0,-1.40463927513,0.33585055564,-0.155997071966,-0.433739725807,0.0186527213242,0.28070492316,-1.29296430372,-1.10982116994,-0.8029900386,1.38132064118,-0.552813438425,0.582642250889,0.259332437311,0.227364706825,-0.1511,0.0356,-0.0348,0.2868,-0.0954,-0.0378,-0.1511,-0.0356,0.0348,0.2868,-0.0954,0.0378,0,0,0,0,0,0,0,0,0,0,0,0,0,0,0,0,0,0,0,0,0,0,0,0,0,0,0,0,0,0,0,0,0,0,0,0,0,0,0,0,0,0,0,0,0,0,0,0,0,0,0,0,0,0,0,0,0,0,0,0,0,0
21,FRAME,NONE,16,16,0.16,READY,-0.34000000000000002,0,0,0,0,0,-1.40463927513,0.33585055564,-0.155997071966,-0.433739725807,0.0186527213242,0.28070492316,-1.29296430372,-1.10982116994,-0.8029900386,1.38132064118,-0.552813438425,0.582642250889,0.259332437311,0.227364706825,-0.1511,0.0356,-0.0348,0.2868,-0.0954,-0.0378,-0.1511,-0.0356,0.0348,0.2868,-0.0954,0.0378,0,0,0,0,0,0,0,0,0,0,0,0,0,0,0,0,0,0,0,0,0,0,0,0,0,0,0,0,0,0,0,0,0,0,0,0,0,0,0,0,0,0,0,0,0,0,0,0,0,0,0,0,0,0,0,0,0,0,0,0,0,0
22,FRAME,NONE,17,17,0.17000000000000001,READY,-0.33000000000000002,0,0,0,0,0,-1.40463927513,0.33585055564,-0.155997071966,-0.433739725807,0.0186527213242,0.28070492316,-1.29296430372,-1.10982116994,-0.8029900386,1.38132064118,-0.552813438425,0.582642250889,0.259332437311,0.227364706825,-0.1511,0.0356,-0.0348,0.2868,-0.0954,-0.0378,-0.1511,-0.0356,0.0348,0.2868,-0.0954,0.0378,0,0,0,0,0,0,0,0,0,0,0,0,0,0,0,0,0,0,0,0,0,0,0,0,0,0,0,0,0,0,0,0,0,0,0,0,0,0,0,0,0,0,0,0,0,0,0,0,0,0,0,0,0,0,0,0,0,0,0,0,0,0
23,FRAME,NONE,18,18,0.17999999999999999,READY,-0.32000000000000001,0,0,0,0,0,-1.40463927513,0.33585055564,-0.155997071966,-0.433739725807,0.0186527213242,0.28070492316,-1.29296430372,-1.10982116994,-0.8029900386,1.38132064118,-0.552813438425,0.582642250889,0.259332437311,0.227364706825,-0.1511,0.0356,-0.0348,0.2868,-0.0954,-0.0378,-0.1511,-0.0356,0.0348,0.2868,-0.0954,0.0378,0,0,0,0,0,0,0,0,0,0,0,0,0,0,0,0,0,0,0,0,0,0,0,0,0,0,0,0,0,0,0,0,0,0,0,0,0,0,0,0,0,0,0,0,0,0,0,0,0,0,0,0,0,0,0,0,0,0,0,0,0,0
24,FRAME,NONE,19,19,0.19,READY,-0.31,0,0,0,0,0,-1.40463927513,0.33585055564,-0.155997071966,-0.433739725807,0.0186527213242,0.28070492316,-1.29296430372,-1.10982116994,-0.8029900386,1.38132064118,-0.552813438425,0.582642250889,0.259332437311,0.227364706825,-0.1511,0.0356,-0.0348,0.2868,-0.0954,-0.0378,-0.1511,-0.0356,0.0348,0.2868,-0.0954,0.0378,0,0,0,0,0,0,0,0,0,0,0,0,0,0,0,0,0,0,0,0,0,0,0,0,0,0,0,0,0,0,0,0,0,0,0,0,0,0,0,0,0,0,0,0,0,0,0,0,0,0,0,0,0,0,0,0,0,0,0,0,0,0
25,FRAME,NONE,20,20,0.20000000000000001,READY,-0.29999999999999999,0,0,0,0,0,-1.40463927513,0.33585055564,-0.155997071966,-0.433739725807,0.0186527213242,0.28070492316,-1.29296430372,-1.10982116994,-0.8029900386,1.38132064118,-0.552813438425,0.582642250889,0.259332437311,0.227364706825,-0.1511,0.0356,-0.0348,0.2868,-0.0954,-0.0378,-0.1511,-0.0356,0.0348,0.2868,-0.0954,0.0378,0,0,0,0,0,0,0,0,0,0,0,0,0,0,0,0,0,0,0,0,0,0,0,0,0,0,0,0,0,0,0,0,0,0,0,0,0,0,0,0,0,0,0,0,0,0,0,0,0,0,0,0,0,0,0,0,0,0,0,0,0,0
26,FRAME,NONE,21,21,0.20999999999999999,READY,-0.28999999999999998,0,0,0,0,0,-1.40463927513,0.33585055564,-0.155997071966,-0.433739725807,0.0186527213242,0.28070492316,-1.29296430372,-1.10982116994,-0.8029900386,1.38132064118,-0.552813438425,0.582642250889,0.259332437311,0.227364706825,-0.1511,0.0356,-0.0348,0.2868,-0.0954,-0.0378,-0.1511,-0.0356,0.0348,0.2868,-0.0954,0.0378,0,0,0,0,0,0,0,0,0,0,0,0,0,0,0,0,0,0,0,0,0,0,0,0,0,0,0,0,0,0,0,0,0,0,0,0,0,0,0,0,0,0,0,0,0,0,0,0,0,0,0,0,0,0,0,0,0,0,0,0,0,0
27,FRAME,NONE,22,22,0.22,READY,-0.28000000000000003,0,0,0,0,0,-1.40463927513,0.33585055564,-0.155997071966,-0.433739725807,0.0186527213242,0.28070492316,-1.29296430372,-1.10982116994,-0.8029900386,1.38132064118,-0.552813438425,0.582642250889,0.259332437311,0.227364706825,-0.1511,0.0356,-0.0348,0.2868,-0.0954,-0.0378,-0.1511,-0.0356,0.0348,0.2868,-0.0954,0.0378,0,0,0,0,0,0,0,0,0,0,0,0,0,0,0,0,0,0,0,0,0,0,0,0,0,0,0,0,0,0,0,0,0,0,0,0,0,0,0,0,0,0,0,0,0,0,0,0,0,0,0,0,0,0,0,0,0,0,0,0,0,0
28,FRAME,NONE,23,23,0.23000000000000001,READY,-0.27000000000000002,0,0,0,0,0,-1.40463927513,0.33585055564,-0.155997071966,-0.433739725807,0.0186527213242,0.28070492316,-1.29296430372,-1.10982116994,-0.8029900386,1.38132064118,-0.552813438425,0.582642250889,0.259332437311,0.227364706825,-0.1511,0.0356,-0.0348,0.2868,-0.0954,-0.0378,-0.1511,-0.0356,0.0348,0.2868,-0.0954,0.0378,0,0,0,0,0,0,0,0,0,0,0,0,0,0,0,0,0,0,0,0,0,0,0,0,0,0,0,0,0,0,0,0,0,0,0,0,0,0,0,0,0,0,0,0,0,0,0,0,0,0,0,0,0,0,0,0,0,0,0,0,0,0
29,FRAME,NONE,24,24,0.23999999999999999,READY,-0.26000000000000001,0,0,0,0,0,-1.40463927513,0.33585055564,-0.155997071966,-0.433739725807,0.0186527213242,0.28070492316,-1.29296430372,-1.10982116994,-0.8029900386,1.38132064118,-0.552813438425,0.582642250889,0.259332437311,0.227364706825,-0.1511,0.0356,-0.0348,0.2868,-0.0954,-0.0378,-0.1511,-0.0356,0.0348,0.2868,-0.0954,0.0378,0,0,0,0,0,0,0,0,0,0,0,0,0,0,0,0,0,0,0,0,0,0,0,0,0,0,0,0,0,0,0,0,0,0,0,0,0,0,0,0,0,0,0,0,0,0,0,0,0,0,0,0,0,0,0,0,0,0,0,0,0,0
30,FRAME,NONE,25,25,0.25,READY,-0.25,0,0,0,0,0,-1.40463927513,0.33585055564,-0.155997071966,-0.433739725807,0.0186527213242,0.28070492316,-1.29296430372,-1.10982116994,-0.8029900386,1.38132064118,-0.552813438425,0.582642250889,0.259332437311,0.227364706825,-0.1511,0.0356,-0.0348,0.2868,-0.0954,-0.0378,-0.1511,-0.0356,0.0348,0.2868,-0.0954,0.0378,0,0,0,0,0,0,0,0,0,0,0,0,0,0,0,0,0,0,0,0,0,0,0,0,0,0,0,0,0,0,0,0,0,0,0,0,0,0,0,0,0,0,0,0,0,0,0,0,0,0,0,0,0,0,0,0,0,0,0,0,0,0
31,FRAME,NONE,26,26,0.26000000000000001,READY,-0.23999999999999999,0,0,0,0,0,-1.40463927513,0.33585055564,-0.155997071966,-0.433739725807,0.0186527213242,0.28070492316,-1.29296430372,-1.10982116994,-0.8029900386,1.38132064118,-0.552813438425,0.582642250889,0.259332437311,0.227364706825,-0.1511,0.0356,-0.0348,0.2868,-0.0954,-0.0378,-0.1511,-0.0356,0.0348,0.2868,-0.0954,0.0378,0,0,0,0,0,0,0,0,0,0,0,0,0,0,0,0,0,0,0,0,0,0,0,0,0,0,0,0,0,0,0,0,0,0,0,0,0,0,0,0,0,0,0,0,0,0,0,0,0,0,0,0,0,0,0,0,0,0,0,0,0,0
32,FRAME,NONE,27,27,0.27000000000000002,READY,-0.23000000000000001,0,0,0,0,0,-1.40463927513,0.33585055564,-0.155997071966,-0.433739725807,0.0186527213242,0.28070492316,-1.29296430372,-1.10982116994,-0.8029900386,1.38132064118,-0.552813438425,0.582642250889,0.259332437311,0.227364706825,-0.1511,0.0356,-0.0348,0.2868,-0.0954,-0.0378,-0.1511,-0.0356,0.0348,0.2868,-0.0954,0.0378,0,0,0,0,0,0,0,0,0,0,0,0,0,0,0,0,0,0,0,0,0,0,0,0,0,0,0,0,0,0,0,0,0,0,0,0,0,0,0,0,0,0,0,0,0,0,0,0,0,0,0,0,0,0,0,0,0,0,0,0,0,0
33,FRAME,NONE,28,28,0.28000000000000003,READY,-0.22,0,0,0,0,0,-1.40463927513,0.33585055564,-0.155997071966,-0.433739725807,0.0186527213242,0.28070492316,-1.29296430372,-1.10982116994,-0.8029900386,1.38132064118,-0.552813438425,0.582642250889,0.259332437311,0.227364706825,-0.1511,0.0356,-0.0348,0.2868,-0.0954,-0.0378,-0.1511,-0.0356,0.0348,0.2868,-0.0954,0.0378,0,0,0,0,0,0,0,0,0,0,0,0,0,0,0,0,0,0,0,0,0,0,0,0,0,0,0,0,0,0,0,0,0,0,0,0,0,0,0,0,0,0,0,0,0,0,0,0,0,0,0,0,0,0,0,0,0,0,0,0,0,0
34,FRAME,NONE,29,29,0.28999999999999998,READY,-0.20999999999999999,0,0,0,0,0,-1.40463927513,0.33585055564,-0.155997071966,-0.433739725807,0.0186527213242,0.28070492316,-1.29296430372,-1.10982116994,-0.8029900386,1.38132064118,-0.552813438425,0.582642250889,0.259332437311,0.227364706825,-0.1511,0.0356,-0.0348,0.2868,-0.0954,-0.0378,-0.1511,-0.0356,0.0348,0.2868,-0.0954,0.0378,0,0,0,0,0,0,0,0,0,0,0,0,0,0,0,0,0,0,0,0,0,0,0,0,0,0,0,0,0,0,0,0,0,0,0,0,0,0,0,0,0,0,0,0,0,0,0,0,0,0,0,0,0,0,0,0,0,0,0,0,0,0
35,FRAME,NONE,30,30,0.29999999999999999,READY,-0.20000000000000001,0,0,0,0,0,-1.40463927513,0.33585055564,-0.155997071966,-0.433739725807,0.0186527213242,0.28070492316,-1.29296430372,-1.10982116994,-0.8029900386,1.38132064118,-0.552813438425,0.582642250889,0.259332437311,0.227364706825,-0.1511,0.0356,-0.0348,0.2868,-0.0954,-0.0378,-0.1511,-0.0356,0.0348,0.2868,-0.0954,0.0378,0,0,0,0,0,0,0,0,0,0,0,0,0,0,0,0,0,0,0,0,0,0,0,0,0,0,0,0,0,0,0,0,0,0,0,0,0,0,0,0,0,0,0,0,0,0,0,0,0,0,0,0,0,0,0,0,0,0,0,0,0,0
36,FRAME,NONE,31,31,0.31,READY,-0.19,0,0,0,0,0,-1.40463927513,0.33585055564,-0.155997071966,-0.433739725807,0.0186527213242,0.28070492316,-1.29296430372,-1.10982116994,-0.8029900386,1.38132064118,-0.552813438425,0.582642250889,0.259332437311,0.227364706825,-0.1511,0.0356,-0.0348,0.2868,-0.0954,-0.0378,-0.1511,-0.0356,0.0348,0.2868,-0.0954,0.0378,0,0,0,0,0,0,0,0,0,0,0,0,0,0,0,0,0,0,0,0,0,0,0,0,0,0,0,0,0,0,0,0,0,0,0,0,0,0,0,0,0,0,0,0,0,0,0,0,0,0,0,0,0,0,0,0,0,0,0,0,0,0
37,FRAME,NONE,32,32,0.32000000000000001,READY,-0.17999999999999999,0,0,0,0,0,-1.40463927513,0.33585055564,-0.155997071966,-0.433739725807,0.0186527213242,0.28070492316,-1.29296430372,-1.10982116994,-0.8029900386,1.38132064118,-0.552813438425,0.582642250889,0.259332437311,0.227364706825,-0.1511,0.0356,-0.0348,0.2868,-0.0954,-0.0378,-0.1511,-0.0356,0.0348,0.2868,-0.0954,0.0378,0,0,0,0,0,0,0,0,0,0,0,0,0,0,0,0,0,0,0,0,0,0,0,0,0,0,0,0,0,0,0,0,0,0,0,0,0,0,0,0,0,0,0,0,0,0,0,0,0,0,0,0,0,0,0,0,0,0,0,0,0,0
38,FRAME,NONE,33,33,0.33000000000000002,READY,-0.17000000000000001,0,0,0,0,0,-1.40463927513,0.33585055564,-0.155997071966,-0.433739725807,0.0186527213242,0.28070492316,-1.29296430372,-1.10982116994,-0.8029900386,1.38132064118,-0.552813438425,0.582642250889,0.259332437311,0.227364706825,-0.1511,0.0356,-0.0348,0.2868,-0.0954,-0.0378,-0.1511,-0.0356,0.0348,0.2868,-0.0954,0.0378,0,0,0,0,0,0,0,0,0,0,0,0,0,0,0,0,0,0,0,0,0,0,0,0,0,0,0,0,0,0,0,0,0,0,0,0,0,0,0,0,0,0,0,0,0,0,0,0,0,0,0,0,0,0,0,0,0,0,0,0,0,0
39,FRAME,NONE,34,34,0.34000000000000002,READY,-0.16,0,0,0,0,0,-1.40463927513,0.33585055564,-0.155997071966,-0.433739725807,0.0186527213242,0.28070492316,-1.29296430372,-1.10982116994,-0.8029900386,1.38132064118,-0.552813438425,0.582642250889,0.259332437311,0.227364706825,-0.1511,0.0356,-0.0348,0.2868,-0.0954,-0.0378,-0.1511,-0.0356,0.0348,0.2868,-0.0954,0.0378,0,0,0,0,0,0,0,0,0,0,0,0,0,0,0,0,0,0,0,0,0,0,0,0,0,0,0,0,0,0,0,0,0,0,0,0,0,0,0,0,0,0,0,0,0,0,0,0,0,0,0,0,0,0,0,0,0,0,0,0,0,0
40,FRAME,NONE,35,35,0.34999999999999998,READY,-0.14999999999999999,0,0,0,0,0,-1.40463927513,0.33585055564,-0.155997071966,-0.433739725807,0.0186527213242,0.28070492316,-1.29296430372,-1.10982116994,-0.8029900386,1.38132064118,-0.552813438425,0.582642250889,0.259332437311,0.227364706825,-0.1511,0.0356,-0.0348,0.2868,-0.0954,-0.0378,-0.1511,-0.0356,0.0348,0.2868,-0.0954,0.0378,0,0,0,0,0,0,0,0,0,0,0,0,0,0,0,0,0,0,0,0,0,0,0,0,0,0,0,0,0,0,0,0,0,0,0,0,0,0,0,0,0,0,0,0,0,0,0,0,0,0,0,0,0,0,0,0,0,0,0,0,0,0
41,FRAME,NONE,36,36,0.35999999999999999,READY,-0.14000000000000001,0,0,0,0,0,-1.40463927513,0.33585055564,-0.155997071966,-0.433739725807,0.0186527213242,0.28070492316,-1.29296430372,-1.10982116994,-0.8029900386,1.38132064118,-0.552813438425,0.582642250889,0.259332437311,0.227364706825,-0.1511,0.0356,-0.0348,0.2868,-0.0954,-0.0378,-0.1511,-0.0356,0.0348,0.2868,-0.0954,0.0378,0,0,0,0,0,0,0,0,0,0,0,0,0,0,0,0,0,0,0,0,0,0,0,0,0,0,0,0,0,0,0,0,0,0,0,0,0,0,0,0,0,0,0,0,0,0,0,0,0,0,0,0,0,0,0,0,0,0,0,0,0,0
42,FRAME,NONE,37,37,0.37,READY,-0.13,0,0,0,0,0,-1.40463927513,0.33585055564,-0.155997071966,-0.433739725807,0.0186527213242,0.28070492316,-1.29296430372,-1.10982116994,-0.8029900386,1.38132064118,-0.552813438425,0.582642250889,0.259332437311,0.227364706825,-0.1511,0.0356,-0.0348,0.2868,-0.0954,-0.0378,-0.1511,-0.0356,0.0348,0.2868,-0.0954,0.0378,0,0,0,0,0,0,0,0,0,0,0,0,0,0,0,0,0,0,0,0,0,0,0,0,0,0,0,0,0,0,0,0,0,0,0,0,0,0,0,0,0,0,0,0,0,0,0,0,0,0,0,0,0,0,0,0,0,0,0,0,0,0
43,FRAME,NONE,38,38,0.38,READY,-0.12,0,0,0,0,0,-1.40463927513,0.33585055564,-0.155997071966,-0.433739725807,0.0186527213242,0.28070492316,-1.29296430372,-1.10982116994,-0.8029900386,1.38132064118,-0.552813438425,0.582642250889,0.259332437311,0.227364706825,-0.1511,0.0356,-0.0348,0.2868,-0.0954,-0.0378,-0.1511,-0.0356,0.0348,0.2868,-0.0954,0.0378,0,0,0,0,0,0,0,0,0,0,0,0,0,0,0,0,0,0,0,0,0,0,0,0,0,0,0,0,0,0,0,0,0,0,0,0,0,0,0,0,0,0,0,0,0,0,0,0,0,0,0,0,0,0,0,0,0,0,0,0,0,0
44,FRAME,NONE,39,39,0.39000000000000001,READY,-0.11,0,0,0,0,0,-1.40463927513,0.33585055564,-0.155997071966,-0.433739725807,0.0186527213242,0.28070492316,-1.29296430372,-1.10982116994,-0.8029900386,1.38132064118,-0.552813438425,0.582642250889,0.259332437311,0.227364706825,-0.1511,0.0356,-0.0348,0.2868,-0.0954,-0.0378,-0.1511,-0.0356,0.0348,0.2868,-0.0954,0.0378,0,0,0,0,0,0,0,0,0,0,0,0,0,0,0,0,0,0,0,0,0,0,0,0,0,0,0,0,0,0,0,0,0,0,0,0,0,0,0,0,0,0,0,0,0,0,0,0,0,0,0,0,0,0,0,0,0,0,0,0,0,0
45,FRAME,NONE,40,40,0.40000000000000002,READY,-0.10000000000000001,0,0,0,0,0,-1.40463927513,0.33585055564,-0.155997071966,-0.433739725807,0.0186527213242,0.28070492316,-1.29296430372,-1.10982116994,-0.8029900386,1.38132064118,-0.552813438425,0.582642250889,0.259332437311,0.227364706825,-0.1511,0.0356,-0.0348,0.2868,-0.0954,-0.0378,-0.1511,-0.0356,0.0348,0.2868,-0.0954,0.0378,0,0,0,0,0,0,0,0,0,0,0,0,0,0,0,0,0,0,0,0,0,0,0,0,0,0,0,0,0,0,0,0,0,0,0,0,0,0,0,0,0,0,0,0,0,0,0,0,0,0,0,0,0,0,0,0,0,0,0,0,0,0
46,FRAME,NONE,41,41,0.40999999999999998,READY,-0.089999999999999997,0,0,0,0,0,-1.40463927513,0.33585055564,-0.155997071966,-0.433739725807,0.0186527213242,0.28070492316,-1.29296430372,-1.10982116994,-0.8029900386,1.38132064118,-0.552813438425,0.582642250889,0.259332437311,0.227364706825,-0.1511,0.0356,-0.0348,0.2868,-0.0954,-0.0378,-0.1511,-0.0356,0.0348,0.2868,-0.0954,0.0378,0,0,0,0,0,0,0,0,0,0,0,0,0,0,0,0,0,0,0,0,0,0,0,0,0,0,0,0,0,0,0,0,0,0,0,0,0,0,0,0,0,0,0,0,0,0,0,0,0,0,0,0,0,0,0,0,0,0,0,0,0,0
47,FRAME,NONE,42,42,0.41999999999999998,READY,-0.080000000000000002,0,0,0,0,0,-1.40463927513,0.33585055564,-0.155997071966,-0.433739725807,0.0186527213242,0.28070492316,-1.29296430372,-1.10982116994,-0.8029900386,1.38132064118,-0.552813438425,0.582642250889,0.259332437311,0.227364706825,-0.1511,0.0356,-0.0348,0.2868,-0.0954,-0.0378,-0.1511,-0.0356,0.0348,0.2868,-0.0954,0.0378,0,0,0,0,0,0,0,0,0,0,0,0,0,0,0,0,0,0,0,0,0,0,0,0,0,0,0,0,0,0,0,0,0,0,0,0,0,0,0,0,0,0,0,0,0,0,0,0,0,0,0,0,0,0,0,0,0,0,0,0,0,0
48,FRAME,NONE,43,43,0.42999999999999999,READY,-0.070000000000000007,0,0,0,0,0,-1.40463927513,0.33585055564,-0.155997071966,-0.433739725807,0.0186527213242,0.28070492316,-1.29296430372,-1.10982116994,-0.8029900386,1.38132064118,-0.552813438425,0.582642250889,0.259332437311,0.227364706825,-0.1511,0.0356,-0.0348,0.2868,-0.0954,-0.0378,-0.1511,-0.0356,0.0348,0.2868,-0.0954,0.0378,0,0,0,0,0,0,0,0,0,0,0,0,0,0,0,0,0,0,0,0,0,0,0,0,0,0,0,0,0,0,0,0,0,0,0,0,0,0,0,0,0,0,0,0,0,0,0,0,0,0,0,0,0,0,0,0,0,0,0,0,0,0
49,FRAME,NONE,44,44,0.44,READY,-0.059999999999999998,0,0,0,0,0,-1.40463927513,0.33585055564,-0.155997071966,-0.433739725807,0.0186527213242,0.28070492316,-1.29296430372,-1.10982116994,-0.8029900386,1.38132064118,-0.552813438425,0.582642250889,0.259332437311,0.227364706825,-0.1511,0.0356,-0.0348,0.2868,-0.0954,-0.0378,-0.1511,-0.0356,0.0348,0.2868,-0.0954,0.0378,0,0,0,0,0,0,0,0,0,0,0,0,0,0,0,0,0,0,0,0,0,0,0,0,0,0,0,0,0,0,0,0,0,0,0,0,0,0,0,0,0,0,0,0,0,0,0,0,0,0,0,0,0,0,0,0,0,0,0,0,0,0
50,FRAME,NONE,45,45,0.45000000000000001,READY,-0.050000000000000003,0,0,0,0,0,-1.40463927513,0.33585055564,-0.155997071966,-0.433739725807,0.0186527213242,0.28070492316,-1.29296430372,-1.10982116994,-0.8029900386,1.38132064118,-0.552813438425,0.582642250889,0.259332437311,0.227364706825,-0.1511,0.0356,-0.0348,0.2868,-0.0954,-0.0378,-0.1511,-0.0356,0.0348,0.2868,-0.0954,0.0378,0,0,0,0,0,0,0,0,0,0,0,0,0,0,0,0,0,0,0,0,0,0,0,0,0,0,0,0,0,0,0,0,0,0,0,0,0,0,0,0,0,0,0,0,0,0,0,0,0,0,0,0,0,0,0,0,0,0,0,0,0,0
51,FRAME,NONE,46,46,0.46000000000000002,READY,-0.040000000000000001,0,0,0,0,0,-1.40463927513,0.33585055564,-0.155997071966,-0.433739725807,0.0186527213242,0.28070492316,-1.29296430372,-1.10982116994,-0.8029900386,1.38132064118,-0.552813438425,0.582642250889,0.259332437311,0.227364706825,-0.1511,0.0356,-0.0348,0.2868,-0.0954,-0.0378,-0.1511,-0.0356,0.0348,0.2868,-0.0954,0.0378,0,0,0,0,0,0,0,0,0,0,0,0,0,0,0,0,0,0,0,0,0,0,0,0,0,0,0,0,0,0,0,0,0,0,0,0,0,0,0,0,0,0,0,0,0,0,0,0,0,0,0,0,0,0,0,0,0,0,0,0,0,0
52,FRAME,NONE,47,47,0.46999999999999997,READY,-0.029999999999999999,0,0,0,0,0,-1.40463927513,0.33585055564,-0.155997071966,-0.433739725807,0.0186527213242,0.28070492316,-1.29296430372,-1.10981583625,-0.803000203791,1.38134127728,-0.552877673636,0.582650708299,0.259383649662,0.227298009252,-0.1511,0.0356,-0.0348,0.2868,-0.0954,-0.0378,-0.1511,-0.0356,0.0348,0.2868,-0.0954,0.0378,0,0,0,0,0,0,0,0,0,0,0,0,0.00210232386997,-0.00396041095045,0.00806612624403,-0.0251003523328,0.00329953766703,0.0199542163811,-0.0260122460021,0,0,0,0,0,0,0,0,0,0,0,0,0,0,0,0,0,0,0,0,0,0,0,0,0.615120374619,-1.13529061217,2.32568166669,-7.23323970278,0.948148076209,5.72090298779,-7.47028213194,0,0,0,0,0,0,0,0,0,0,0,0
53,FRAME,RELEASE,48,48,0.47999999999999998,READY,-0.02,0,0,0,0,0,-1.40463927513,0.33585055564,-0.155997071966,-0.433739725807,0.0186527213242,0.28070492316,-1.29296430372,-1.10974081541,-0.803135775197,1.38162068874,-0.553746204679,0.582764221222,0.260066919104,0.226404230985,-0.1511,0.0356,-0.0348,0.2868,-0.0954,-0.0378,-0.1511,-0.0356,0.0348,0.2868,-0.0954,0.0378,0,0,0,0,0,0,0,0,0,0,0,0,0.0155724480501,-0.0274566737667,0.0569965134305,-0.177053538897,0.0230592434241,0.138404776926,-0.181426634521,0,0,0,0,0,0,0,0,0,0,0,0,0,0,0,0,0,0,0,0,0,0,0,0,2.21125291655,-3.69583968132,7.7962273624,-24.1831028581,3.12518072241,18.6378211265,-24.5468618285,0,0,0,0,0,0,0,0,0,0,0,0
54,FRAME,NONE,49,49,0.48999999999999999,READY,-0.01,0,0,0,0,0,-1.40463927513,0.33585055564,-0.155997071966,-0.433739725807,0.0186527213242,0.28070492316,-1.29296430372,-1.10943960955,-0.80364224119,1.3826870989,-0.557054644671,0.583192150277,0.262620865066,0.22304239239,-0.1511,0.0356,-0.0348,0.2868,-0.0954,-0.0378,-0.1511,-0.0356,0.0348,0.2868,-0.0954,0.0378,0,0,0,0,0,0,0,0,0,0,0,0,0.0483512798489,-0.0784014522632,0.166941057067,-0.517401874572,0.066562376103,0.395468401958,-0.522299140959,0,0,0,0,0,0,0,0,0,0,0,0,0,0,0,0,0,0,0,0,0,0,0,0,4.41455475289,-6.41366305638,14.1518881307,-43.7248055365,5.52998056495,32.3820681791,-43.2283390409,0,0,0,0,0,0,0,0,0,0,0,0
55,FRAME,NONE,50,50,0.5,READY,0,0,0,0,0,0,-1.40463927513,0.33585055564,-0.155997071966,-0.433739725807,0.0186527213242,0.28070492316,-1.29296430372,-1.10869500382,-0.804780817573,1.38515724259,-0.564697790679,0.584166632803,0.268366839869,0.215411024079,-0.1511,0.0356,-0.0348,0.2868,-0.0954,-0.0378,-0.1511,-0.0356,0.0348,0.2868,-0.0954,0.0378,0,0,0,0,0,0,0,0,0,0,0,0,0.104641297846,-0.152027568744,0.335452163097,-1.03643983494,0.131081020799,0.767574949431,-1.02467174023,0,0,0,0,0,0,0,0,0,0,0,0,0,0,0,0,0,0,0,0,0,0,0,0,6.85118301075,-8.02077658627,19.1329150149,-58.7335638085,7.16143023021,40.5849579086,-55.5133137202,0,0,0,0,0,0,0,0,0,0,0,0
56,FRAME,NONE,51,51,0.51000000000000001,SERVE_FOLLOW,0,0,0,0,0,0,-1.40463927513,0.33585055564,-0.155997071966,-0.433739725807,0.0186527213242,0.28070492316,-1.29296430372,-1.1072662174,-0.806703445705,1.38951305789,-0.578124994352,0.585843567133,0.278079912219,0.202338098034,-0.1511,0.0356,-0.0348,0.2868,-0.0954,-0.0378,-0.1511,-0.0356,0.0348,0.2868,-0.0954,0.0378,0,0,0,0,0,0,0,0,0,0,0,0,0.185023231514,-0.231786273744,0.538818066349,-1.65713856602,0.204424093869,1.17139347475,-1.58967684824,0,0,0,0,0,0,0,0,0,0,0,0,0,0,0,0,0,0,0,0,0,0,0,0,9.19396666574,-7.60850401687,21.0128864396,-63.6543976359,7.23761434404,38.4482280047,-55.4421624098,0,0,0,0,0,0,0,0,0,0,0,0
57,FRAME,DETACH_TARGET,52,52,0.52000000000000002,SERVE_FOLLOW,0,0,0,0,0,0,-1.40463927513,0.33585055564,-0.155997071966,-0.433739725807,0.0186527213242,0.28070492316,-1.29296430372,-1.10491998704,-0.809374500648,1.39594771044,-0.597839607048,0.588232093123,0.291564005818,0.183805527774,-0.1511,0.0356,-0.0348,0.2868,-0.0954,-0.0378,-0.1511,-0.0356,0.0348,0.2868,-0.0954,0.0378,0,0,0,0,0,0,0,0,0,0,0,0,0.28773953705,-0.299228213196,0.746729333516,-2.27831549126,0.270965397921,1.50701888873,-2.09968617817,0,0,0,0,0,0,0,0,0,0,0,0,0,0,0,0,0,0,0,0,0,0,0,0,11.3024220875,-5.70540068179,20.1986903525,-59.2115425452,5.85342553038,27.4553118638,-45.2223680214,0,0,0,0,0,0,0,0,0,0,0,0
58,FRAME,NONE,53,53,0.53000000000000003,SERVE_FOLLOW,0,0,0,0,0,0,-1.40463927513,0.33585055564,-0.155997071966,-0.433739725807,0.0186527213242,0.28070492316,-1.29296430372,-1.10144624898,-0.81261107093,1.40438761576,-0.623416460252,0.591196409347,0.307745277862,0.160799882241,-0.1511,0.0356,-0.0348,0.2868,-0.0954,-0.0378,-0.1511,-0.0356,0.0348,0.2868,-0.0954,0.0378,0,0,0,0,0,0,0,0,0,0,0,0,0.409977873214,-0.343884395596,0.936945366122,-2.81780391859,0.317671676797,1.70115861564,-2.47445959675,0,0,0,0,0,0,0,0,0,0,0,0,0,0,0,0,0,0,0,0,0,0,0,0,13.0827374942,-3.19932981156,17.6305420823,-47.6990379544,3.32295841264,10.6600668089,-29.1031900591,0,0,0,0,0,0,0,0,0,0,0,0
59,FRAME,NONE,54,54,0.54000000000000004,SERVE_FOLLOW,0,0,0,0,0,0,-1.40463927513,0.33585055564,-0.155997071966,-0.433739725807,0.0186527213242,0.28070492316,-1.29296430372,-1.09666775344,-0.816169948324,1.41458379415,-0.653723420501,0.594486086548,0.324969652658,0.134897668737,-0.1511,0.0356,-0.0348,0.2868,-0.0954,-0.0378,-0.1511,-0.0356,0.0348,0.2868,-0.0954,0.0378,0,0,0,0,0,0,0,0,0,0,0,0,0.547987780945,-0.364164461745,1.09662771898,-3.21637755008,0.334650620572,1.71105865294,-2.67624956578,0,0,0,0,0,0,0,0,0,0,0,0,0,0,0,0,0,0,0,0,0,0,0,0,14.4411011041,-0.978154636724,14.2486569579,-31.4109232814,-0.0396923857263,-8.88364983672,-11.3338880269,0,0,0,0,0,0,0,0,0,0,0,0
60,FRAME,NONE,55,55,0.55000000000000004,SERVE_FOLLOW,0,0,0,0,0,0,-1.40463927513,0.33585055564,-0.155997071966,-0.433739725807,0.0186527213242,0.28070492316,-1.29296430372,-1.09044953023,-0.819835344605,1.42620502833,-0.687150171826,0.59776789245,0.341307222635,0.107844099816,-0.1511,0.0356,-0.0348,0.2868,-0.0954,-0.0378,-0.1511,-0.0356,0.0348,0.2868,-0.0954,0.0378,0,0,0,0,0,0,0,0,0,0,0,0,0.697038475326,-0.366821900849,1.22190815607,-3.43743973412,0.31535853947,1.52401121355,-2.70795471794,0,0,0,0,0,0,0,0,0,0,0,0,0,0,0,0,0,0,0,0,0,0,0,0,15.266817919,0.284175172403,10.8204726569,-12.5169387924,-3.83736267671,-28.3189238691,4.57484822321,0,0,0,0,0,0,0,0,0,0,0,0
61,FRAME,NONE,56,56,0.56000000000000005,SERVE_FOLLOW,0,0,0,0,0,0,-1.40463927513,0.33585055564,-0.155997071966,-0.433739725807,0.0186527213242,0.28070492316,-1.29296430372,-1.08271054918,-0.823478799543,1.43890856001,-0.721820839313,0.600668415608,0.354831046761,0.0812278742421,-0.1511,0.0356,-0.0348,0.2868,-0.0954,-0.0378,-0.1511,-0.0356,0.0348,0.2868,-0.0954,0.0378,0,0,0,0,0,0,0,0,0,0,0,0,0.850954557134,-0.361071427614,1.31313726511,-3.46360523874,0.258884776884,1.15193879003,-2.59280919141,0,0,0,0,0,0,0,0,0,0,0,0,0,0,0,0,0,0,0,0,0,0,0,0,15.3816600765,0.76936418637,7.42231625354,7.31037185215,-7.34061001394,-45.5766135601,18.0666074462,0,0,0,0,0,0,0,0,0,0,0,0
62,FRAME,NONE,57,57,0.56999999999999995,SERVE_FOLLOW,0.01,0,0,0,0,0,-1.40463927513,0.33585055564,-0.155997071966,-0.433739725807,0.0186527213242,0.28070492316,-1.29296430372,-1.07344095201,-0.827048497417,1.4523537698,-0.755765593935,0.602844102223,0.363830957722,0.0563996859244,-0.1511,0.0356,-0.0348,0.2868,-0.0954,-0.0378,-0.1511,-0.0356,0.0348,0.2868,-0.0954,0.0378,0,0,0,0,0,0,0,0,0,0,0,0,1.0016517244,-0.352706359337,1.37013307221,-3.29328202492,0.172236122407,0.625978218851,-2.35407196442,0,0,0,0,0,0,0,0,0,0,0,0,0,0,0,0,0,0,0,0,0,0,0,0,14.5905164979,0.873030535943,3.95773717089,26.5227641435,-9.73692238645,-58.7845203007,29.3235480492,0,0,0,0,0,0,0,0,0,0,0,0
63,FRAME,NONE,58,58,0.57999999999999996,SERVE_FOLLOW,0.02,0,0,0,0,0,-1.40463927513,0.33585055564,-0.155997071966,-0.433739725807,0.0186527213242,0.28070492316,-1.29296430372,-1.062721479,-0.830530774775,1.46619339602,-0.787076098499,0.604062091991,0.3670017665,0.0344867469098,-0.1511,0.0356,-0.0348,0.2868,-0.0954,-0.0378,-0.1511,-0.0356,0.0348,0.2868,-0.0954,0.0378,0,0,0,0,0,0,0,0,0,0,0,0,1.13909456438,-0.343563832007,1.39174909768,-2.94036049874,0.0705444857403,-0.00401167744956,-2.01318043113,0,0,0,0,0,0,0,0,0,0,0,0,0,0,0,0,0,0,0,0,0,0,0,0,12.6982761046,0.990792351893,0.330284832135,43.571993573,-10.2137877833,-66.070445482,38.527828439,0,0,0,0,0,0,0,0,0,0,0,0
64,FRAME,NONE,59,59,0.58999999999999997,SERVE_FOLLOW,0.029999999999999999,0,0,0,0,0,-1.40463927513,0.33585055564,-0.155997071966,-0.433739725807,0.0186527213242,0.28070492316,-1.29296430372,-1.05074304924,-0.833911094666,1.48006408765,-0.814059352392,0.604280477813,0.363627550415,0.0164104726616,-0.1511,0.0356,-0.0348,0.2868,-0.0954,-0.0378,-0.1511,-0.0356,0.0348,0.2868,-0.0954,0.0378,0,0,0,0,0,0,0,0,0,0,0,0,1.25126198754,-0.331792824141,1.375973335,-2.43372365691,-0.0234288496621,-0.670915998515,-1.59001568294,0,0,0,0,0,0,0,0,0,0,0,0,0,0,0,0,0,0,0,0,0,0,0,0,9.4960014282,1.4110582317,-3.51689976814,57.1057574155,-8.15699273681,-66.1485538098,45.7554945088,0,0,0,0,0,0,0,0,0,0,0,0
65,FRAME,STRIKE_MOTION_START,60,60,0.59999999999999998,SERVE_FOLLOW,0.040000000000000001,0,0,0,0,0,-1.40463927513,0.33585055564,-0.155997071966,-0.433739725807,0.0186527213242,0.28070492316,-1.29296430372,-1.03782813831,-0.837148958112,1.4935821041,-0.835366063886,0.603702786692,0.353689713939,0.00289037271014,-0.1511,0.0356,-0.0348,0.2868,-0.0954,-0.0378,-0.1511,-0.0356,0.0348,0.2868,-0.0954,0.0378,0,0,0,0,0,0,0,0,0,0,0,0,1.32376700191,-0.314802418946,1.32101701904,-1.81185868769,-0.0847464365361,-1.30648875735,-1.10582060257,0,0,0,0,0,0,0,0,0,0,0,0,0,0,0,0,0,0,0,0,0,0,0,0,4.71944944242,1.99339863971,-7.4823093496,66.5555200816,-3.7455179524,-60.07846325,50.6581420952,0,0,0,0,0,0,0,0,0,0,0,0
66,FRAME,NONE,61,61,0.60999999999999999,SERVE_FOLLOW,0.050000000000000003,0,0,0,0,0,-1.40463927513,0.33585055564,-0.155997071966,-0.433739725807,0.0186527213242,0.28070492316,-1.29296430372,-1.02445671866,-0.840188194732,1.50635208023,-0.850054361664,0.602767022114,0.337781549618,-0.00558707582476,-0.1511,0.0356,-0.0348,0.2868,-0.0954,-0.0378,-0.1511,-0.0356,0.0348,0.2868,-0.0954,0.0378,0,0,0,0,0,0,0,0,0,0,0,0,1.3394764873,-0.292210066483,1.22640339424,-1.11746857188,-0.0917478737461,-1.85747787149,-0.586117958237,0,0,0,0,0,0,0,0,0,0,0,0,0,0,0,0,0,0,0,0,0,0,0,0,-1.90944926876,2.49017450699,-11.4248450605,71.5486877653,2.6433573212,-49.5061550832,52.7812545214,0,0,0,0,0,0,0,0,0,0,0,0
67,FRAME,NONE,62,62,0.62,SERVE_FOLLOW,0.059999999999999998,0,0,0,0,0,-1.40463927513,0.33585055564,-0.155997071966,-0.433739725807,0.0186527213242,0.28070492316,-1.29296430372,-1.01129399741,-0.842981190599,1.51798093829,-0.857628033905,0.602108927611,0.316946571758,-0.0088133493395,-0.1511,0.0356,-0.0348,0.2868,-0.0954,-0.0378,-0.1511,-0.0356,0.0348,0.2868,-0.0954,0.0378,0,0,0,0,0,0,0,0,0,0,0,0,1.2784766294,-0.266109607505,1.09306669357,-0.396982228343,-0.0265455526438,-2.28709107126,-0.0609756849325,0,0,0,0,0,0,0,0,0,0,0,0,0,0,0,0,0,0,0,0,0,0,0,0,-10.6687641213,2.65374676459,-15.203408049,71.7126666609,10.6323538353,-36.0776105902,51.6703151102,0,0,0,0,0,0,0,0,0,0,0,0
68,FRAME,NONE,63,63,0.63,SERVE_FOLLOW,0.070000000000000007,0,0,0,0,0,-1.40463927513,0.33585055564,-0.155997071966,-0.433739725807,0.0186527213242,0.28070492316,-1.29296430372,-0.99921658934,-0.845512222636,1.52809139722,-0.858071264839,0.602522966262,0.29251533278,-0.00690113065112,-0.1511,0.0356,-0.0348,0.2868,-0.0954,-0.0378,-0.1511,-0.0356,0.0348,0.2868,-0.0954,0.0378,0,0,0,0,0,0,0,0,0,0,0,0,1.11888988953,-0.240356519023,0.92305184469,0.300706900288,0.12432905305,-2.5742886589,0.436092497112,0,0,0,0,0,0,0,0,0,0,0,0,0,0,0,0,0,0,0,0,0,0,0,0,-21.5097765947,2.52237811574,-18.7970169922,67.1794286688,19.5856763881,-21.1559146854,47.3105597951,0,0,0,0,0,0,0,0,0,0,0,0
69,FRAME,NONE,64,64,0.64000000000000001,SERVE_FOLLOW,0.080000000000000002,0,0,0,0,0,-1.40463927513,0.33585055564,-0.155997071966,-0.433739725807,0.0186527213242,0.28070492316,-1.29296430372,-0.989296207493,-0.847783625787,1.53631986666,-0.851817777759,0.60488969311,0.2659790161,-0.000270394062625,-0.1511,0.0356,-0.0348,0.2868,-0.0954,-0.0378,-0.1511,-0.0356,0.0348,0.2868,-0.0954,0.0378,0,0,0,0,0,0,0,0,0,0,0,0,0.845861672986,-0.212705615572,0.716211237907,0.938116404492,0.362816198535,-2.70600385843,0.880220279211,0,0,0,0,0,0,0,0,0,0,0,0,0,0,0,0,0,0,0,0,0,0,0,0,-33.0766164226,3.27793835237,-22.6651606825,60.0992085141,27.8334659659,-4.97256681794,41.4462349523,0,0,0,0,0,0,0,0,0,0,0,0
70,FRAME,NONE,65,65,0.65000000000000002,SERVE_FOLLOW,0.089999999999999997,0,0,0,0,0,-1.40463927513,0.33585055564,-0.155997071966,-0.433739725807,0.0186527213242,0.28070492316,-1.29296430372,-0.982675513698,-0.849707612599,1.54227470219,-0.839553471341,0.610017817322,0.238956384811,0.0105106279333,-0.1511,0.0356,-0.0348,0.2868,-0.0954,-0.0378,-0.1511,-0.0356,0.0348,0.2868,-0.0954,0.0378,0,0,0,0,0,0,0,0,0,0,0,0,0.460546997238,-0.166948750477,0.466901494147,1.5030504648,0.672218679229,-2.66936316565,1.26728196102,0,0,0,0,0,0,0,0,0,0,0,0,0,0,0,0,0,0,0,0,0,0,0,0,-43.6866254021,6.38819903857,-27.387445441,53.1268066282,33.4473476018,12.5238299294,36.2613395686,0,0,0,0,0,0,0,0,0,0,0,0
71,FRAME,NONE,66,66,0.66000000000000003,SERVE_FOLLOW,0.10000000000000001,0,0,0,0,0,-1.40463927513,0.33585055564,-0.155997071966,-0.433739725807,0.0186527213242,0.28070492316,-1.29296430372,-0.980401486701,-0.850960925574,1.54547884529,-0.821953462438,0.61845265727,0.213197506898,0.0249416457897,-0.1511,0.0356,-0.0348,0.2868,-0.0954,-0.0378,-0.1511,-0.0356,0.0348,0.2868,-0.0954,0.0378,0,0,0,0,0,0,0,0,0,0,0,0,-0.0190725382176,-0.0722000614216,0.163683171122,2.00986126606,1.01655554088,-2.45097910719,1.61499183207,0,0,0,0,0,0,0,0,0,0,0,0,0,0,0,0,0,0,0,0,0,0,0,0,-51.6571453302,13.3209317384,-33.5434775891,48.9170234424,34.498946329,31.3846724737,33.9398726306,0,0,0,0,0,0,0,0,0,0,0,0
72,FRAME,NONE,67,67,0.67000000000000004,SERVE_FOLLOW,0.11,0,0,0,0,0,-1.40463927513,0.33585055564,-0.155997071966,-0.433739725807,0.0186527213242,0.28070492316,-1.29296430372,-0.983258335213,-0.850842498689,1.54531429066,-0.799420948831,0.630285849215,0.190586492352,0.0428047785052,-0.1511,0.0356,-0.0348,0.2868,-0.0954,-0.0378,-0.1511,-0.0356,0.0348,0.2868,-0.0954,0.0378,0,0,0,0,0,0,0,0,0,0,0,0,-0.55877818673,0.114884690574,-0.209465242993,2.49727759746,1.34183516947,-2.03815152478,1.96093702211,0,0,0,0,0,0,0,0,0,0,0,0,0,0,0,0,0,0,-6.93889390391e-13,-1.5959455979e-12,-5.55111512313e-13,9.97465998687e-13,0,5.55111512313e-13,-55.5412919552,24.6561724252,-41.2272659769,49.2560994039,29.5691231454,51.180844008,35.8789732709,0,0,0,0,0,0,0,0,0,0,0,0
73,FRAME,NONE,68,68,0.68000000000000005,SERVE_FOLLOW,0.12,0,0,0,0,0,-1.40463927513,0.33585055564,-0.155997071966,-0.433739725807,0.0186527213242,0.28070492316,-1.29296430372,-0.991631061573,-0.848246524549,1.54102968131,-0.771938984786,0.645031256666,0.173081763518,0.0642767274419,-0.1511,0.0356,-0.0348,0.2868,-0.0954,-0.0378,-0.1511,-0.0356,0.0348,0.2868,-0.0954,0.0378,0,0,0,0,0,0,-1.38777878078e-14,-3.1918911958e-14,-1.11022302463e-14,1.99493199737e-14,0,1.11022302463e-14,-1.11459783815,0.425695392403,-0.659793399107,3.00451945299,1.59005928027,-1.43208170274,2.34093885513,0,0,0,0,0,0,0,0,0,0,0,0,0,0,0,0,0,2.22044604925e-12,-5.55111512313e-13,-7.6327832943e-13,-1.11022302463e-12,8.15320033709e-13,-1.2490009027e-12,5.55111512313e-13,-54.8352768291,37.4230147084,-48.5904295717,52.4560350234,19.2756829075,69.5611728281,40.3283412036,0,0,0,0,0,0,0,0,0,0,0,0
74,FRAME,NONE,69,69,0.68999999999999995,SERVE_FOLLOW,0.13500000000000001,0,0,0,0,0,-1.40463927513,0.33585055564,-0.155997071966,-0.433739725807,0.0186527213242,0.28070492316,-1.29296430372,-1.00544683081,-0.841928474275,1.5319081507,-0.739208881405,0.661668927605,0.162497755899,0.0897812863919,-0.1511,0.0356,-0.0348,0.2868,-0.0954,-0.0378,-0.1511,-0.0356,0.0348,0.2868,-0.0954,0.0378,0,0,0,0,0,4.4408920985e-14,-1.11022302463e-14,-1.52655665886e-14,-2.22044604925e-14,1.63064006742e-14,-2.49800180541e-14,1.11022302463e-14,-1.63928980249,0.855254850126,-1.17242515677,3.54741263187,1.71322690684,-0.661086495357,2.76741420335,0,0,0,0,0,0,0,0,0,0,0,0,0,0,0,0,0,5.55111512313e-13,1.38777878078e-13,1.45716771982e-12,4.16333634234e-13,-2.94902990916e-13,-2.77555756156e-13,0,-49.2710854548,47.7628166069,-53.2989898697,55.9602708275,4.74566643676,83.6939735055,44.7508162887,0,0,0,0,0,0,0,0,0,0,0,0
75,FRAME,NONE,70,70,0.69999999999999996,SERVE_FOLLOW,0.14499999999999999,0,0,0,0,0,-1.40463927513,0.33585055564,-0.155997071966,-0.433739725807,0.0186527213242,0.28070492316,-1.29296430372,-1.02414699034,-0.830886523026,1.51749829261,-0.700901519768,0.678755252394,0.160224152184,0.119739559863,-0.1511,0.0356,-0.0348,0.2868,-0.0954,-0.0378,-0.1511,-0.0356,0.0348,0.2868,-0.0954,0.0378,0,0,0,0,0,1.11022302463e-14,-1.11022302463e-14,-2.77555756156e-15,-2.77555756156e-15,1.40512601554e-14,-5.55111512313e-15,1.11022302463e-14,-2.08293224477,1.35999944999,-1.7091445905,4.11621733858,1.67460749097,0.218200388801,3.22740833761,0,0,0,0,0,0,0,0,0,0,0,0,0,0,0,0,0,-2.77555756156e-12,1.38777878078e-13,-1.38777878078e-13,8.32667268469e-13,-7.8062556419e-14,2.49800180541e-12,0,-38.5807033355,51.8169361393,-53.0189683671,57.2122473427,-12.8938854456,90.7475606119,46.609238386,0,0,0,0,0,0,0,0,0,0,0,0
76,FRAME,NONE,71,71,0.70999999999999996,SERVE_FOLLOW,0.155,0,0,0,0,0,-1.40463927513,0.33585055564,-0.155997071966,-0.433739725807,0.0186527213242,0.28070492316,-1.29296430372,-1.04666234048,-0.814740946888,1.49784425579,-0.656910074563,0.694536230538,0.166946957178,0.154318656979,-0.1511,0.0356,-0.0348,0.2868,-0.0954,-0.0378,-0.1511,-0.0356,0.0348,0.2868,-0.0954,0.0378,0,0,0,0,0,-1.11022302463e-14,-8.32667268469e-15,-1.80411241502e-14,-5.55111512313e-15,1.47451495458e-14,2.49800180541e-14,1.11022302463e-14,-2.39395917898,1.86101281424,-2.21004760701,4.67709434441,1.44902222721,1.1229501235,3.68379988546,0,0,0,0,0,0,0,0,0,0,0,0,0,0,0,0,0,5.55111512313e-13,8.32667268469e-13,2.08166817117e-13,-5.55111512313e-13,-8.50014503229e-13,5.55111512313e-13,-5.55111512313e-13,-22.910513543,47.0201936536,-46.0770334586,54.2418697176,-32.4033940869,88.738943364,43.8484306142,0,0,0,0,0,0,0,0,0,0,0,0
77,FRAME,NONE,72,72,0.71999999999999997,SERVE_FOLLOW,0.16500000000000001,0,0,0,0,0,-1.40463927513,0.33585055564,-0.155997071966,-0.433739725807,0.0186527213242,0.28070492316,-1.29296430372,-1.07144227669,-0.793945369655,1.47362995444,-0.607526497308,0.707075367384,0.182479903038,0.193243043209,-0.1511,0.0356,-0.0348,0.2868,-0.0954,-0.0378,-0.1511,-0.0356,0.0348,0.2868,-0.0954,0.0378,0,0,0,0,0,2.22044604925e-14,5.55111512313e-15,1.38777878078e-15,-1.38777878078e-14,-2.94902990916e-15,5.55111512313e-15,0,-2.5305564012,2.27959601521,-2.61170973495,5.18823276459,1.02593885329,1.96747786756,4.08855537084,0,0,0,0,0,0,0,0,0,0,0,0,0,0,0,0,0,5.55111512313e-13,4.16333634234e-13,9.02056207508e-13,2.77555756156e-13,-7.3725747729e-13,-1.2490009027e-12,-5.55111512313e-13,-4.06448942452,35.981258814,-33.4424411323,47.4249015882,-52.0931295092,79.0799095587,36.3411491272,0,0,0,0,0,0,0,0,0,0,0,0
78,FRAME,NONE,73,73,0.72999999999999998,SERVE_FOLLOW,0.17499999999999999,0,0,0,0,0,-1.40463927513,0.33585055564,-0.155997071966,-0.433739725807,0.0186527213242,0.28070492316,-1.29296430372,-1.09662068298,-0.769571167043,1.44610526526,-0.553424466245,0.714418708288,0.205875923736,0.235764946565,-0.1511,0.0356,-0.0348,0.2868,-0.0954,-0.0378,-0.1511,-0.0356,0.0348,0.2868,-0.0954,0.0378,0,0,0,0,0,0,0,0,0,0,0,0,-2.47205742277,2.57283778932,-2.86535391455,5.61597783535,0.412566440454,2.68658186762,4.39598375366,0,0,0,0,0,0,0,0,0,0,0,0,0,0,0,0,0,-1.11022302463e-12,-2.77555756156e-13,-6.93889390391e-14,6.93889390391e-13,1.47451495458e-13,-2.77555756156e-13,0,15.7389981037,22.6022636139,-16.7450942747,37.7235712123,-70.160823903,64.0309416384,24.4421333377,0,0,0,0,0,0,0,0,0,0,0,0
79,FRAME,NONE,74,74,0.73999999999999999,SERVE_FOLLOW,0.185,0,0,0,0,0,-1.40463927513,0.33585055564,-0.155997071966,-0.433739725807,0.0186527213242,0.28070492316,-1.29296430372,-1.12023569702,-0.742923720806,1.41692634041,-0.495566095845,0.714774502708,0.235648959833,0.280697421632,-0.1511,0.0356,-0.0348,0.2868,-0.0954,-0.0378,-0.1511,-0.0356,0.0348,0.2868,-0.0954,0.0378,0,0,0,0,0,0,0,0,0,0,0,0,-2.21997946415,2.73684819293,-2.93850211496,5.93629707554,-0.365863261975,3.23766519475,4.56394138796,0,0,0,0,0,0,0,0,0,0,0,0,0,0,0,0,0,-5.55111512313e-13,-2.77555756156e-13,-9.02056207508e-13,-1.38777878078e-13,4.59701721134e-13,6.93889390391e-13,1.11022302463e-12,34.2815781256,10.7853400467,2.38510422754,26.1001068479,-84.804209459,45.8525220452,8.50612265848,0,0,0,0,0,0,0,0,0,0,0,0
80,FRAME,NONE,75,75,0.75,SERVE_FOLLOW,0.19500000000000001,0,0,0,0,0,-1.40463927513,0.33585055564,-0.155997071966,-0.433739725807,0.0186527213242,0.28070492316,-1.29296430372,-1.14045074463,-0.715156676039,1.38799131244,-0.435105042319,0.706692329935,0.269998467819,0.326452253543,-0.1511,0.0356,-0.0348,0.2868,-0.0954,-0.0378,-0.1511,-0.0356,0.0348,0.2868,-0.0954,0.0378,0,0,0,0,0,-1.11022302463e-14,-5.55111512313e-15,-1.80411241502e-14,-2.77555756156e-15,9.19403442268e-15,1.38777878078e-14,2.22044604925e-14,-1.79762214762,2.80452334956,-2.81562773115,6.13511611411,-1.26664635284,3.59996629127,4.55504704265,0,0,0,0,0,0,0,0,0,0,0,0,0,0,0,0,0,-5.55111512313e-13,6.93889390391e-13,9.02056207508e-13,1.2490009027e-12,-1.26634813746e-12,-5.55111512313e-13,-5.55111512313e-13,49.5054026765,3.53851899402,22.0572926852,13.6510677789,-94.441228876,26.4973519597,-10.6261351996,0,0,0,0,0,0,0,0,0,0,0,0
81,FRAME,NONE,76,76,0.76000000000000001,SERVE_FOLLOW,0.20499999999999999,0,0,0,0,0,-1.40463927513,0.33585055564,-0.155997071966,-0.433739725807,0.0186527213242,0.28070492316,-1.29296430372,-1.15575470622,-0.687002431632,1.36124207451,-0.37327214611,0.689213597454,0.306993917881,0.371141043049,-0.1511,0.0356,-0.0348,0.2868,-0.0954,-0.0378,-0.1511,-0.0356,0.0348,0.2868,-0.0954,0.0378,0,0,0,0,0,-1.11022302463e-14,1.38777878078e-14,1.80411241502e-14,2.49800180541e-14,-2.53269627493e-14,-1.11022302463e-14,-1.11022302463e-14,-1.24565311605,2.82095766931,-2.50533195107,6.21201279339,-2.23566256813,3.76609498608,4.35004712972,0,0,0,0,0,0,0,0,0,0,0,0,0,0,0,0,0,-5.55111512313e-13,6.93889390391e-13,2.22044604925e-12,2.22044604925e-12,-1.87350135405e-12,-1.38777878078e-12,-2.77555756156e-12,59.9947155975,0.293426890085,39.3367741977,2.01033739333,-98.3706668846,6.68700751524,-30.1698593323,0,0,0,0,0,0,0,0,0,0,0,0
82,FRAME,NONE,77,77,0.77000000000000002,SERVE_FOLLOW,0.215,0,0,0,0,0,-1.40463927513,0.33585055564,-0.155997071966,-0.433739725807,0.0186527213242,0.28070492316,-1.29296430372,-1.1651091108,-0.658797684084,1.33837994431,-0.311216745135,0.661949369835,0.344657723865,0.412836674313,-0.1511,0.0356,-0.0348,0.2868,-0.0954,-0.0378,-0.1511,-0.0356,0.0348,0.2868,-0.0954,0.0378,0,0,0,0,0,-2.22044604925e-14,8.32667268469e-15,2.63677968348e-14,4.16333634234e-14,-2.82759926584e-14,-1.38777878078e-14,-3.33066907388e-14,-0.617693651794,2.81885606827,-2.04752012269,6.1839112723,-3.21343106997,3.73356850995,3.96118093243,0,0,0,0,0,0,0,0,0,0,0,0,0,0,0,0,0,1.11022302463e-12,-1.11022302463e-12,-1.45716771982e-12,-2.63677968348e-12,2.09901540593e-12,1.94289029309e-12,1.11022302463e-12,64.494283681,-0.412410942637,51.0278930619,-7.05386989458,-96.1115187234,-13.1647164164,-46.8542605371,0,0,0,0,0,0,0,0,0,0,0,0
83,FRAME,NOMINAL_CONTACT,78,78,0.78000000000000003,SERVE_FOLLOW,0.22500000000000001,0,0,0,0,0,-1.40463927513,0.33585055564,-0.155997071966,-0.433739725807,0.0186527213242,0.28070492316,-1.29296430372,-1.16807446183,-0.630625204466,1.32054740326,-0.249830525004,0.625129570268,0.38100816167,0.449897963791,-0.1511,0.0356,-0.0348,0.2868,-0.0954,-0.0378,-0.1511,-0.0356,0.0348,0.2868,-0.0954,0.0378,0,0,0,0,0,1.11022302463e-14,-8.32667268469e-15,-1.11022302463e-14,-2.77555756156e-14,1.66533453694e-14,2.77555756156e-14,1.11022302463e-14,0.0200826307498,2.81629871577,-1.514054151,6.08541785387,-4.13566097283,3.50404204237,3.43339562608,0,0,0,0,0,0,0,0,0,0,0,0,0,0,0,0,0,1.11022302463e-12,-6.93889390391e-13,-1.52655665886e-12,-3.1918911958e-12,2.19442519711e-12,1.38777878078e-12,1.66533453694e-12,61.7488737197,-0.0414691816845,53.9349935745,-11.7733396707,-87.1827796311,-32.6440249635,-57.4085496117,0,0,0,0,0,0,0,0,0,0,0,0
84,FRAME,NONE,79,79,0.79000000000000004,SERVE_FOLLOW,0.23499999999999999,0,0,0,0,0,-1.40463927513,0.33585055564,-0.155997071966,-0.433739725807,0.0186527213242,0.28070492316,-1.29296430372,-1.16493158385,-0.602458759024,1.30801463643,-0.189574137423,0.579647836422,0.41410279978,0.481292396719,-0.1511,0.0356,-0.0348,0.2868,-0.0954,-0.0378,-0.1511,-0.0356,0.0348,0.2868,-0.0954,0.0378,0,0,0,0,0,0,-5.55111512313e-15,-4.16333634234e-15,-2.22044604925e-14,1.56125112838e-14,1.38777878078e-14,0,0.59103814952,2.81740446863,-1.0056997573,5.96710106092,-4.93487364994,3.08433423644,2.84217506149,0,0,0,0,0,0,0,0,0,0,0,0,0,0,0,0,0,-2.77555756156e-12,2.77555756156e-13,4.16333634234e-13,3.33066907388e-12,-1.04950770297e-12,-1.66533453694e-12,-1.11022302463e-12,51.3385982774,0.20915120322,46.0835163309,-11.0678272752,-71.7523673787,-50.9269132909,-59.4304239497,0,0,0,0,0,0,0,0,0,0,0,0
85,FRAME,NONE,80,80,0.80000000000000004,SERVE_FOLLOW,0.245,0,0,0,0,0,-1.40463927513,0.33585055564,-0.155997071966,-0.433739725807,0.0186527213242,0.28070492316,-1.29296430372,-1.15669437412,-0.574273531191,1.30002481498,-0.130393254671,0.527022016383,0.442135257101,0.506805960343,-0.1511,0.0356,-0.0348,0.2868,-0.0954,-0.0378,-0.1511,-0.0356,0.0348,0.2868,-0.0954,0.0378,0,0,0,0,0,-4.4408920985e-14,-2.77555756156e-15,-2.77555756156e-15,3.88578058619e-14,-4.33680868994e-15,-5.55111512313e-15,-1.11022302463e-14,1.03104336352,2.81962864812,-0.618546330944,5.87657246775,-5.55824810287,2.49770799291,2.26965638361,0,0,0,0,0,0,0,0,0,0,0,0,0,0,0,0,0,1.11022302463e-12,1.38777878078e-13,-2.77555756156e-13,8.32667268469e-13,-7.7195194681e-13,-1.38777878078e-12,1.11022302463e-12,36.1849530032,0.203844073641,30.3832871202,-6.60896706429,-52.5838898653,-65.54853671,-53.9915273298,0,0,0,0,0,0,0,0,0,0,0,0
86,FRAME,NONE,81,81,0.81000000000000005,SERVE_FOLLOW,0.255,0,0,0,0,0,-1.40463927513,0.33585055564,-0.155997071966,-0.433739725807,0.0186527213242,0.28070492316,-1.29296430372,-1.14484689017,-0.546068970284,1.29504234031,-0.0718616540946,0.469140520148,0.463667330082,0.526966376573,-0.1511,0.0356,-0.0348,0.2868,-0.0954,-0.0378,-0.1511,-0.0356,0.0348,0.2868,-0.0954,0.0378,0,0,0,0,0,2.22044604925e-14,-2.77555756156e-15,-9.71445146547e-15,-5.55111512313e-15,1.73472347598e-16,-1.38777878078e-14,2.22044604925e-14,1.31144878155,2.82106081695,-0.410426781162,5.83956753198,-5.98546633115,1.79515123411,1.78074665017,0,0,0,0,0,0,0,0,0,0,0,0,0,0,0,0,0,3.33066907388e-12,1.38777878078e-13,2.77555756156e-13,-1.66533453694e-12,7.02563007771e-13,-5.55111512313e-13,5.55111512313e-13,20.0447793176,0.0723769989658,10.9652280304,-0.756363148771,-33.0898775225,-73.633840569,-43.0319901269,0,0,0,0,0,0,0,0,0,0,0,0
87,FRAME,NONE,82,82,0.81999999999999995,SERVE_FOLLOW,0.26500000000000001,0,0,0,0,0,-1.40463927513,0.33585055564,-0.155997071966,-0.433739725807,0.0186527213242,0.28070492316,-1.29296430372,-1.13097184234,-0.517857141613,1.29115983089,-0.0134137386696,0.407924311197,0.477914447124,0.542853431375,-0.1511,0.0356,-0.0348,0.2868,-0.0954,-0.0378,-0.1511,-0.0356,0.0348,0.2868,-0.0954,0.0378,0,0,0,0,0,2.22044604925e-14,0,2.77555756156e-15,5.55111512313e-15,9.71445146547e-15,-1.66533453694e-14,0,1.44117332657,2.82108821351,-0.397864796306,5.85822567009,-6.23033563866,1.0564024289,1.4209516151,0,0,0,0,0,0,0,0,0,0,0,0,0,0,0,0,0,-2.22044604925e-12,1.2490009027e-12,1.5959455979e-12,-2.77555756156e-13,-9.36750677027e-13,1.11022302463e-12,-2.77555756156e-12,6.67491864107,-0.05548245142,-8.03973885052,4.1303803608,-16.6828607817,-72.3077702159,-28.4919427157,0,0,0,0,0,0,0,0,0,0,0,0
88,FRAME,NONE,83,83,0.82999999999999996,SERVE_FOLLOW,0.27500000000000002,0,0,0,0,0,-1.40463927513,0.33585055564,-0.155997071966,-0.433739725807,0.0186527213242,0.28070492316,-1.29296430372,-1.11638009461,-0.489649903653,1.28650843743,0.0454221734269,0.344990710919,0.485025395136,0.555903799,-0.1511,0.0356,-0.0348,0.2868,-0.0954,-0.0378,-0.1511,-0.0356,0.0348,0.2868,-0.0954,0.0378,0,0,0,0,0,-2.22044604925e-14,2.22044604925e-14,2.22044604925e-14,-1.11022302463e-14,-1.8561541193e-14,8.32667268469e-15,-3.33066907388e-14,1.46411187346,2.82031878902,-0.557463313361,5.91242567736,-6.33825989915,0.386061135004,1.21579436007,0,0,0,0,0,0,0,0,0,0,0,0,0,0,0,0,0,0,8.32667268469e-13,1.38777878078e-13,-2.49800180541e-12,-1.07552855511e-12,4.16333634234e-13,5.55111512313e-13,-1.20477254226,-0.0807518608695,-23.0560792393,6.22582730595,-5.76387630769,-60.2510540655,-12.5440628943,0,0,0,0,0,0,0,0,0,0,0,0
89,FRAME,NONE,84,84,0.83999999999999997,SERVE_FOLLOW,0.28499999999999998,0,0,0,0,0,-1.40463927513,0.33585055564,-0.155997071966,-0.433739725807,0.0186527213242,0.28070492316,-1.29296430372,-1.10187497343,-0.46145008728,1.27959595779,0.10486000108,0.281448697229,0.486159794284,0.567685635044,-0.1511,0.0356,-0.0348,0.2868,-0.0954,-0.0378,-0.1511,-0.0356,0.0348,0.2868,-0.0954,0.0378,0,0,0,0,0,2.22044604925e-14,1.66533453694e-14,5.55111512313e-15,-4.4408920985e-14,-1.17961196366e-14,-8.32667268469e-15,1.11022302463e-14,1.43061816317,2.81973461578,-0.841177682566,5.9744753465,-6.35842347769,-0.129196035357,1.16442024028,0,0,0,0,0,0,0,0,0,0,0,0,0,0,0,0,0,3.33066907388e-12,-1.80411241502e-12,-1.80411241502e-12,0,1.65666091956e-12,-8.32667268469e-13,2.77555756156e-12,-5.0223774938,-0.027589423694,-32.7298100702,5.84121333676,1.31201430125,-42.3675528,1.70878184629,0,0,0,0,0,0,0,0,0,0,0,0
90,FRAME,NONE,85,85,0.84999999999999998,SERVE_FOLLOW,0.29499999999999998,0,0,0,0,0,-1.40463927513,0.33585055564,-0.155997071966,-0.433739725807,0.0186527213242,0.28070492316,-1.29296430372,-1.0878587815,-0.433252834112,1.26946167385,0.164868327922,0.218027996121,0.483052164331,0.579596428855,-0.1511,0.0356,-0.0348,0.2868,-0.0954,-0.0378,-0.1511,-0.0356,0.0348,0.2868,-0.0954,0.0378,0,0,0,0,0,4.4408920985e-14,-1.38777878078e-14,-1.38777878078e-14,-1.11022302463e-14,1.45716771982e-14,-8.32667268469e-15,2.22044604925e-14,1.36898771703,2.81984529554,-1.19158883204,6.02380108638,-6.31597515211,-0.463399449775,1.23320183035,0,0,0,0,0,0,0,0,0,0,0,0,0,0,0,0,0,-2.77555756156e-12,-2.35922392733e-12,-1.31838984174e-12,3.46944695195e-12,1.35308431126e-12,1.94289029309e-12,-5.55111512313e-13,-7.2429644113,0.0490615130556,-36.2623360823,3.82194205545,7.20124321359,-25.1169101683,10.9311765919,0,0,0,0,0,0,0,0,0,0,0,0
91,FRAME,NONE,86,86,0.85999999999999999,SERVE_FOLLOW,0.30499999999999999,0,0,0,0,0,-1.40463927513,0.33585055564,-0.155997071966,-0.433739725807,0.0186527213242,0.28070492316,-1.29296430372,-1.07457411978,-0.405050936917,1.25575898797,0.225252271856,0.155339667422,0.477373739174,0.592530624785,-0.1511,0.0356,-0.0348,0.2868,-0.0954,-0.0378,-0.1511,-0.0356,0.0348,0.2868,-0.0954,0.0378,0,0,0,0,0,-3.33066907388e-14,-3.05311331772e-14,-2.08166817117e-14,2.49800180541e-14,1.52655665886e-14,3.05311331772e-14,0,1.2828653744,2.82061099655,-1.54329173728,6.04828334191,-6.20949937852,-0.655175913332,1.35515755576,0,0,0,0,0,0,0,0,0,0,0,0,0,0,0,0,0,-6.10622663544e-12,1.38777878078e-13,2.77555756156e-13,3.74700270811e-12,-8.84708972748e-13,-4.16333634234e-13,-1.11022302463e-12,-10.3316014925,0.0942576023286,-32.8550620142,1.01341706424,14.5602425977,-14.9587699193,11.7877064285,0,0,0,0,0,0,0,0,0,0,0,0
92,FRAME,NONE,87,87,0.87,SERVE_FOLLOW,0.315,0,0,0,0,0,-1.40463927513,0.33585055564,-0.155997071966,-0.433739725807,0.0186527213242,0.28070492316,-1.29296430372,-1.06234674038,-0.376840756731,1.23883266287,0.285737325877,0.0941382370066,0.470096853184,0.606552994991,-0.1511,0.0356,-0.0348,0.2868,-0.0954,-0.0378,-0.1511,-0.0356,0.0348,0.2868,-0.0954,0.0378,0,0,0,0,0,-7.77156117238e-14,-1.11022302463e-14,-8.32667268469e-15,6.38378239159e-14,-3.12250225676e-15,-1.66533453694e-14,0,1.15307219478,2.82123106099,-1.82420523933,6.04390682687,-6.01277179046,-0.802573313571,1.43340884178,0,0,0,0,0,0,0,0,0,0,0,0,0,0,0,0,0,1.66533453694e-12,2.35922392733e-12,2.49800180541e-12,-1.38777878078e-13,-1.69135538908e-12,-2.35922392733e-12,-1.11022302463e-12,-16.0225960775,-0.0315015486337,-22.2333198627,-1.87886487779,25.3432449782,-16.2826337902,2.32581601781,0,0,0,0,0,0,0,0,0,0,0,0
93,FRAME,NONE,88,88,0.88,SERVE_FOLLOW,0.32500000000000001,0,0,0,0,0,-1.40463927513,0.33585055564,-0.155997071966,-0.433739725807,0.0186527213242,0.28070492316,-1.29296430372,-1.05173340077,-0.348639132399,1.21972795102,0.346035011014,0.0354925430634,0.461128445999,0.620751783987,-0.1511,0.0356,-0.0348,0.2868,-0.0954,-0.0378,-0.1511,-0.0356,0.0348,0.2868,-0.0954,0.0378,0,0,0,0,0,0,1.66533453694e-14,2.91433543964e-14,2.22044604925e-14,-1.8561541193e-14,-1.66533453694e-14,-2.22044604925e-14,0.957701381466,2.81781868619,-1.96998004435,6.0109130858,-5.69406968914,-1.00613171517,1.37920875184,0,0,0,0,0,0,0,0,0,0,0,0,0,0,0,0,0,4.99600361081e-12,6.93889390391e-13,6.93889390391e-13,-4.99600361081e-12,1.12757025938e-13,2.35922392733e-12,0,-23.1272120759,-0.80594451542,-6.21815065521,-4.70903438406,38.6956843038,-25.1974354716,-13.8756116736,0,0,0,0,0,0,0,0,0,0,0,0
94,FRAME,NONE,89,89,0.89000000000000001,SERVE_FOLLOW,0.33500000000000002,0,0,0,0,0,-1.40463927513,0.33585055564,-0.155997071966,-0.433739725807,0.0186527213242,0.28070492316,-1.29296430372,-1.04342856673,-0.320528193931,1.20002682793,0.405862360005,-0.0192751435223,0.449626714189,0.63354819686,-0.1511,0.0356,-0.0348,0.2868,-0.0954,-0.0378,-0.1511,-0.0356,0.0348,0.2868,-0.0954,0.0378,0,0,0,0,0,2.22044604925e-14,2.77555756156e-15,5.55111512313e-15,-3.60822483003e-14,-8.67361737988e-16,3.05311331772e-14,0,0.692214205048,2.80107560589,-1.9384067232,5.94995305578,-5.23548253355,-1.31195445463,1.14997062585,0,0,0,0,0,0,0,0,0,0,0,0,0,0,0,0,0,-5.55111512313e-13,-8.32667268469e-13,-2.49800180541e-12,-1.38777878078e-12,1.2490009027e-12,1.38777878078e-13,1.66533453694e-12,-29.7259525396,-2.79135691933,12.8454773231,-7.47112891115,53.0607948795,-35.741966642,-31.8548341034,0,0,0,0,0,0,0,0,0,0,0,0
95,FRAME,NONE,90,90,0.90000000000000002,SERVE_FOLLOW,0.34499999999999997,0,0,0,0,0,-1.40463927513,0.33585055564,-0.155997071966,-0.433739725807,0.0186527213242,0.28070492316,-1.29296430372,-1.03807611652,-0.292711168279,1.18161611499,0.464943213084,-0.0687412847404,0.434586881372,0.643185659221,-0.1511,0.0356,-0.0348,0.2868,-0.0954,-0.0378,-0.1511,-0.0356,0.0348,0.2868,-0.0954,0.0378,0,0,0,0,0,-1.11022302463e-14,0,-2.08166817117e-14,-5.55111512313e-15,6.41847686111e-15,-1.38777878078e-14,1.11022302463e-14,0.371266905617,2.75608069761,-1.7107255296,5.86173729932,-4.6346674397,-1.70653278524,0.752725229122,0,0,0,0,0,0,0,0,0,0,0,0,0,0,0,0,0,0,8.32667268469e-13,2.08166817117e-13,1.94289029309e-12,-1.73472347598e-14,-2.91433543964e-12,-5.55111512313e-13,-33.8993205204,-6.55002438165,32.6125957869,-10.1591859156,66.8818110102,-41.9550189804,-46.6501087289,0,0,0,0,0,0,0,0,0,0,0,0
96,FRAME,NONE,91,91,0.91000000000000003,SERVE_FOLLOW,0.35499999999999998,0,0,0,0,0,-1.40463927513,0.33585055564,-0.155997071966,-0.433739725807,0.0186527213242,0.28070492316,-1.29296430372,-1.03607990508,-0.265566975279,1.16645401849,0.523008609309,-0.111536267382,0.415429461472,0.648220581766,-0.1511,0.0356,-0.0348,0.2868,-0.0954,-0.0378,-0.1511,-0.0356,0.0348,0.2868,-0.0954,0.0378,0,0,0,0,0,2.22044604925e-14,1.94289029309e-14,9.71445146547e-15,2.77555756156e-15,-1.21430643318e-15,-2.77555756156e-14,-1.11022302463e-14,0.0274537050824,2.66310629595,-1.29110847411,5.7469335401,-3.90460685878,-2.1206746654,0.241415904339,0,0,0,0,0,0,0,0,0,0,0,0,0,0,0,0,0,2.22044604925e-12,6.93889390391e-13,2.22044604925e-12,-1.38777878078e-12,-1.04083408559e-12,1.52655665886e-12,-5.55111512313e-13,-34.2306141346,-12.3177072099,50.9454068572,-12.8082285587,78.6988956842,-39.4468994984,-54.3816322417,0,0,0,0,0,0,0,0,0,0,0,0
97,FRAME,NONE,92,92,0.92000000000000004,SERVE_FOLLOW,0.36499999999999999,0,0,0,0,0,-1.40463927513,0.33585055564,-0.155997071966,-0.433739725807,0.0186527213242,0.28070492316,-1.29296430372,-1.03747969176,-0.239662375286,1.15636360082,0.579791849749,-0.146486994236,0.392384224985,0.647872472732,-0.1511,0.0356,-0.0348,0.2868,-0.0954,-0.0378,-0.1511,-0.0356,0.0348,0.2868,-0.0954,0.0378,0,0,0,0,0,3.33066907388e-14,1.38777878078e-14,2.35922392733e-14,-3.33066907388e-14,-1.43982048506e-14,1.66533453694e-14,0,-0.3025200571,2.50659763869,-0.700962137949,5.60503955609,-3.07094303846,-2.47272143029,-0.312854757428,0,0,0,0,0,0,0,0,0,0,0,0,0,0,0,0,0,-1.11022302463e-12,-1.2490009027e-12,0,-2.77555756156e-13,-5.20417042793e-14,1.11022302463e-12,5.55111512313e-13,-31.3143117563,-19.0240644566,66.5347942792,-15.6172228207,87.4399266242,-30.1139765401,-55.497358269,0,0,0,0,0,0,0,0,0,0,0,0
98,FRAME,NONE,93,93,0.93000000000000005,SERVE_FOLLOW,0.375,0,0,0,0,0,-1.40463927513,0.33585055564,-0.155997071966,-0.433739725807,0.0186527213242,0.28070492316,-1.29296430372,-1.04199299026,-0.215656363474,1.15289461784,0.635010035379,-0.172727488822,0.366355565176,0.64201701041,-0.1511,0.0356,-0.0348,0.2868,-0.0954,-0.0378,-0.1511,-0.0356,0.0348,0.2868,-0.0954,0.0378,0,0,0,0,0,0,-5.55111512313e-15,9.71445146547e-15,-2.77555756156e-15,-2.25514051877e-15,-5.55111512313e-15,0,-0.591664788196,2.28415231296,0.0267695131536,5.43325607267,-2.16931248405,-2.71176446353,-0.851578245628,0,0,0,0,0,0,0,0,0,0,0,0,0,0,0,0,0,-1.66533453694e-12,-1.38777878078e-12,-1.31838984174e-12,2.22044604925e-12,1.43114686768e-12,-1.52655665886e-12,0,-26.2476868238,-25.2722298604,78.2788122044,-18.8261203864,92.1297102361,-17.4241337827,-51.527179672,0,0,0,0,0,0,0,0,0,0,0,0
99,FRAME,NONE,94,94,0.93999999999999995,SERVE_FOLLOW,0.38500000000000001,0,0,0,0,0,-1.40463927513,0.33585055564,-0.155997071966,-0.433739725807,0.0186527213242,0.28070492316,-1.29296430372,-1.04912228203,-0.19416211583,1.15721228844,0.688340276846,-0.189796899393,0.338583567289,0.631038463552,-0.1511,0.0356,-0.0348,0.2868,-0.0954,-0.0378,-0.1511,-0.0356,0.0348,0.2868,-0.0954,0.0378,0,0,0,0,0,0,-1.38777878078e-14,-2.77555756156e-15,1.11022302463e-14,1.4224732503e-14,-1.38777878078e-14,0,-0.823963629856,2.00733656849,0.848123054988,5.22638429839,-1.24510363681,-2.82157398553,-1.33154497832,0,0,0,0,0,0,0,0,0,0,0,0,0,0,0,0,0,-5.55111512313e-13,-4.16333634234e-13,-1.04083408559e-12,1.11022302463e-12,3.72965547335e-13,8.32667268469e-13,0,-20.1280127754,-29.66533716,85.0755147842,-22.6748729409,91.7930529258,-4.84525490314,-44.000989312,0,0,0,0,0,0,0,0,0,0,0,0
100,FRAME,NONE,95,95,0.94999999999999996,SERVE_FOLLOW,0.39500000000000002,0,0,0,0,0,-1.40463927513,0.33585055564,-0.155997071966,-0.433739725807,0.0186527213242,0.28070492316,-1.29296430372,-1.05826420821,-0.17560921483,1.16998900118,0.739395997888,-0.197734383537,0.310300976618,0.6156770572,-0.1511,0.0356,-0.0348,0.2868,-0.0954,-0.0378,-0.1511,-0.0356,0.0348,0.2868,-0.0954,0.0378,0,0,0,0,0,-1.11022302463e-14,-1.38777878078e-14,-1.11022302463e-14,1.94289029309e-14,5.20417042793e-15,1.11022302463e-14,0,-0.994104754502,1.70072916877,1.70906618843,4.97697522085,-0.352139496653,-2.81872083596,-1.72466674605,0,0,0,0,0,0,0,0,0,0,0,0,0,0,0,0,0,-1.11022302463e-12,1.66533453694e-12,1.38777878078e-13,-1.2490009027e-12,-1.44849410244e-12,1.52655665886e-12,0,-13.9454816055,-31.1889796434,86.2031895973,-27.3437138059,85.9817120077,4.90606341769,-34.377657593,0,0,0,0,0,0,0,0,0,0,0,0
101,FRAME,NONE,96,96,0.95999999999999996,SERVE_FOLLOW,0.40500000000000003,0,0,0,0,0,-1.40463927513,0.33585055564,-0.155997071966,-0.433739725807,0.0186527213242,0.28070492316,-1.29296430372,-1.06880484096,-0.16015559485,1.19134545116,0.787711002148,-0.197105489169,0.282487833878,0.596885571427,-0.1511,0.0356,-0.0348,0.2868,-0.0954,-0.0378,-0.1511,-0.0356,0.0348,0.2868,-0.0954,0.0378,0,0,0,0,0,-2.22044604925e-14,1.94289029309e-14,0,-1.38777878078e-14,-1.47451495458e-14,1.66533453694e-14,0,-1.10453662562,1.39140375339,2.55595415868,4.67697186168,0.461813527806,-2.73191608136,-2.01602359424,0,0,0,0,0,0,0,0,0,0,0,0,0,0,0,0,0,2.77555756156e-12,8.32667268469e-13,-2.08166817117e-13,-4.16333634234e-12,1.12757025938e-13,9.71445146547e-13,1.11022302463e-12,-8.26195953231,-30.3585887958,82.4610579327,-32.7740028502,76.3552484286,12.118372484,-23.8319650907,0,0,0,0,0,0,0,0,0,0,0,0
102,FRAME,NONE,97,97,0.96999999999999997,SERVE_FOLLOW,0.41499999999999998,0,0,0,0,0,-1.40463927513,0.33585055564,-0.155997071966,-0.433739725807,0.0186527213242,0.28070492316,-1.29296430372,-1.08017961795,-0.14772569923,1.220917254,0.832743247043,-0.188854641715,0.255874035295,0.575709377502,-0.1511,0.0356,-0.0348,0.2868,-0.0954,-0.0378,-0.1511,-0.0356,0.0348,0.2868,-0.0954,0.0378,0,0,0,0,0,4.4408920985e-14,2.77555756156e-15,-1.52655665886e-14,-6.38378239159e-14,7.4593109467e-15,3.05311331772e-14,2.22044604925e-14,-1.16252325805,1.09841120051,3.34598617454,4.31935153156,1.16953676923,-2.58135062279,-2.20191070565,0,0,0,0,0,0,0,0,0,0,0,0,0,0,0,0,0,1.11022302463e-12,-2.08166817117e-12,-1.04083408559e-12,1.66533453694e-12,1.82145964978e-12,-8.32667268469e-13,5.55111512313e-13,-3.53223133019,-28.0720556517,75.0285745067,-38.8473815797,65.100174044,17.8315105962,-13.4676699239,0,0,0,0,0,0,0,0,0,0,0,0
103,FRAME,NONE,98,98,0.97999999999999998,SERVE_FOLLOW,0.42499999999999999,0,0,0,0,0,-1.40463927513,0.33585055564,-0.155997071966,-0.433739725807,0.0186527213242,0.28070492316,-1.29296430372,-1.09191935622,-0.138098357082,1.25797099015,0.873886381019,-0.174089127681,0.231039559999,0.553175706955,-0.1511,0.0356,-0.0348,0.2868,-0.0954,-0.0378,-0.1511,-0.0356,0.0348,0.2868,-0.0954,0.0378,0,0,0,0,0,0,-2.22044604925e-14,-2.08166817117e-14,1.94289029309e-14,2.16840434497e-14,0,1.11022302463e-14,-1.17987651438,0.8318234779,4.04815599199,3.89827512612,1.76567667885,-2.37681697828,-2.28966084423,0,0,0,0,0,0,0,0,0,0,0,0,0,0,0,0,0,-3.33066907388e-12,1.38777878078e-13,9.71445146547e-13,4.99600361081e-12,-3.72965547335e-13,-2.22044604925e-12,-1.66533453694e-12,-0.211081773319,-25.2272712457,65.0851940357,-45.4454915,54.4030007089,23.0853160548,-4.38853021124,0,0,0,0,0,0,0,0,0,0,0,0
104,FRAME,NONE,99,99,0.98999999999999999,SERVE_FOLLOW,0.435,0,0,0,0,0,-1.40463927513,0.33585055564,-0.155997071966,-0.433739725807,0.0186527213242,0.28070492316,-1.29296430372,-1.10369518507,-0.130995769089,1.30152213897,0.910481808709,-0.153862456179,0.208517088522,0.53018403144,-0.1511,0.0356,-0.0348,0.2868,-0.0954,-0.0378,-0.1511,-0.0356,0.0348,0.2868,-0.0954,0.0378,0,0,0,0,0,-2.22044604925e-14,5.55111512313e-15,4.16333634234e-15,3.60822483003e-14,0,-1.38777878078e-14,-1.11022302463e-14,-1.1726832901,0.593135293451,4.6432462257,3.40920177751,2.26573847131,-2.11839195006,-2.29726652196,0,0,0,0,0,0,0,0,0,0,0,0,0,0,0,0,0,1.11022302463e-12,8.32667268469e-13,8.32667268469e-13,-1.66533453694e-12,-9.54097911787e-13,6.93889390391e-13,-5.55111512313e-13,1.35583028884,-22.5614664392,53.8080958535,-52.4041134736,46.0476982329,28.6465602856,2.4528291904,0,0,0,0,0,0,0,0,0,0,0,0
105,FRAME,NONE,100,100,1,SERVE_FOLLOW,0.44500000000000001,0,0,0,0,0,-1.40463927513,0.33585055564,-0.155997071966,-0.433739725807,0.0186527213242,0.28070492316,-1.29296430372,-1.11534929249,-0.126151607488,1.35045271705,0.941836717966,-0.129010050917,0.188859122596,0.50741608991,-0.1511,0.0356,-0.0348,0.2868,-0.0954,-0.0378,-0.1511,-0.0356,0.0348,0.2868,-0.0954,0.0378,0,0,0,0,0,2.22044604925e-14,-5.55111512313e-15,-4.16333634234e-15,-1.38777878078e-14,2.60208521397e-15,1.38777878078e-14,0,-1.15830455075,0.379682249889,5.12376577604,2.85015002216,2.69501621846,-1.80394596357,-2.24922383416,0,0,0,0,0,0,0,0,0,0,0,0,0,0,0,0,0,0,-1.38777878078e-13,-1.38777878078e-13,-4.16333634234e-13,-4.77048955894e-13,-2.77555756156e-13,5.55111512313e-13,1.25934970602,-20.1692314009,42.365357765,-59.375585791,40.2080682431,34.1897472154,6.7083164707,0,0,0,0,0,0,0,0,0,0,0,0
106,FRAME,NONE,101,101,1.01,SERVE_FOLLOW,0.45500000000000002,0,0,0,0,0,-1.40463927513,0.33585055564,-0.155997071966,-0.433739725807,0.0186527213242,0.28070492316,-1.29296430372,-1.12688966013,-0.123326098191,1.40362816559,0.967257240911,-0.100117781063,0.172614992889,0.485295789772,-0.1511,0.0356,-0.0348,0.2868,-0.0954,-0.0378,-0.1511,-0.0356,0.0348,0.2868,-0.0954,0.0378,0,0,0,0,0,-2.22044604925e-14,2.77555756156e-15,1.38777878078e-15,2.77555756156e-14,-9.54097911787e-15,-1.94289029309e-14,0,-1.15237436889,0.189058999553,5.49388725606,2.22295896839,3.07752294307,-1.43665240658,-2.17237629478,0,0,0,0,0,0,0,0,0,0,0,0,0,0,0,0,0,-3.33066907388e-12,1.38777878078e-13,7.6327832943e-13,3.1918911958e-12,-6.07153216592e-13,-2.35922392733e-12,-5.55111512313e-13,-0.300552747247,-17.9844961266,31.9227821927,-65.9663860993,36.6553703207,39.1163138964,8.18097308108,0,0,0,0,0,0,0,0,0,0,0,0
107,FRAME,NONE,102,102,1.02,SERVE_FOLLOW,0.46500000000000002,0,0,0,0,0,-1.40463927513,0.33585055564,-0.155997071966,-0.433739725807,0.0186527213242,0.28070492316,-1.29296430372,-1.1384706118,-0.122300217089,1.46001394206,0.986087576865,-0.0675428225793,0.160272368045,0.463968755365,-0.1511,0.0356,-0.0348,0.2868,-0.0954,-0.0378,-0.1511,-0.0356,0.0348,0.2868,-0.0954,0.0378,0,0,0,0,0,-4.4408920985e-14,-2.77555756156e-15,1.11022302463e-14,4.99600361081e-14,-9.54097911787e-15,-3.33066907388e-14,-1.11022302463e-14,-1.16852710935,0.0195208948243,5.76944130302,1.53340294805,3.43498426371,-1.0256702963,-2.09553700327,0,0,0,0,0,0,0,0,0,0,0,0,0,0,0,0,0,2.77555756156e-12,4.16333634234e-13,5.55111512313e-13,-4.85722573274e-12,4.16333634234e-13,1.80411241502e-12,0,-3.12390629643,-15.9411906121,23.6461715589,-71.7829920457,35.160864047,42.8276973808,6.67384047294,0,0,0,0,0,0,0,0,0,0,0,0
108,FRAME,NONE,103,103,1.03,SERVE_FOLLOW,0.47499999999999998,0,0,0,0,0,-1.40463927513,0.33585055564,-0.155997071966,-0.433739725807,0.0186527213242,0.28070492316,-1.29296430372,-1.15037232046,-0.122869190278,1.51878971592,0.997749266384,-0.0314375438332,0.152198156198,0.443283799626,-0.1511,0.0356,-0.0348,0.2868,-0.0954,-0.0378,-0.1511,-0.0356,0.0348,0.2868,-0.0954,0.0378,0,0,0,0,0,3.33066907388e-14,1.11022302463e-14,1.2490009027e-14,-6.93889390391e-14,-1.21430643318e-15,1.66533453694e-14,0,-1.21814943668,-0.130069627948,5.97672433156,0.791152414899,3.78633261037,-0.585765374434,-2.04890488486,0,0,0,0,0,0,0,0,0,0,0,0,0,0,0,0,0,2.22044604925e-12,6.93889390391e-13,-4.16333634234e-13,-3.88578058619e-12,3.46944695195e-14,3.1918911958e-12,5.55111512313e-13,-6.91154315234,-13.9946912827,18.2244295356,-76.4475219276,35.2934952413,44.8768967247,2.22346397223,0,0,0,0,0,0,0,0,0,0,0,0
109,FRAME,NONE,104,104,1.04,SERVE_FOLLOW,0.48499999999999999,0,0,0,0,0,-1.40463927513,0.33585055564,-0.155997071966,-0.433739725807,0.0186527213242,0.28070492316,-1.29296430372,-1.16296741948,-0.124838782332,1.57940156754,1.001778432,0.00820030800575,0.148599109548,0.422804751259,-0.1511,0.0356,-0.0348,0.2868,-0.0954,-0.0378,-0.1511,-0.0356,0.0348,0.2868,-0.0954,0.0378,0,0,0,0,0,0,1.11022302463e-14,2.77555756156e-15,-2.77555756156e-14,-8.84708972748e-15,3.05311331772e-14,0,-1.30765239726,-0.260832825262,6.139383818,0.00934382671791,4.142143596,-0.133142152038,-2.05764333405,0,0,0,0,0,0,0,0,0,0,0,0,0,0,0,0,0,-3.33066907388e-12,-1.11022302463e-12,-1.04083408559e-12,7.35522753814e-12,5.20417042793e-13,-1.38777878078e-12,0,-10.9675074671,-12.1861602829,14.4388647919,-79.6446566433,35.8129546748,45.4231589991,-4.1995955969,0,0,0,0,0,0,0,0,0,0,0,0
110,FRAME,NONE,105,105,1.05,SERVE_FOLLOW,0.495,0,0,0,0,0,-1.40463927513,0.33585055564,-0.155997071966,-0.433739725807,0.0186527213242,0.28070492316,-1.29296430372,-1.17665487905,-0.128028661887,1.64145681053,0.997857857572,0.0514106570225,0.149532444398,0.401899338179,-0.1511,0.0356,-0.0348,0.2868,-0.0954,-0.0378,-0.1511,-0.0356,0.0348,0.2868,-0.0954,0.0378,0,0,0,0,0,-3.33066907388e-14,-1.11022302463e-14,-8.32667268469e-15,7.77156117238e-14,9.19403442268e-15,-1.11022302463e-14,0,-1.43574350135,-0.374461423285,6.26530358473,-0.795850472574,4.49907238802,0.318724045568,-2.13545885803,0,0,0,0,0,0,0,0,0,0,0,0,0,0,0,0,0,2.22044604925e-12,-6.93889390391e-13,-6.24500451352e-13,4.16333634234e-13,1.2056328158e-12,-2.35922392733e-12,1.11022302463e-12,-14.4966463783,-10.5782061868,10.5938872462,-81.0747177411,35.2766193564,44.7772932793,-11.3912735358,0,0,0,0,0,0,0,0,0,0,0,0
111,FRAME,NONE,106,106,1.0600000000000001,SERVE_FOLLOW,0.505,0,0,0,0,0,-1.40463927513,0.33585055564,-0.155997071966,-0.433739725807,0.0186527213242,0.28070492316,-1.29296430372,-1.19178098676,-0.132278555274,1.70455681723,0.985847034301,0.0981278478271,0.154936164251,0.379858426465,-0.1511,0.0356,-0.0348,0.2868,-0.0954,-0.0378,-0.1511,-0.0356,0.0348,0.2868,-0.0954,0.0378,0,0,0,0,0,4.4408920985e-14,-2.77555756156e-15,-9.71445146547e-15,-1.94289029309e-14,1.52655665886e-14,-1.66533453694e-14,2.22044604925e-14,-1.5931787306,-0.473274233925,6.34541155332,-1.60526135454,4.83934792398,0.759465983817,-2.28401731701,0,0,0,0,0,0,0,0,0,0,0,0,0,0,0,0,0,1.66533453694e-12,-1.38777878078e-13,5.55111512313e-13,-4.85722573274e-12,-3.46944695195e-13,6.93889390391e-13,0,-16.7038070232,-9.23343756856,4.99390681724,-80.4380267696,32.2418662953,43.2501086403,-18.1475051457,0,0,0,0,0,0,0,0,0,0,0,0
112,FRAME,NONE,107,107,1.0700000000000001,SERVE_FOLLOW,0.51500000000000001,0,0,0,0,0,-1.40463927513,0.33585055564,-0.155997071966,-0.433739725807,0.0186527213242,0.28070492316,-1.29296430372,-1.20856046612,-0.137454452435,1.76812958379,0.965811842617,0.148037943341,0.164659900979,0.35601605921,-0.1511,0.0356,-0.0348,0.2868,-0.0954,-0.0378,-0.1511,-0.0356,0.0348,0.2868,-0.0954,0.0378,0,0,0,0,0,0,-1.38777878078e-14,2.77555756156e-15,-1.94289029309e-14,2.25514051877e-15,2.77555756156e-15,0,-1.76307938712,-0.560188688047,6.35474180803,-2.39686590095,5.13155295455,1.18170464812,-2.49312773364,0,0,0,0,0,0,0,0,0,0,0,0,0,0,0,0,0,-3.33066907388e-12,-4.16333634234e-13,7.6327832943e-13,1.66533453694e-12,-5.46437894933e-13,6.93889390391e-13,-1.66533453694e-12,-16.9205761688,-8.2034762893,-3.63184117489,-77.4921031642,25.5780897283,41.1044658467,-23.3377495099,0,0,0,0,0,0,0,0,0,0,0,0
113,FRAME,NONE,108,108,1.0800000000000001,SERVE_FOLLOW,0.52500000000000002,0,0,0,0,0,-1.40463927513,0.33585055564,-0.155997071966,-0.433739725807,0.0186527213242,0.28070492316,-1.29296430372,-1.22701407105,-0.143453384577,1.83131752265,0.938046798297,0.200476584825,0.178489522702,0.329859937279,-0.1511,0.0356,-0.0348,0.2868,-0.0954,-0.0378,-0.1511,-0.0356,0.0348,0.2868,-0.0954,0.0378,0,0,0,0,0,-2.22044604925e-14,-1.11022302463e-14,5.55111512313e-15,1.38777878078e-14,4.33680868994e-15,-2.77555756156e-15,-1.11022302463e-14,-1.92441743326,-0.638418700873,6.26411729436,-3.14736034565,5.33920451735,1.57973066531,-2.74276419709,0,0,0,0,0,0,0,0,0,0,0,0,0,0,0,0,0,0,6.93889390391e-13,-1.11022302463e-12,0,3.64291929955e-13,1.11022302463e-12,0,-14.9854990989,-7.49599735858,-14.8548198031,-72.2232579075,15.4027528034,38.4114324219,-26.1255608393,0,0,0,0,0,0,0,0,0,0,0,0
114,FRAME,NONE,109,109,1.0900000000000001,SERVE_FOLLOW,0.53500000000000003,0,0,0,0,0,-1.40463927513,0.33585055564,-0.155997071966,-0.433739725807,0.0186527213242,0.28070492316,-1.29296430372,-1.24694800453,-0.150204576211,1.89300544729,0.903078423293,0.25442981759,0.196155918739,0.301117637222,-0.1511,0.0356,-0.0348,0.2868,-0.0954,-0.0378,-0.1511,-0.0356,0.0348,0.2868,-0.0954,0.0378,0,0,0,0,0,0,0,-1.94289029309e-14,-1.94289029309e-14,9.54097911787e-15,2.49800180541e-14,0,-2.05550083142,-0.711172537369,6.05183251761,-3.83373301649,5.42933441068,1.94818572516,-3.00508776695,0,0,0,0,0,0,0,0,0,0,0,0,0,0,0,0,0,5.55111512313e-13,1.66533453694e-12,4.85722573274e-13,-4.16333634234e-13,-1.18828558104e-12,-1.38777878078e-13,-5.55111512313e-13,-10.8638607268,-7.10768907299,-27.8216667388,-64.6749998693,2.14533589652,35.1941275789,-25.7480171268,0,0,0,0,0,0,0,0,0,0,0,0
115,FRAME,NONE,110,110,1.1000000000000001,SERVE_FOLLOW,0.54500000000000004,0,0,0,0,0,-1.40463927513,0.33585055564,-0.155997071966,-0.433739725807,0.0186527213242,0.28070492316,-1.29296430372,-1.26794981346,-0.15766916891,1.95190378437,0.861661180835,0.308575478947,0.217337551266,0.269833271095,-0.1511,0.0356,-0.0348,0.2868,-0.0954,-0.0378,-0.1511,-0.0356,0.0348,0.2868,-0.0954,0.0378,0,0,0,0,0,-1.11022302463e-14,2.22044604925e-14,1.52655665886e-14,5.55111512313e-15,-1.94289029309e-14,-5.55111512313e-15,-2.22044604925e-14,-2.13429039316,-0.781625345472,5.70471560633,-4.43340733,5.3732692366,2.28194270954,-3.24463028279,0,0,0,0,0,0,0,0,0,0,0,0,0,0,0,0,0,1.11022302463e-12,5.55111512313e-13,1.94289029309e-12,1.11022302463e-12,-1.3791051634e-12,-2.08166817117e-12,0,-4.52094596584,-7.03523972913,-41.679019653,-54.8908379191,-13.7646806165,31.4756705304,-21.4421963653,0,0,0,0,0,0,0,0,0,0,0,0
116,FRAME,NONE,111,111,1.1100000000000001,SERVE_FOLLOW,0.55500000000000005,0,0,0,0,0,-1.40463927513,0.33585055564,-0.155997071966,-0.433739725807,0.0186527213242,0.28070492316,-1.29296430372,-1.28938571647,-0.165839754422,2.00663384535,0.814772694522,0.361327199733,0.241662764767,0.236442188406,-0.1511,0.0356,-0.0348,0.2868,-0.0954,-0.0378,-0.1511,-0.0356,0.0348,0.2868,-0.0954,0.0378,0,0,0,0,0,2.22044604925e-14,1.11022302463e-14,1.94289029309e-14,2.77555756156e-15,-1.80411241502e-14,-1.66533453694e-14,0,-2.13879948997,-0.852851296054,5.21809600882,-4.92445680231,5.14715714287,2.57610445726,-3.41908948972,0,0,0,0,0,0,0,0,0,0,0,0,0,0,0,0,0,2.22044604925e-12,-1.66533453694e-12,-1.52655665886e-12,-1.38777878078e-12,1.51788304148e-12,9.71445146547e-13,2.22044604925e-12,3.91807594359,-7.24819361319,-55.5864376415,-43.000285289,-31.6871195773,27.2786864093,-12.7632268059,0,0,0,0,0,0,0,0,0,0,0,0
117,FRAME,NONE,112,112,1.1200000000000001,SERVE_FOLLOW,0.56499999999999995,0,0,0,0,0,-1.40463927513,0.33585055564,-0.155997071966,-0.433739725807,0.0186527213242,0.28070492316,-1.29296430372,-1.31041871689,-0.174736379057,2.05581141832,0.763597786846,0.41090579641,0.268712031256,0.201804331532,-0.1511,0.0356,-0.0348,0.2868,-0.0954,-0.0378,-0.1511,-0.0356,0.0348,0.2868,-0.0954,0.0378,0,0,0,0,0,3.33066907388e-14,-1.11022302463e-14,-1.52655665886e-14,-2.22044604925e-14,1.09287578987e-14,1.38777878078e-14,2.22044604925e-14,-2.0514908723,-0.927077122644,4.59544915394,-5.28797016911,4.73776198452,2.82599017686,-3.48807542053,0,0,0,0,0,0,0,0,0,0,0,0,0,0,0,0,0,-1.11022302463e-12,-5.55111512313e-13,-9.71445146547e-13,-1.38777878078e-13,9.02056207508e-13,8.32667268469e-13,0,13.6884984521,-7.60751896976,-68.7551654971,-29.4768726595,-50.1390166967,22.6238240271,-0.53843773335,0,0,0,0,0,0,0,0,0,0,0,0
118,FRAME,NONE,113,113,1.1299999999999999,SERVE_FOLLOW,0.57499999999999996,0,0,0,0,0,-1.40463927513,0.33585055564,-0.155997071966,-0.433739725807,0.0186527213242,0.28070492316,-1.29296430372,-1.33007947737,-0.184393590554,2.09812609577,0.709484136279,0.455480193108,0.298020032453,0.167132634551,-0.1511,0.0356,-0.0348,0.2868,-0.0954,-0.0378,-0.1511,-0.0356,0.0348,0.2868,-0.0954,0.0378,0,0,0,0,0,0,0,0,0,0,0,0,-1.86367348852,-1.00493566114,3.84804111193,-5.51041650564,4.14825748531,3.02712185937,-3.42185677782,0,0,0,0,0,0,0,0,0,0,0,0,0,0,0,0,0,-1.66533453694e-12,5.55111512313e-13,7.6327832943e-13,1.11022302463e-12,-5.46437894933e-13,-6.93889390391e-13,-1.11022302463e-12,23.865730683,-7.94704003305,-80.4093694371,-14.8801350739,-67.4267109034,17.531238115,14.0867913096,0,0,0,0,0,0,0,0,0,0,0,0
119,FRAME,NONE,114,114,1.1399999999999999,SERVE_FOLLOW,0.58499999999999996,0,0,0,0,0,-1.40463927513,0.33585055564,-0.155997071966,-0.433739725807,0.0186527213242,0.28070492316,-1.29296430372,-1.34735797964,-0.19484395622,2.13241892259,0.653886753788,0.49333573425,0.32907767772,0.133880075538,-0.1511,0.0356,-0.0348,0.2868,-0.0954,-0.0378,-0.1511,-0.0356,0.0348,0.2868,-0.0954,0.0378,0,0,0,0,0,0,0,0,0,0,0,0,-1.57590219582,-1.08539798977,2.99489629086,-5.58386023755,3.39875397974,3.17522304316,-3.20215605958,0,0,0,0,0,0,0,0,0,0,0,0,0,0,0,0,0,0,0,0,0,0,0,0,33.5251817598,-8.10058103725,-89.7732156784,0.230392424985,-81.8565411256,12.0210834045,29.9670807799,0,0,0,0,0,0,0,0,0,0,0,0
120,FRAME,NONE,115,115,1.1499999999999999,SERVE_FOLLOW,0.59499999999999997,0,0,0,0,0,-1.40463927513,0.33585055564,-0.155997071966,-0.433739725807,0.0186527213242,0.28070492316,-1.29296430372,-1.36129572262,-0.206101474755,2.15775953065,0.598311814615,0.523041988105,0.361334239072,0.103624772166,-0.1511,0.0356,-0.0348,0.2868,-0.0954,-0.0378,-0.1511,-0.0356,0.0348,0.2868,-0.0954,0.0378,0,0,0,0,0,0,0,0,0,0,0,0,-1.19784732557,-1.16578812779,2.06257304389,-5.50606849792,2.52551713865,3.26627857742,-2.82233278151,0,0,0,0,0,0,0,0,0,0,0,0,0,0,0,0,0,0,0,0,0,0,0,0,41.7944346166,-7.90784567779,-96.1606275355,15.2522319907,-92.0473560263,6.13742003347,45.8837622379,0,0,0,0,0,0,0,0,0,0,0,0
121,FRAME,NONE,116,116,1.1599999999999999,SERVE_FOLLOW,0.60499999999999998,0,0,0,0,0,-1.40463927513,0.33585055564,-0.155997071966,-0.433739725807,0.0186527213242,0.28070492316,-1.29296430372,-1.37107113814,-0.218145752402,2.17351160498,0.5442549075,0.543579924089,0.394202593869,0.0779455497504,-0.1511,0.0356,-0.0348,0.2868,-0.0954,-0.0378,-0.1511,-0.0356,0.0348,0.2868,-0.0954,0.0378,0,0,0,0,0,0,0,0,0,0,0,0,-0.746859903627,-1.24194472059,1.08269534909,-5.28169205438,1.57237395161,3.29719202084,-2.28939892163,0,0,0,0,0,0,0,0,0,0,0,0,0,0,0,0,0,0,0,0,0,0,0,0,48.0097674307,-7.23205549499,-99.2445567102,29.4111345635,-97.8680432061,0.0199297665435,60.3250116558,0,0,0,0,0,0,0,0,0,0,0,0
122,FRAME,NONE,117,117,1.1699999999999999,SERVE_FOLLOW,0.61499999999999999,0,0,0,0,0,-1.40463927513,0.33585055564,-0.155997071966,-0.433739725807,0.0186527213242,0.28070492316,-1.29296430372,-1.37606778916,-0.230908119316,2.17936873009,0.493125112767,0.554365961838,0.427072356312,0.0582733239591,-0.1511,0.0356,-0.0348,0.2868,-0.0954,-0.0378,-0.1511,-0.0356,0.0348,0.2868,-0.0954,0.0378,0,0,0,0,0,0,0,0,0,0,0,0,-0.246536870472,-1.30838272495,0.0894844892953,-4.92344623617,0.582118709151,3.26644304033,-1.62603436495,0,0,0,0,0,0,0,0,0,0,0,0,0,0,0,0,0,0,0,0,0,0,0,0,51.5596321903,-5.94231149041,-98.7877120016,41.8899082804,-99.5,-6.167800225,71.7057161091,0,0,0,0,0,0,0,0,0,0,0,0
123,FRAME,NONE,118,118,1.1799999999999999,SERVE_FOLLOW,0.625,0,0,0,0,0,-1.40463927513,0.33585055564,-0.155997071966,-0.433739725807,0.0186527213242,0.28070492316,-1.29296430372,-1.37593578542,-0.244258510272,2.17537856788,0.446163497857,0.55523539403,0.459326116628,0.0457329559631,-0.1511,0.0356,-0.0348,0.2868,-0.0954,-0.0378,-0.1511,-0.0356,0.0348,0.2868,-0.0954,0.0378,0,0,0,0,0,0,0,0,0,0,0,0,0.273409353291,-1.35830810766,-0.88046534066,-4.45221829117,-0.404268271551,3.1741471745,-0.87077012574,0,0,0,0,0,0,0,0,0,0,0,0,0,0,0,0,0,0,0,0,0,0,0,0,51.8324808835,-3.90771466561,-94.5528022086,51.8713612782,-97.1246237431,-12.2621827699,78.4407626734,0,0,0,0,0,0,0,0,0,0,0,0
124,FRAME,NONE,119,119,1.1899999999999999,SERVE_FOLLOW,0.63500000000000001,0,0,0,0,0,-1.40463927513,0.33585055564,-0.155997071966,-0.433739725807,0.0186527213242,0.28070492316,-1.29296430372,-1.37065178037,-0.257992782133,2.16196599246,0.404362160957,0.546424153929,0.490355952296,0.040986749401,-0.1511,0.0356,-0.0348,0.2868,-0.0954,-0.0378,-0.1511,-0.0356,0.0348,0.2868,-0.0954,0.0378,0,0,0,0,0,0,0,0,0,0,0,0,0.777729828217,-1.38382153069,-1.78848417647,-3.89668597512,-1.34766700459,3.02213208756,-0.0769842191675,0,0,0,0,0,0,0,0,0,0,0,0,0,0,0,0,0,0,0,0,0,0,0,0,48.4483500102,-1.07884008504,-86.421393149,58.6908659967,-90.9418549434,-18.0691291379,79.3466897664,0,0,0,0,0,0,0,0,0,0,0,0
125,FRAME,NONE,120,120,1.2,SERVE_FOLLOW,0.64500000000000002,0,0,0,0,0,-1.40463927513,0.33585055564,-0.155997071966,-0.433739725807,0.0186527213242,0.28070492316,-1.29296430372,-1.36054886203,-0.271830622949,2.13994077361,0.368403108002,0.528548172329,0.519583904477,0.0441301620182,-0.1511,0.0356,-0.0348,0.2868,-0.0954,-0.0378,-0.1511,-0.0356,0.0348,0.2868,-0.0954,0.0378,0,0,0,0,0,0,0,0,0,0,0,0,1.2320076701,-1.3781588879,-2.59709485239,-3.28912203333,-2.21132777261,2.81477636222,0.698143750641,0,0,0,0,0,0,0,0,0,0,0,0,0,0,0,0,0,0,0,0,0,0,0,0,41.9536141173,2.26784093523,-74.7504787156,62.2940520862,-81.2258067998,-23.272544363,74.8466411754,0,0,0,0,0,0,0,0,0,0,0,0
126,FRAME,NONE,121,121,1.21,SERVE_FOLLOW,0.65500000000000003,0,0,0,0,0,-1.40463927513,0.33585055564,-0.155997071966,-0.433739725807,0.0186527213242,0.28070492316,-1.29296430372,-1.346270021,-0.285440347496,2.11046603733,0.338647475884,0.50257661524,0.546492519952,0.0547200622483,-0.1511,0.0356,-0.0348,0.2868,-0.0954,-0.0378,-0.1511,-0.0356,0.0348,0.2868,-0.0954,0.0378,0,0,0,0,0,0,0,0,0,0,0,0,1.60902662403,-1.33793184178,-3.27328156924,-2.66119868232,-2.96138106401,2.55984829253,1.40467800249,0,0,0,0,0,0,0,0,0,0,0,0,0,0,0,0,0,0,0,0,0,0,0,0,33.1262322634,5.77438301625,-60.0159098196,62.7791134999,-68.2691356843,-27.52583192,65.7654120302,0,0,0,0,0,0,0,0,0,0,0,0
127,FRAME,NONE,122,122,1.22,SERVE_FOLLOW,0.66500000000000004,0,0,0,0,0,-1.40463927513,0.33585055564,-0.155997071966,-0.433739725807,0.0186527213242,0.28070492316,-1.29296430372,-1.32869151246,-0.298474284444,2.07501127511,0.315144589026,0.46980271097,0.57065935827,0.0718552004695,-0.1511,0.0356,-0.0348,0.2868,-0.0954,-0.0378,-0.1511,-0.0356,0.0348,0.2868,-0.0954,0.0378,0,0,0,0,0,0,0,0,0,0,0,0,1.88935002569,-1.26333150863,-3.78878703695,-2.04360619907,-3.56688393096,2.26858213779,2.0009307065,0,0,0,0,0,0,0,0,0,0,0,0,0,0,0,0,0,0,0,0,0,0,0,0,22.7441635073,9.08284077906,-42.6935373726,60.2442441909,-52.3644979687,-30.482395284,52.9277974605,0,0,0,0,0,0,0,0,0,0,0,0
128,FRAME,NONE,123,123,1.23,SERVE_FOLLOW,0.67500000000000004,0,0,0,0,0,-1.40463927513,0.33585055564,-0.155997071966,-0.433739725807,0.0186527213242,0.28070492316,-1.29296430372,-1.3088450069,-0.31060434831,2.03530386755,0.297642430147,0.431813606833,0.591791193338,0.0942593518209,-0.1511,0.0356,-0.0348,0.2868,-0.0954,-0.0378,-0.1511,-0.0356,0.0348,0.2868,-0.0954,0.0378,0,0,0,0,0,0,0,0,0,0,0,0,2.0613475028,-1.15801716614,-4.12055807705,-1.46572723787,-4.00025881775,1.95544909177,2.45379363565,0,0,0,0,0,0,0,0,0,0,0,0,0,0,0,0,0,0,0,0,0,0,0,0,11.5960474828,11.8797857968,-23.4374532815,54.9179113895,-33.9800814086,-31.8872502532,37.2912532354,0,0,0,0,0,0,0,0,0,0,0,0
129,FRAME,NONE,124,124,1.24,SERVE_FOLLOW,0.68500000000000005,0,0,0,0,0,-1.40463927513,0.33585055564,-0.155997071966,-0.433739725807,0.0186527213242,0.28070492316,-1.29296430372,-1.2878383523,-0.321551824208,1.99325743679,0.285615046547,0.390437406767,0.609746305407,0.120381704901,-0.1511,0.0356,-0.0348,0.2868,-0.0954,-0.0378,-0.1511,-0.0356,0.0348,0.2868,-0.0954,0.0378,0,0,0,0,0,0,0,0,0,0,0,0,2.1214886909,-1.02789203724,-4.25564725006,-0.952054315131,-4.24212067395,1.63563794374,2.74238633344,0,0,0,0,0,0,0,0,0,0,0,0,0,0,0,0,0,0,0,0,0,0,0,0,0.513246124232,14.0298574512,-3.61471343614,47.5496754339,-14.2861992943,-31.851861919,20.3438776812,0,0,0,0,0,0,0,0,0,0,0,0
130,FRAME,NONE,125,125,1.25,SERVE_FOLLOW,0.69499999999999995,0,0,0,0,0,-1.40463927513,0.33585055564,-0.155997071966,-0.433739725807,0.0186527213242,0.28070492316,-1.29296430372,-1.26677281178,-0.331102462003,1.95084137934,0.278332946578,0.347632283613,0.624526541001,0.14854102848,-0.1511,0.0356,-0.0348,0.2868,-0.0954,-0.0378,-0.1511,-0.0356,0.0348,0.2868,-0.0954,0.0378,0,0,0,0,0,0,0,0,0,0,0,0,2.0746369492,-0.879879073884,-4.19611448288,-0.518607294321,-4.28610406737,1.32253573968,2.8617042814,0,0,0,0,0,0,0,0,0,0,0,0,0,0,0,0,0,0,0,0,0,0,0,0,-9.66219805883,15.4422120759,15.2293852782,39.0193699395,5.3713037001,-30.5793076962,3.70642976397,0,0,0,0,0,0,0,0,0,0,0,0
131,FRAME,NONE,126,126,1.26,SERVE_FOLLOW,0.70499999999999996,0,0,0,0,0,-1.40463927513,0.33585055564,-0.155997071966,-0.433739725807,0.0186527213242,0.28070492316,-1.29296430372,-1.24665891274,-0.339115783262,1.90992722761,0.274950431637,0.305352772297,0.636257463228,0.177087084091,-0.1511,0.0356,-0.0348,0.2868,-0.0954,-0.0378,-0.1511,-0.0356,0.0348,0.2868,-0.0954,0.0378,0,0,0,0,0,0,0,0,0,0,0,0,1.93407606201,-0.721809664706,-3.95947267122,-0.172607702753,-4.13930201259,1.0274987514,2.82295055073,0,0,0,0,0,0,0,0,0,0,0,0,0,0,0,0,0,0,0,0,0,0,0,0,-18.0882425569,16.0260060048,31.5495459763,30.2068285214,23.6465829006,-28.2726649993,-11.0003315506,0,0,0,0,0,0,0,0,0,0,0,0
132,FRAME,NONE,127,127,1.27,SERVE_FOLLOW,0.71499999999999997,0,0,0,0,0,-1.40463927513,0.33585055564,-0.155997071966,-0.433739725807,0.0186527213242,0.28070492316,-1.29296430372,-1.22833311313,-0.34553393688,1.8721353746,0.274593018472,0.265415703898,0.645167983202,0.20456122991,-0.1511,0.0356,-0.0348,0.2868,-0.0954,-0.0378,-0.1511,-0.0356,0.0348,0.2868,-0.0954,0.0378,0,0,0,0,0,0,0,0,0,0,0,0,1.72107497486,-0.562309262923,-3.57806047186,0.0872407401484,-3.82200670528,0.759822053463,2.65279979429,0,0,0,0,0,0,0,0,0,0,0,0,0,0,0,0,0,0,0,0,0,0,0,0,-24.0969503994,15.7361444003,44.0513549054,21.8796734892,39.2974998912,-25.1471804817,-22.4500504939,0,0,0,0,0,0,0,0,0,0,0,0
133,FRAME,NONE,128,128,1.28,SERVE_FOLLOW,0.72499999999999998,0,0,0,0,0,-1.40463927513,0.33585055564,-0.155997071966,-0.433739725807,0.0186527213242,0.28070492316,-1.29296430372,-1.21239710146,-0.35038460735,1.83871441347,0.276430274019,0.229379621525,0.651568409446,0.229818752224,-0.1511,0.0356,-0.0348,0.2868,-0.0954,-0.0378,-0.1511,-0.0356,0.0348,0.2868,-0.0954,0.0378,0,0,0,0,0,0,0,0,0,0,0,0,1.46009989225,-0.409539293553,-3.09214301641,0.267666311938,-3.36485760008,0.526404869145,2.38530215869,0,0,0,0,0,0,0,0,0,0,0,0,0,0,0,0,0,0,0,0,0,0,0,0,-27.716806772,14.7105277399,52.443930844,14.3566819289,51.4967412883,-21.46677775,-30.4939840861,0,0,0,0,0,0,0,0,0,0,0,0
134,FRAME,NONE,129,129,1.29,SERVE_FOLLOW,0.73499999999999999,0,0,0,0,0,-1.40463927513,0.33585055564,-0.155997071966,-0.433739725807,0.0186527213242,0.28070492316,-1.29296430372,-1.19921455163,-0.353768825928,1.8105032685,0.279711620502,0.198458419259,0.65582448146,0.252054043839,-0.1511,0.0356,-0.0348,0.2868,-0.0954,-0.0378,-0.1511,-0.0356,0.0348,0.2868,-0.0954,0.0378,0,0,0,0,0,0,0,0,0,0,0,0,1.17402637524,-0.269939060624,-2.54301262524,0.377743476234,-2.80598948857,0.331415916358,2.05378719635,0,0,0,0,0,0,0,0,0,0,0,0,0,0,0,0,0,0,0,0,0,0,0,0,-29.1504023994,13.1328053298,56.6872757032,7.84441962067,59.5206999666,-17.5075496498,-35.2777925448,0,0,0,0,0,0,0,0,0,0,0,0
135,FRAME,NONE,130,130,1.3,SERVE_FOLLOW,0.745,0,0,0,0,0,-1.40463927513,0.33585055564,-0.155997071966,-0.433739725807,0.0186527213242,0.28070492316,-1.29296430372,-1.18893051146,-0.355842834442,1.78792594085,0.283787553072,0.173448462907,0.65832982128,0.270787510074,-0.1511,0.0356,-0.0348,0.2868,-0.0954,-0.0378,-0.1511,-0.0356,0.0348,0.2868,-0.0954,0.0378,0,0,0,0,0,0,0,0,0,0,0,0,0.883704077664,-0.148111375102,-1.97236159958,0.428612354458,-2.19077323356,0.176262984561,1.69012785751,0,0,0,0,0,0,0,0,0,0,0,0,0,0,0,0,0,0,0,0,0,0,0,0,-28.6003280064,11.1866264762,56.7413913941,2.5494523446,62.6457688005,-13.5455890262,-36.9471360875,0,0,0,0,0,0,0,0,0,0,0,0
136,FRAME,NONE,131,131,1.3100000000000001,SERVE_FOLLOW,0.755,0,0,0,0,0,-1.40463927513,0.33585055564,-0.155997071966,-0.433739725807,0.0186527213242,0.28070492316,-1.29296430372,-1.18149193146,-0.356799759836,1.77098859649,0.288129978533,0.15465811163,0.659478475493,0.285850486905,-0.1511,0.0356,-0.0348,0.2868,-0.0954,-0.0378,-0.1511,-0.0356,0.0348,0.2868,-0.0954,0.0378,0,0,0,0,0,0,0,0,0,0,0,0,0.607821894263,-0.0468422886458,-1.42173837066,0.433319800499,-1.5708746007,0.0596685840471,1.32448257329,0,0,0,0,0,0,0,0,0,0,0,0,0,0,0,0,0,0,0,0,0,0,0,0,-26.3231150524,9.04774698359,52.783820183,-1.38522425289,60.5248080378,-9.82672901002,-35.7508417203,0,0,0,0,0,0,0,0,0,0,0,0
137,FRAME,NONE,132,132,1.3200000000000001,SERVE_FOLLOW,0.76500000000000001,0,0,0,0,0,-1.40463927513,0.33585055564,-0.155997071966,-0.433739725807,0.0186527213242,0.28070492316,-1.29296430372,-1.17667520593,-0.356852314856,1.75930493429,0.292344289951,0.141886180325,0.659641391014,0.297356747429,-0.1511,0.0356,-0.0348,0.2868,-0.0954,-0.0378,-0.1511,-0.0356,0.0348,0.2868,-0.0954,0.0378,0,0,0,0,0,0,0,0,0,0,0,0,0.361424590489,0.0326818351015,-0.926565139968,0.405071222034,-0.993901405662,-0.0214979119057,0.982458168939,0,0,0,0,0,0,0,0,0,0,0,0,0,0,0,0,0,0,0,0,0,0,0,0,-22.7910579364,6.8603486505,45.8622657569,-4.07089506051,54.3165474191,-6.47576387366,-32.3504036033,0,0,0,0,0,0,0,0,0,0,0,0
138,FRAME,NONE,133,133,1.3300000000000001,SERVE_FOLLOW,0.77500000000000002,0,0,0,0,0,-1.40463927513,0.33585055564,-0.155997071966,-0.433739725807,0.0186527213242,0.28070492316,-1.29296430372,-1.17413151446,-0.356218103598,1.7521933425,0.296160463118,0.13452463624,0.65915287657,0.305639963283,-0.1511,0.0356,-0.0348,0.2868,-0.0954,-0.0378,-0.1511,-0.0356,0.0348,0.2868,-0.0954,0.0378,0,0,0,0,0,0,0,0,0,0,0,0,0.154429432296,0.0906572492186,-0.510155519433,0.355482401847,-0.493050661454,-0.0713881248848,0.682272777223,0,0,0,0,0,0,0,0,0,0,0,0,0,0,0,0,0,0,0,0,0,0,0,0,-18.530391792,4.7607197737,37.2419721581,-5.68241510077,45.5561840583,-3.58722817491,-27.5104826853,0,0,0,0,0,0,0,0,0,0,0,0
139,FRAME,NONE,134,134,1.3400000000000001,SERVE_FOLLOW,0.78500000000000003,0,0,0,0,0,-1.40463927513,0.33585055564,-0.155997071966,-0.433739725807,0.0186527213242,0.28070492316,-1.29296430372,-1.17343917571,-0.355105953215,1.74880233546,0.299415888907,0.131710236346,0.658300997941,0.311177754383,-0.1511,0.0356,-0.0348,0.2868,-0.0954,-0.0378,-0.1511,-0.0356,0.0348,0.2868,-0.0954,0.0378,0,0,0,0,0,0,0,0,0,0,0,0,-0.00850866570307,0.128643089753,-0.183170680574,0.294420572501,-0.0861674099233,-0.0950990220553,0.434497921408,0,0,0,0,0,0,0,0,0,0,0,0,0,0,0,0,0,0,0,0,0,0,0,0,-14.0673517531,2.88514865002,28.1881834287,-6.39463939614,35.7789150693,-1.25565647156,-21.9957399148,0,0,0,0,0,0,0,0,0,0,0,0
140,FRAME,NONE,135,135,1.3500000000000001,SERVE_FOLLOW,0.79500000000000004,0,0,0,0,0,-1.40463927513,0.33585055564,-0.155997071966,-0.433739725807,0.0186527213242,0.28070492316,-1.29296430372,-1.17415592149,-0.353702416734,1.74823614157,0.302037878209,0.132476978587,0.657318276575,0.314515671423,-0.1511,0.0356,-0.0348,0.2868,-0.0954,-0.0378,-0.1511,-0.0356,0.0348,0.2868,-0.0954,0.0378,0,0,0,0,0,0,0,0,0,0,0,0,-0.127822388921,0.149495550306,0.0559124246524,0.229999639615,0.223721044049,-0.0985968837387,0.242282810421,0,0,0,0,0,0,0,0,0,0,0,0,0,0,0,0,0,0,0,0,0,0,0,0,-9.85827242953,1.34359341098,19.7788552664,-6.38433365611,26.3062438986,0.454829647146,-16.4811181814,0,0,0,0,0,0,0,0,0,0,0,0
141,FRAME,NONE,136,136,1.3600000000000001,SERVE_FOLLOW,0.80500000000000005,0,0,0,0,0,-1.40463927513,0.33585055564,-0.155997071966,-0.433739725807,0.0186527213242,0.28070492316,-1.29296430372,-1.17586208361,-0.3521616988,1.74965594374,0.304025918492,0.135880772939,0.65637634188,0.316202841715,-0.1511,0.0356,-0.0348,0.2868,-0.0954,-0.0378,-0.1511,-0.0356,0.0348,0.2868,-0.0954,0.0378,0,0,0,0,0,0,0,0,0,0,0,0,-0.207109758395,0.156643802488,0.215650634375,0.168527637972,0.4425285567,-0.0878809467775,0.103821585482,0,0,0,0,0,0,0,0,0,0,0,0,0,0,0,0,0,0,0,0,0,0,0,0,-6.07988633639,0.140691526823,12.3427899903,-5.83590633806,17.6048993233,1.60176046631,-11.2826881373,0,0,0,0,0,0,0,0,0,0,0,0
142,FRAME,NONE,137,137,1.3700000000000001,SERVE_FOLLOW,0.81499999999999995,0,0,0,0,0,-1.40463927513,0.33585055564,-0.155997071966,-0.433739725807,0.0186527213242,0.28070492316,-1.29296430372,-1.17818071375,-0.350604270375,1.7523193147,0.305433299827,0.141053593571,0.655590619798,0.31675722199,-0.1511,0.0356,-0.0348,0.2868,-0.0954,-0.0378,-0.1511,-0.0356,0.0348,0.2868,-0.0954,0.0378,0,0,0,0,0,0,0,0,0,0,0,0,-0.251211866387,0.153365916375,0.306484147328,0.114454187632,0.579233569532,-0.0681470478987,0.0148205667337,0,0,0,0,0,0,0,0,0,0,0,0,0,0,0,0,0,0,0,0,0,0,0,0,-2.83902546497,-0.745249697482,6.0215015751,-4.93567658637,9.92791645315,2.2730792396,-6.62680237537,0,0,0,0,0,0,0,0,0,0,0,0
143,FRAME,NONE,138,138,1.3799999999999999,SERVE_FOLLOW,0.82499999999999996,0,0,0,0,0,-1.40463927513,0.33585055564,-0.155997071966,-0.433739725807,0.0186527213242,0.28070492316,-1.29296430372,-1.18078861607,-0.349118906354,1.75559530492,0.306348492532,0.147229850822,0.655028975067,0.316642514554,-0.1511,0.0356,-0.0348,0.2868,-0.0954,-0.0378,-0.1511,-0.0356,0.0348,0.2868,-0.0954,0.0378,0,0,0,0,0,0,0,0,0,0,0,0,-0.266038125071,0.142723035088,0.340268301995,0.0703657172091,0.645344875146,-0.0437115912929,-0.0312774516096,0,0,0,0,0,0,0,0,0,0,0,0,0,0,0,0,0,0,0,0,0,0,0,0,-0.242521806566,-1.33592295699,0.956503995352,-3.86996354541,3.528330398,2.55672922068,-2.73981348854,0,0,0,0,0,0,0,0,0,0,0,0
144,FRAME,NONE,139,139,1.3899999999999999,SERVE_FOLLOW,0.83499999999999996,0,0,0,0,0,-1.40463927513,0.33585055564,-0.155997071966,-0.433739725807,0.0186527213242,0.28070492316,-1.29296430372,-1.18342685866,-0.347764881789,1.75897834218,0.306876631475,0.153771372688,0.654720496,0.316245810609,-0.1511,0.0356,-0.0348,0.2868,-0.0954,-0.0378,-0.1511,-0.0356,0.0348,0.2868,-0.0954,0.0378,0,0,0,0,0,0,0,0,0,0,0,0,-0.258480351978,0.127545897039,0.330147715827,0.0370435765245,0.654740604947,-0.0180163211111,-0.0431539082167,0,0,0,0,0,0,0,0,0,0,0,0,0,0,0,0,0,0,0,0,0,0,0,0,1.63715846938,-1.65841205142,-2.76103308433,-2.80184129923,-1.40522864985,2.53874466425,0.207643149173,0,0,0,0,0,0,0,0,0,0,0,0
145,FRAME,NONE,140,140,1.3999999999999999,SERVE_FOLLOW,0.84499999999999997,0,0,0,0,0,-1.40463927513,0.33585055564,-0.155997071966,-0.433739725807,0.0186527213242,0.28070492316,-1.29296430372,-1.18590681728,-0.346574868964,1.76209558658,0.30712402225,0.160184013668,0.654664031096,0.315862476823,-0.1511,0.0356,-0.0348,0.2868,-0.0954,-0.0378,-0.1511,-0.0356,0.0348,0.2868,-0.0954,0.0378,0,0,0,0,0,0,0,0,0,0,0,0,-0.235467709898,0.110286580548,0.289171816724,0.0141032757657,0.621897093915,0.00631918106338,-0.0300822511174,0,0,0,0,0,0,0,0,0,0,0,0,0,0,0,0,0,0,0,0,0,0,0,0,2.86501248086,-1.76136519926,-5.24131723941,-1.80140369068,-4.94175016782,2.29752382919,2.26780103951,0,0,0,0,0,0,0,0,0,0,0,0
146,FRAME,NONE,141,141,1.4099999999999999,SERVE_FOLLOW,0.85499999999999998,0,0,0,0,0,-1.40463927513,0.33585055564,-0.155997071966,-0.433739725807,0.0186527213242,0.28070492316,-1.29296430372,-1.18810487852,-0.34555961352,1.76469767176,0.30719031821,0.166113009991,0.654836095684,0.315699428574,-0.1511,0.0356,-0.0348,0.2868,-0.0954,-0.0378,-0.1511,-0.0356,0.0348,0.2868,-0.0954,0.0378,0,0,0,0,0,0,0,0,0,0,0,0,-0.203021646777,0.0928702484656,0.228910374503,0.000633724643907,0.560117745374,0.0274449987436,-0.000395714182354,0,0,0,0,0,0,0,0,0,0,0,0,0,0,0,0,0,0,0,0,0,0,0,0,3.54040316771,-1.69882172364,-6.6449003554,-0.915499502251,-7.21462855079,1.90955597539,3.5486109031,0,0,0,0,0,0,0,0,0,0,0,0
147,FRAME,NONE,142,142,1.4199999999999999,SERVE_FOLLOW,0.86499999999999999,0,0,0,0,0,-1.40463927513,0.33585055564,-0.155997071966,-0.433739725807,0.0186527213242,0.28070492316,-1.29296430372,-1.18995267528,-0.344713311438,1.76664290149,0.307163719369,0.171329962198,0.655198530389,0.315885646438,-0.1511,0.0356,-0.0348,0.2868,-0.0954,-0.0378,-0.1511,-0.0356,0.0348,0.2868,-0.0954,0.0378,0,0,0,0,0,0,0,0,0,0,0,0,-0.16616998116,0.0766816704099,0.159327640128,-0.00474465495478,0.4813720187,0.0442761080418,0.0386519759244,0,0,0,0,0,0,0,0,0,0,0,0,0,0,0,0,0,0,0,0,0,0,0,0,3.76269346977,-1.52482094771,-7.13233431779,-0.190977516472,-8.35725819364,1.45133036275,4.15802346062,0,0,0,0,0,0,0,0,0,0,0,0
148,FRAME,NONE,143,143,1.4299999999999999,SERVE_FOLLOW,0.875,0,0,0,0,0,-1.40463927513,0.33585055564,-0.155997071966,-0.433739725807,0.0186527213242,0.28070492316,-1.29296430372,-1.19142715272,-0.344018990202,1.76788115408,0.307116347864,0.175719395733,0.655706103908,0.316482996642,-0.1511,0.0356,-0.0348,0.2868,-0.0954,-0.0378,-0.1511,-0.0356,0.0348,0.2868,-0.0954,0.0378,0,0,0,0,0,0,0,0,0,0,0,0,-0.128948011957,0.0625766053339,0.0887621721786,-0.00384975566155,0.396245443587,0.0564693027012,0.0808992906665,0,0,0,0,0,0,0,0,0,0,0,0,0,0,0,0,0,0,0,0,0,0,0,0,3.63080242303,-1.28884916846,-6.87224042354,0.337382807288,-8.52302778404,0.990106264117,4.20906580116,0,0,0,0,0,0,0,0,0,0,0,0
149,FRAME,NONE,144,144,1.4399999999999999,SERVE_FOLLOW,0.88500000000000001,0,0,0,0,0,-1.40463927513,0.33585055564,-0.155997071966,-0.433739725807,0.0186527213242,0.28070492316,-1.29296430372,-1.19254069191,-0.343453298076,1.76843673786,0.307101192441,0.179262722276,0.656312915895,0.317497711445,-0.1511,0.0356,-0.0348,0.2868,-0.0954,-0.0378,-0.1511,-0.0356,0.0348,0.2868,-0.0954,0.0378,0,0,0,0,0,0,0,0,0,0,0,0,-0.0944107257933,0.0510070097442,0.0237049280363,0.0013941217616,0.313389776998,0.0641693694529,0.121416499767,0,0,0,0,0,0,0,0,0,0,0,0,0,0,0,0,0,0,0,0,0,0,0,0,3.24187344815,-1.02218057816,-6.06551761546,0.683079302236,-7.94530318083,0.556223004111,3.83507048759,0,0,0,0,0,0,0,0,0,0,0,0
150,FRAME,NONE,145,145,1.45,SERVE_FOLLOW,0.89500000000000002,0,0,0,0,0,-1.40463927513,0.33585055564,-0.155997071966,-0.433739725807,0.0186527213242,0.28070492316,-1.29296430372,-1.1933313799,-0.342989790877,1.76838858373,0.30715303581,0.18201560295,0.656975753933,0.318893544724,-0.1511,0.0356,-0.0348,0.2868,-0.0954,-0.0378,-0.1511,-0.0356,0.0348,0.2868,-0.0954,0.0378,0,0,0,0,0,0,0,0,0,0,0,0,-0.0646450043654,0.0421462459206,-0.0314226449323,0.0092881748083,0.23897316011,0.0677552633708,0.156645271342,0,0,0,0,0,0,0,0,0,0,0,0,0,0,0,0,0,0,0,0,0,0,0,0,2.69260606194,-0.751536342911,-4.92113424786,0.871679124722,-6.87744453566,0.170789920303,3.17444645123,0,0,0,0,0,0,0,0,0,0,0,0
151,FRAME,NONE,146,146,1.46,SERVE_FOLLOW,0.90500000000000003,0,0,0,0,0,-1.40463927513,0.33585055564,-0.155997071966,-0.433739725807,0.0186527213242,0.28070492316,-1.29296430372,-1.19385333761,-0.342601626859,1.7678493886,0.307290951012,0.184082712287,0.657656250626,0.320605587484,-0.1511,0.0356,-0.0348,0.2868,-0.0954,-0.0378,-0.1511,-0.0356,0.0348,0.2868,-0.0954,0.0378,0,0,0,0,0,0,0,0,0,0,0,0,-0.0407707342029,0.0359004644821,-0.0742887829033,0.0183892725357,0.176630132585,0.0678170329048,0.18441136282,0,0,0,0,0,0,0,0,0,0,0,0,0,0,0,0,0,0,0,0,0,0,0,0,2.07969978122,-0.503637628822,-3.64805867501,0.928749431098,-5.57281200019,-0.145083649738,2.36560262341,0,0,0,0,0,0,0,0,0,0,0,0
152,FRAME,NONE,147,147,1.47,SERVE_FOLLOW,0.91500000000000004,0,0,0,0,0,-1.40463927513,0.33585055564,-0.155997071966,-0.433739725807,0.0186527213242,0.28070492316,-1.29296430372,-1.19416711322,-0.342264214916,1.76694486321,0.307520860221,0.185592565116,0.658322967039,0.32255402708,-0.1511,0.0356,-0.0348,0.2868,-0.0954,-0.0378,-0.1511,-0.0356,0.0348,0.2868,-0.0954,0.0378,0,0,0,0,0,0,0,0,0,0,0,0,-0.0229724983971,0.0319205593664,-0.104579121607,0.0275109977898,0.127543088193,0.065142075263,0.203883786742,0,0,0,0,0,0,0,0,0,0,0,0,0,0,0,0,0,0,0,0,0,0,0,0,1.48717743064,-0.300423610068,-2.42634565545,0.880274267867,-4.25218347618,-0.37578621543,1.53061425479,0,0,0,0,0,0,0,0,0,0,0,0
153,FRAME,NONE,148,148,1.48,SERVE_FOLLOW,0.92500000000000004,0,0,0,0,0,-1.40463927513,0.33585055564,-0.155997071966,-0.433739725807,0.0186527213242,0.28070492316,-1.29296430372,-1.19433172359,-0.341957241134,1.76579673856,0.307838147742,0.186676579157,0.658952761422,0.324655783068,-0.1511,0.0356,-0.0348,0.2868,-0.0954,-0.0378,-0.1511,-0.0356,0.0348,0.2868,-0.0954,0.0378,0,0,0,0,0,0,0,0,0,0,0,0,-0.010848185636,0.0297336726081,-0.123201572442,0.0357351116847,0.0913382866826,0.0605639456195,0.21512563454,0,0,0,0,0,0,0,0,0,0,0,0,0,0,0,0,0,0,0,0,0,0,0,0,0.948355066271,-0.14470549311,-1.32039556473,0.753905242153,-3.00600786593,-0.527697674137,0.726221873334,0,0,0,0,0,0,0,0,0,0,0,0
154,FRAME,NONE,149,149,1.49,SERVE_FOLLOW,0.93500000000000005,0,0,0,0,0,-1.40463927513,0.33585055564,-0.155997071966,-0.433739725807,0.0186527213242,0.28070492316,-1.29296430372,-1.19440087895,-0.341665117276,1.76451531394,0.308230410576,0.187458889748,0.65953034365,0.326830752934,-0.1511,0.0356,-0.0348,0.2868,-0.0954,-0.0378,-0.1511,-0.0356,0.0348,0.2868,-0.0954,0.0378,0,0,0,0,0,0,0,0,0,0,0,0,-0.00375759923796,0.0288746991164,-0.131491198597,0.0424230180821,0.0669818656539,0.0548111663224,0.218644900323,0,0,0,0,0,0,0,0,0,0,0,0,0,0,0,0,0,0,0,0,0,0,0,0,0.483872052005,-0.034512492482,-0.365695182648,0.577710851232,-1.89215182187,-0.612695770209,-0.00716767361476,0,0,0,0,0,0,0,0,0,0,0,0
155,FRAME,NONE,150,150,1.5,SERVE_FOLLOW,0.94499999999999995,0,0,0,0,0,-1.40463927513,0.33585055564,-0.155997071966,-0.433739725807,0.0186527213242,0.28070492316,-1.29296430372,-1.19442085563,-0.341376807621,1.76319576366,0.308680263188,0.188050400271,0.66004711493,0.329005934447,-0.1511,0.0356,-0.0348,0.2868,-0.0954,-0.0378,-0.1511,-0.0356,0.0348,0.2868,-0.0954,0.0378,0,0,0,0,0,0,0,0,0,0,0,0,-0.000854148882484,0.0288982416556,-0.131137931056,0.0472168058163,0.0528612961831,0.0484934822762,0.215353646674,0,0,0,0,0,0,0,0,0,0,0,0,0,0,0,0,0,0,0,0,0,0,0,0,0.114367751751,0.0321261772817,0.40226871101,0.379759592381,-0.96848199643,-0.642658247997,-0.629147538738,0,0,0,0,0,0,0,0,0,0,0,0
156,FRAME,NONE,151,151,1.51,SERVE_FOLLOW,0.95499999999999996,0,0,0,0,0,-1.40463927513,0.33585055564,-0.155997071966,-0.433739725807,0.0186527213242,0.28070492316,-1.29296430372,-1.1944284626,-0.341085626267,1.76191464127,0.309168127034,0.188543065388,0.66049998033,0.33111941939,-0.1511,0.0356,-0.0348,0.2868,-0.0954,-0.0378,-0.1511,-0.0356,0.0348,0.2868,-0.0954,0.0378,0,0,0,0,0,0,0,0,0,0,0,0,-0.0011001298273,0.0293814158769,-0.124160131391,0.0500305878058,0.0468203330053,0.0421020085948,0.206544528035,0,0,0,0,0,0,0,0,0,0,0,0,0,0,0,0,0,0,0,0,0,0,0,0,-0.14563015755,0.0583033147805,0.958584221548,0.184655607509,-0.27888496865,-0.629403790797,-1.10870151923,0,0,0,0,0,0,0,0,0,0,0,0
157,FRAME,NONE,152,152,1.52,SERVE_FOLLOW,0.96499999999999997,0,0,0,0,0,-1.40463927513,0.33585055564,-0.155997071966,-0.433739725807,0.0186527213242,0.28070492316,-1.29296430372,-1.19444980269,-0.340788888588,1.76072775846,0.309674569724,0.189005991683,0.660890168972,0.333123166511,-0.1511,0.0356,-0.0348,0.2868,-0.0954,-0.0378,-0.1511,-0.0356,0.0348,0.2868,-0.0954,0.0378,0,0,0,0,0,0,0,0,0,0,0,0,-0.00343479429999,0.0299547056807,-0.112613782417,0.0509552312812,0.0465434665328,0.03601085478,0.193632547987,0,0,0,0,0,0,0,0,0,0,0,0,0,0,0,0,0,0,0,0,0,0,0,0,-0.306040746806,0.051599771144,1.32063899468,0.00314561705807,0.188672975957,-0.584514837689,-1.45237599038,0,0,0,0,0,0,0,0,0,0,0,0
158,FRAME,NONE,153,153,1.53,SERVE_FOLLOW,0.97499999999999998,0,0,0,0,0,-1.40463927513,0.33585055564,-0.155997071966,-0.433739725807,0.0186527213242,0.28070492316,-1.29296430372,-1.19450105055,-0.340487192413,1.75967155374,0.310181500946,0.189486151731,0.661222073723,0.334982675553,-0.1511,0.0356,-0.0348,0.2868,-0.0954,-0.0378,-0.1511,-0.0356,0.0348,0.2868,-0.0954,0.0378,0,0,0,0,0,0,0,0,0,0,0,0,-0.00694242288951,0.0303328185769,-0.0983016788527,0.050163088012,0.0499403748734,0.0304787489007,0.177896816526,0,0,0,0,0,0,0,0,0,0,0,0,0,0,0,0,0,0,0,0,0,0,0,0,-0.38289477389,0.0207184106343,1.51639556123,-0.157488013899,0.460205625261,-0.519514766698,-1.67610797197,0,0,0,0,0,0,0,0,0,0,0,0
159,FRAME,NONE,154,154,1.54,SERVE_FOLLOW,0.98499999999999999,0,0,0,0,0,-1.40463927513,0.33585055564,-0.155997071966,-0.433739725807,0.0186527213242,0.28070492316,-1.29296430372,-1.19459002517,-0.340183553356,1.75876583577,0.310672918022,0.190010915579,0.661502098561,0.33667544051,-0.1511,0.0356,-0.0348,0.2868,-0.0954,-0.0378,-0.1511,-0.0356,0.0348,0.2868,-0.0954,0.0378,0,0,0,0,0,0,0,0,0,0,0,0,-0.0108676037635,0.030317490718,-0.0827469901112,0.0478993334185,0.0551808740133,0.0256491852456,0.160457073447,0,0,0,0,0,0,0,0,0,0,0,0,0,0,0,0,0,0,0,0,0,0,0,0,-0.392222996677,-0.0256379024862,1.57381645202,-0.289962920287,0.561726767132,-0.44592695585,-1.7958344838,0,0,0,0,0,0,0,0,0,0,0,0
160,FRAME,NONE,155,155,1.55,SERVE_FOLLOW,0.995,0,0,0,0,0,-1.40463927513,0.33585055564,-0.155997071966,-0.433739725807,0.0186527213242,0.28070492316,-1.29296430372,-1.19471779241,-0.339882537748,1.75801658137,0.3111356254,0.190590663696,0.661737513608,0.338189353657,-0.1511,0.0356,-0.0348,0.2868,-0.0954,-0.0378,-0.1511,-0.0356,0.0348,0.2868,-0.0954,0.0378,0,0,0,0,0,0,0,0,0,0,0,0,-0.0146149501024,0.0297958741127,-0.0671924110913,0.0444775923259,0.0607007044231,0.0215541078658,0.142272555526,0,0,0,0,0,0,0,0,0,0,0,0,0,0,0,0,0,0,0,0,0,0,0,0,-0.349943146672,-0.0794114185919,1.52120387953,-0.388746435339,0.521564831695,-0.373801366118,-1.82794567482,0,0,0,0,0,0,0,0,0,0,0,0
161,FRAME,NONE,156,156,1.5600000000000001,SERVE_FOLLOW,1.0049999999999999,0,0,0,0,0,-1.40463927513,0.33585055564,-0.155997071966,-0.433739725807,0.0186527213242,0.28070492316,-1.29296430372,-1.19488025277,-0.339589479448,1.75741877758,0.311559726678,0.191221700828,0.661935501697,0.339521050676,-0.1511,0.0356,-0.0348,0.2868,-0.0954,-0.0378,-0.1511,-0.0356,0.0348,0.2868,-0.0954,0.0378,0,0,0,0,0,0,0,0,0,0,0,0,-0.0177459918744,0.0287227959732,-0.0525908209341,0.0402318222613,0.06526518372,0.0181544295436,0.124129535468,0,0,0,0,0,0,0,0,0,0,0,0,0,0,0,0,0,0,0,0,0,0,0,0,-0.271520849919,-0.135124846602,1.38821878299,-0.455304685514,0.377306818089,-0.30729429027,-1.79064421054,0,0,0,0,0,0,0,0,0,0,0,0
162,FRAME,NONE,157,157,1.5700000000000001,SERVE_FOLLOW,1.0149999999999999,0,0,0,0,0,-1.40463927513,0.33585055564,-0.155997071966,-0.433739725807,0.0186527213242,0.28070492316,-1.29296430372,-1.19506969197,-0.33930990953,1.75695937591,0.311938539233,0.191889933689,0.662102691178,0.340674106247,-0.1511,0.0356,-0.0348,0.2868,-0.0954,-0.0378,-0.1511,-0.0356,0.0348,0.2868,-0.0954,0.0378,0,0,0,0,0,0,0,0,0,0,0,0,-0.0199760676105,0.0271030180625,-0.0395959417755,0.0354681967494,0.068032859329,0.0153805507617,0.106628860851,0,0,0,0,0,0,0,0,0,0,0,0,0,0,0,0,0,0,0,0,0,0,0,0,-0.172308706093,-0.187946010073,1.20486178327,-0.492853495575,0.168854367706,-0.249088604018,-1.70258588563,0,0,0,0,0,0,0,0,0,0,0,0
163,FRAME,NONE,158,158,1.5800000000000001,SERVE_FOLLOW,1.0249999999999999,0,0,0,0,0,-1.40463927513,0.33585055564,-0.155997071966,-0.433739725807,0.0186527213242,0.28070492316,-1.29296430372,-1.19527631673,-0.339049069843,1.75662029066,0.312268281386,0.192574849547,0.662244880264,0.341657170738,-0.1511,0.0356,-0.0348,0.2868,-0.0954,-0.0378,-0.1511,-0.0356,0.0348,0.2868,-0.0954,0.0378,0,0,0,0,0,0,0,0,0,0,0,0,-0.0211740418383,0.0249896239083,-0.028561489543,0.0304607310676,0.0685612950895,0.0131360432455,0.0901848213087,0,0,0,0,0,0,0,0,0,0,0,0,0,0,0,0,0,0,0,0,0,0,0,0,-0.0676593148715,-0.23304273256,1.00113350126,-0.504608690287,-0.0638908780599,-0.201867183076,-1.58242649474,0,0,0,0,0,0,0,0,0,0,0,0
164,FRAME,NONE,159,159,1.5900000000000001,SERVE_FOLLOW,1.0349999999999999,0,0,0,0,0,-1.40463927513,0.33585055564,-0.155997071966,-0.433739725807,0.0186527213242,0.28070492316,-1.29296430372,-1.19548977967,-0.33881143366,1.75638137783,0.312547750609,0.193253482001,0.662366772669,0.342482116603,-0.1511,0.0356,-0.0348,0.2868,-0.0954,-0.0378,-0.1511,-0.0356,0.0348,0.2868,-0.0954,0.0378,0,0,0,0,0,0,0,0,0,0,0,0,-0.0213571180173,0.022482084282,-0.0195517576255,0.0254511779073,0.0667948763741,0.0112996155484,0.075031137934,0,0,0,0,0,0,0,0,0,0,0,0,0,0,0,0,0,0,0,0,0,0,0,0,0.0291495500277,-0.266356645901,0.802801089604,-0.493827829719,-0.285905229988,-0.167526669181,-1.44642606985,0,0,0,0,0,0,0,0,0,0,0,0
165,FRAME,NONE,160,160,1.6000000000000001,SERVE_FOLLOW,1.0449999999999999,0,0,0,0,0,-1.40463927513,0.33585055564,-0.155997071966,-0.433739725807,0.0186527213242,0.28070492316,-1.29296430372,-1.19570043448,-0.338600326925,1.75622286369,0.312777996312,0.193903742622,0.662471815469,0.343162496228,-0.1511,0.0356,-0.0348,0.2868,-0.0954,-0.0378,-0.1511,-0.0356,0.0348,0.2868,-0.0954,0.0378,0,0,0,0,0,0,0,0,0,0,0,0,-0.0206337808251,0.0197049774709,-0.0124580372511,0.0206478796532,0.0629306664043,0.00974673448566,0.0612868467542,0,0,0,0,0,0,0,0,0,0,0,0,0,0,0,0,0,0,0,0,0,0,0,0,0.113139418723,-0.286924615063,0.618697827894,-0.463935415162,-0.481676807544,-0.144818768163,-1.30126159221,0,0,0,0,0,0,0,0,0,0,0,0
166,FRAME,NONE,161,161,1.6100000000000001,SERVE_FOLLOW,1.0549999999999999,0,0,0,0,0,-1.40463927513,0.33585055564,-0.155997071966,-0.433739725807,0.0186527213242,0.28070492316,-1.29296430372,-1.19589990637,-0.338417804858,1.75612637624,0.312961978851,0.194506142867,0.662562296409,0.343712790384,-0.1511,0.0356,-0.0348,0.2868,-0.0954,-0.0378,-0.1511,-0.0356,0.0348,0.2868,-0.0954,0.0378,0,0,0,0,0,0,0,0,0,0,0,0,-0.0191467384433,0.0167867095505,-0.00711503786334,0.0162246206621,0.0572842625656,0.00837124656936,0.0490221822039,0,0,0,0,0,0,0,0,0,0,0,0,0,0,0,0,0,0,0,0,0,0,0,0,0.18140664729,-0.294557313294,0.453423527482,-0.418397683211,-0.640571682364,-0.131708951872,-1.15121428037,0,0,0,0,0,0,0,0,0,0,0,0
167,FRAME,NONE,162,162,1.6200000000000001,SERVE_FOLLOW,1.0649999999999999,0,0,0,0,0,-1.40463927513,0.33585055564,-0.155997071966,-0.433739725807,0.0186527213242,0.28070492316,-1.29296430372,-1.19608139282,-0.33826462915,1.75607542638,0.313104223114,0.195044881867,0.662639543423,0.344147968125,-0.1511,0.0356,-0.0348,0.2868,-0.0954,-0.0378,-0.1511,-0.0356,0.0348,0.2868,-0.0954,0.0378,0,0,0,0,0,0,0,0,0,0,0,0,-0.0170677354928,0.013857579864,-0.00331147079261,0.012320522925,0.0502776015273,0.00708734359295,0.0382645665322,0,0,0,0,0,0,0,0,0,0,0,0,0,0,0,0,0,0,0,0,0,0,0,0,0.231047591807,-0.289065413843,0.311577999716,-0.360680870461,-0.751955926087,-0.126162692161,-1.00056535289,0,0,0,0,0,0,0,0,0,0,0,0
168,FRAME,NONE,163,163,1.6299999999999999,SERVE_FOLLOW,1.075,0,0,0,0,0,-1.40463927513,0.33585055564,-0.155997071966,-0.433739725807,0.0186527213242,0.28070492316,-1.29296430372,-1.196239948,-0.338140251385,1.75605586078,0.313210472493,0.19550889398,0.662704127523,0.344483060813,-0.1511,0.0356,-0.0348,0.2868,-0.0954,-0.0378,-0.1511,-0.0356,0.0348,0.2868,-0.0954,0.0378,0,0,0,0,0,0,0,0,0,0,0,0,-0.0145945887121,0.0110486058509,-0.000793603336999,0.00904034427504,0.0424310435815,0.00582927746949,0.0289996822601,0,0,0,0,0,0,0,0,0,0,0,0,0,0,0,0,0,0,0,0,0,0,0,0,0.260344336986,-0.270729658332,0.196339423423,-0.294131930235,-0.80836187461,-0.126259525629,-0.853167045463,0,0,0,0,0,0,0,0,0,0,0,0
169,FRAME,NONE,164,164,1.6399999999999999,SERVE_FOLLOW,1.085,0,0,0,0,0,-1.40463927513,0.33585055564,-0.155997071966,-0.433739725807,0.0186527213242,0.28070492316,-1.29296430372,-1.19637261307,-0.338042857562,1.75605612995,0.313287358366,0.195892484747,0.662756050846,0.344732791905,-0.1511,0.0356,-0.0348,0.2868,-0.0954,-0.0378,-0.1511,-0.0356,0.0348,0.2868,-0.0954,0.0378,0,0,0,0,0,0,0,0,0,0,0,0,-0.01191857942,0.00847859616716,0.00069564634318,0.00645775867772,0.034276300376,0.00454822345116,0.021183269209,0,0,0,0,0,0,0,0,0,0,0,0,0,0,0,0,0,0,0,0,0,0,0,0,0.272321882092,-0.241711061877,0.10519944733,-0.221620682771,-0.81498692087,-0.13053524786,-0.711155662234,0,0,0,0,0,0,0,0,0,0,0,0
170,FRAME,NONE,165,165,1.6499999999999999,SERVE_FOLLOW,1.095,0,0,0,0,0,-1.40463927513,0.33585055564,-0.155997071966,-0.433739725807,0.0186527213242,0.28070492316,-1.29296430372,-1.19647815518,-0.337969567747,1.75606708714,0.313342108934,0.196194921966,0.662794897072,0.344911348312,-0.1511,0.0356,-0.0348,0.2868,-0.0954,-0.0378,-0.1511,-0.0356,0.0348,0.2868,-0.0954,0.0378,0,0,0,0,0,0,0,0,0,0,0,0,-0.00919184597753,0.00624122380484,0.00137761433096,0.00461863652053,0.0262693626476,0.00320914334863,0.0147529215305,0,0,0,0,0,0,0,0,0,0,0,0,0,0,0,0,0,0,0,0,0,0,0,0,0.271190955023,-0.204640707968,0.0342280876434,-0.145897665035,-0.780194722066,-0.137639719189,-0.576238524488,0,0,0,0,0,0,0,0,0,0,0,0
171,FRAME,FOLLOWTHROUGH_END,166,166,1.6599999999999999,SERVE_FOLLOW,1.1000000000000001,0,0,0,0,0,-1.40463927513,0.33585055564,-0.155997071966,-0.433739725807,0.0186527213242,0.28070492316,-1.29296430372,-1.19655665235,-0.337916696831,1.75608160245,0.31338227358,0.196419615158,0.662819967004,0.34503220752,-0.1511,0.0356,-0.0348,0.2868,-0.0954,-0.0378,-0.1511,-0.0356,0.0348,0.2868,-0.0954,0.0378,0,0,0,0,0,0,0,0,0,0,0,0,-0.00652441946707,0.00440385092101,0.00143433687141,0.00354134282138,0.0187825845609,0.00179050036928,0.00962916016334,0,0,0,0,0,0,0,0,0,0,0,0,0,0,0,0,0,-0.0101056740254,-0.00269277633358,-0.00113805857301,0.0329329643653,0.000299697690163,-0.0205233545962,-0.000243542535028,0.261162283682,-0.162149680094,-0.0205046394333,-0.0697134139914,-0.712348935395,-0.146222799947,-0.450122953505,1.84260493669e-05,0,0,-3.68520987337e-05,-2.30325617259e-05,0,1.84260493669e-05,0,0,-3.68520987337e-05,-2.30325617259e-05,0
172,FRAME,RECOVERY_START,167,167,1.6699999999999999,RECOVERY,1.1000000000000014,0,0,0,0,0,-1.40463927513,0.33585055564,-0.155997071966,-0.433739725807,0.0186527213242,0.28070492316,-1.29296430372,-1.19660907313,-0.337880017306,1.75609417076,0.313415448613,0.196573277987,0.662830412636,0.345107966762,-0.1511,0.0356,-0.0348,0.2868,-0.0954,-0.0378,-0.1511,-0.0356,0.0348,0.2868,-0.0954,0.0378,0,0,0,0,0,-0.000202113480507,-5.38555266716e-05,-2.27611714601e-05,0.000658659287306,5.99395380326e-06,-0.000410467091924,-4.87085070056e-06,-0.00398460944933,0.00300769362718,0.00100898858464,0.00321714032737,0.0121040733491,0.000283784946139,0.00571538428673,3.68520987337e-07,0,0,-7.37041974674e-07,-4.60651234518e-07,0,3.68520987337e-07,0,0,-7.37041974674e-07,-4.60651234518e-07,0,0,0,0,0,0,-0.0314323593331,-0.0114289154463,-0.00393657895476,0.134661619826,0.00133574739545,-0.0842379663651,0.00417118189988,0.246292292959,-0.11680314602,-0.0627534325111,0.00434277293711,-0.620057361837,-0.155124018868,-0.334535689294,0.000146670617249,0,0,-0.000293341234636,-0.000183338271648,0,0.000146670617249,0,0,-0.000293341234636,-0.000183338271648,0
173,FRAME,NONE,168,168,1.6799999999999999,RECOVERY,1.1000000000000014,0,0,0,0,0,-1.4046433174,0.335849478529,-0.15599752719,-0.433726552621,0.0186528412033,0.280696713818,-1.29296440114,-1.19663687635,-0.33785501348,1.7561005423,0.313449023987,0.196665058923,0.662825346565,0.345150169662,-0.15109999263,0.0356,-0.0348,0.286799985259,-0.095400009213,-0.0378,-0.15109999263,-0.0356,0.0348,0.286799985259,-0.095400009213,0.0378,0,0,0,0,0,-0.000628647186662,-0.000228578308925,-7.87315790951e-05,0.00269323239651,2.67149479091e-05,-0.0016847593273,8.34236379976e-05,-0.0016032472963,0.0020696346717,0.000210702808273,0.00361462360227,0.00643097536016,-0.00131170114306,0.00289733730518,2.93341234497e-06,0,0,-5.86682469272e-06,-3.66676543295e-06,0,2.93341234497e-06,0,0,-5.86682469272e-06,-3.66676543295e-06,0,0,0,0,0,0,-0.0304875888929,-0.0217944838433,-0.00520977549351,0.243642657559,0.00271091152098,-0.153259061567,0.0213326658277,0.230020195715,-0.0709026106152,-0.0955718494668,0.0743265565089,-0.512904377485,-0.163941578282,-0.231281146769,0.000455677901245,0,0,-0.00091135580263,-0.000569597376557,0,0.000455677901245,0,0,-0.00091135580263,-0.000569597376557,0
174,FRAME,NONE,169,169,1.6899999999999999,RECOVERY,1.1000000000000014,0,0,0,0,0,-1.40465184808,0.335845984074,-0.155998646598,-0.433685861159,0.0186532556232,0.280671227973,-1.29296263525,-1.19664166187,-0.337837113928,1.75609741126,0.313489983221,0.196705591363,0.6628038888,0.345169126476,-0.151099941332,0.0356,-0.0348,0.286799882664,-0.0954000733353,-0.0378,-0.151099941332,-0.0356,0.0348,0.286799882664,-0.0954000733353,0.0378,0,0,0,0,0,-0.000811865258366,-0.000489745203539,-0.00012695668133,0.00553151243848,6.0212184223e-05,-0.00347564832327,0.000421782465854,0.000622070476081,0.00158403612217,-0.000880608059941,0.00468415311403,0.00186276210251,-0.00299406065692,0.00104257283359,9.48207901225e-06,0,0,-1.89641580273e-05,-1.18525987657e-05,0,9.48207901225e-06,0,0,-1.89641580273e-05,-1.18525987657e-05,0,0,0,0,0,0,0.00796724026864,-0.0280399664181,-0.00302152890153,0.292377644827,0.00374939865138,-0.185337843411,0.0488837231349,0.215630901803,-0.026683663022,-0.121838162995,0.138454837026,-0.400718502214,-0.172463348921,-0.142183159574,0.00086826666669,0,0,-0.00173653333324,-0.00108533333328,0,0.00086826666669,0,0,-0.00173653333324,-0.00108533333328,0
175,FRAME,NONE,170,170,1.7,RECOVERY,1.1000000000000014,0,0,0,0,0,-1.40465955471,0.335839683625,-0.156000066323,-0.433615922372,0.018654045447,0.280627200852,-1.29295596549,-1.19662484123,-0.337821915385,1.75608212702,0.313544724283,0.19670601199,0.662765188933,0.345173731804,-0.151099802988,0.0356,-0.0348,0.286799605976,-0.095400246265,-0.0378,-0.151099802988,-0.0356,0.0348,0.286799605976,-0.095400246265,0.0378,0,0,0,0,0,-0.00046930238129,-0.000789377637286,-0.000139162157126,0.00854078529306,0.000101702920937,-0.00539151619553,0.0010610981007,0.00272659645039,0.00152290415474,-0.00221381434918,0.00635825833362,-0.00159938011397,-0.00475927506132,4.06150455934e-07,2.02987456788e-05,0,0,-4.05974913575e-05,-2.53734320985e-05,0,2.02987456788e-05,0,0,-4.05974913575e-05,-2.53734320985e-05,0,0,0,0,0,0,0.0599980746241,-0.0318468386339,0.000543788198984,0.30928646617,0.00453912556684,-0.197683862041,0.0786700986827,0.206409321076,0.0136181076154,-0.144430645789,0.194944514791,-0.293328255898,-0.180477201515,-0.0690655613516,0.0012906962963,0,0,-0.00258139259246,-0.00161337037036,0,0.0012906962963,0,0,-0.00258139259246,-0.00161337037036,0
176,FRAME,NONE,171,171,1.71,RECOVERY,1.1000000000000014,0,0,0,0,0,-1.40466123413,0.335830196521,-0.156001429841,-0.433515045453,0.0186552896816,0.28056339765,-1.29294141328,-1.19658731234,-0.337805404246,1.75605240819,0.313618883415,0.196676985564,0.662708447131,0.345171285375,-0.151099535357,0.0356,-0.0348,0.286799070714,-0.095400580804,-0.0378,-0.151099535357,-0.0356,0.0348,0.286799070714,-0.095400580804,0.0378,0,0,0,0,0,0.000388096234116,-0.00112668197622,-0.000116080917351,0.0117172417619,0.00015099469556,-0.00742932556409,0.00199518443951,0.00477687322782,0.00183691831636,-0.00376564525147,0.00855270392077,-0.0040487292234,-0.00660131199754,-0.000396502327802,3.52960049382e-05,0,0,-7.05920098765e-05,-4.41200061728e-05,0,3.52960049382e-05,0,0,-7.05920098765e-05,-4.41200061728e-05,0,0,0,0,0,0,0.110932596922,-0.0355748662632,0.00403593058348,0.325816067104,0.00530891967391,-0.209722307005,0.107839146611,0.205016731421,0.0481788170384,-0.165858024897,0.242438964403,-0.199033776485,-0.187813994014,-0.0131187960009,0.00170441481484,0,0,-0.00340882962968,-0.00213051851855,0,0.00170441481484,0,0,-0.00340882962968,-0.00213051851855,0
177,FRAME,NONE,172,172,1.72,RECOVERY,1.1000000000000014,0,0,0,0,0,-1.40465179278,0.335817149986,-0.156002387942,-0.433381577537,0.0186570653409,0.28047861434,-1.2929160618,-1.19652921515,-0.337784124543,1.75600610468,0.313717214394,0.196627928408,0.662632929549,0.345167395168,-0.151099097068,0.0356,-0.0348,0.286798194136,-0.0954011286651,-0.0378,-0.151099097068,-0.0356,0.0348,0.286798194136,-0.0954011286651,0.0378,0,0,0,0,0,0.00174934955715,-0.00150087496255,-5.84435454559e-05,0.0150571066351,0.000207881314415,-0.00958596233564,0.00321788103291,0.00685358354913,0.00246675340907,-0.00553052631635,0.0111782177671,-0.00563099690081,-0.0085133074307,-0.000314728828873,5.43870419756e-05,0,0,-0.000108774083951,-6.79838024695e-05,0,5.43870419756e-05,0,0,-0.000108774083951,-6.79838024695e-05,0,0,0,0,0,0,0.160767172009,-0.0392251568893,0.00745510188895,0.341970274095,0.00605740427479,-0.221445887829,0.136393423303,0.211619882863,0.0768214005282,-0.187150844777,0.281287457644,-0.120021674212,-0.194476533242,0.0270002515562,0.00210948148151,0,0,-0.00421896296288,-0.00263685185187,0,0.00210948148151,0,0,-0.00421896296288,-0.00263685185187,0
178,FRAME,NONE,173,173,1.73,RECOVERY,1.1000000000000014,0,0,0,0,0,-1.40462624713,0.335800179022,-0.156002598712,-0.43321390332,0.0186594473079,0.280371678403,-1.29287705566,-1.19644989314,-0.337755210062,1.7559410817,0.313843608533,0.196566736246,0.66253796955,0.34516608956,-0.151098447616,0.0356,-0.0348,0.286796895232,-0.09540194048,-0.0378,-0.151098447616,-0.0356,0.0348,0.286796895232,-0.09540194048,0.0378,0,0,0,0,0,0.00360343967429,-0.001911185114,3.30211204283e-05,0.0185566472438,0.000272142781056,-0.0118582433207,0.00472305290556,0.0090344004156,0.00335440137437,-0.00751041694563,0.0141522190393,-0.00650229805914,-0.0104887477983,9.7331993416e-05,7.74856345684e-05,0,0,-0.000154971269134,-9.68570432101e-05,0,7.74856345684e-05,0,0,-0.000154971269134,-9.68570432101e-05,0,0,0,0,0,0,0.209498080199,-0.0427989514541,0.0108014505017,0.357753734168,0.00678319842343,-0.232848061574,0.164335470104,0.225761893462,0.0997804982515,-0.208970104244,0.312265740593,-0.0569501773888,-0.200510613243,0.0532680861417,0.00250595555557,0,0,-0.00501191111099,-0.00313244444439,0,0.00250595555557,0,0,-0.00501191111099,-0.00313244444439,0
179,FRAME,NONE,174,174,1.74,RECOVERY,1.1000000000000014,0,0,0,0,0,-1.40457972399,0.335778926283,-0.156001727519,-0.433010444592,0.0186625081965,0.280241449474,-1.29282160074,-1.19634793593,-0.337716362939,1.75585515181,0.314001170126,0.196499710742,0.662422963346,0.345170011804,-0.151097547355,0.0356,-0.0348,0.28679509471,-0.095403065806,-0.0378,-0.151097547355,-0.0356,0.0348,0.28679509471,-0.095403065806,0.0378,0,0,0,0,0,0.00593931116112,-0.00235685399163,0.000157585464577,0.0222121813185,0.000343545282883,-0.0142429235671,0.00650459043499,0.0113924280091,0.00444420055543,-0.00971388652923,0.0173998843649,-0.00682532989445,-0.0125215774783,0.000711050533463,0.000104506153087,0,0,-0.000209012306171,-0.000130632691357,0,0.000104506153087,0,0,-0.000209012306171,-0.000130632691357,0,0,0,0,0,0,0.257121560298,-0.0462976112316,0.0140750753969,0.373171846037,0.00748492275767,-0.243923004465,0.191667819092,0.24698588128,0.117290750375,-0.23197680211,0.336149559328,-0.0104775143241,-0.205962028058,0.067661212578,0.00289389629628,0,0,-0.00578779259269,-0.00361737037036,0,0.00289389629628,0,0,-0.00578779259269,-0.00361737037036,0
180,FRAME,NONE,175,175,1.75,RECOVERY,1.1000000000000014,0,0,0,0,0,-1.40450746091,0.335753041942,-0.155999447003,-0.432769659694,0.0186663182136,0.280086819931,-1.29274696385,-1.19622122574,-0.337665829598,1.75574600967,0.314192294401,0.196431496583,0.662287365359,0.345180617827,-0.151096357493,0.0356,-0.0348,0.286792714986,-0.0954045531338,-0.0378,-0.151096357493,-0.0356,0.0348,0.286792714986,-0.0954045531338,0.0378,0,0,0,0,0,0.00874587088026,-0.00283713733863,0.000314522628367,0.0260200841645,0.000421841236209,-0.01673670341,0.00855640928741,0.0139957925014,0.0056831327221,-0.0121557025494,0.0208543388414,-0.00676791969235,-0.0146062255826,0.00141763325547,0.000135363560494,0,0,-0.000270727120988,-0.000169204450617,0,0.000135363560494,0,0,-0.000270727120988,-0.000169204450617,0,0,0,0,0,0,0.30363385167,-0.0497226049549,0.0172760318461,0.388230692018,0.00816120530882,-0.254665583369,0.218392998722,0.274671288098,0.129705607074,-0.256667178886,0.353791063636,0.019318964072,-0.210887289194,0.0721845443201,0.00327336296291,0,0,-0.00654672592609,-0.00409170370377,0,0.00327336296291,0,0,-0.00654672592609,-0.00409170370377,0
181,FRAME,NONE,176,176,1.76,RECOVERY,1.1000000000000014,0,0,0,0,0,-1.40440480657,0.335722183537,-0.155995437067,-0.432490042909,0.0186709450213,0.279906715406,-1.29265047255,-1.1960670052,-0.337602361252,1.75561118813,0.314418755411,0.19636509407,0.6621306822,0.345198377711,-0.151094840084,0.0356,-0.0348,0.286789680168,-0.095406449895,-0.0378,-0.151094840084,-0.0356,0.0348,0.286789680168,-0.095406449895,0.0378,0,0,0,0,0,0.0120119881945,-0.00335130609073,0.0005031061015,0.0299767951589,0.00050676938906,-0.0193362352345,0.0108724504094,0.0169031409567,0.0070240903462,-0.0148522997277,0.0244587571383,-0.0064870506996,-0.0167379006877,0.00212890393085,0.000169973412345,0,0,-0.000339946824693,-0.000212466765433,0,0.000169973412345,0,0,-0.000339946824693,-0.000212466765433,0,0,0,0,0,0,0.349031235041,-0.0530754960469,0.0204043370813,0.402936970882,0.00881068717751,-0.265071327017,0.244513539225,0.307542850596,0.137853758564,-0.282878441878,0.366348018137,0.0346854164889,-0.215385778008,0.0689566293561,0.00364441481479,0,0,-0.00728882962958,-0.00455551851852,0,0.00364441481479,0,0,-0.00728882962958,-0.00455551851852,0
182,FRAME,NONE,177,177,1.77,RECOVERY,1.1000000000000014,0,0,0,0,0,-1.40426722115,0.33568601582,-0.155989384881,-0.432170123791,0.0186764536013,0.279700095227,-1.29252951485,-1.19588199915,-0.337525135191,1.7554480688,0.314681819136,0.196302063407,0.661952463102,0.345222986554,-0.151092958025,0.0356,-0.0348,0.286785916049,-0.0954088024691,-0.0378,-0.151092958025,-0.0356,0.0348,0.286785916049,-0.0954088024691,0.0378,0,0,0,0,0,0.0157264955811,-0.00389864725957,0.000722609369992,0.0340788235822,0.000598054979759,-0.0220381299503,0.0134466800719,0.0201591402336,0.00842914387677,-0.0178172491711,0.0281684645992,-0.00611288799554,-0.0189128855645,0.00277808487564,0.00020825185679,0,0,-0.000416503713579,-0.000260314820988,0,0.00020825185679,0,0,-0.000416503713579,-0.000260314820988,0,0,0,0,0,0,0.393310071806,-0.0563579300564,0.0234599758572,0.417297931907,0.00943202807709,-0.27513639698,0.270031977757,0.344161629177,0.14268270507,-0.310283040088,0.375054591155,0.0384488790161,-0.219567593325,0.0601244243066,0.00400711111112,0,0,-0.0080142222221,-0.00500888888887,0,0.00400711111112,0,0,-0.0080142222221,-0.00500888888887,0
183,FRAME,NONE,178,178,1.78,RECOVERY,1.1000000000000014,0,0,0,0,0,-1.40409027666,0.335644210591,-0.155980984879,-0.431808466437,0.0186829061209,0.279465952807,-1.29238153895,-1.1956625577,-0.337433660623,1.75525391395,0.314982366519,0.196242804499,0.661752288966,0.34525357903,-0.151090675047,0.0356,-0.0348,0.286781350094,-0.0954116561914,-0.0378,-0.151090675047,-0.0356,0.0348,0.286781350094,-0.0954116561914,0.0378,0,0,0,0,0,0.0198781896306,-0.00447846469186,0.000972305618645,0.038322753797,0.000695409950602,-0.0248389631741,0.0162730899646,0.0237940677951,0.00986983876507,-0.0210608464768,0.0319511282509,-0.00574732629862,-0.021128563972,0.0033198679721,0.000250115634567,0,0,-0.000500231269135,-0.00031264454321,0,0.000250115634567,0,0,-0.000500231269135,-0.00031264454321,0,0,0,0,0,0,0.436466841844,-0.0595716223428,0.0264429058434,0.431321310157,0.0100239118065,-0.284857558474,0.294950863375,0.38308868424,0.145139946817,-0.338553422521,0.381144951018,0.0334363877431,-0.223542833964,0.0478348857927,0.00436151111109,0,0,-0.00872302222232,-0.00545188888888,0,0.00436151111109,0,0,-0.00872302222232,-0.00545188888888,0
184,FRAME,NONE,179,179,1.79,RECOVERY,1.1000000000000014,0,0,0,0,0,-1.40386965736,0.335596446526,-0.155969938768,-0.431403668715,0.0186903618004,0.279203315963,-1.29220405305,-1.19540479955,-0.337327684295,1.75502589929,0.315321016292,0.196186838922,0.661529761425,0.345288942975,-0.151087955712,0.0356,-0.0348,0.286775911424,-0.09541505536,-0.0378,-0.151087955712,-0.0356,0.0348,0.286775911424,-0.09541505536,0.0378,0,0,0,0,0,0.024455832418,-0.00509007970643,0.00125146748686,0.0427052497853,0.000798533215889,-0.0277352811198,0.0193456973394,0.0278241069297,0.0113270120397,-0.0245901070371,0.0357864630015,-0.00546435682997,-0.0233833832272,0.00372986520251,0.000295482079012,0,0,-0.000590964158026,-0.000369352598766,0,0.000295482079012,0,0,-0.000590964158026,-0.000369352598766,0,0,0,0,0,0,0.478498179811,-0.0627183459297,0.02935306296,0.445015263154,0.0105850515303,-0.294232151051,0.319272761725,0.423003164841,0.146099614049,-0.367360160149,0.385735745278,0.0223282333222,-0.227406626577,0.0340151839692,0.00470767407411,0,0,-0.00941534814822,-0.00588459259258,0,0.00470767407411,0,0,-0.00941534814822,-0.00588459259258,0
185,FRAME,NONE,180,180,1.8,RECOVERY,1.1000000000000014,0,0,0,0,0,-1.40360116001,0.335542408997,-0.15595595553,-0.430954361442,0.0186988767852,0.278911247184,-1.29199462501,-1.19510473993,-0.337207105648,1.75476114695,0.315698232532,0.196133072815,0.661284493857,0.34532770442,-0.151084765405,0.0356,-0.0348,0.286769530811,-0.0954190432434,-0.0378,-0.151084765405,-0.0356,0.0348,0.286769530811,-0.0954190432434,0.0378,0,0,0,0,0,0.0294481532269,-0.00573283161045,0.00155936687784,0.0472230590601,0.000907110981208,-0.0307236061951,0.0226585451991,0.0322545941893,0.0127887746321,-0.0284087143933,0.0396629998193,-0.00531410281299,-0.0256764424699,0.00399856452142,0.00034426911605,0,0,-0.000688538232099,-0.000430336395062,0,0.00034426911605,0,0,-0.000688538232099,-0.000430336395062,0,0,0,0,0,0,0.519400909718,-0.0657999196035,0.032190366576,0.458388309037,0.0111141948908,-0.303258059163,0.343000259462,0.463056574636,0.14614235709,-0.396366311829,0.389473538387,0.00721772465674,-0.231194209118,0.0197133431274,0.0050456592593,0,0,-0.0100913185185,-0.00630707407405,0,0.0050456592593,0,0,-0.0100913185185,-0.00630707407405,0
186,FRAME,NONE,181,181,1.8100000000000001,RECOVERY,1.1000000000000014,0,0,0,0,0,-1.40328069429,0.335481789894,-0.155938751431,-0.430459207534,0.01870850402,0.278588843839,-1.29175088214,-1.19475837957,-0.337071916178,1.75445675914,0.316114393425,0.196080011349,0.661016107334,0.345368440085,-0.15108107033,0.0356,-0.0348,0.286762140659,-0.0954236620879,-0.0378,-0.15108107033,-0.0356,0.0348,0.286762140659,-0.0954236620879,0.0378,0,0,0,0,0,0.0348438506123,-0.0064060780985,0.00189527481838,0.051873015966,0.0010208171137,-0.0338004423031,0.0262057025286,0.0370832668274,0.014248493702,-0.03251696859,0.043574853911,-0.00532685497277,-0.0280070809286,0.00412528572775,0.000396395264197,0,0,-0.000792790528395,-0.000495494080247,0,0.000396395264197,0,0,-0.000792790528395,-0.000495494080247,0,0,0,0,0,0,0.559172077732,-0.0688181963478,0.0349547245235,0.471449266333,0.0116101290112,-0.311933682681,0.366135968473,0.502518505932,0.145775456283,-0.425233058389,0.392887374025,-0.00994857478694,-0.234925847373,0.00575760109254,0.00537552592592,0,0,-0.0107510518518,-0.00671940740743,0,0.00537552592592,0,0,-0.0107510518518,-0.00671940740743,0
187,FRAME,NONE,182,182,1.8200000000000001,RECOVERY,1.1000000000000014,0,0,0,0,0,-1.402904283,0.335414287435,-0.155918050033,-0.429916901122,0.0187192931274,0.278235238338,-1.29147051096,-1.19436177838,-0.336922148349,1.754109852,0.316569844765,0.196025954115,0.660724228524,0.345409761295,-0.1510768375,0.0356,-0.0348,0.286753675,-0.095428953125,-0.0378,-0.1510768375,-0.0356,0.0348,0.286753675,-0.095428953125,0.0378,0,0,0,0,0,0.0406315947815,-0.00710919553741,0.00225846136832,0.0566520443867,0.00113931356143,-0.0369622798487,0.0299812645685,0.0423005580206,0.0157046092127,-0.0369117814801,0.0475214309205,-0.00551343839977,-0.0303748404891,0.00411763099871,0.000451779634568,0,0,-0.000903559269136,-0.00056472454321,0,0.000451779634568,0,0,-0.000903559269136,-0.00056472454321,0,0,0,0,0,0,0.597808983298,-0.0717750520327,0.0376460380225,0.484207195445,0.0120716852798,-0.320257907451,0.388682529804,0.540658551039,0.145506191972,-0.453621580656,0.396506295872,-0.0272241015426,-0.238621807125,-0.00702380431003,0.00569733333337,0,0,-0.0113946666666,-0.00712166666667,0,0.00569733333337,0,0,-0.0113946666666,-0.00712166666667,0
188,FRAME,NONE,183,183,1.8300000000000001,RECOVERY,1.1000000000000014,0,0,0,0,0,-1.4024680624,0.335339605983,-0.155893582203,-0.429326166646,0.0187312902912,0.277849598242,-1.29115125685,-1.19391112782,-0.336757825283,1.75371758929,0.317064952357,0.195969188329,0.660408487692,0.345450395987,-0.151072034737,0.0356,-0.0348,0.286744069474,-0.0954349565788,-0.0378,-0.151072034737,-0.0356,0.0348,0.286744069474,-0.0954349565788,0.0378,0,0,0,0,0,0.0468000302783,-0.00784157913915,0.00264819557883,0.0615571598749,0.0012622508193,-0.0402056004521,0.0339793531247,0.047889909734,0.0171604223725,-0.041586792198,0.0515071793029,-0.00586593906838,-0.0327794503267,0.00399107206211,0.000510341930865,0,0,-0.00102068386173,-0.00063792741358,0,0.000510341930865,0,0,-0.00102068386173,-0.00063792741358,0,0,0,0,0,0,0.635309208496,-0.0746723744047,0.0402642064593,0.496671341863,0.0124977439529,-0.328230075968,0.410642617356,0.576871448444,0.145757221139,-0.481239248686,0.400760297521,-0.0429528995888,-0.242296206688,-0.0179677663076,0.00601114074079,0,0,-0.0120222814814,-0.00751392592584,0,0.00601114074079,0,0,-0.0120222814814,-0.00751392592584,0
189,FRAME,NONE,184,184,1.8400000000000001,RECOVERY,1.1000000000000014,0,0,0,0,0,-1.4019682824,0.335257455853,-0.155865086122,-0.428685757925,0.0187445381438,0.277431126329,-1.29079092389,-1.19340280704,-0.336578921458,1.75327720998,0.317600141553,0.195908144255,0.660068517507,0.345489249237,-0.151066630661,0.0356,-0.0348,0.286733261323,-0.0954417116733,-0.0378,-0.151066630661,-0.0356,0.0348,0.286733261323,-0.0954417116733,0.0378,0,0,0,0,0,0.0533377789514,-0.0086026430255,0.0030637454975,0.066585471224,0.00138926844049,-0.0435268813681,0.0381941169156,0.0538312142412,0.0186217684923,-0.0465336373629,0.0555388664477,-0.0063656955417,-0.0352206578503,0.00376440909245,0.000572002449384,0,0,-0.00114400489876,-0.000715003061727,0,0.000572002449384,0,0,-0.00114400489876,-0.000715003061727,0,0,0,0,0,0,0.671670645559,-0.0775120524531,0.042809131986,0.50885108132,0.0128872385944,-0.335849958193,0.432018941325,0.611052521363,0.14661270733,-0.507978189445,0.405683172226,-0.056641442683,-0.245938574493,-0.027071702337,0.00631700740737,0,0,-0.0126340148149,-0.0078962592593,0,0.00631700740737,0,0,-0.0126340148149,-0.0078962592593,0
190,FRAME,NONE,185,185,1.8500000000000001,RECOVERY,1.1000000000000014,0,0,0,0,0,-1.40140130682,0.335167553123,-0.155832307293,-0.427994457222,0.01875907566,0.276979060615,-1.29038737451,-1.19283339776,-0.336385351329,1.75278604068,0.318175904096,0.195841454731,0.659703953869,0.345525409295,-0.151060594688,0.0356,-0.0348,0.286721189376,-0.09544925664,-0.0378,-0.151060594688,-0.0356,0.0348,0.286721189376,-0.09544925664,0.0378,0,0,0,0,0,0.0602334431895,-0.00939182018821,0.00350437821855,0.0717341815013,0.00151999559119,-0.046922599616,0.0426197319512,0.0601042556443,0.0200946898431,-0.0517432212833,0.0596228548015,-0.00699129067621,-0.0376980596472,0.00345522960697,0.000636682079012,0,0,-0.00127336415802,-0.000795852598766,0,0.000636682079012,0,0,-0.00127336415802,-0.000795852598766,0,0,0,0,0,0,0.706891522687,-0.0802959661235,0.0452807239885,0.520755866885,0.0132391603094,-0.34311772269,0.452814251421,0.643222239192,0.148072190732,-0.533776719132,0.411209663155,-0.0680868120276,-0.249532291504,-0.0344981608879,0.00661499259251,0,0,-0.0132299851853,-0.00826874074086,0,0.00661499259251,0,0,-0.0132299851853,-0.00826874074086,0
191,FRAME,NONE,186,186,1.8600000000000001,RECOVERY,1.1000000000000014,0,0,0,0,0,-1.40076361353,0.335069619449,-0.155794998557,-0.427251074295,0.0187749380557,0.276492674337,-1.28993852925,-1.19219968286,-0.336176968951,1.75224150206,0.318792792092,0.195767976909,0.659314437547,0.345558132161,-0.15105389702,0.0356,-0.0348,0.28670779404,-0.0954576287252,-0.0378,-0.15105389702,-0.0356,0.0348,0.28670779404,-0.0954576287252,0.0378,0,0,0,0,0,0.0674756094052,-0.010208562348,0.00396935997727,0.0770005885617,0.00165405164668,-0.0503892358219,0.047250401944,0.0666890227394,0.0215852240982,-0.0572058314293,0.0637648542421,-0.00771927814043,-0.0402110861143,0.00307949563799,0.000704302301234,0,0,-0.00140860460247,-0.000880377876544,0,0.000704302301234,0,0,-0.00140860460247,-0.000880377876544,0,0,0,0,0,0,0.740970428112,-0.0830259763823,0.0476789034281,0.532395177991,0.0135525617632,-0.350033908054,0.473031339829,0.673401071327,0.150135211531,-0.558573153942,0.417274513477,-0.0770860888248,-0.253060738682,-0.0404096904497,0.00690515555554,0,0,-0.0138103111111,-0.00863144444439,0,0.00690515555554,0,0,-0.0138103111111,-0.00863144444439,0
192,FRAME,NONE,187,187,1.8700000000000001,RECOVERY,1.1000000000000014,0,0,0,0,0,-1.40005179463,0.334963381876,-0.155752920094,-0.42645444545,0.018792156693,0.275971275899,-1.28944236647,-1.19149864411,-0.335953568145,1.75164111488,0.319451411381,0.195686812022,0.658899615834,0.34558682521,-0.151046508642,0.0356,-0.0348,0.286693017284,-0.0954668641975,-0.0378,-0.151046508642,-0.0356,0.0348,0.286693017284,-0.0954668641975,0.0378,0,0,0,0,0,0.0750528517517,-0.0110523397159,0.00445795628711,0.0823820850612,0.00179104682645,-0.053923277777,0.0520803587478,0.0735657902313,0.023099344857,-0.0629111940575,0.0679698722248,-0.00852444776207,-0.0427590006734,0.00265148446291,0.000774785190123,0,0,-0.00154957038025,-0.000968481487654,0,0.000774785190123,0,0,-0.00154957038025,-0.000968481487654,0,0,0,0,0,0,0.773906332477,-0.0857039156729,0.0500036070423,0.543778471582,0.0138265609998,-0.356599394843,0.492673043955,0.701641973083,0.152777519743,-0.582328059803,0.423792524469,-0.0835424931482,-0.256506983163,-0.044992547538,0.00718755555559,0,0,-0.0143751111109,-0.00898444444435,0,0.00718755555559,0,0,-0.0143751111109,-0.00898444444435,0
193,FRAME,NONE,188,188,1.8799999999999999,RECOVERY,1.1000000000000014,0,0,0,0,0,-1.3992625565,0.334848572654,-0.155705839431,-0.425603432594,0.0188107589922,0.275414208781,-1.28889692208,-1.19072745578,-0.335714885756,1.75098250316,0.320152412325,0.195597311346,0.65845914426,0.345611027734,-0.151038401316,0.0356,-0.0348,0.286676802632,-0.095476998355,-0.0378,-0.151038401316,-0.0356,0.0348,0.286676802632,-0.095476998355,0.0378,0,0,0,0,0,0.0829537360547,-0.0119226406614,0.00496943211812,0.0878761579933,0.00193058286667,-0.0575212237187,0.0571038628231,0.0807160120965,0.0246423074156,-0.0688490860784,0.0722416653794,-0.009382744347,-0.0453408911413,0.00218313663341,0.000848053412346,0,0,-0.00169610682469,-0.00106006676543,0,0.000848053412346,0,0,-0.00169610682469,-0.00106006676543,0,0,0,0,0,0,0.80569860951,-0.0883315788319,0.0522547913535,0.554915135391,0.0140603451054,-0.362815378032,0.511742248959,0.728127843456,0.155879704698,-0.605091001573,0.430598729837,-0.0877838005553,-0.259852836781,-0.0485278207727,0.00746225185186,0,0,-0.0149245037039,-0.00932781481486,0,0.00746225185186,0,0,-0.0149245037039,-0.00932781481486,0
194,FRAME,NONE,189,189,1.8899999999999999,RECOVERY,1.1000000000000014,0,0,0,0,0,-1.39839271991,0.334724929062,-0.155653531451,-0.42469692229,0.0188307683503,0.274820851424,-1.28830028922,-1.1898834675,-0.335460612756,1.75026339001,0.320896474003,0.195499047132,0.657992688392,0.345630383665,-0.151029547574,0.0356,-0.0348,0.286659095147,-0.0954880655328,-0.0378,-0.151029547574,-0.0356,0.0348,0.286659095147,-0.0954880655328,0.0378,0,0,0,0,0,0.0911668239419,-0.0128189712925,0.00550305211418,0.093480387769,0.00207225372856,-0.0611795853377,0.062315203727,0.0881232149456,0.0262179945373,-0.075009946924,0.0765821911089,-0.0102741864982,-0.0479556610995,0.00168340400481,0.00092403022716,0,0,-0.00184806045432,-0.00115503778395,0,0.00092403022716,0,0,-0.00184806045432,-0.00115503778395,0,0,0,0,0,0,0.836347055115,-0.0909107143961,0.0544324365594,0.565814443347,0.0142531736243,-0.368683340066,0.530241890094,0.753074067363,0.159298565557,-0.626933793842,0.437508221397,-0.0902439254753,-0.263079797544,-0.0513203068001,0.00772930370367,0,0,-0.0154586074076,-0.00966162962971,0,0.00772930370367,0,0,-0.0154586074076,-0.00966162962971,0
195,FRAME,NONE,190,190,1.8999999999999999,RECOVERY,1.1000000000000014,0,0,0,0,0,-1.39743922002,0.334592193229,-0.155595778389,-0.423733824838,0.0188522040668,0.274190617075,-1.287650618,-1.18896418285,-0.335190408455,1.74948159055,0.321684285823,0.195391769753,0.65749992569,0.345644611216,-0.151019920711,0.0356,-0.0348,0.286639841423,-0.0955000991107,-0.0378,-0.151019920711,-0.0356,0.0348,0.286639841423,-0.0955000991107,0.0378,0,0,0,0,0,0.099680677157,-0.0137408549494,0.00605808084931,0.0991924468603,0.00221564633916,-0.06489489052,0.067708700625,0.0957730792385,0.0278288569769,-0.0813849341722,0.0809915577341,-0.011183131963,-0.0506020291094,0.00115819046595,0.00100263948642,0,0,-0.00200527897284,-0.00125329935803,0,0.00100263948642,0,0,-0.00200527897284,-0.00125329935803,0,0,0,0,0,0,0.865851904943,-0.0934430163091,0.0565365503519,0.576485513205,0.014404381738,-0.374205024704,0.54817495481,0.776696029717,0.162890901479,-0.647928251199,0.444336090963,-0.0913567823371,-0.26616936346,-0.0536748022662,0.00798877037037,0,0,-0.0159775407406,-0.00998596296296,0,0.00798877037037,0,0,-0.0159775407406,-0.00998596296296,0
196,FRAME,NONE,191,191,1.9099999999999999,RECOVERY,1.1000000000000014,0,0,0,0,0,-1.39639910636,0.334450111963,-0.155532369834,-0.422713073353,0.0188750812771,0.273522953614,-1.28694611521,-1.18796723792,-0.334903914756,1.74863500473,0.322516529115,0.195275364416,0.656980547339,0.345653472556,-0.151009494784,0.0356,-0.0348,0.286618989568,-0.09551313152,-0.0378,-0.151009494784,-0.0356,0.0348,0.286618989568,-0.09551313152,0.0378,0,0,0,0,0,0.108483862041,-0.0146878316187,0.00663378312122,0.105010098033,0.00236034136332,-0.0686636858318,0.0732787028232,0.103653396463,0.0294759406192,-0.0879659223932,0.0854680669898,-0.0120982232375,-0.0532785344699,0.000610431612277,0.00108380563457,0,0,-0.00216761126914,-0.00135475704321,0,0.00108380563457,0,0,-0.00216761126914,-0.00135475704321,0,0,0,0,0,0,0.894213850473,-0.0959301161495,0.0585671715177,0.58693726635,0.0145133833355,-0.37938241164,0.565544484722,0.799191986963,0.166524366952,-0.668145726766,0.450914428606,-0.0915345274122,-0.269105335478,-0.0558642345878,0.00824071111113,0,0,-0.0164814222221,-0.0103008888888,0,0.00824071111113,0,0,-0.0164814222221,-0.0103008888888,0
197,FRAME,NONE,192,192,1.9199999999999999,RECOVERY,1.1000000000000014,0,0,0,0,0,-1.39526954278,0.334298436596,-0.155463102727,-0.421633622878,0.018899410894,0.272817343358,-1.28618504395,-1.1868903821,-0.33460076902,1.74772161024,0.323393860939,0.19514981071,0.656434259793,0.345656747636,-0.150998244599,0.0356,-0.0348,0.286596489198,-0.0955271942515,-0.0378,-0.150998244599,-0.0356,0.0348,0.286596489198,-0.0955271942515,0.0378,0,0,0,0,0,0.117564954166,-0.0156594572723,0.00722942427966,0.110931192187,0.00250591400587,-0.0724825387529,0.0790195903195,0.111753598103,0.0311591850004,-0.094745490459,0.0900086814767,-0.0130117892174,-0.0559836005483,4.09711496742e-05,0.00116745370864,0,0,-0.00233490741728,-0.0014593171358,0,0.00116745370864,0,0,-0.00233490741728,-0.0014593171358,0,0,0,0,0,0,0.921434053684,-0.0983735757999,0.060524373433,0.597178389838,0.0145796738324,-0.384217692018,0.582353577385,0.820691681649,0.170110037767,-0.687655727785,0.457143317412,-0.0911022843432,-0.271880726317,-0.0580340542644,0.00848518518518,0,0,-0.0169703703704,-0.0106064814815,0,0.00848518518518,0,0,-0.0169703703704,-0.0106064814815,0
198,FRAME,NONE,193,193,1.9299999999999999,RECOVERY,1.1000000000000014,0,0,0,0,0,-1.39404780728,0.334136922818,-0.155387781349,-0.42049444951,0.0189251995572,0.272073302839,-1.2853657234,-1.18573146447,-0.334280613328,1.7467394555,0.324316903491,0.19501514933,0.655860785552,0.345654218527,-0.15098614571,0.0356,-0.0348,0.28657229142,-0.0955423178627,-0.0378,-0.15098614571,-0.0356,0.0348,0.28657229142,-0.0955423178627,0.0378,0,0,0,0,0,0.126912543114,-0.0166553031347,0.00784427058988,0.11695366583,0.00265193483997,-0.0763480396721,0.0849257743709,0.120064284601,0.0328777218295,-0.101716908853,0.0946094921131,-0.0139192468488,-0.0587155981112,-0.000550562701759,0.00125350933827,0,0,-0.00250701867654,-0.00156688667284,0,0.00125350933827,0,0,-0.00250701867654,-0.00156688667284,0,0,0,0,0,0,0.947514160358,-0.100774880566,0.0624082674907,0.607217300764,0.0146028327617,-0.388713244974,0.598605387879,0.841307727853,0.173569845047,-0.706527300033,0.462939838723,-0.0903634186155,-0.27449085164,-0.0602978425659,0.00872225185189,0,0,-0.0174445037036,-0.0109028148148,0,0.00872225185189,0,0,-0.0174445037036,-0.0109028148148,0
199,FRAME,NONE,194,194,1.9399999999999999,RECOVERY,1.1000000000000014,0,0,0,0,0,-1.39273129192,0.333965330534,-0.155306217315,-0.419294549561,0.0189524495908,0.271290382565,-1.28448652846,-1.18448842249,-0.333943102351,1.74568665277,0.325286235733,0.194871451636,0.655259863641,0.345645657905,-0.150973174412,0.0356,-0.0348,0.286546348824,-0.095558531985,-0.0378,-0.150973174412,-0.0356,0.0348,0.286546348824,-0.095558531985,0.0378,0,0,0,0,0,0.136515237374,-0.0176749548837,0.00847758962947,0.123075538203,0.00279797066111,-0.0802568036523,0.0909916980771,0.128577182545,0.0346299021266,-0.108874138516,0.0992657606307,-0.0148190467325,-0.0614728510816,-0.00116567753463,0.00134189874568,0,0,-0.00268379749136,-0.0016773734321,0,0.00134189874568,0,0,-0.00268379749136,-0.0016773734321,0,0,0,0,0,0,0.912694169306,0.299556988623,-0.291420453744,0.632332339417,-0.351151908288,-0.404079262234,1.10898886433,0.861152739651,0.17682571991,-0.724829489285,0.468221073882,-0.0896212957143,-0.276931027109,-0.0627691807626,0.0089519703704,0,0,-0.0179039407408,-0.0111899629629,0,0.0089519703704,0,0,-0.0179039407408,-0.0111899629629,0
200,FRAME,NONE,195,195,1.95,RECOVERY,1.1000000000000014,0,0,0,0,0,-1.39131750253,0.33378342372,-0.155218229556,-0.418032938745,0.0189811589704,0.270468166766,-1.28354588944,-1.18315927082,-0.333587911088,1.7445613713,0.326302385172,0.194718789531,0.654631250078,0.345630817812,-0.150959307735,0.0356,-0.0348,0.28651861547,-0.0955758653314,-0.0378,-0.150959307735,-0.0356,0.0348,0.28651861547,-0.0955758653314,0.0378,0,0,0,0,0,0.145166426501,-0.0106641633622,0.00201586151499,0.129600312618,-0.00437110332578,-0.0844296249168,0.107105551657,0.13728509832,0.0364133284911,-0.116211813497,0.103971956935,-0.0157125630879,-0.0642536390197,-0.0018069548189,0.00143254874568,0,0,-0.00286509749136,-0.0017906859321,0,0.00143254874568,0,0,-0.00286509749136,-0.0017906859321,0,0,0,0,0,0,0.936544590761,0.297104568368,-0.289932543768,0.641993748692,-0.351143186889,-0.407870733266,1.12387874781,0.880320795174,0.179812500594,-0.742624401112,0.472919048532,-0.089135266625,-0.279197560495,-0.0655368759918,0.00917439999991,0,0,-0.0183488000001,-0.0114680000001,0,0.00917439999991,0,0,-0.0183488000001,-0.0114680000001,0
201,FRAME,NONE,196,196,1.96,RECOVERY,1.1000000000000014,0,0,0,0,0,-1.38982796339,0.333752047266,-0.155265900085,-0.416702543309,0.0188650275243,0.269601790066,-1.28234441743,-1.18174209255,-0.33321474093,1.74336183133,0.327365821587,0.194557211071,0.653974718204,0.345609421648,-0.150944523437,0.0356,-0.0348,0.286489046874,-0.0955943457036,-0.0378,-0.150944523437,-0.0356,0.0348,0.286489046874,-0.0955943457036,0.0378,0,0,0,0,0,0.155246129189,-0.0117328635163,0.00267893875411,0.135915413176,-0.00422489307668,-0.0884142183177,0.113469273033,0.146181408375,0.038225210047,-0.123725050096,0.108722170076,-0.0166028833543,-0.0670562244053,-0.00247736861326,0.00152538674568,0,0,-0.00305077349136,-0.0019067334321,0,0.00152538674568,0,0,-0.00305077349136,-0.0019067334321,0,0,0,0,0,0,1.07878612673,-0.510673703453,0.422726347404,0.620936918106,0.380268194768,-0.388914477121,0.14887120685,0.898831828759,0.182516653813,-0.759946380267,0.477025565527,-0.0889886243344,-0.281290728019,-0.0685906388606,0.00938960000002,0,0,-0.0187791999999,-0.011737,0,0.00938960000002,0,0,-0.0187791999999,-0.011737,0
202,FRAME,NONE,197,197,1.97,RECOVERY,1.1000000000000014,0,0,0,0,0,-1.38821257995,0.33354876645,-0.155164650781,-0.415314630482,0.0188966611089,0.268699882399,-1.28127650398,-1.18023503655,-0.332823321467,1.74208630043,0.328476955686,0.194386730594,0.653290058691,0.345581164328,-0.1509288,0.0356,-0.0348,0.2864576,-0.095614,-0.0378,-0.1509288,-0.0356,0.0348,0.2864576,-0.095614,0.0378,0,0,0,0,0,0.166742149035,-0.0208776374313,0.0104703884631,0.14201905098,0.00323426056957,-0.0922079144592,0.110082975794,0.155259549483,0.0400627173886,-0.131409256009,0.113510519211,-0.0174935977922,-0.0698788799216,-0.00317960427649,0.00162034074568,0,0,-0.00324068149136,-0.0020254259321,0,0.00162034074568,0,0,-0.00324068149136,-0.0020254259321,0,0,0,0,0,0,1.10028700261,-0.512748012785,0.424499293817,0.630243909509,0.379999928294,-0.392108781838,0.163225032527,0.916687238797,0.184937553396,-0.776822831301,0.480547372023,-0.0892206473292,-0.283211798009,-0.0718954058434,0.00959762962972,0,0,-0.0191952592592,-0.0119970370369,0,0.00959762962972,0,0,-0.0191952592592,-0.0119970370369,0
203,FRAME,NONE,198,198,1.98,RECOVERY,1.1000000000000014,0,0,0,0,0,-1.3864931204,0.333334494518,-0.155056492315,-0.413862162289,0.0189297127357,0.267757631777,-1.28014275791,-1.17863631728,-0.332413410615,1.74073309074,0.329636139706,0.194207324569,0.652577079422,0.345545715668,-0.150912116622,0.0356,-0.0348,0.286424233244,-0.0956348542223,-0.0378,-0.150912116622,-0.0356,0.0348,0.286424233244,-0.0956348542223,0.0378,0,0,0,0,0,0.177251869241,-0.021987823772,0.0111689246305,0.148520291367,0.00337510548919,-0.0962563939544,0.116733773684,0.164512972401,0.0419230148489,-0.139260112977,0.118331190972,-0.0183886894468,-0.0727198909348,-0.00391599653209,0.00171733933827,0,0,-0.00343467867654,-0.00214667417284,0,0.00171733933827,0,0,-0.00343467867654,-0.00214667417284,0,0,0,0,0,0,1.06090309809,-0.112117629249,0.0705979644507,0.654654660445,0.0139778790476,-0.40618566749,0.671698773395,0.933888423678,0.187074573174,-0.793281158763,0.483491215177,-0.0898706140961,-0.284962038797,-0.0754161134146,0.00979854814807,0,0,-0.0195970962964,-0.0122481851852,0,0.00979854814807,0,0,-0.0195970962964,-0.0122481851852,0
204,FRAME,NONE,199,199,1.99,RECOVERY,1.1000000000000014,0,0,0,0,0,-1.38466754256,0.333109009975,-0.154941272289,-0.412344224655,0.0189641632187,0.26677475452,-1.2789418285,-1.17694421464,-0.331984794658,1.7393005562,0.330843668101,0.19401892776,0.651835605361,0.3455027239,-0.150894453213,0.0356,-0.0348,0.286388906426,-0.0956569334835,-0.0378,-0.150894453213,-0.0356,0.0348,0.286388906426,-0.0956569334835,0.0378,0,0,0,0,0,0.187960210997,-0.0231199900163,0.0118823477521,0.155112144189,0.00351381815052,-0.100331627809,0.123516951262,0.173935129146,0.0438032694968,-0.147273564926,0.123178446653,-0.0192924899889,-0.0755775559806,-0.00468852402782,0.00181631170864,0,0,-0.00363262341729,-0.0022703896358,0,0.00181631170864,0,0,-0.00363262341729,-0.0022703896358,0,0,0,0,0,0,1.08020686516,-0.114298862404,0.0720514821102,0.663637825845,0.0137433434422,-0.408700534731,0.684668355052,0.950431692971,0.18893068617,-0.809344022714,0.48586671905,-0.0909601393468,-0.286542913104,-0.0791155218483,0.00999241481475,0,0,-0.0199848296298,-0.0124905185186,0,0.00999241481475,0,0,-0.0199848296298,-0.0124905185186,0
205,FRAME,NONE,200,200,2,RECOVERY,1.1000000000000014,0,0,0,0,0,-1.38273391618,0.332872094717,-0.15481884536,-0.410759919405,0.0189999890987,0.265750999221,-1.27767241889,-1.17515707451,-0.331537287828,1.73778709053,0.332099778609,0.193821431683,0.651065478401,0.345451819474,-0.150875790388,0.0356,-0.0348,0.286351580776,-0.095680262015,-0.0378,-0.150875790388,-0.0356,0.0348,0.286351580776,-0.095680262015,0.0378,0,0,0,0,0,0.198856006544,-0.0242738010201,0.0126099542727,0.161793047883,0.00364997235803,-0.104430404649,0.130427140785,0.183519333056,0.0457007501156,-0.155445687493,0.128046701327,-0.0202091939607,-0.0784501921096,-0.00549874949018,0.00191718763457,0,0,-0.00383437526914,-0.00239648454321,0,0.00191718763457,0,0,-0.00383437526914,-0.00239648454321,0,0,0,0,0,0,1.09839664673,-0.116446948597,0.0734348909676,0.672467577849,0.0134663224283,-0.410895845819,0.697102980501,0.966293000958,0.190523262174,-0.825015105271,0.487695015327,-0.0924401826918,-0.287956661221,-0.0829476866173,0.010179288889,0,0,-0.0203585777776,-0.0127241111111,0,0.010179288889,0,0,-0.0203585777776,-0.0127241111111,0
206,FRAME,NONE,201,201,2.0099999999999998,RECOVERY,1.1000000000000014,0,0,0,0,0,-1.38069042243,0.332623533954,-0.154689073203,-0.409108363697,0.0190371626658,0.264686146427,-1.27633328569,-1.17327331101,-0.331070730694,1.73619112663,0.333404654258,0.19361468889,0.650266557148,0.345392619574,-0.150856109461,0.0356,-0.0348,0.286312218921,-0.0957048631743,-0.0378,-0.150856109461,-0.0356,0.0348,0.286312218921,-0.0957048631743,0.0378,0,0,0,0,0,0.209928143932,-0.0254489289882,0.0133510455714,0.168561495746,0.00378314459909,-0.108549544725,0.137459010872,0.193258618845,0.0476129261803,-0.163772557553,0.132930602963,-0.0211423730225,-0.0813361402334,-0.00634775987886,0.00201989748642,0,0,-0.00403979497284,-0.00252487185802,0,0.00201989748642,0,0,-0.00403979497284,-0.00252487185802,0,0,0,0,0,0,1.11547830014,-0.118562564282,0.0747487152977,0.681149161419,0.0131471329426,-0.41277478232,0.709006320852,0.981443213095,0.19187327017,-0.840293344059,0.489000112601,-0.0942440399665,-0.289205717831,-0.0868644869945,0.0103592296297,0,0,-0.0207184592591,-0.0129490370369,0,0.0103592296297,0,0,-0.0207184592591,-0.0129490370369,0
207,FRAME,NONE,202,202,2.02,RECOVERY,1.1000000000000014,0,0,0,0,0,-1.37853535331,0.332363116138,-0.154551824449,-0.40738868949,0.0190756519907,0.263580008326,-1.27492323867,-1.17129140935,-0.330584988079,1.73451113667,0.334758425758,0.19339851955,0.649438716675,0.345324732921,-0.150835392438,0.0356,-0.0348,0.286270784877,-0.0957307594522,-0.0378,-0.150835392438,-0.0356,0.0348,0.286270784877,-0.0957307594522,0.0378,0,0,0,0,0,0.221165572547,-0.0266450523057,0.0141049285786,0.175416031112,0.00391291501688,-0.112685900295,0.144607267202,0.203145729883,0.0495374768556,-0.172250241354,0.137825039611,-0.0220949317926,-0.0842337656102,-0.00723616094633,0.00212437222716,0,0,-0.00424874445432,-0.00265546528395,0,0.00212437222716,0,0,-0.00424874445432,-0.00265546528395,0,0,0,0,0,0,1.13145823777,-0.120646268306,0.0759935423884,0.689687331867,0.0127861898309,-0.414340558452,0.720382116325,0.995853194843,0.193001679141,-0.855177676706,0.489806019462,-0.0963050070063,-0.290292517617,-0.0908178022524,0.0105322962963,0,0,-0.0210645925927,-0.0131653703703,0,0.0105322962963,0,0,-0.0210645925927,-0.0131653703703,0
208,FRAME,NONE,203,203,2.0299999999999998,RECOVERY,1.1000000000000014,0,0,0,0,0,-1.37626711098,0.332090632908,-0.154406974632,-0.405600043075,0.0191154209662,0.262432428421,-1.27344114034,-1.16920992879,-0.330079946976,1.73274563226,0.336161173887,0.193172718133,0.64858184828,0.345247764538,-0.150813622016,0.0356,-0.0348,0.286227244032,-0.09575797248,-0.0378,-0.150813622016,-0.0356,0.0348,0.286227244032,-0.09575797248,0.0378,0,0,0,0,0,0.232557308687,-0.0278618543543,0.0148709164192,0.182355242384,0.00403886839571,-0.116836355894,0.151866653199,0.213173119508,0.0514722872268,-0.180874782394,0.142725132931,-0.0230691023213,-0.087141458869,-0.00816410003707,0.00223054341235,0,0,-0.00446108682469,-0.00278817926543,0,0.00223054341235,0,0,-0.00446108682469,-0.00278817926543,0,0,0,0,0,0,1.14634343089,-0.12269850057,0.0771700252219,0.69808634148,0.0123840070679,-0.415596410921,0.731234176405,1.0094943377,0.193927950268,-0.86966218855,0.490134151789,-0.0985541690032,-0.29121990476,-0.0947686313902,0.0106985481481,0,0,-0.0213970962964,-0.0133731851852,0,0.0106985481481,0,0,-0.0213970962964,-0.0133731851852,0
209,FRAME,NONE,204,204,2.04,RECOVERY,1.1000000000000014,0,0,0,0,0,-1.37388420713,0.33180587905,-0.154254406121,-0.403741584643,0.0191564293586,0.261243281208,-1.2718859056,-1.16702750541,-0.32955551465,1.73089316517,0.337612931543,0.19293706038,0.647695859186,0.345161319335,-0.15079078157,0.0356,-0.0348,0.28618156314,-0.0957865230375,-0.0378,-0.15079078157,-0.0356,0.0348,0.28618156314,-0.0957865230375,0.0378,0,0,0,0,0,0.244092441165,-0.0290990223171,0.0156483290831,0.189377757941,0.00416059515824,-0.120997828514,0.15923195073,0.223332965493,0.0534154068347,-0.189642067976,0.147626166882,-0.0240663832979,-0.0900576472705,-0.00913151688009,0.00233834319012,0,0,-0.00467668638025,-0.00292292898765,0,0.00233834319012,0,0,-0.00467668638025,-0.00292292898765,0,0,0,0,0,0,1.16014141282,-0.124719581233,0.0782788852087,0.706349928113,0.0119411988403,-0.416545590158,0.741566379802,1.0223401373,0.194665513523,-0.88372155577,0.48999555461,-0.100913768575,-0.291992361435,-0.098714452313,0.0108580444444,0,0,-0.0217160888889,-0.0135725555556,0,0.0108580444444,0,0,-0.0217160888889,-0.0135725555556,0
210,FRAME,NONE,205,205,2.0499999999999998,RECOVERY,1.1000000000000014,0,0,0,0,0,-1.37138526216,0.331508652462,-0.15409400805,-0.401812487916,0.0191986328693,0.260012471851,-1.27025650133,-1.16474285487,-0.329011617247,1.72895232972,0.339113684934,0.192691310995,0.646780672106,0.345065002672,-0.150766855152,0.0356,-0.0348,0.286133710304,-0.0958164310598,-0.0378,-0.150766855152,-0.0356,0.0348,0.286133710304,-0.0958164310598,0.0378,0,0,0,0,0,0.255760136944,-0.030356245979,0.0164364941234,0.196482240946,0.00427769237252,-0.125167267698,0.166697980795,0.233617184515,0.0553650082116,-0.198547695774,0.152523516432,-0.025087479258,-0.0929808059684,-0.0101383943814,0.00244770430123,0,0,-0.00489540860247,-0.00305963037654,0,0.00244770430123,0,0,-0.00489540860247,-0.00305963037654,0,0,0,0,0,0,1.17286028159,-0.126709710573,0.079320914947,0.714481305832,0.0114584805756,-0.417191353115,0.751382674241,1.03436461533,0.195226291076,-0.897325602259,0.489398680244,-0.103303837698,-0.292614779317,-0.102661862653,0.0110108444445,0,0,-0.0220216888888,-0.0137635555555,0,0.0110108444445,0,0,-0.0220216888888,-0.0137635555555,0
211,FRAME,NONE,206,206,2.0600000000000001,RECOVERY,1.1000000000000014,0,0,0,0,0,-1.36876900439,0.331198754131,-0.153925676238,-0.399811939824,0.0192419832061,0.258739935855,-1.26855194599,-1.16235477493,-0.328448198588,1.72692176576,0.340663374445,0.192435231639,0.645836224758,0.344958419756,-0.150741827484,0.0356,-0.0348,0.286083654968,-0.095847715645,-0.0378,-0.150741827484,-0.0356,0.0348,0.286083654968,-0.095847715645,0.0378,0,0,0,0,0,0.267549646797,-0.0316332165286,0.017234747382,0.203667384058,0.00438976476976,-0.129341655576,0.174259604215,0.244017433466,0.0573193831111,-0.207586961699,0.157412641071,-0.026132295057,-0.0959094590331,-0.0111847814233,0.00255856007901,0,0,-0.00511712015802,-0.00319820009877,0,0.00255856007901,0,0,-0.00511712015802,-0.00319820009877,0,0,0,0,0,0,1.18450870199,-0.128668969516,0.0802969809961,0.722483157641,0.010936669955,-0.417536957577,0.760687075993,1.04554179347,0.195622205098,-0.910444151909,0.488351981006,-0.105644408345,-0.293092050077,-0.106617460041,0.0111570074075,0,0,-0.0223140148148,-0.0139462592592,0,0.0111570074075,0,0,-0.0223140148148,-0.0139462592592,0
212,FRAME,NONE,207,207,2.0699999999999998,RECOVERY,1.1000000000000014,0,0,0,0,0,-1.36603426922,0.330875988131,-0.153749313102,-0.397739140235,0.0192864281647,0.25742563874,-1.26677130924,-1.15986214807,-0.327865218993,1.72480016169,0.342261895466,0.192168588899,0.644862469372,0.344841174944,-0.150715683951,0.0356,-0.0348,0.286031367901,-0.0958803950617,-0.0378,-0.150715683951,-0.0356,0.0348,0.286031367901,-0.0958803950617,0.0378,0,0,0,0,0,0.279450310983,-0.0329296253693,0.0180424337433,0.210931904099,0.00449642577162,-0.133518006849,0.181911722315,0.254525115083,0.0592769376263,-0.216754857624,0.162289079578,-0.0271999472853,-0.0988421798709,-0.0122708058773,0.00267084444938,0,0,-0.00534168889877,-0.00333855556173,0,0.00267084444938,0,0,-0.00534168889877,-0.00333855556173,0,0,0,0,0,0,1.19509590712,-0.130597320839,0.0812080267328,0.730357630018,0.0103766879202,-0.417585657811,0.76948366919,1.05584794378,0.19586322466,-0.923046117437,0.48686181624,-0.107860078663,-0.293429233059,-0.110593047226,0.0112965925925,0,0,-0.0225931851852,-0.0141207407407,0,0.0112965925925,0,0,-0.0225931851852,-0.0141207407407,0
213,FRAME,NONE,208,208,2.0800000000000001,RECOVERY,1.1000000000000014,0,0,0,0,0,-1.36317999817,0.330540161623,-0.153564827563,-0.395593301742,0.0193319117215,0.256069575718,-1.26491371154,-1.1572639438,-0.327262654348,1.72258625759,0.343909098956,0.191891161668,0.643859372183,0.344712870389,-0.150688410595,0.0356,-0.0348,0.28597682119,-0.0959144867562,-0.0378,-0.150688410595,-0.0356,0.0348,0.28597682119,-0.0959144867562,0.0378,0,0,0,0,0,0.291451564939,-0.0342451629454,0.0188589079167,0.218274536658,0.00459729852816,-0.137693368732,0.189649277599,0.265131439828,0.0612361384784,-0.226046046327,0.167148392469,-0.0282888898385,-0.101777595835,-0.0133968177445,0.00278449193086,0,0,-0.00556898386173,-0.00348061491358,0,0.00278449193086,0,0,-0.00556898386173,-0.00348061491358,0,0,0,0,0,0,1.20463169936,-0.132494611104,0.0820550752757,0.738106329477,0.00977955973172,-0.417340701715,0.777776604856,1.0652683398,0.195951506435,-0.935096766875,0.484926173386,-0.109893711474,-0.293632058283,-0.114621247424,0.0114296592593,0,0,-0.0228593185184,-0.014287074074,0,0.0114296592593,0,0,-0.0228593185184,-0.014287074074,0
214,FRAME,NONE,209,209,2.0899999999999999,RECOVERY,1.1000000000000014,0,0,0,0,0,-1.36020523792,0.330191084872,-0.153372134944,-0.393373649502,0.0193783741353,0.254671771365,-1.26297832369,-1.15455922018,-0.326640495823,1.72027884872,0.345604791317,0.19160274702,0.642826912859,0.344573102956,-0.150659994112,0.0356,-0.0348,0.285919988224,-0.09595000736,-0.0378,-0.150659994112,-0.0356,0.0348,0.285919988224,-0.09595000736,0.0378,0,0,0,0,0,0.303542944971,-0.0355795175914,0.0196835352488,0.225694030688,0.00469201696625,-0.141864820883,0.197467254412,0.275827487778,0.0631954593076,-0.235454836431,0.171986104434,-0.0293970394864,-0.104714392836,-0.0145635322969,0.00289943763457,0,0,-0.00579887526913,-0.00362429704321,0,0.00289943763457,0,0,-0.00579887526913,-0.00362429704321,0,0,0,0,0,0,1.21312645087,-0.134360573317,0.0828392325691,0.745730320928,0.00914641604916,-0.416805329326,0.785570099558,1.07379050545,0.195887254001,-0.946560457083,0.482540946913,-0.111692735773,-0.293706423434,-0.118739888968,0.0115562666667,0,0,-0.0231125333333,-0.0144453333334,0,0.0115562666667,0,0,-0.0231125333333,-0.0144453333334,0
215,FRAME,NONE,210,210,2.1000000000000001,RECOVERY,1.1000000000000014,0,0,0,0,0,-1.35710913927,0.329828571272,-0.153171156858,-0.391079421128,0.0194257520608,0.2532322793,-1.26096436645,-1.1517471251,-0.325998749843,1.71787678898,0.347348733992,0.191303165492,0.641765083913,0.344421460464,-0.150630421842,0.0356,-0.0348,0.285860843685,-0.0959869726971,-0.0378,-0.150630421842,-0.0356,0.0348,0.285860843685,-0.0959869726971,0.0378,0,0,0,0,0,0.315714093956,-0.0369323744117,0.020515692568,0.233189143077,0.00478022684914,-0.146029475319,0.20536067959,0.286604214249,0.0651533757896,-0.244975180128,0.17679769911,-0.0305217872889,-0.107651315762,-0.0157720430895,0.0030156172642,0,0,-0.00603123452839,-0.00376952158025,0,0.0030156172642,0,0,-0.00603123452839,-0.00376952158025,0,0,0,0,0,0,1.22059110361,-0.136194830378,0.0835616906338,0.75323012778,0.0084784941513,-0.415982772607,0.792868433699,1.08140196466,0.195670670931,-0.957401544918,0.479702031288,-0.113204580554,-0.293658226201,-0.122986800191,0.011676474074,0,0,-0.0233529481483,-0.0145955925927,0,0.011676474074,0,0,-0.0233529481483,-0.0145955925927,0
216,FRAME,NONE,211,211,2.1099999999999999,RECOVERY,1.1000000000000014,0,0,0,0,0,-1.35389095605,0.329452437384,-0.152961821093,-0.38870986664,0.0194739786723,0.251751181859,-1.2588711101,-1.14882689747,-0.325337438072,1.7153789945,0.349140643052,0.190992266228,0.640673890128,0.344257517966,-0.150599681767,0.0356,-0.0348,0.285799363533,-0.0960253977916,-0.0378,-0.150599681767,-0.0356,0.0348,0.285799363533,-0.0960253977916,0.0378,0,0,0,0,0,0.327954767043,-0.0383034141989,0.0213547690615,0.240758633244,0.00486158684928,-0.150184476336,0.213324623086,0.297452473987,0.0671083613804,-0.254600712824,0.181578617721,-0.0316600535366,-0.110587163012,-0.0170237931919,0.00313296711605,0,0,-0.0062659342321,-0.00391620889506,0,0.00313296711605,0,0,-0.0062659342321,-0.00391620889506,0,0,0,0,0,0,1.22703716883,-0.137996899406,0.084223731008,0.760605733868,0.00777713935951,-0.414876256571,0.799675949346,1.0880999177,0.195300258547,-0.967600245806,0.476404778336,-0.114398651158,-0.293491177804,-0.127388301904,0.0117903407407,0,0,-0.0235806814815,-0.0147379259259,0,0.0117903407407,0,0,-0.0235806814815,-0.0147379259259,0
217,FRAME,NONE,212,212,2.1200000000000001,RECOVERY,1.1000000000000014,0,0,0,0,0,-1.35055004393,0.329062502988,-0.152744061477,-0.386264248463,0.0195229837978,0.250228589773,-1.25669787399,-1.14579786716,-0.324656597626,1.71278444498,0.350980188714,0.190669929269,0.639553348258,0.344080835514,-0.1505677625,0.0356,-0.0348,0.285735525,-0.096065296875,-0.0378,-0.1505677625,-0.0356,0.0348,0.285735525,-0.096065296875,0.0378,0,0,0,0,0,0.340254837333,-0.0396923123998,0.0222001671882,0.248401257754,0.00493576963633,-0.15432700045,0.221354198577,0.308363287268,0.0690588405039,-0.264325189253,0.186324244156,-0.0328088921006,-0.113520726366,-0.0183202587316,0.00325142407901,0,0,-0.00650284815802,-0.00406428009877,0,0.00325142407901,0,0,-0.00650284815802,-0.00406428009877,0,0,0,0,0,0,1.23247672605,-0.139766196905,0.0848267285295,0.767856587039,0.00704380663192,-0.4134890016,0.805997047477,1.09392027029,0.19476770915,-0.977200209426,0.472642369321,-0.115332258317,-0.293200243591,-0.131924684831,0.011897925926,0,0,-0.0237958518517,-0.0148724074073,0,0.011897925926,0,0,-0.0237958518517,-0.0148724074073,0
218,FRAME,NONE,213,213,2.1299999999999999,RECOVERY,1.1000000000000014,0,0,0,0,0,-1.3470858593,0.328658591136,-0.152517817749,-0.383741841485,0.019572694065,0.24866464185,-1.25444402613,-1.14265945176,-0.323956281843,1.71009217993,0.352866994675,0.190336060593,0.638403487456,0.34389095973,-0.150534653285,0.0356,-0.0348,0.28566930657,-0.0961066833936,-0.0378,-0.150534653285,-0.0356,0.0348,0.28566930657,-0.0961066833936,0.0378,0,0,0,0,0,0.352604301564,-0.041098738137,0.0230513036321,0.256115764985,0.00500246298192,-0.158454256368,0.229444564035,0.319328105998,0.0710031417402,-0.274142919583,0.191029890049,-0.0339660947818,-0.116450730861,-0.0196626324366,0.00337092563457,0,0,-0.00674185126913,-0.00421365704321,0,0.00337092563457,0,0,-0.00674185126913,-0.00421365704321,0,0,0,0,0,0,1.23692242156,-0.141502044916,0.0853721554805,0.774981604282,0.00628006247941,-0.411824226795,0.81183618457,1.09890860451,0.194063012786,-0.986260944024,0.468407442862,-0.116084689111,-0.292778202444,-0.136564732175,0.0119992888889,0,0,-0.0239985777779,-0.0149991111111,0,0.0119992888889,0,0,-0.0239985777779,-0.0149991111111,0
219,FRAME,NONE,214,214,2.1400000000000001,RECOVERY,1.1000000000000014,0,0,0,0,0,-1.3434979579,0.328240528225,-0.152283035404,-0.381141933163,0.0196230330574,0.247059504646,-1.25210898271,-1.13941115205,-0.323236561278,1.70730129279,0.354800637381,0.189990584298,0.637224349986,0.343687426868,-0.150500343987,0.0356,-0.0348,0.285600687975,-0.0961495700159,-0.0378,-0.150500343987,-0.0356,0.0348,0.285600687975,-0.0961495700159,0.0378,0,0,0,0,0,0.364993285764,-0.0425223532981,0.0239076102978,0.26390088984,0.00506137088592,-0.162563484986,0.237590922268,0.330338837904,0.0729394935698,-0.284048809064,0.195690793417,-0.0351302462519,-0.119375829321,-0.0210517948672,0.00349140985679,0,0,-0.00698281971358,-0.00436426232099,0,0.00349140985679,0,0,-0.00698281971358,-0.00436426232099,0,0,0,0,0,0,1.29889176249,-0.543609814214,0.450324337759,0.766554138827,0.371111423159,-0.399538332421,0.327949242034,1.10311050242,0.193176159501,-0.994841957845,0.46369263758,-0.116735230619,-0.292217833242,-0.141277227137,0.0120944888888,0,0,-0.0241889777779,-0.0151181111111,0,0.0120944888888,0,0,-0.0241889777779,-0.0151181111111,0
220,FRAME,NONE,215,215,2.1499999999999999,RECOVERY,1.1000000000000014,0,0,0,0,0,-1.33978599358,0.32780814407,-0.152039665543,-0.378463823688,0.0196739214827,0.24541337215,-1.24969220768,-1.13605254748,-0.322497524692,1.70441092499,0.356780645296,0.18963343472,0.636015991939,0.343469765918,-0.150464825088,0.0356,-0.0348,0.285529650176,-0.09619396864,-0.0378,-0.150464825088,-0.0356,0.0348,0.285529650176,-0.09619396864,0.0378,0,0,0,0,0,0.378582136814,-0.0519709344213,0.0320577903873,0.271446847761,0.0124246914451,-0.166445023016,0.236003548876,0.341387835552,0.0748660270307,-0.294038339036,0.200302121339,-0.0363006982593,-0.122294605627,-0.022488325988,0.00361281541234,0,0,-0.00722563082469,-0.00451601926543,0,0.00361281541234,0,0,-0.00722563082469,-0.00451601926543,0,0,0,0,0,0,1.30107360494,-0.543603538492,0.449994527013,0.773468309155,0.368947796209,-0.397420663808,0.33504814236,1.10656715388,0.192098202063,-1.00299516099,0.458491661169,-0.117352852271,-0.291513220996,-0.14603558195,0.0121835851852,0,0,-0.0243671703702,-0.0152294814815,0,0.0121835851852,0,0,-0.0243671703702,-0.0152294814815,0
221,FRAME,NONE,216,216,2.1600000000000001,RECOVERY,1.1000000000000014,0,0,0,0,0,-1.33592631517,0.327201109537,-0.151641879597,-0.375712996208,0.0198715268863,0.243730604185,-1.24738891173,-1.13258329222,-0.321739279918,1.70142026106,0.358806498309,0.1892645499,0.634778483778,0.343237501094,-0.150428087679,0.0356,-0.0348,0.285456175358,-0.0962398904012,-0.0378,-0.150428087679,-0.0356,0.0348,0.285456175358,-0.0962398904012,0.0378,0,0,0,0,0,0.391014757863,-0.053394424068,0.0329075008381,0.279370256023,0.0124403268101,-0.170511898262,0.244291885115,0.352467775563,0.0767808049428,-0.304107357974,0.20485899935,-0.0374772858939,-0.125205610629,-0.0239726324668,0.00373508156049,0,0,-0.00747016312099,-0.00466885195062,0,0.00373508156049,0,0,-0.00747016312099,-0.00466885195062,0,0,0,0,0,0,1.18526839875,0.257415051043,-0.279446531294,0.811106081687,-0.364628427655,-0.415733155089,1.3203776163,1.10930217984,0.190824444129,-1.01074207101,0.452802497614,-0.1179652529,-0.290663675236,-0.150831724965,0.0122666370371,0,0,-0.0245332740741,-0.0153332962964,0,0.0122666370371,0,0,-0.0245332740741,-0.0153332962964,0
222,FRAME,NONE,217,217,2.1699999999999999,RECOVERY,1.1000000000000014,0,0,0,0,0,-1.33196569843,0.326740255589,-0.151381515526,-0.372876418568,0.0199227280189,0.242003134185,-1.24480636998,-1.12900311259,-0.320961954362,1.69832852619,0.360877627496,0.188883868454,0.633511910453,0.342990152811,-0.150390123457,0.0356,-0.0348,0.285380246914,-0.096287345679,-0.0378,-0.150390123457,-0.0356,0.0348,0.285380246914,-0.096287345679,0.0378,0,0,0,0,0,0.402287504789,-0.0468226334005,0.0264688597614,0.287668969395,0.005132122892,-0.174759686118,0.262411101202,0.363571537826,0.0786818511329,-0.314251872543,0.209356540845,-0.0386600438512,-0.128107398072,-0.0255050749726,0.00385814815309,0,0,-0.00771629630617,-0.00482268519136,0,0.00385814815309,0,0,-0.00771629630617,-0.00482268519136,0,0,0,0,0,0,1.18613868522,0.254492515595,-0.27863148459,0.817672473182,-0.364445758137,-0.412907123652,1.32254652723,1.11133480902,0.189351252077,-1.0180966073,0.446624199973,-0.118589813689,-0.28966981162,-0.155662213565,0.0123437037037,0,0,-0.0246874074074,-0.0154296296296,0,0.0123437037037,0,0,-0.0246874074074,-0.0154296296296,0
223,FRAME,NONE,218,218,2.1800000000000002,RECOVERY,1.1000000000000014,0,0,0,0,0,-1.32788056507,0.326264656869,-0.151112502401,-0.36995961682,0.0199741693442,0.240235410463,-1.24214068971,-1.12531180517,-0.320165695372,1.69513498482,0.362993415019,0.18849132778,0.632216371343,0.342727238049,-0.150350924716,0.0356,-0.0348,0.285301849432,-0.096336344105,-0.0378,-0.150350924716,-0.0356,0.0348,0.285301849432,-0.096336344105,0.0378,0,0,0,0,0,0.414737531567,-0.0483045737561,0.0273348711463,0.295723705487,0.00515141164736,-0.178770040735,0.27074281566,0.374692194517,0.0805671530919,-0.324468028605,0.213789849746,-0.0398491806388,-0.130998527854,-0.027085979748,0.00398195563457,0,0,-0.00796391126913,-0.00497744454321,0,0.00398195563457,0,0,-0.00796391126913,-0.00497744454321,0,0,0,0,0,0,1.24461243924,-0.148929365273,0.086698811356,0.808670482873,0.00145000028273,-0.399469256937,0.834845574502,1.11268427014,0.187674992286,-1.02507268927,0.439955821303,-0.119243915821,-0.288532245807,-0.16052360513,0.0124148444445,0,0,-0.0248296888888,-0.0155185555554,0,0.0124148444445,0,0,-0.0248296888888,-0.0155185555554,0
224,FRAME,NONE,219,219,2.1899999999999999,RECOVERY,1.1000000000000014,0,0,0,0,0,-1.32367094779,0.325774164114,-0.150834818103,-0.366961944458,0.0200257562519,0.23842773337,-1.23939151367,-1.12150923487,-0.319350670602,1.69183893924,0.365153194036,0.188086862353,0.630891980198,0.342448270688,-0.150310484344,0.0356,-0.0348,0.285220968688,-0.0963868945699,-0.0378,-0.150310484344,-0.0356,0.0348,0.285220968688,-0.0963868945699,0.0378,0,0,0,0,0,0.427179753573,-0.0498012207059,0.0282028359885,0.303842379052,0.00516112289766,-0.182749071256,0.279108012692,0.385823004335,0.0824346642501,-0.334752101241,0.218154022806,-0.0410450635968,-0.133877567963,-0.0287156438841,0.00410644504198,0,0,-0.00821289008395,-0.00513305630247,0,0.00410644504198,0,0,-0.00821289008395,-0.00513305630247,0,0,0,0,0,0,1.24338257079,-0.150377654639,0.0868687363002,0.814991767468,0.000481076006722,-0.396208773144,0.837970921132,1.11336748677,0.185792941532,-1.0316802477,0.432797332937,-0.119938948782,-0.287252365589,-0.165414566789,0.0124801185186,0,0,-0.0249602370371,-0.0156001481482,0,0.0124801185186,0,0,-0.0249602370371,-0.0156001481482,0
225,FRAME,NONE,220,220,2.2000000000000002,RECOVERY,1.1000000000000014,0,0,0,0,0,-1.31933697,0.325268632454,-0.150548445682,-0.363882769239,0.0200773918021,0.236580429038,-1.23655852946,-1.1175953333,-0.318517068244,1.68843972875,0.367356248733,0.187670402795,0.629538864964,0.342152761564,-0.150268795815,0.0356,-0.0348,0.28513759163,-0.096439005231,-0.0378,-0.150268795815,-0.0356,0.0348,0.28513759163,-0.096439005231,0.0378,0,0,0,0,0,0.439605182983,-0.0513121268489,0.0290722458723,0.312023540836,0.00516103316749,-0.186694216198,0.287502234083,0.396957349113,0.0842823290139,-0.345100385068,0.222444174854,-0.0422480541261,-0.136743115706,-0.0303943933378,0.00423155800494,0,0,-0.00846311600988,-0.00528944750617,0,0.00423155800494,0,0,-0.00846311600988,-0.00528944750617,0,0,0,0,0,0,1.2412622765,-0.151780372184,0.0869886937391,0.82116576296,-0.000509232388479,-0.39269385045,0.840653135594,1.11339216181,0.183706018183,-1.03791325887,0.425152379307,-0.120662335255,-0.285834647291,-0.170342204656,0.0125395851851,0,0,-0.0250791703704,-0.0156744814816,0,0.0125395851851,0,0,-0.0250791703704,-0.0156744814816,0
226,FRAME,NONE,221,221,2.21,RECOVERY,1.1000000000000014,0,0,0,0,0,-1.31487884414,0.324747921577,-0.150253373186,-0.360721473641,0.0201289769152,0.234693849046,-1.23364146899,-1.11357009797,-0.317665096977,1.68493673014,0.369601814652,0.187241876923,0.628157167371,0.341840217838,-0.150225853184,0.0356,-0.0348,0.285051706368,-0.09649268352,-0.0378,-0.150225853184,-0.0356,0.0348,0.285051706368,-0.09649268352,0.0378,0,0,0,0,0,0.452004999103,-0.0528368281496,0.0299426098633,0.320265694311,0.00515093824989,-0.190602948265,0.295921075404,0.408088670425,0.086108107801,-0.355509084553,0.226655464051,-0.0434583429169,-0.139593818944,-0.0321226409507,0.00435723674568,0,0,-0.00871447349136,-0.0054465459321,0,0.00435723674568,0,0,-0.00871447349136,-0.0054465459321,0,0,0,0,0,0,1.23826852786,-0.153135811535,0.08706046158,0.827187528934,-0.00151896812252,-0.388927938625,0.842897645446,1.112763693,0.181416051007,-1.04376171047,0.41702552312,-0.121395506228,-0.284284339372,-0.175315734591,0.0125933037037,0,0,-0.0251866074073,-0.0157416296296,0,0.0125933037037,0,0,-0.0251866074073,-0.0157416296296,0
227,FRAME,NONE,222,222,2.2200000000000002,RECOVERY,1.1000000000000014,0,0,0,0,0,-1.31029687002,0.324211895891,-0.149949593484,-0.357477455353,0.0201804105671,0.232768370073,-1.23064010795,-1.10943359166,-0.316794985781,1.68132935864,0.371889079145,0.186801211572,0.626747042405,0.341510142078,-0.15018165108,0.0356,-0.0348,0.28496330216,-0.0965479361497,-0.0378,-0.15018165108,-0.0356,0.0348,0.28496330216,-0.0965479361497,0.0378,0,0,0,0,0,0.46437055354,-0.0543748430795,0.0308134551039,0.328567291415,0.00513065380504,-0.194472774971,0.304360186991,0.41921046382,0.0879099793171,-0.365974304038,0.230783094184,-0.044675934969,-0.142428378023,-0.0339008917228,0.00448342407901,0,0,-0.00896684815802,-0.00560428009876,0,0.00448342407901,0,0,-0.00896684815802,-0.00560428009876,0,0,0,0,0,0,1.23441880872,-0.154442183386,0.0870858760843,0.833051707485,-0.00254611648548,-0.384914554258,0.844709975844,1.1114874781,0.178924868769,-1.04921559015,0.408421327081,-0.122119892686,-0.28260669029,-0.180344372455,0.0126413333334,0,0,-0.0252826666666,-0.0158016666666,0,0.0126413333334,0,0,-0.0252826666666,-0.0158016666666,0
228,FRAME,NONE,223,223,2.23,RECOVERY,1.1000000000000014,0,0,0,0,0,-1.30559143306,0.323660424715,-0.149637104084,-0.354150127813,0.0202315899913,0.230804393547,-1.22755426525,-1.10518594192,-0.315906983761,1.6776170689,0.374217181833,0.186348334386,0.625308657795,0.341162031392,-0.150136184702,0.0356,-0.0348,0.284872369405,-0.096604769122,-0.0378,-0.150136184702,-0.0356,0.0348,0.284872369405,-0.096604769122,0.0378,0,0,0,0,0,0.476693375278,-0.0559256718173,0.031684327385,0.336926728461,0.00510001592018,-0.198301239351,0.312815274921,0.430316296044,0.089685939905,-0.376492077951,0.234822315199,-0.0459006868466,-0.14524554197,-0.0357297196134,0.00461006341235,0,0,-0.00922012682469,-0.00576257926543,0,0.00461006341235,0,0,-0.00922012682469,-0.00576257926543,0,0,0,0,0,0,1.22973110529,-0.155697621561,0.0870668293999,0.83875254161,-0.00358860880938,-0.380657290379,0.84609575003,1.10957580208,0.176234040062,-1.05427696917,0.399344566241,-0.122831827399,-0.280805426889,-0.18542805447,0.0126837333333,0,0,-0.0253674666667,-0.0158546666668,0,0.0126837333333,0,0,-0.0253674666667,-0.0158546666668,0
229,FRAME,NONE,224,224,2.2400000000000002,RECOVERY,1.1000000000000014,0,0,0,0,0,-1.30076300251,0.323093382455,-0.149315906937,-0.350738920784,0.0202824108855,0.228802345286,-1.22438380245,-1.10082733957,-0.315001359997,1.67379935432,0.376585215086,0.185883173655,0.623842193692,0.340795377752,-0.150089449812,0.0356,-0.0348,0.284778899624,-0.096663187735,-0.0378,-0.150089449812,-0.0356,0.0348,0.284778899624,-0.096663187735,0.0378,0,0,0,0,0,0.488965175646,-0.0574887955108,0.0325547916919,0.345342342247,0.00505888162885,-0.202085920778,0.321282101992,0.441399994437,0.0914339963897,-0.387058703104,0.238768429041,-0.0471327164775,-0.148044066648,-0.0376095123515,0.00473709874568,0,0,-0.00947419749136,-0.0059213734321,0,0.00473709874568,0,0,-0.00947419749136,-0.0059213734321,0,0,0,0,0,0,1.22422389529,-0.156900189373,0.0870052667991,0.844283894446,-0.00464432661727,-0.37615982617,0.847060689677,1.10706849887,0.173344092772,-1.05899625297,0.389800865022,-0.123587250269,-0.278878189549,-0.190529598302,0.012720562963,0,0,-0.025441125926,-0.0159007037037,0,0.012720562963,0,0,-0.025441125926,-0.0159007037037,0
230,FRAME,NONE,225,225,2.25,RECOVERY,1.1000000000000014,0,0,0,0,0,-1.29581212955,0.322510648805,-0.14898600825,-0.347243280968,0.0203327676239,0.226762675131,-1.22112862321,-1.09635803494,-0.31407840348,1.66987574244,0.378992224582,0.185405653246,0.622347842853,0.34040967139,-0.150041442728,0.0356,-0.0348,0.284682885455,-0.0967231965906,-0.0378,-0.150041442728,-0.0356,0.0348,0.284682885455,-0.0967231965906,0.0378,0,0,0,0,0,0.501177853184,-0.0590636756048,0.0334244327209,0.35381240635,0.00500712938783,-0.205824435874,0.329756488714,0.452455836334,0.0931521589242,-0.39767107099,0.242616795488,-0.0483728129515,-0.15082267291,-0.0395402162456,0.00486447467161,0,0,-0.00972894934321,-0.00608059333951,0,0.00486447467161,0,0,-0.00972894934321,-0.00608059333951,0,0,0,0,0,0,1.21791613591,-0.15804788631,0.0869031836094,0.849639269535,-0.00571110595714,-0.371425936619,0.84761061502,1.10401228966,0.170255294612,-1.06343593061,0.379796060189,-0.124457002985,-0.27682109704,-0.195602541977,0.0127518814814,0,0,-0.025503762963,-0.0159398518518,0,0.0127518814814,0,0,-0.025503762963,-0.0159398518518,0
231,FRAME,NONE,226,226,2.2599999999999998,RECOVERY,1.1000000000000014,0,0,0,0,0,-1.29073944545,0.321912108943,-0.148647418282,-0.343662672657,0.0203825534733,0.224685856568,-1.21778867268,-1.09177833327,-0.313138423089,1.66584578877,0.381437209891,0.184915685593,0.620825811018,0.340004405399,-0.149992160319,0.0356,-0.0348,0.284584320637,-0.0967847996018,-0.0378,-0.149992160319,-0.0356,0.0348,0.284584320637,-0.0967847996018,0.0378,0,0,0,0,0,0.513323498364,-0.060649753237,0.034292855364,0.362335127638,0.00494465950971,-0.209514439511,0.338234314292,0.463478566281,0.0948384403381,-0.408326697992,0.246362832688,-0.0496224737756,-0.1535800428,-0.041521312984,0.00499213637531,0,0,-0.00998427275062,-0.00624017046914,0,0.00499213637531,0,0,-0.00998427275062,-0.00624017046914,0,0,0,0,0,0,1.21082725056,-0.159138654953,0.0867626218676,0.854811831781,-0.00678674190778,-0.366459501902,0.847751444764,1.10045389561,0.166967913295,-1.06765849111,0.36933598851,-0.125511927233,-0.274630268127,-0.200600423524,0.0127777481482,0,0,-0.0255554962962,-0.0159721851852,0,0.0127777481482,0,0,-0.0255554962962,-0.0159721851852,0
232,FRAME,NONE,227,227,2.27,RECOVERY,1.1000000000000014,0,0,0,0,0,-1.28554565958,0.32129765374,-0.148300151142,-0.339996578415,0.0204316608141,0.222572386341,-1.21436393692,-1.08708859003,-0.312181747556,1.6617090706,0.383919125058,0.184413164684,0.619276317294,0.339579080339,-0.1499416,0.0356,-0.0348,0.2844832,-0.096848,-0.0378,-0.1499416,-0.0356,0.0348,0.2844832,-0.096848,0.0378,0,0,0,0,0,0.525394398195,-0.0622464487038,0.0351596851583,0.370908642986,0.00487139454968,-0.213153625912,0.34671151761,0.474463381695,0.0964908577555,-0.41902369734,0.250002019297,-0.050883870448,-0.15631482402,-0.043551839442,0.00512002963457,0,0,-0.0102400592691,-0.00640003704321,0,0.00512002963457,0,0,-0.0102400592691,-0.00640003704321,0,0,0,0,0,0,1.20297711477,-0.160170388188,0.08658566666,0.859794429121,-0.00786899324353,-0.361264516517,0.847489195782,1.09643430222,0.163482863301,-1.07171520536,0.358427342589,-0.126809094452,-0.272303610778,-0.205484703507,0.0127982222223,0,0,-0.0255964444444,-0.0159977777777,0,0.0127982222223,0,0,-0.0255964444444,-0.0159977777777,0
233,FRAME,NONE,228,228,2.2799999999999998,RECOVERY,1.1000000000000014,0,0,0,0,0,-1.28023155748,0.320667179969,-0.147944224579,-0.336244499797,0.0204799813643,0.22042278405,-1.21085444232,-1.08228920706,-0.311208725355,1.65746518224,0.386436879305,0.183897960829,0.617699594299,0.339133207812,-0.149889759726,0.0356,-0.0348,0.284379519452,-0.0969128003427,-0.0378,-0.149889759726,-0.0356,0.0348,0.284379519452,-0.0969128003427,0.0378,0,0,0,0,0,0.53738304066,-0.0638531610007,0.0360245686972,0.37953101622,0.00478727964484,-0.216739729841,0.355184098208,0.485405775137,0.0981074503804,-0.429760470606,0.253529918013,-0.0521594697761,-0.159025679137,-0.0456306055513,0.00524810081975,0,0,-0.0104962016395,-0.00656012602469,0,0.00524810081975,0,0,-0.0104962016395,-0.00656012602469,0,0,0,0,0,0,1.19438604064,-0.161140936634,0.0863744421882,0.864579614983,-0.00895558727262,-0.355845098096,0.846829982524,1.09197155225,0.15980364619,-1.07561247167,0.347080238402,-0.128350495088,-0.269846189754,-0.210248532646,0.012813362963,0,0,-0.025626725926,-0.0160167037037,0,0.012813362963,0,0,-0.025626725926,-0.0160167037037,0
234,FRAME,NONE,229,229,2.29,RECOVERY,1.1000000000000014,0,0,0,0,0,-1.27479799877,0.32002059052,-0.147579659769,-0.332405958091,0.020527406407,0.218237591744,-1.20726025496,-1.07738063052,-0.310219724372,1.653113734,0.388989338014,0.183369919988,0.616095887717,0.338666311427,-0.149836637984,0.0356,-0.0348,0.284273275967,-0.0969792025205,-0.0378,-0.149836637984,-0.0356,0.0348,0.284273275967,-0.0969792025205,0.0378,0,0,0,0,0,0.549282119008,-0.0654692674365,0.0368871740021,0.388200235285,0.00469228280422,-0.220270527874,0.36364811726,0.496301376575,0.0996862972833,-0.440535399214,0.25694219911,-0.0534516551951,-0.161711334783,-0.0477564121697,0.00537629689383,0,0,-0.0107525937877,-0.00672037111728,0,0.00537629689383,0,0,-0.0107525937877,-0.00672037111728,0,0,0,0,0,0,1.12906988548,0.230353026087,-0.284760524838,0.8846419027,-0.372529245875,-0.359608277552,1.32258032017,1.0870779528,0.15593441029,-1.07934547021,0.335305647759,-0.13012434934,-0.267264859016,-0.214892984198,0.0128232296297,0,0,-0.0256464592592,-0.016029037037,0,0.0128232296297,0,0,-0.0256464592592,-0.016029037037,0
235,FRAME,NONE,230,230,2.2999999999999998,RECOVERY,1.1000000000000014,0,0,0,0,0,-1.2692459151,0.31935779462,-0.147206481099,-0.328480495091,0.0205738270204,0.216017373492,-1.20358147998,-1.07236334967,-0.309215131497,1.64865435262,0.391575323817,0.182828864873,0.614465455625,0.33817792673,-0.149782233788,0.0356,-0.0348,0.284164467576,-0.097047207765,-0.0378,-0.149782233788,-0.0356,0.0348,0.284164467576,-0.097047207765,0.0378,0,0,0,0,0,0.559964438369,-0.059246100479,0.0303293582005,0.397223854274,-0.00266330527266,-0.223931895392,0.381635704612,0.507145939051,0.101225519018,-0.451346816385,0.260234642586,-0.0547626923422,-0.164370586131,-0.0499280708875,0.00550456541235,0,0,-0.0110091308247,-0.00688070676543,0,0.00550456541235,0,0,-0.0110091308247,-0.00688070676543,0,0,0,0,0,0,1.11935774759,0.228183210428,-0.284897216864,0.888989213084,-0.372804729584,-0.353674060528,1.31934366243,1.08176581095,0.151879303931,-1.08290938116,0.323114542476,-0.132118877406,-0.264566472523,-0.21941913142,0.0128278814814,0,0,-0.025655762963,-0.0160348518519,0,0.0128278814814,0,0,-0.025655762963,-0.0160348518519,0
236,FRAME,NONE,231,231,2.3100000000000001,RECOVERY,1.1000000000000014,0,0,0,0,0,-1.26359871,0.31883566851,-0.146973072605,-0.324461481005,0.0204741403015,0.213758953836,-1.19962754087,-1.06723789568,-0.308195352202,1.64408668186,0.3941936177,0.182274596258,0.612808567788,0.337667601023,-0.149726546675,0.0356,-0.0348,0.284053093351,-0.0971168166558,-0.0378,-0.149726546675,-0.0356,0.0348,0.284053093351,-0.0971168166558,0.0378,0,0,0,0,0,0.57166927396,-0.0609056032279,0.0311892296648,0.405980019547,-0.00276381178745,-0.227344009085,0.390034990509,0.517935311164,0.102723279798,-0.462192954928,0.263403141247,-0.0560946648106,-0.167002304717,-0.0521444408529,0.00563285452346,0,0,-0.0112657090469,-0.00704106815432,0,0.00563285452346,0,0,-0.0112657090469,-0.00704106815432,0,0,0,0,0,0,1.22099663723,-0.558841526345,0.456815669366,0.862147020124,0.351985847455,-0.328721188541,0.36198280075,1.07603642889,0.147643345912,-1.08627849774,0.31051913285,-0.134296601078,-0.26176101318,-0.223842777615,0.0128273777777,0,0,-0.0256547555556,-0.0160342222223,0,0.0128273777777,0,0,-0.0256547555556,-0.0160342222223,0
237,FRAME,NONE,232,232,2.3199999999999998,RECOVERY,1.1000000000000014,0,0,0,0,0,-1.25781252962,0.318139682556,-0.146582696506,-0.3203608947,0.0205185507846,0.211470493311,-1.19578078017,-1.06200484188,-0.307160810009,1.63941038578,0.396842960271,0.181706897625,0.611125504555,0.337134891269,-0.149669576698,0.0356,-0.0348,0.283939153395,-0.0971880291281,-0.0378,-0.149669576698,-0.0356,0.0348,0.283939153395,-0.0971880291281,0.0378,0,0,0,0,0,0.584384371114,-0.0704229310059,0.0394656715878,0.414466794677,0.00437641167643,-0.230506319163,0.388875360627,0.528665134437,0.104177811433,-0.473071372844,0.266443734776,-0.0574487674431,-0.169605524481,-0.054404833848,0.0057611129679,0,0,-0.0115222259358,-0.00720139120988,0,0.0057611129679,0,0,-0.0115222259358,-0.00720139120988,0,0,0,0,0,0,1.20939292042,-0.558461909626,0.45654544603,0.866074990642,0.350282580947,-0.322523137799,0.361305445482,1.06984708924,0.14323503692,-1.08934356545,0.29753658311,-0.136517248524,-0.258870979665,-0.228238646259,0.0128217777778,0,0,-0.0256435555554,-0.0160272222221,0,0.0128217777778,0,0,-0.0256435555554,-0.0160272222221,0
238,FRAME,NONE,233,233,2.3300000000000001,RECOVERY,1.1000000000000014,0,0,0,0,0,-1.25191102258,0.31742720989,-0.146183759173,-0.316172145112,0.0205616685351,0.209148827453,-1.19185003365,-1.05666480765,-0.30611194567,1.63462515896,0.399522053427,0.181125548293,0.609416554715,0.336579357137,-0.149611324416,0.0356,-0.0348,0.283822648832,-0.09726084448,-0.0378,-0.149611324416,-0.0356,0.0348,0.283822648832,-0.09726084448,0.0378,0,0,0,0,0,0.595857132368,-0.0720748414205,0.0403201385854,0.42330151936,0.00424183983149,-0.233794471841,0.397261099418,0.539330540683,0.10558743727,-0.483978378936,0.269352643784,-0.0588245996262,-0.172179527821,-0.0567094193647,0.00588929007901,0,0,-0.011778580158,-0.00736161259876,0,0.00588929007901,0,0,-0.011778580158,-0.00736161259876,0,0,0,0,0,0,1.14113282555,-0.165496090534,0.0852756759727,0.885250372776,-0.0139848000644,-0.325528022194,0.83720031356,1.0631440697,0.138663748114,-1.09197444284,0.284185295972,-0.138614849503,-0.255921999599,-0.232696190875,0.0128111407408,0,0,-0.0256222814814,-0.0160139259259,0,0.0128111407408,0,0,-0.0256222814814,-0.0160139259259,0
239,FRAME,NONE,234,234,2.3399999999999999,RECOVERY,1.1000000000000014,0,0,0,0,0,-1.24589538698,0.316698185727,-0.145776293734,-0.311894864313,0.0206033875812,0.206794603874,-1.18783555818,-1.05121846375,-0.305049216236,1.6297307394,0.402229562193,0.180530339884,0.607682012953,0.336000552126,-0.149551790896,0.0356,-0.0348,0.283703581792,-0.0973352613801,-0.0378,-0.149551790896,-0.0356,0.0348,0.283703581792,-0.0973352613801,0.0378,0,0,0,0,0,0.607207027625,-0.0737328528166,0.0411711851073,0.432171802132,0.00409671567514,-0.237016879607,0.405619366898,0.549926124491,0.106950574366,-0.494908980595,0.272126272913,-0.0602201010441,-0.17472385341,-0.0590592614304,0.00601733578272,0,0,-0.0120346715654,-0.00752166972839,0,0.00601733578272,0,0,-0.0120346715654,-0.00752166972839,0,0,0,0,0,0,1.1285463492,-0.166067837051,0.084923413893,0.888680518388,-0.0150349738563,-0.318856451226,0.834276365763,1.055873648,0.133938850653,-1.09404098846,0.27048367415,-0.140423433779,-0.252939700602,-0.237304864985,0.0127955259259,0,0,-0.0255910518521,-0.0159944074075,0,0.0127955259259,0,0,-0.0255910518521,-0.0159944074075,0
240,FRAME,NONE,235,235,2.3500000000000001,RECOVERY,1.1000000000000014,0,0,0,0,0,-1.23976688203,0.315952552834,-0.145360335471,-0.307528709069,0.0206436028486,0.204408489861,-1.18373764631,-1.04566653757,-0.303973094124,1.62472692138,0.40496411656,0.179921092735,0.605922177305,0.335398014734,-0.1494909777,0.0356,-0.0348,0.283581955401,-0.0974112778746,-0.0378,-0.1494909777,-0.0356,0.0348,0.283581955401,-0.0974112778746,0.0378,0,0,0,0,0,0.618428059352,-0.0753961981615,0.0420186068632,0.441075129728,0.00394114035437,-0.240171600865,0.413946626734,0.560445984514,0.108265731341,-0.505856958904,0.274761210335,-0.0616316457503,-0.177238286351,-0.0614562633064,0.00614520059753,0,0,-0.0122904011951,-0.00768150074691,0,0.00614520059753,0,0,-0.0122904011951,-0.00768150074691,0,0,0,0,0,0,1.11537160297,-0.166561735899,0.0845518193222,0.891854889449,-0.0160738899509,-0.311993348412,0.83100222717,1.04799861608,0.129068855337,-1.09544310433,0.256449923445,-0.1418146598,-0.249945772597,-0.242132001559,0.0127749925925,0,0,-0.0255499851853,-0.0159687407408,0,0.0127749925925,0,0,-0.0255499851853,-0.0159687407408,0
241,FRAME,NONE,236,236,2.3599999999999999,RECOVERY,1.1000000000000014,0,0,0,0,0,-1.23352682579,0.315190261764,-0.144935921597,-0.303073361719,0.0206822103883,0.201991171857,-1.17955662564,-1.04000981633,-0.302884066293,1.61961356442,0.407724313296,0.179297667414,0.604137347126,0.334771262498,-0.149428886884,0.0356,-0.0348,0.283457773768,-0.097488891395,-0.0378,-0.149428886884,-0.0356,0.0348,0.283457773768,-0.097488891395,0.0378,0,0,0,0,0,0.629514459684,-0.0770640875345,0.0428622214937,0.450008899921,0.00377523787613,-0.243256746575,0.422239411441,0.570884177608,0.109531484712,-0.516815694835,0.277254222346,-0.0630550769566,-0.179722749896,-0.0639025591724,0.00627283563457,0,0,-0.0125456712691,-0.00784104454321,0,0.00627283563457,0,0,-0.0125456712691,-0.00784104454321,0,0,0,0,0,0,1.1016316826,-0.166975513715,0.0841630835563,0.894764545964,-0.0170992681607,-0.304944054118,0.827384819991,1.0395478228,0.124058831536,-1.09620086626,0.242101462013,-0.142810700776,-0.246946154712,-0.247156451358,0.0127496,0,0,-0.0254991999998,-0.015937,0,0.0127496,0,0,-0.0254991999998,-0.015937,0
242,FRAME,NONE,237,237,2.3700000000000001,RECOVERY,1.1000000000000014,0,0,0,0,0,-1.22717659284,0.314411271083,-0.144503091041,-0.298528531071,0.0207191076061,0.199543354929,-1.17529285809,-1.03424914473,-0.301782633711,1.61439059233,0.410508717699,0.178659963817,0.602327822363,0.334119793333,-0.149365520988,0.0356,-0.0348,0.283331041975,-0.0975680987654,-0.0378,-0.149365520988,-0.0356,0.0348,0.283331041975,-0.0975680987654,0.0378,0,0,0,0,0,0.640460693004,-0.0787357084358,0.0437018685344,0.458970420647,0.00359915499115,-0.246270481947,0.430494323133,0.581235172975,0.11074645524,-0.527778995447,0.279602247944,-0.064486741822,-0.182177197151,-0.0663999058117,0.00640019259753,0,0,-0.0128003851951,-0.00800024074691,0,0.00640019259753,0,0,-0.0128003851951,-0.00800024074691,0,0,0,0,0,0,1.08734992807,-0.167306932626,0.0837593915371,0.897400472459,-0.0181088425118,-0.2977140787,0.823431139291,1.03056663126,0.118912988265,-1.09636439355,0.227455511096,-0.143471358605,-0.243942848374,-0.252334944591,0.0127194074075,0,0,-0.0254388148146,-0.0158992592592,0,0.0127194074075,0,0,-0.0254388148146,-0.0158992592592,0
243,FRAME,NONE,238,238,2.3799999999999999,RECOVERY,1.1000000000000014,0,0,0,0,0,-1.22071761193,0.313615547595,-0.144061884226,-0.293893953306,0.0207541934882,0.197065762218,-1.17094673918,-1.02838542051,-0.300669310926,1.60905798833,0.413315865318,0.178007915381,0.600493903329,0.333443089751,-0.149300883032,0.0356,-0.0348,0.283201766064,-0.0976488962099,-0.0378,-0.149300883032,-0.0356,0.0348,0.283201766064,-0.0976488962099,0.0378,0,0,0,0,0,0.651261458246,-0.0804102261871,0.0445374093245,0.46795690937,0.00341306102589,-0.249211028149,0.438708034227,0.591493893449,0.111909305775,-0.538741168988,0.28180239834,-0.0659235855245,-0.18460160124,-0.0689496273097,0.00652722378272,0,0,-0.0130544475654,-0.00815902972839,0,0.00652722378272,0,0,-0.0130544475654,-0.00815902972839,0,0,0,0,0,0,1.07254989642,-0.167553799427,0.0833429162384,0.899753602952,-0.0191003664158,-0.290309102956,0.819148248143,1.02110040455,0.113635534534,-1.09598380546,0.212529291937,-0.143856435185,-0.240937855011,-0.257624211467,0.0126844740741,0,0,-0.0253689481482,-0.0158555925925,0,0.0126844740741,0,0,-0.0253689481482,-0.0158555925925,0
244,FRAME,NONE,239,239,2.3900000000000001,RECOVERY,1.1000000000000014,0,0,0,0,0,-1.21415136367,0.31280306656,-0.143612342854,-0.289169392883,0.0207873688266,0.194559134366,-1.1665186974,-1.02241958991,-0.299544625648,1.60361579006,0.416144263678,0.177341483102,0.598635890506,0.332740623185,-0.149234976512,0.0356,-0.0348,0.283069953024,-0.09773127936,-0.0378,-0.149234976512,-0.0356,0.0348,0.283069953024,-0.09773127936,0.0378,0,0,0,0,0,0.661911690932,-0.0820867844243,0.0453687268591,0.476965492706,0.00321714766284,-0.252076664007,0.446877288096,0.601655714982,0.113018742491,-0.549697024084,0.283851958785,-0.067363150376,-0.186995956059,-0.0715526149783,0.00665388207901,0,0,-0.013307764158,-0.00831735259876,0,0.00665388207901,0,0,-0.013307764158,-0.00831735259876,0,0,0,0,0,0,1.05725533346,-0.167713974826,0.0829158129954,0.901814845819,-0.0200716177331,-0.282734977482,0.81454327233,1.01119430143,0.108231172315,-1.09510889416,0.197340756059,-0.144025378315,-0.237933480006,-0.262980951983,0.0126448592593,0,0,-0.0252897185186,-0.0158060740741,0,0.0126448592593,0,0,-0.0252897185186,-0.0158060740741,0
245,FRAME,NONE,240,240,2.3999999999999999,RECOVERY,1.1000000000000014,0,0,0,0,0,-1.20747937811,0.311973811907,-0.143154509689,-0.284354643452,0.0208185364414,0.192024228938,-1.16200919342,-1.01635264317,-0.298409118254,1.59806408463,0.418992394101,0.176660649602,0.5967540843,0.332011858324,-0.14916780539,0.0356,-0.0348,0.282935610781,-0.0978152432619,-0.0378,-0.14916780539,-0.0356,0.0348,0.282935610781,-0.0978152432619,0.0378,0,0,0,0,0,0.672406564915,-0.0837645056836,0.0461957255844,0.485993206287,0.00301162867123,-0.254865727699,0.454998899674,0.611716461028,0.114073528439,-0.560641860739,0.285748408648,-0.068803566084,-0.189360284638,-0.0742093265252,0.0067801209679,0,0,-0.0135602419358,-0.00847515120988,0,0.0067801209679,0,0,-0.0135602419358,-0.00847515120988,0,0,0,0,0,0,1.0414901446,-0.167785382735,0.0824802138642,0.903575108513,-0.0210204037188,-0.274997720885,0.809623394538,1.00089266325,0.102706575404,-1.09378814327,0.181910776116,-0.144036219389,-0.234933244542,-0.268361745278,0.0126006222222,0,0,-0.0252012444445,-0.0157507777778,0,0.0126006222222,0,0,-0.0252012444445,-0.0157507777778,0
246,FRAME,NONE,241,241,2.4100000000000001,RECOVERY,1.1000000000000014,0,0,0,0,0,-1.20070323237,0.311127776446,-0.142688428343,-0.279449528758,0.0208476014,0.189461819812,-1.15741871941,-1.0101856101,-0.297263341144,1.59240300369,0.42185871377,0.175965413317,0.594848784703,0.331256257449,-0.149099374093,0.0356,-0.0348,0.282798748185,-0.0979007823842,-0.0378,-0.149099374093,-0.0356,0.0348,0.282798748185,-0.0979007823842,0.0378,0,0,0,0,0,0.682741493824,-0.085442492079,0.0470183311364,0.495036994876,0.00279673958846,-0.257576618424,0.463069755987,0.62167239692,0.115072497106,-0.571571461339,0.287489441503,-0.0702435400146,-0.191694647499,-0.0769197852229,0.00690589452346,0,0,-0.0138117890469,-0.00863236815432,0,0.00690589452346,0,0,-0.0138117890469,-0.00863236815432,0,0,0,0,0,0,1.02527836471,-0.167766019493,0.0820382221007,0.905025321938,-0.0219445658647,-0.267103516844,0.804395847998,0.990239627051,0.0970689105537,-1.09206970927,0.166260955043,-0.143946635703,-0.231940973757,-0.27372314028,0.0125518222222,0,0,-0.0251036444444,-0.0156897777778,0,0.0125518222222,0,0,-0.0251036444444,-0.0156897777778,0
247,FRAME,NONE,242,242,2.4199999999999999,RECOVERY,1.1000000000000014,0,0,0,0,0,-1.19382454823,0.310264962065,-0.142214143066,-0.274453903554,0.0208744712332,0.186872696569,-1.1527477983,-1.00391955563,-0.296107858027,1.58663271869,0.424741657883,0.175255782724,0.592920290911,0.330473284785,-0.1490296875,0.0356,-0.0348,0.282659375,-0.097987890625,-0.0378,-0.1490296875,-0.0356,0.0348,0.282659375,-0.097987890625,0.0378,0,0,0,0,0,0.692912132209,-0.0871198260734,0.0478364900264,0.504093712725,0.00257273735394,-0.260207798036,0.471086816634,0.631520229365,0.116014553646,-0.582482089836,0.289072966955,-0.0716823563065,-0.193999143413,-0.079683579833,0.00703115741234,0,0,-0.0140623148247,-0.00878894676543,0,0.00703115741234,0,0,-0.0140623148247,-0.00878894676543,0,0,0,0,0,0,1.00864412714,-0.167653963147,0.0815919066992,0.906156464594,-0.0228419844833,-0.259058710037,0.798867909625,0.979279329847,0.0913253445193,-1.09000174866,0.150412895776,-0.143814304549,-0.22896049279,-0.279021685917,0.0124985185185,0,0,-0.0249970370371,-0.0156231481482,0,0.0124985185185,0,0,-0.0249970370371,-0.0156231481482,0
248,FRAME,NONE,243,243,2.4300000000000002,RECOVERY,1.1000000000000014,0,0,0,0,0,-1.18684498973,0.309385379924,-0.141731698542,-0.269367654503,0.0208990561471,0.184257663852,-1.14799698308,-0.997555575436,-0.294943243193,1.58075343607,0.427639641817,0.17453177062,0.590968900933,0.329662410813,-0.148958750944,0.0356,-0.0348,0.282517501889,-0.0980765613195,-0.0378,-0.148958750944,-0.0356,0.0348,0.282517501889,-0.0980765613195,0.0378,0,0,0,0,0,0.702914376367,-0.088795571342,0.0486501692704,0.513160124168,0.00233989989879,-0.262757792625,0.47904711418,0.641257096548,0.116898676691,-0.593370474246,0.290497112888,-0.0731198541896,-0.196273912379,-0.0824998766999,0.00715586489383,0,0,-0.0143117297877,-0.00894483111728,0,0.00715586489383,0,0,-0.0143117297877,-0.00894483111728,0,0,0,0,0,0,0.991611632081,-0.167447382732,0.0811432971354,0.906959586265,-0.0237105830621,-0.250869800916,0.793046892608,0.968051953087,0.0854837676557,-1.08762541802,0.134389102493,-0.143688230401,-0.225996816529,-0.284218768492,0.0124407703704,0,0,-0.0248815407407,-0.015550962963,0,0.0124407703704,0,0,-0.0248815407407,-0.015550962963,0
249,FRAME,NONE,244,244,2.4399999999999999,RECOVERY,1.1000000000000014,0,0,0,0,0,-1.17976626071,0.308489050638,-0.141241139681,-0.264190701071,0.0209212692312,0.181617540717,-1.14316685602,-0.991094792069,-0.29377008071,1.57476539336,0.430551063415,0.173793389522,0.588994911052,0.32882311597,-0.148886570202,0.0356,-0.0348,0.282373140404,-0.0981667872473,-0.0378,-0.148886570202,-0.0356,0.0348,0.282373140404,-0.0981667872473,0.0378,0,0,0,0,0,0.712744364851,-0.0904687737281,0.0494593559691,0.522232904451,0.00209852569269,-0.265225194054,0.486947754486,0.650880459359,0.117723938246,-0.604233614153,0.291760250255,-0.0745561894818,-0.198519168339,-0.0853675527786,0.00727997281975,0,0,-0.0145599456395,-0.00909996602469,0,0.00727997281975,0,0,-0.0145599456395,-0.00909996602469,0,0,0,0,0,0,0.974205114182,-0.167144547503,0.0806943784113,0.907425831285,-0.0245483323545,-0.242543439347,0.786940138386,0.956581855922,0.0795549647236,-1.08495387422,0.118215684357,-0.143582726432,-0.223059718865,-0.289295123814,0.012378637037,0,0,-0.024757274074,-0.0154732962963,0,0.012378637037,0,0,-0.024757274074,-0.0154732962963,0
250,FRAME,NONE,245,245,2.4500000000000002,RECOVERY,1.1000000000000014,0,0,0,0,0,-1.17259010243,0.30757600445,-0.140742511423,-0.258922996414,0.020941026661,0.17895315997,-1.13825802799,-0.98453835237,-0.292588963362,1.56866885768,0.43347430556,0.173040649933,0.586998614886,0.327954892742,-0.148813151488,0.0356,-0.0348,0.282226302976,-0.09825856064,-0.0378,-0.148813151488,-0.0356,0.0348,0.282226302976,-0.09825856064,0.0378,0,0,0,0,0,0.722398478651,-0.092138462292,0.0502640568386,0.531308640794,0.0018489332517,-0.267608661412,0.494785916947,0.660387992611,0.118489523593,-0.61506858821,0.29286101786,-0.0759915960867,-0.200735231897,-0.0882853286626,0.00740343763457,0,0,-0.0148068752691,-0.00925429704321,0,0.00740343763457,0,0,-0.0148068752691,-0.00925429704321,0,0,0,0,0,0,0.956448809735,-0.166743836197,0.0802470863884,0.907546461311,-0.0253532540584,-0.234086417182,0.780555008059,0.944889441932,0.0735504440858,-1.08199327424,0.10191965177,-0.143503432996,-0.220160163442,-0.294236325069,0.0123121777778,0,0,-0.0246243555556,-0.0153902222222,0,0.0123121777778,0,0,-0.0246243555556,-0.0153902222222,0
251,FRAME,NONE,246,246,2.46,RECOVERY,1.1000000000000014,0,0,0,0,0,-1.16531829113,0.306646281392,-0.140235858544,-0.253564528255,0.0209582478962,0.176265367488,-1.13327113768,-0.977887425409,-0.291400491504,1.56246412503,0.436407738873,0.172273559734,0.5849803023,0.327057247127,-0.148738501449,0.0356,-0.0348,0.282077002899,-0.0983518731882,-0.0378,-0.148738501449,-0.0356,0.0348,0.282077002899,-0.0983518731882,0.0378,0,0,0,0,0,0.731873341045,-0.093803650452,0.0510642976969,0.540383833677,0.00159146061153,-0.269906922398,0.502558854647,0.669777575153,0.119194733097,-0.62587253664,0.29379832461,-0.0774263643113,-0.202922533294,-0.0912517806771,0.00752621637531,0,0,-0.0150524327506,-0.00940777046914,0,0.00752621637531,0,0,-0.0150524327506,-0.00940777046914,0,0,0,0,0,0,0.938366923315,-0.166243746296,0.0798033035766,0.907312877495,-0.0261234241012,-0.225505659706,0.77389887312,0.932995114692,0.0674817141046,-1.07874977502,0.0855280151385,-0.143455990445,-0.217309113901,-0.299027945442,0.0122414518518,0,0,-0.0244829037037,-0.0153018148148,0,0.0122414518518,0,0,-0.0244829037037,-0.0153018148148,0
252,FRAME,NONE,247,247,2.4700000000000002,RECOVERY,1.1000000000000014,0,0,0,0,0,-1.15795263561,0.305699931441,-0.139721225469,-0.248115319741,0.0209728558732,0.173555021522,-1.12820685089,-0.971143200457,-0.290205271912,1.55615151971,0.439349724419,0.17149212364,0.582940258304,0.326129700077,-0.14866262716,0.0356,-0.0348,0.281925254321,-0.0984467160494,-0.0378,-0.14866262716,-0.0356,0.0348,0.281925254321,-0.0984467160494,0.0378,0,0,0,0,0,0.741165817117,-0.095463337218,0.0518601229101,0.549454898344,0.00132646476968,-0.272118774606,0.51026389441,0.679047285806,0.119838983318,-0.636642654948,0.29457135121,-0.0788608332484,-0.2050816136,-0.0942653449527,0.0076482666716,0,0,-0.0152965333432,-0.00956033333951,0,0.0076482666716,0,0,-0.0152965333432,-0.00956033333951,0,0,0,0,0,0,0.919983594193,-0.16564290331,0.0793648554623,0.906716642015,-0.0268569754177,-0.216808216085,0.766979105521,0.920917651179,0.0613607284648,-1.07522701834,0.0690684619003,-0.143442991943,-0.214518011233,-0.303657187535,0.0121665185186,0,0,-0.024333037037,-0.0152081481482,0,0.0121665185186,0,0,-0.024333037037,-0.0152081481482,0
253,FRAME,NONE,248,248,2.48,RECOVERY,1.1000000000000014,0,0,0,0,0,-1.15049497479,0.304737014648,-0.139198656086,-0.242575430288,0.0209847771916,0.170822991996,-1.12306585979,-0.964306885164,-0.289003916568,1.54973139408,0.442298616499,0.170696343039,0.580878761897,0.325171788713,-0.148585536116,0.0356,-0.0348,0.281771072232,-0.098543079855,-0.0378,-0.148585536116,-0.0356,0.0348,0.281771072232,-0.098543079855,0.0378,0,0,0,0,0,0.750273012929,-0.0971165085182,0.0526515948061,0.558518166517,0.00105432110317,-0.274243086719,0.517898436757,0.688195358625,0.120421819264,-0.647376124752,0.295179568778,-0.0802953069783,-0.207213137843,-0.0973243622344,0.00776954674568,0,0,-0.0155390934914,-0.0097119334321,0,0.00776954674568,0,0,-0.0155390934914,-0.0097119334321,0,0,0,0,0,0,0.901322862479,-0.164940070161,0.0789335074448,0.905749499058,-0.0275521001077,-0.208001248867,0.759803067025,0.908669321965,0.0552012221381,-1.07141858511,0.052571387625,-0.143454841892,-0.211800205812,-0.308117771615,0.0120874370371,0,0,-0.0241748740741,-0.0151092962963,0,0.0120874370371,0,0,-0.0241748740741,-0.0151092962963,0
254,FRAME,NONE,249,249,2.4900000000000002,RECOVERY,1.1000000000000014,0,0,0,0,0,-1.14294717535,0.30375760127,-0.138668193573,-0.23694495641,0.0209939422952,0.168070159788,-1.11784888216,-0.957379704274,-0.287797041304,1.54320412904,0.445252765664,0.169886216853,0.578796084743,0.324183067016,-0.148507236226,0.0356,-0.0348,0.281614472451,-0.098640954718,-0.0378,-0.148507236226,-0.0356,0.0348,0.281614472451,-0.098640954718,0.0378,0,0,0,0,0,0.759192274367,-0.0987621386212,0.053438793059,0.567569888325,0.000775422767526,-0.276278799583,0.52545995575,0.697220138173,0.120942926627,-0.658070044614,0.295622757468,-0.0817299707718,-0.209317908133,-0.100427122691,0.00789001541235,0,0,-0.0157800308247,-0.00986251926543,0,0.00789001541235,0,0,-0.0157800308247,-0.00986251926543,0,0,0,0,0,0,0.882408635173,-0.164134156653,0.0785109625838,0.90440339496,-0.0282070509164,-0.199092022441,0.752378097732,0.896260771019,0.0490173754189,-1.06731554109,0.036067864915,-0.143478897509,-0.20916952536,-0.312405047367,0.0120042666666,0,0,-0.0240085333335,-0.0150053333333,0,0.0120042666666,0,0,-0.0240085333335,-0.0150053333333,0
255,FRAME,NONE,250,250,2.5,RECOVERY,1.1000000000000014,0,0,0,0,0,-1.1353111293,0.302761771876,-0.138129880225,-0.231224032521,0.0210002856469,0.165297416005,-1.11255666067,-0.950362898553,-0.286585264388,1.53657013498,0.448210521821,0.16906174278,0.576692489795,0.323163106298,-0.148427735808,0.0356,-0.0348,0.281455471616,-0.0987403302403,-0.0378,-0.148427735808,-0.0356,0.0348,0.281455471616,-0.0987403302403,0.0378,0,0,0,0,0,0.767921185633,-0.100399191651,0.0542218140578,0.576606234416,0.000490180084844,-0.278224927168,0.532945998712,0.706120075453,0.121402132905,-0.668721423756,0.295901008157,-0.0831648834715,-0.211396864859,-0.103571869986,0.00800963207901,0,0,-0.016019264158,-0.0100120400988,0,0.00800963207901,0,0,-0.016019264158,-0.0100120400988,0,0,0,0,0,0,0.863264652399,-0.163224229126,0.0780988602813,0.902670497508,-0.0288201418565,-0.190087890704,0.744711503741,0.883702642312,0.0428233686012,-1.06290895199,0.0195889663727,-0.143502516009,-0.206639797599,-0.316514364477,0.0119170666667,0,0,-0.0238341333333,-0.0148963333333,0,0.0119170666667,0,0,-0.0238341333333,-0.0148963333333,0
256,FRAME,NONE,251,251,2.5099999999999998,RECOVERY,1.1000000000000014,0,0,0,0,0,-1.12758875164,0.301749617437,-0.137583757291,-0.225412831722,0.0210037458969,0.162505661245,-1.10718996218,-0.943257723731,-0.2853692051,1.52982985263,0.451170237341,0.168222918572,0.57456822991,0.322111495661,-0.148347043584,0.0356,-0.0348,0.281294087168,-0.09884119552,-0.0378,-0.148347043584,-0.0356,0.0348,0.281294087168,-0.09884119552,0.0378,0,0,0,0,0,0.776457567414,-0.102026623204,0.0550007702647,0.585623298275,0.000199019930395,-0.280080557397,0.540354185825,0.714893725392,0.121799407862,-0.679327179058,0.296014723655,-0.0845999740715,-0.213451087077,-0.10675680301,0.00812835674568,0,0,-0.0162567134914,-0.0101604459321,0,0.00812835674568,0,0,-0.0162567134914,-0.0101604459321,0,0,0,0,0,0,0.843914453654,-0.162209520431,0.0776987760382,0.900543214655,-0.0293897478462,-0.180996283921,0.736810543848,0.87100457405,0.0366335669478,-1.05818868446,0.00316624611263,-0.143511686292,-0.204225006685,-0.320441763169,0.0118258962963,0,0,-0.0236517925925,-0.0147823703704,0,0.0118258962963,0,0,-0.0236517925925,-0.0147823703704,0
257,FRAME,NONE,252,252,2.52,RECOVERY,1.1000000000000014,0,0,0,0,0,-1.11978197796,0.300721239412,-0.137029864819,-0.219511566556,0.0210042660455,0.159695804857,-1.10174957696,-0.936065449571,-0.284149482295,1.52298375415,0.454130270232,0.167369743478,0.572423546445,0.321027842375,-0.148265168673,0.0356,-0.0348,0.281130337346,-0.098943539159,-0.0378,-0.148265168673,-0.0356,0.0348,0.281130337346,-0.098943539159,0.0378,0,0,0,0,0,0.784799474706,-0.10364338206,0.0557757895785,0.59461709871,-9.76148720803e-05,-0.281844852846,0.547682209589,0.723539719186,0.122134868612,-0.689884102085,0.295964631941,-0.0860350040887,-0.215481796815,-0.109980094863,0.00824615000494,0,0,-0.0164923000099,-0.0103076875062,0,0.00824615000494,0,0,-0.0164923000099,-0.0103076875062,0,0,0,0,0,0,0.824381344498,-0.161089440218,0.0773122225987,0.89801421214,-0.0299143032124,-0.171824694755,0.728682415078,0.85817218138,0.0304630755959,-1.05313980884,-0.0131668157019,-0.143486924002,-0.201939762511,-0.324186045826,0.0117308148148,0,0,-0.0234616296296,-0.0146635185185,0,0.0117308148148,0,0,-0.0234616296296,-0.0146635185185,0
258,FRAME,NONE,253,253,2.5299999999999998,RECOVERY,1.1000000000000014,0,0,0,0,0,-1.11189276214,0.299676749796,-0.1364682415,-0.213520489748,0.0210017935995,0.156868764188,-1.09623631799,-0.928787359274,-0.282926712894,1.51603234457,0.457088987472,0.166502220147,0.570258667801,0.319911772013,-0.148182120584,0.0356,-0.0348,0.280964241168,-0.0990473492701,-0.0378,-0.148182120584,-0.0356,0.0348,0.280964241168,-0.0990473492701,0.0378,0,0,0,0,0,0.792945194304,-0.105248412008,0.0565470147166,0.603583582518,-0.000399266133853,-0.283517051293,0.554927834127,0.732056736636,0.122408784708,-0.700388826112,0.295751799408,-0.0874695299341,-0.217490363371,-0.113239911849,0.00836297304198,0,0,-0.016725946084,-0.0104537163025,0,0.00836297304198,0,0,-0.016725946084,-0.0104537163025,0,0,0,0,0,0,0.804688363726,-0.159863585809,0.0769406526727,0.895076430273,-0.0303922987783,-0.162580663747,0.720334236961,0.845210073687,0.0243271846517,-1.04774619639,-0.0293762573958,-0.143407376468,-0.199798831404,-0.327746705375,0.0116318814815,0,0,-0.023263762963,-0.0145398518518,0,0.0116318814815,0,0,-0.023263762963,-0.0145398518518,0
259,FRAME,NONE,254,254,2.54,RECOVERY,1.1000000000000014,0,0,0,0,0,-1.10392307407,0.298616271171,-0.135898924525,-0.207439894906,0.0209962807229,0.154025463831,-1.09065102028,-0.921424749012,-0.281701510359,1.50897616337,0.4600447684,0.16562035671,0.568073807948,0.318762928516,-0.148097909212,0.0356,-0.0348,0.280795818424,-0.099152613485,-0.0378,-0.148097909212,-0.0356,0.0348,0.280795818424,-0.099152613485,0.0378,0,0,0,0,0,0.80089324198,-0.106840653776,0.057314602632,0.612518627315,-0.000705460847646,-0.285096466121,0.562088894328,0.74044350364,0.122621578606,-0.710837823128,0.295377632066,-0.0889028994917,-0.219478303708,-0.116534415203,0.00847878763457,0,0,-0.0169575752691,-0.0105984845432,0,0.00847878763457,0,0,-0.0169575752691,-0.0105984845432,0,0,0,0,0,0,0.784858250987,-0.158531753848,0.0765854635406,0.891723099908,-0.0308222772858,-0.153271764094,0.711773034292,0.832122860352,0.0182411842211,-1.04199171835,-0.0454281172937,-0.143252191019,-0.197816979694,-0.331123234738,0.0115291555556,0,0,-0.023058311111,-0.0144114444444,0,0.0115291555556,0,0,-0.023058311111,-0.0144114444444,0
260,FRAME,NONE,255,255,2.5499999999999998,RECOVERY,1.1000000000000014,0,0,0,0,0,-1.0958748973,0.297539936721,-0.135321949447,-0.201270117201,0.0209876843826,0.151166834865,-1.0849945401,-0.913978927465,-0.280474483161,1.50181578613,0.462996008113,0.164724168846,0.56586916495,0.31758097424,-0.148012544831,0.0356,-0.0348,0.280625089662,-0.099259318961,-0.0378,-0.148012544831,-0.0356,0.0348,0.280625089662,-0.099259318961,0.0378,0,0,0,0,0,0.808642359324,-0.108419047085,0.0580787239875,0.621418044516,-0.00101571167957,-0.286582486574,0.569163294812,0.748698793291,0.122773826147,-0.721227408672,0.294843875944,-0.0903342581117,-0.22144728153,-0.11986175786,0.00859355615309,0,0,-0.0171871123062,-0.0107419451914,0,0.00859355615309,0,0,-0.0171871123062,-0.0107419451914,0,0,0,0,0,0,0.764913415415,-0.157093952876,0.0762480040036,0.887947757163,-0.0312028268301,-0.143905585907,0.703005718056,0.818915591519,0.0122205588065,-1.03586218209,-0.0612882722634,-0.143002912017,-0.196008605404,-0.334313836293,0.0114226962963,0,0,-0.0228453925925,-0.0142783703704,0,0.0114226962963,0,0,-0.0228453925925,-0.0142783703704,0
261,FRAME,NONE,256,256,2.5600000000000001,RECOVERY,1.1000000000000014,0,0,0,0,0,-1.08775022688,0.29644789023,-0.134737350045,-0.195011534015,0.0209759664893,0.148293814099,-1.07926775438,-0.906451215304,-0.279246233227,1.49455182586,0.465941120886,0.163813681548,0.563644919538,0.316365590188,-0.147926038089,0.0356,-0.0348,0.280452076178,-0.0993674523888,-0.0378,-0.147926038089,-0.0356,0.0348,0.280452076178,-0.0993674523888,0.0378,0,0,0,0,0,0.816191510289,-0.109982532834,0.0588395627121,0.630277582458,-0.00132951738425,-0.28797457784,0.576149008689,0.756821437996,0.122866261906,-0.731553795081,0.294152621533,-0.0917626145285,-0.223399097157,-0.12322004897,0.00870724156049,0,0,-0.017414483121,-0.0108840519506,0,0.00870724156049,0,0,-0.017414483121,-0.0108840519506,0,0,0,0,0,0,0.744875905094,-0.155550417288,0.0759295841201,0.883744257322,-0.0315325718617,-0.13448972018,0.694039064189,0.805595080361,0.00628157049485,-1.02935113937,-0.0769219533429,-0.142650671959,-0.194386633354,-0.337311550217,0.0113125629629,0,0,-0.022625125926,-0.0141407037037,0,0.0113125629629,0,0,-0.022625125926,-0.0141407037037,0
262,FRAME,NONE,257,257,2.5699999999999998,RECOVERY,1.1000000000000014,0,0,0,0,0,-1.0795510671,0.295340286064,-0.134145158193,-0.188664565552,0.0209610940349,0.145407343309,-1.07347155993,-0.898842944517,-0.278017354318,1.48718493368,0.468878543642,0.162888930095,0.561401233805,0.315116476657,-0.1478384,0.0356,-0.0348,0.2802768,-0.099477,-0.0378,-0.1478384,-0.0356,0.0348,0.2802768,-0.099477,0.0378,0,0,0,0,0,0.823539877426,-0.111530055431,0.0595973156699,0.639092929662,-0.0016463631168,-0.289272280978,0.583044076096,0.764810341603,0.122899784536,-0.741813144731,0.293306308225,-0.0931869067792,-0.225335677393,-0.126607318405,0.00881980741235,0,0,-0.0176396148247,-0.0110247592654,0,0.00881980741235,0,0,-0.0176396148247,-0.0110247592654,0,0,0,0,0,0,0.724767377508,-0.153901623048,0.0756314883324,0.879106787607,-0.0318101612245,-0.125031742175,0.684879689649,0.792168580812,0.000440675769667,-1.02245407806,-0.0922942301136,-0.142189000375,-0.192963620059,-0.340108126138,0.0111988148149,0,0,-0.0223976296297,-0.0139985185185,0,0.0111988148149,0,0,-0.0223976296297,-0.0139985185185,0
263,FRAME,NONE,258,258,2.5800000000000001,RECOVERY,1.1000000000000014,0,0,0,0,0,-1.07127942934,0.294217289121,-0.133545403732,-0.182229675422,0.0209430392269,0.14250836848,-1.06760687286,-0.891155457695,-0.276788430387,1.47971579935,0.471806739444,0.161949960708,0.559138249948,0.313833354058,-0.147749641941,0.0356,-0.0348,0.280099283881,-0.0995879475741,-0.0378,-0.147749641941,-0.0356,0.0348,0.280099283881,-0.0995879475741,0.0378,0,0,0,0,0,0.830686857839,-0.113060565295,0.0603521924787,0.64785971821,-0.00196572060874,-0.290475212683,0.589846602482,0.772664480498,0.122875457255,-0.752001574873,0.292307724713,-0.0946060081961,-0.227259074609,-0.130021513532,0.00893121785679,0,0,-0.0178624357136,-0.011164022321,0,0.00893121785679,0,0,-0.0178624357136,-0.011164022321,0,0,0,0,0,0,0.70460907139,-0.152148305742,0.0753549927713,0.874029878775,-0.032034252516,-0.115539194587,0.67553402517,0.778643346805,-0.00528566888568,-1.01516648602,-0.107370172157,-0.141611426796,-0.191752122035,-0.342695313686,0.0110815111111,0,0,-0.0221630222223,-0.0138518888889,0,0.0110815111111,0,0,-0.0221630222223,-0.0138518888889,0
264,FRAME,NONE,259,259,2.5899999999999999,RECOVERY,1.1000000000000014,0,0,0,0,0,-1.06293732994,0.293079074758,-0.132938114343,-0.175707371188,0.0209217796227,0.139597839055,-1.06167462788,-0.883390107297,-0.27556003393,1.47214515165,0.474724200989,0.160996831178,0.556856089014,0.312515963752,-0.147659775643,0.0356,-0.0348,0.279919551286,-0.0997002804464,-0.0378,-0.147659775643,-0.0356,0.0348,0.279919551286,-0.0997002804464,0.0378,0,0,0,0,0,0.837632058854,-0.114573021546,0.0611044155253,0.656573527238,-0.00228704816712,-0.29158306487,0.5965547566,0.78038290595,0.122794508502,-0.762115165937,0.29116000857,-0.0960187372896,-0.22917146507,-0.133460494292,0.00904143763457,0,0,-0.0180828752691,-0.0113017970432,0,0.00904143763457,0,0,-0.0180828752691,-0.0113017970432,0,0,0,0,0,0,0.684421780064,-0.150291481654,0.0751013877844,0.868508415651,-0.0322034919483,-0.106019570646,0.66600828386,0.765027570541,-0.0108807446909,-1.0074871692,-0.12211502073,-0.140915433829,-0.190764027825,-0.345062892822,0.0109607111111,0,0,-0.0219214222222,-0.0137008888889,0,0.0109607111111,0,0,-0.0219214222222,-0.0137008888889,0
265,FRAME,NONE,260,260,2.6000000000000001,RECOVERY,1.1000000000000014,0,0,0,0,0,-1.05452678816,0.29192582869,-0.132323315421,-0.169098204877,0.0208972982636,0.136676707182,-1.05567577773,-0.875548254796,-0.274332724306,1.4644737584,0.477629454075,0.160029610981,0.554554849739,0.311164069137,-0.147568813188,0.0356,-0.0348,0.279737626376,-0.099813983515,-0.0378,-0.147568813188,-0.0356,0.0348,0.279737626376,-0.099813983515,0.0378,0,0,0,0,0,0.84437529344,-0.116066394928,0.0618542202344,0.665229886523,-0.0026097904477,-0.292595604096,0.603166768159,0.787964769919,0.122658339151,-0.772150052769,0.289866641517,-0.0974239664577,-0.231075130567,-0.136921979031,0.00915043207901,0,0,-0.018300864158,-0.0114380400988,0,0.00915043207901,0,0,-0.018300864158,-0.0114380400988,0,0,0,0,0,0,0.66422582641,-0.148332472876,0.074872006907,0.862537646299,-0.0323164885141,-0.0964802968323,0.656308424489,0.751333197298,-0.0163267836776,-0.999428205738,-0.136494703799,-0.140114316395,-0.190008554074,-0.347192764831,0.0108364740741,0,0,-0.0216729481479,-0.0135455925926,0,0.0108364740741,0,0,-0.0216729481479,-0.0135455925926,0
266,FRAME,NONE,261,261,2.6099999999999999,RECOVERY,1.1000000000000014,0,0,0,0,0,-1.04604982407,0.29075774686,-0.131701029939,-0.162402773457,0.0208695838137,0.133745926973,-1.04961129252,-0.867631269523,-0.273107045968,1.45670242536,0.480521061016,0.159048380085,0.552234607599,0.309777457394,-0.147476767001,0.0356,-0.0348,0.279553534003,-0.0999290412484,-0.0378,-0.147476767001,-0.0356,0.0348,0.279553534003,-0.0999290412484,0.0378,0,0,0,0,0,0.850916575382,-0.117539671003,0.0626018556634,0.673824280164,-0.0029333779374,-0.293512670806,0.609680925089,0.795409350851,0.122468529719,-0.782102515884,0.288431444713,-0.0988207306959,-0.232972440048,-0.140403490337,0.00925816711605,0,0,-0.0185163342321,-0.0115727088951,0,0.00925816711605,0,0,-0.0185163342321,-0.0115727088951,0,0,0,0,0,0,0.644041039717,-0.14627293773,0.0746682639802,0.856113189989,-0.0323717809202,-0.0869287155632,0.646440108068,0.737573110618,-0.0216057555808,-0.991004991876,-0.150475321007,-0.139225322491,-0.189494249453,-0.349064861333,0.0107088592593,0,0,-0.0214177185186,-0.0133860740741,0,0.0107088592593,0,0,-0.0214177185186,-0.0133860740741,0
267,FRAME,NONE,262,262,2.6200000000000001,RECOVERY,1.1000000000000014,0,0,0,0,0,-1.03750845665,0.28957503527,-0.131071278308,-0.155621719274,0.0208386307049,0.130806453766,-1.04348215922,-0.859640527379,-0.271883526662,1.44883199473,0.483397624033,0.158053227244,0.549895413953,0.30835594148,-0.147383649846,0.0356,-0.0348,0.279367299691,-0.100045437693,-0.0378,-0.147383649846,-0.0356,0.0348,0.279367299691,-0.100045437693,0.0378,0,0,0,0,0,0.857256114234,-0.118991853682,0.063347585514,0.682352150323,-0.00325722606611,-0.294334178407,0.616095570321,0.802716056031,0.12222684103,-0.791968989759,0.286858578318,-0.100208237479,-0.234865847948,-0.143902350111,0.0093646092642,0,0,-0.0187292185284,-0.0117057615802,0,0.0093646092642,0,0,-0.0187292185284,-0.0117057615802,0,0,0,0,0,0,0.623886734819,-0.144114908101,0.0744917006975,0.849231043797,-0.0323677953857,-0.0773720679145,0.636408645683,0.723760194048,-0.026699630135,-0.982232923834,-0.164022971998,-0.138265700117,-0.189229662634,-0.350659113945,0.0105779259259,0,0,-0.021155851852,-0.0132224074074,0,0.0105779259259,0,0,-0.021155851852,-0.0132224074074,0
268,FRAME,NONE,263,263,2.6299999999999999,RECOVERY,1.1000000000000014,0,0,0,0,0,-1.02890470179,0.288377909786,-0.130434078228,-0.148755730451,0.0208044392924,0.127859243405,-1.03728938111,-0.85157740954,-0.270662675626,1.44086334356,0.48625778864,0.157044248249,0.547537295194,0.306899362151,-0.147289474816,0.0356,-0.0348,0.279178949632,-0.10016315648,-0.0378,-0.147289474816,-0.0356,0.0348,0.279178949632,-0.10016315648,0.0378,0,0,0,0,0,0.863394310078,-0.120421969165,0.0640916896774,0.69080890104,-0.00358073384512,-0.295060112165,0.622409098003,0.809884425675,0.121935215115,-0.801746075511,0.285152540065,-0.101585881604,-0.236757891643,-0.147415672416,0.00946972563457,0,0,-0.0189394512691,-0.0118371570432,0,0.00946972563457,0,0,-0.0189394512691,-0.0118371570432,0,0,0,0,0,0,0.604052122757,-0.143938724934,0.0766093174678,0.841794814749,-0.0302209662926,-0.0677713938534,0.623725629243,0.70990897003,-0.0315900144875,-0.973132468611,-0.177104328291,-0.13725863351,-0.189222324042,-0.351952590921,0.0104437333333,0,0,-0.0208874666666,-0.0130546666666,0,0.0104437333333,0,0,-0.0208874666666,-0.0130546666666,0
269,FRAME,NONE,264,264,2.6400000000000001,RECOVERY,1.1000000000000014,0,0,0,0,0,-1.02024057045,0.287166595887,-0.129789444515,-0.141805541253,0.0207670160279,0.124905251523,-1.03103397726,-0.843443300948,-0.269444981729,1.43279738154,0.489100246959,0.156021543395,0.545160252029,0.305407590357,-0.147194255333,0.0356,-0.0348,0.278988510666,-0.100282180834,-0.0378,-0.147194255333,-0.0356,0.0348,0.278988510666,-0.100282180834,0.0378,0,0,0,0,0,0.86933715669,-0.121870628181,0.0648797718634,0.699188046618,-0.00386164539196,-0.295689606284,0.628570082906,0.816914178001,0.121595785185,-0.811430680341,0.283318149537,-0.102953408433,-0.238651163448,-0.150940284727,0.00957348393086,0,0,-0.0191469678617,-0.0119668549136,0,0.00957348393086,0,0,-0.0191469678617,-0.0119668549136,0,0,0,0,0,0,0.544490410679,0.163011373857,-0.257407922892,0.847665597615,-0.336494959031,-0.0650220333712,0.978778524832,0.696040516596,-0.036257065434,-0.963744376305,-0.189688348926,-0.13625105187,-0.189475691121,-0.352910907053,0.0103063407408,0,0,-0.0206126814814,-0.0128829259259,0,0.0103063407408,0,0,-0.0206126814814,-0.0128829259259,0
270,FRAME,NONE,265,265,2.6499999999999999,RECOVERY,1.1000000000000014,0,0,0,0,0,-1.01151795865,0.285940497222,-0.129136482791,-0.134771969519,0.0207272063846,0.121945451279,-1.02471797945,-0.835239588259,-0.26823091151,1.4246350471,0.491923740842,0.154985213,0.542764259103,0.303880530575,-0.147098005137,0.0356,-0.0348,0.278796010275,-0.100402493578,-0.0378,-0.147098005137,-0.0356,0.0348,0.278796010275,-0.100402493578,0.0378,0,0,0,0,0,0.874284118292,-0.117161741688,0.0589435312195,0.707762212992,-0.0103106330257,-0.296360552832,0.6419846685,0.823805254299,0.121210885604,-0.821020156983,0.281360532436,-0.104311077143,-0.240548282615,-0.154472649193,0.00967585244938,0,0,-0.0193517048988,-0.0120948155617,0,0.00967585244938,0,0,-0.0193517048988,-0.0120948155617,0,0,0,0,0,0,0.525306257761,0.160575221002,-0.253922347354,0.839243023602,-0.332600999486,-0.0553982304158,0.962340221007,0.682177550676,-0.0406805771829,-0.954114467789,-0.201744564819,-0.135295820638,-0.18999220307,-0.353496813768,0.0101658074075,0,0,-0.0203316148148,-0.0127072592593,0,0.0101658074075,0,0,-0.0203316148148,-0.0127072592593,0
271,FRAME,NONE,266,266,2.6600000000000001,RECOVERY,1.1000000000000014,0,0,0,0,0,-1.00275488808,0.284823361053,-0.12861057389,-0.127650296993,0.0205608033674,0.118978040466,-1.01819428389,-0.826967657579,-0.26702090715,1.41637730284,0.49472706492,0.153935352146,0.540349264743,0.302318124525,-0.147000738284,0.0356,-0.0348,0.278601476568,-0.100524077145,-0.0378,-0.147000738284,-0.0356,0.0348,0.278601476568,-0.100524077145,0.0378,0,0,0,0,0,0.879843281845,-0.118659123761,0.0598013249163,0.71597290709,-0.0105136653817,-0.296797570893,0.647816887326,0.830557823029,0.120783052791,-0.830512316379,0.279285119154,-0.105659675565,-0.24245189279,-0.158008855476,0.00977680007901,0,0,-0.019553600158,-0.0122210000988,0,0.00977680007901,0,0,-0.019553600158,-0.0122210000988,0,0,0,0,0,0,0.585801859878,-0.455101429547,0.421968450689,0.80280640065,0.288331509811,-0.0321143607753,0.210026696295,0.668342789202,-0.0448403439424,-0.944288563936,-0.213242506887,-0.134445805254,-0.190774299086,-0.353673062495,0.0100221925926,0,0,-0.0200443851853,-0.0125277407407,0,0.0100221925926,0,0,-0.0200443851853,-0.0125277407407,0
272,FRAME,NONE,267,267,2.6699999999999999,RECOVERY,1.1000000000000014,0,0,0,0,0,-0.993921093018,0.283567314747,-0.127940456293,-0.120452511377,0.0205169330769,0.116009499861,-1.01176164171,-0.818628892232,-0.265815384466,1.40802513105,0.497509069652,0.15287204547,0.537915190716,0.300720354851,-0.146902469136,0.0356,-0.0348,0.278404938272,-0.10064691358,-0.0378,-0.146902469136,-0.0356,0.0348,0.278404938272,-0.10064691358,0.0378,0,0,0,0,0,0.88600015549,-0.126263770279,0.0673829002333,0.723818341005,-0.00454400282953,-0.297002840048,0.646185202426,0.837172262299,0.120315021502,-0.839905395998,0.277097643867,-0.107000481963,-0.244364663982,-0.161544642306,0.00987629630124,0,0,-0.0197525926025,-0.0123453703765,0,0.00987629630124,0,0,-0.0197525926025,-0.0123453703765,0,0,0,0,0,0,0.565001913811,-0.445425810047,0.416147223314,0.79382921042,0.282838263893,-0.0227812827262,0.207842429356,0.654551940484,-0.0487176499473,-0.934299813028,-0.22415206921,-0.133738582313,-0.191825207784,-0.353411025366,0.00987555555554,0,0,-0.0197511111112,-0.0123444444444,0,0.00987555555554,0,0,-0.0197511111112,-0.0123444444444,0
273,FRAME,NONE,268,268,2.6800000000000002,RECOVERY,1.1000000000000014,0,0,0,0,0,-0.985034884973,0.282298085648,-0.127262915885,-0.113173930173,0.0204699233108,0.113037983665,-1.00527057985,-0.810224671427,-0.264614731087,1.39957953077,0.500268664319,0.151795363942,0.535461931874,0.299087247677,-0.146803212358,0.0356,-0.0348,0.278206424716,-0.100770984553,-0.0378,-0.146803212358,-0.0356,0.0348,0.278206424716,-0.100770984553,0.0378,0,0,0,0,0,0.891143320121,-0.127567639962,0.0681242693826,0.731849491299,-0.00485690010382,-0.297253196547,0.651973735913,0.843648967127,0.119809683847,-0.849197711342,0.274804134546,-0.10833484459,-0.246289314275,-0.165075634547,0.00997431119012,0,0,-0.0199486223802,-0.0124678889877,0,0.00997431119012,0,0,-0.0199486223802,-0.0124678889877,0,0,0,0,0,0,0.504539793396,-0.128921047406,0.0740478716704,0.798155845326,-0.0311736027215,-0.020325924081,0.573483553312,0.64079267836,-0.0522997395395,-0.924130672977,-0.234444598518,-0.133150573038,-0.19315131545,-0.35271655733,0.00972595555551,0,0,-0.019451911111,-0.0121574444444,0,0.00972595555551,0,0,-0.019451911111,-0.0121574444444,0
274,FRAME,NONE,269,269,2.6899999999999999,RECOVERY,1.1000000000000014,0,0,0,0,0,-0.976098226616,0.281015961948,-0.126577970905,-0.105815521551,0.0204197950749,0.11006443593,-0.998722166989,-0.801756371252,-0.263419305128,1.39104151918,0.503004819904,0.150705366688,0.532989355548,0.297418872331,-0.146702982912,0.0356,-0.0348,0.278005965824,-0.10089627136,-0.0378,-0.146702982912,-0.0356,0.0348,0.278005965824,-0.10089627136,0.0378,0,0,0,0,0,0.896090951357,-0.128842191227,0.0688638576667,0.739781457912,-0.00516747488396,-0.297409358529,0.657654873492,0.849988156706,0.119270048318,-0.858387307445,0.272410902973,-0.109663761244,-0.248228631539,-0.168597580268,0.0100708154123,0,0,-0.0201416308247,-0.0125885192654,0,0.0100708154123,0,0,-0.0201416308247,-0.0125885192654,0,0,0,0,0,0,0.485063333984,-0.125939855466,0.0738737816992,0.788000633298,-0.0309193742175,-0.010929033611,0.562692562567,0.627045668048,-0.0555753470874,-0.913750929106,-0.244091804708,-0.132642909806,-0.194759797784,-0.351604134042,0.00957345185182,0,0,-0.0191469037036,-0.0119668148149,0,0.00957345185182,0,0,-0.0191469037036,-0.0119668148149,0
275,FRAME,NONE,270,270,2.7000000000000002,RECOVERY,1.1000000000000014,0,0,0,0,0,-0.967113065946,0.279721241823,-0.125885638732,-0.0983783010151,0.0203665738132,0.107089796495,-0.992117482375,-0.793225366569,-0.262229434056,1.38241213451,0.505716571922,0.149602104797,0.530497300829,0.295715339934,-0.14660179605,0.0356,-0.0348,0.277803592099,-0.101022754938,-0.0378,-0.14660179605,-0.0356,0.0348,0.277803592099,-0.101022754938,0.0378,0,0,0,0,0,0.900844586801,-0.130086437071,0.0696017450165,0.747609503965,-0.00547528758817,-0.297471777219,0.663227587164,0.856189856878,0.118699236064,-0.867471927196,0.26992454383,-0.110987841048,-0.250185475399,-0.172106372296,0.0101657802272,0,0,-0.0203315604543,-0.012707225284,0,0.0101657802272,0,0,-0.0203315604543,-0.012707225284,0,0,0,0,0,0,0.465747550342,-0.122861121839,0.0737070806062,0.77737152339,-0.0306216385273,-0.00158019253196,0.551801491029,0.613291574768,-0.0585332069595,-0.903130366736,-0.253065397672,-0.132176724995,-0.19665783049,-0.350088231158,0.00941810370372,0,0,-0.0188362074073,-0.0117726296297,0,0.00941810370372,0,0,-0.0188362074073,-0.0117726296297,0
276,FRAME,NONE,271,271,2.71,RECOVERY,1.1000000000000014,0,0,0,0,0,-0.95808133488,0.278414233206,-0.125185936005,-0.0908633314716,0.0203102893231,0.104115000386,-0.985457615246,-0.784633032964,-0.261045413569,1.37369243908,0.508403023245,0.148485625241,0.527985577856,0.293976801937,-0.146499667307,0.0356,-0.0348,0.277599334615,-0.101150415866,-0.0378,-0.146499667307,-0.0356,0.0348,0.277599334615,-0.101150415866,0.0378,0,0,0,0,0,0.905405902364,-0.131299413664,0.0703379992788,0.755328888379,-0.00577990765451,-0.29744096238,0.668690903312,0.862253892617,0.11810047771,-0.876448999251,0.267351932325,-0.112307289714,-0.252162776509,-0.175598057194,0.0102591774864,0,0,-0.0205183549728,-0.012823971858,0,0.0102591774864,0,0,-0.0205183549728,-0.012823971858,0,0,0,0,0,0,0.446605926808,-0.119687252062,0.0735465117356,0.766268307132,-0.0302813460844,0.00771486018843,0.540815677448,0.599508053856,-0.0611633254725,-0.892233937325,-0.261338036468,-0.131707257808,-0.198852298199,-0.348186917315,0.00925997037035,0,0,-0.0185199407408,-0.0115749629629,0,0.00925997037035,0,0,-0.0185199407408,-0.0115749629629,0
277,FRAME,NONE,272,272,2.7200000000000002,RECOVERY,1.1000000000000014,0,0,0,0,0,-0.949004947899,0.27709525355,-0.124478878747,-0.0832717232475,0.0202509756601,0.101140977247,-0.978743664309,-0.775980749086,-0.259867506642,1.36488352301,0.511063346801,0.147355975557,0.525453967135,0.29220344819,-0.1463966125,0.0356,-0.0348,0.277393225,-0.101279234375,-0.0378,-0.1463966125,-0.0356,0.0348,0.277393225,-0.101279234375,0.0378,0,0,0,0,0,0.909776705337,-0.132480182112,0.0710726752513,0.762934870107,-0.00608091450986,-0.297317480016,0.674043900713,0.868179805249,0.117477078379,-0.885315505106,0.264700198095,-0.113621747484,-0.254163528548,-0.179068934074,0.0103509796346,0,0,-0.0207019592691,-0.0129387245432,0,0.0103509796346,0,0,-0.0207019592691,-0.0129387245432,0,0,0,0,0,0,0.427651250276,-0.116420826672,0.0733907255987,0.754691198397,-0.0298995415404,0.0169506203515,0.529740258833,0.585660721123,-0.0634607967369,-0.881007256882,-0.268886176801,-0.131166174743,-0.20134892127,-0.345932633085,0.0090991111111,0,0,-0.0181982222223,-0.0113738888889,0,0.0090991111111,0,0,-0.0181982222223,-0.0113738888889,0
278,FRAME,NONE,273,273,2.73,RECOVERY,1.1000000000000014,0,0,0,0,0,-0.939885800773,0.275764629564,-0.1237644825,-0.0756046340694,0.0201886710329,0.0981686507857,-0.971976737231,-0.767269899978,-0.258695942993,1.35598650946,0.513696787965,0.14621321047,0.522902218959,0.290395503821,-0.146292647715,0.0356,-0.0348,0.27718529543,-0.101409190357,-0.0378,-0.146292647715,-0.0356,0.0348,0.27718529543,-0.101409190357,0.0378,0,0,0,0,0,0.91395892737,-0.133627830197,0.0718058137908,0.770422712347,-0.00637789848531,-0.297101949973,0.679285708489,0.873966769687,0.116832382713,-0.894067846159,0.261976699101,-0.114930127067,-0.256190780216,-0.182515653399,0.0104411597086,0,0,-0.0208823194173,-0.0130514496358,0,0.0104411597086,0,0,-0.0208823194173,-0.0130514496358,0,0,0,0,0,0,0.40889560365,-0.11306459836,0.0732382876651,0.742640832163,-0.0294773581257,0.0261218285215,0.518580164541,0.571712182501,-0.0654219868114,-0.869391107553,-0.275687223537,-0.130479249124,-0.204153128993,-0.343361412021,0.00893558518525,0,0,-0.0178711703704,-0.0111694814815,0,0.00893558518525,0,0,-0.0178711703704,-0.0111694814815,0
279,FRAME,NONE,274,274,2.7400000000000002,RECOVERY,1.1000000000000014,0,0,0,0,0,-0.930725769351,0.274422696946,-0.123042762471,-0.0678632690005,0.0201234176904,0.0951989382477,-0.965157950139,-0.758501880808,-0.25753091871,1.34700256054,0.516302666822,0.145057399292,0.520330052862,0.288553225651,-0.146187789306,0.0356,-0.0348,0.276975578612,-0.101540263368,-0.0378,-0.146187789306,-0.0356,0.0348,0.276975578612,-0.101540263368,0.0378,0,0,0,0,0,0.91795461741,-0.13474147408,0.0725374410046,0.777787686751,-0.00667046167237,-0.296795043445,0.684415504004,0.8796135869,0.116169771693,-0.902701831634,0.259189019253,-0.116230598903,-0.258247634507,-0.18593522597,0.0105296913383,0,0,-0.0210593826765,-0.0131621141728,0,0.0105296913383,0,0,-0.0210593826765,-0.0131621141728,0,0,0,0,0,0,0.390350361167,-0.109621488858,0.073087686939,0.730118262541,-0.0290160113743,0.0352234790427,0.50734011074,0.557625043918,-0.0670432617547,-0.857326271482,-0.281718581543,-0.129572254276,-0.207270350656,-0.340509287679,0.00876945185184,0,0,-0.0175389037038,-0.0109618148148,0,0.00876945185184,0,0,-0.0175389037038,-0.0109618148148,0
280,FRAME,NONE,275,275,2.75,RECOVERY,1.1000000000000014,0,0,0,0,0,-0.921526708425,0.273069800083,-0.12231373368,-0.0600488803344,0.0200552617995,0.0922327499168,-0.958288427151,-0.749678100565,-0.256372595888,1.33793288315,0.518880380412,0.143888633251,0.517737157089,0.286676898639,-0.146082053888,0.0356,-0.0348,0.276764107776,-0.10167243264,-0.0378,-0.146082053888,-0.0356,0.0348,0.276764107776,-0.10167243264,0.0378,0,0,0,0,0,0.921765934593,-0.135820259974,0.0732675675296,0.785025077598,-0.0069582187128,-0.296397480392,0.689432510704,0.885118701149,0.115492663578,-0.911212716698,0.256344963575,-0.117520636318,-0.26033724204,-0.189325000049,0.0106165487457,0,0,-0.0212330974914,-0.0132706859321,0,0.0106165487457,0,0,-0.0212330974914,-0.0132706859321,0,0,0,0,0,0,0.372026185386,-0.106094585635,0.0729373453032,0.717124960094,-0.0285167921556,0.0442508281947,0.496024595234,0.543368803509,-0.0683206129647,-0.84476878041,-0.286959592159,-0.128389024236,-0.210703348753,-0.33740314488,0.00860077037035,0,0,-0.0172015407406,-0.010750962963,0,0.00860077037035,0,0,-0.0172015407406,-0.010750962963,0
281,FRAME,NONE,276,276,2.7599999999999998,RECOVERY,1.1000000000000014,0,0,0,0,0,-0.912290450659,0.271706291746,-0.12157741112,-0.0521627674486,0.0199842533161,0.0892709886398,-0.951369299925,-0.740799984875,-0.255221102216,1.32877873284,0.521429404738,0.142707030475,0.515123188415,0.28476683351,-0.145975458331,0.0356,-0.0348,0.276550916662,-0.101805677086,-0.0378,-0.145975458331,-0.0356,0.0348,0.276550916662,-0.101805677086,0.0378,0,0,0,0,0,0.925395141118,-0.136863365792,0.0739961879106,0.792130185952,-0.00724079751548,-0.295910026881,0.694335995909,0.89048038952,0.114804524204,-0.919595621826,0.253452504944,-0.118797512193,-0.262462727721,-0.192682409772,0.0107017067457,0,0,-0.0214034134914,-0.0133771334321,0,0.0107017067457,0,0,-0.0214034134914,-0.0133771334321,0,0,0,0,0,0,0.353933025888,-0.102487138487,0.0727856276723,0.703662808599,-0.0279810589655,0.0531994013886,0.484637892656,0.528940528223,-0.0692485331966,-0.831735664451,-0.29139734262,-0.126945635903,-0.214444218587,-0.33403327351,0.00842960000004,0,0,-0.0168591999998,-0.010537,0,0.00842960000004,0,0,-0.0168591999998,-0.010537,0
282,FRAME,NONE,277,277,2.77,RECOVERY,1.1000000000000014,0,0,0,0,0,-0.903018805602,0.270332532767,-0.120833809922,-0.0442062766154,0.0199104458491,0.0863145493792,-0.944401707233,-0.731868976534,-0.254076530436,1.31954141266,0.523949296114,0.14151273502,0.512487772843,0.282823367409,-0.145868019753,0.0356,-0.0348,0.276336039506,-0.101939975309,-0.0378,-0.145868019753,-0.0356,0.0348,0.276336039506,-0.101939975309,0.0378,0,0,0,0,0,0.928844595111,-0.137870002744,0.074723280083,0.79909833377,-0.00751783989211,-0.295333492364,0.699125268557,0.895696951461,0.11410887729,-0.92784595217,0.250519730844,-0.120058795634,-0.264627117412,-0.196004723561,0.0107851407457,0,0,-0.0215702814914,-0.0134814259321,0,0.0107851407457,0,0,-0.0215702814914,-0.0134814259321,0,0,0,0,0,0,0.336080119835,-0.0988025559893,0.0726308530535,0.689734101112,-0.0274102294679,0.0620649992953,0.47318404994,0.514344177213,-0.0698211405447,-0.818259203316,-0.295020856633,-0.125276226889,-0.218482388664,-0.330380814723,0.00825599999997,0,0,-0.0165120000002,-0.01032,0,0.00825599999997,0,0,-0.0165120000002,-0.01032,0
283,FRAME,NONE,278,278,2.7799999999999998,RECOVERY,1.1000000000000014,0,0,0,0,0,-0.893713558757,0.268948891691,-0.120082945518,-0.0361808007732,0.0198338965183,0.0833643187925,-0.937386794554,-0.722886535142,-0.25293893776,1.31022226999,0.526439692282,0.140305913541,0.509830506642,0.280846865738,-0.145759755516,0.0356,-0.0348,0.276119511032,-0.102075305605,-0.0378,-0.145759755516,-0.0356,0.0348,0.276119511032,-0.102075305605,0.0378,0,0,0,0,0,0.932116743514,-0.138839416912,0.0754488049717,0.805924867975,-0.00778900210484,-0.294668726895,0.703799676907,0.900766726009,0.113409305376,-0.935959435674,0.247554838521,-0.121302397121,-0.266833331257,-0.199289021246,0.0108668267457,0,0,-0.0217336534914,-0.0135835334321,0,0.0108668267457,0,0,-0.0217336534914,-0.0135835334321,0,0,0,0,0,0,0.318475994037,-0.0950444019754,0.072471306516,0.675341535549,-0.0268057711894,0.0708437030341,0.461666882034,0.499583709633,-0.0700325531031,-0.804371676713,-0.297819157907,-0.123414934806,-0.222807287492,-0.326426909674,0.00808002962954,0,0,-0.0161600592594,-0.0101000370371,0,0.00808002962954,0,0,-0.0161600592594,-0.0101000370371,0
284,FRAME,NONE,279,279,2.79,RECOVERY,1.1000000000000014,0,0,0,0,0,-0.884376470732,0.267555744429,-0.119324833822,-0.0280877792559,0.0197546658071,0.0804211748412,-0.930325713695,-0.71385413672,-0.251808345286,1.30082269332,0.528900313493,0.139086751894,0.507150957414,0.278837724037,-0.145650683218,0.0356,-0.0348,0.275901366436,-0.102211645977,-0.0378,-0.145650683218,-0.0356,0.0348,0.275901366436,-0.102211645977,0.0378,0,0,0,0,0,0.935214114992,-0.139770890784,0.0761727062134,0.812605164481,-0.0080539553159,-0.293916618304,0.708358606198,0.9056880887,0.112709446858,-0.943932118639,0.244566130841,-0.122526562684,-0.269084181694,-0.202532198748,0.0109467413383,0,0,-0.0218934826765,-0.0136834266728,0,0.0109467413383,0,0,-0.0218934826765,-0.0136834266728,0,0,0,0,0,0,0.301128468712,-0.0912163921044,0.0723052521405,0.660488209727,-0.0261691912549,0.0795318783154,0.450089967853,0.484661846498,-0.0698780728099,-0.790103586002,-0.299782926935,-0.121393566221,-0.227407546561,-0.322154570532,0.00790174814823,0,0,-0.0158034962962,-0.00987718518509,0,0.00790174814823,0,0,-0.0158034962962,-0.00987718518509,0
285,FRAME,NONE,280,280,2.7999999999999998,RECOVERY,1.1000000000000014,0,0,0,0,0,-0.875009276457,0.266153473876,-0.118559491394,-0.0199286974835,0.019672817412,0.0774859864265,-0.92321962243,-0.704773273477,-0.250684737571,1.29134410926,0.531330963389,0.137855452037,0.504448665259,0.276796369611,-0.145540820689,0.0356,-0.0348,0.275681641378,-0.102348974138,-0.0378,-0.145540820689,-0.0356,0.0348,0.275681641378,-0.102348974138,0.0378,0,0,0,0,0,0.938139312888,-0.140663744754,0.0768949100145,0.819134632169,-0.00831238592994,-0.293078089329,0.712801476265,0.910459417515,0.112012963438,-0.951760316807,0.241561970731,-0.123729809798,-0.271382351534,-0.20573101953,0.0110248617086,0,0,-0.0220497234173,-0.0137810771358,0,0.0110248617086,0,0,-0.0220497234173,-0.0137810771358,0,0,0,0,0,0,0.284044662782,-0.0873223905602,0.0721309471158,0.645177615881,-0.0255020251523,0.0881261786151,0.43845664625,0.469576356269,-0.0693577369788,-0.775478319143,-0.300909471345,-0.119234603519,-0.2322686093,-0.317554293524,0.00772121481488,0,0,-0.0154424296296,-0.00965151851853,0,0.00772121481488,0,0,-0.0154424296296,-0.00965151851853,0
286,FRAME,NONE,281,281,2.8100000000000001,RECOVERY,1.1000000000000014,0,0,0,0,0,-0.865613684474,0.264742469533,-0.117786935622,-0.0117050866125,0.0195884180885,0.0745596130547,-0.91606968417,-0.695645453991,-0.249568062591,1.28178798017,0.533731529324,0.136612229699,0.501723144198,0.274723262552,-0.145430185984,0.0356,-0.0348,0.275460371968,-0.10248726752,-0.0378,-0.145430185984,-0.0356,0.0348,0.275460371968,-0.10248726752,0.0378,0,0,0,0,0,0.940895008247,-0.141517338595,0.0776153251557,0.825508716799,-0.00856399581894,-0.292154094731,0.717127739123,0.915079058836,0.111323507566,-0.959440566466,0.238550735615,-0.124910863278,-0.273730372047,-0.20888216605,0.0111011656346,0,0,-0.0222023312691,-0.0138764570432,0,0.0111011656346,0,0,-0.0222023312691,-0.0138764570432,0,0,0,0,0,0,0.267231000659,-0.08336640708,0.0719466570189,0.629413634869,-0.0248058243175,0.0966235472947,0.426770012009,0.45432376927,-0.0684727667671,-0.760517485746,-0.301197755551,-0.116958198038,-0.237375122122,-0.312618445896,0.00753848888882,0,0,-0.0150769777778,-0.0094231111112,0,0.00753848888882,0,0,-0.0150769777778,-0.0094231111112,0
287,FRAME,NONE,282,282,2.8199999999999998,RECOVERY,1.1000000000000014,0,0,0,0,0,-0.856191376292,0.263323127104,-0.117007184891,-0.00341852314756,0.0195015374956,0.0716429045318,-0.908877067648,-0.686472203549,-0.248458231859,1.27215580194,0.536101982476,0.135357312352,0.498973883707,0.272618896508,-0.145318797377,0.0356,-0.0348,0.275237594753,-0.102626503279,-0.0378,-0.145318797377,-0.0356,0.0348,0.275237594753,-0.102626503279,0.0378,0,0,0,0,0,0.943483932902,-0.142331072896,0.0783338431549,0.831722904867,-0.00880850241629,-0.291145618383,0.721336876505,0.919545324346,0.11064471948,-0.966969619999,0.235540813272,-0.126068649454,-0.276130620965,-0.211982244437,0.0111756314864,0,0,-0.0223512629728,-0.013969539358,0,0.0111756314864,0,0,-0.0223512629728,-0.013969539358,0,0,0,0,0,0,0.250693220585,-0.079352594395,0.0717506724989,0.613200529805,-0.0240821424034,0.105021218732,0.415032911712,0.438900615824,-0.067224383332,-0.745242695421,-0.300646743967,-0.114584501118,-0.242711731438,-0.307339394891,0.00735362962967,0,0,-0.0147072592592,-0.00919203703698,0,0.00735362962967,0,0,-0.0147072592592,-0.00919203703698,0
288,FRAME,NONE,283,283,2.8300000000000001,RECOVERY,1.1000000000000014,0,0,0,0,0,-0.846744005816,0.261895848076,-0.116220258759,0.00492937148482,0.0194122480401,0.068736700687,-0.90164294664,-0.677255064502,-0.247355120554,1.26244910189,0.538442377949,0.134090937213,0.496200350256,0.270483799438,-0.145206673354,0.0356,-0.0348,0.275013346709,-0.102766658307,-0.0378,-0.145206673354,-0.0356,0.0348,0.275013346709,-0.102766658307,0.0378,0,0,0,0,0,0.945908872659,-0.143104390483,0.0790503386057,0.837772727395,-0.00904563866701,-0.290053670357,0.725428397357,0.92385648789,0.109980223756,-0.974344439719,0.232540597481,-0.127202288372,-0.278585320737,-0.215027790184,0.0112482382272,0,0,-0.0224964764543,-0.014060297784,0,0.0112482382272,0,0,-0.0224964764543,-0.014060297784,0,0,0,0,0,0,0.234436384263,-0.0752852462378,0.0715413275819,0.596542939476,-0.0233325200816,0.113316718442,0.403247939211,0.423302169303,-0.0656151878381,-0.72967309198,-0.299257144422,-0.112130546045,-0.248262384484,-0.301711783577,0.00716669629627,0,0,-0.0143333925927,-0.00895837037034,0,0.00716669629627,0,0,-0.0143333925927,-0.00895837037034,0
289,FRAME,NONE,284,284,2.8399999999999999,RECOVERY,1.1000000000000014,0,0,0,0,0,-0.837273198839,0.260461039294,-0.115426178119,0.0133369314003,0.0193206247222,0.0658418311247,-0.894368499701,-0.667995596781,-0.246258567829,1.25266943692,0.540752854631,0.13281334965,0.493401988941,0.268318534062,-0.145093832612,0.0356,-0.0348,0.274787665224,-0.102907709235,-0.0378,-0.145093832612,-0.0356,0.0348,0.274787665224,-0.102907709235,0.0378,0,0,0,0,0,0.948172660587,-0.14383677782,0.0797646697065,0.843653763656,-0.00927515281792,-0.288879284014,0.729401835289,0.928010750907,0.109333591359,-0.981562130064,0.229558440072,-0.128311008051,-0.281096519302,-0.218015330729,0.0113189654123,0,0,-0.0226379308247,-0.0141487067654,0,0.0113189654123,0,0,-0.0226379308247,-0.0141487067654,0,0,0,0,0,0,0.218464887825,-0.0711687961712,0.0713170197929,0.579445871433,-0.0225584680574,0.121507862236,0.391417430606,0.407518675271,-0.0636533014781,-0.713817956038,-0.2970366384,-0.109600893892,-0.254008231778,-0.295739358314,0.0069777481481,0,0,-0.0139554962963,-0.00872218518518,0,0.0069777481481,0,0,-0.0139554962963,-0.00872218518518,0
290,FRAME,NONE,285,285,2.8500000000000001,RECOVERY,1.1000000000000014,0,0,0,0,0,-0.827780552605,0.259019112519,-0.114624965365,0.0218024467579,0.0192267449838,0.0629591150067,-0.887054909934,-0.658695378826,-0.245168377574,1.24281839247,0.543033634495,0.131524802617,0.490578225339,0.266123697574,-0.144980294046,0.0356,-0.0348,0.274560588092,-0.103049632442,-0.0378,-0.144980294046,-0.0356,0.0348,0.274560588092,-0.103049632442,0.0378,0,0,0,0,0,0.950278170416,-0.144527766406,0.0804766790015,0.849361644824,-0.00949680802816,-0.287623513112,0.733256745969,0.932006207866,0.108708301692,-0.988619869781,0.226602602985,-0.129394058736,-0.283666070858,-0.220941448044,0.0113877931901,0,0,-0.0227755863802,-0.0142347414877,0,0.0113877931901,0,0,-0.0227755863802,-0.0142347414877,0,0,0,0,0,0,0.202782474147,-0.0670078174239,0.0710762324894,0.561914694642,-0.0217614480321,0.129592754471,0.379543458411,0.391539122341,-0.061348225452,-0.69768410241,-0.2939946508,-0.106996987678,-0.25992972466,-0.289428141287,0.0067868444445,0,0,-0.0135736888889,-0.00848355555555,0,0.0067868444445,0,0,-0.0135736888889,-0.00848355555555,0
291,FRAME,NONE,286,286,2.8599999999999999,RECOVERY,1.1000000000000014,0,0,0,0,0,-0.818267635431,0.257570483966,-0.113816644539,0.0303241642968,0.0191306885617,0.0600893608625,-0.879703364781,-0.649356008684,-0.244084319361,1.23289758188,0.545285021661,0.130225556492,0.487728467463,0.263899921045,-0.144866076748,0.0356,-0.0348,0.274332153496,-0.103192404065,-0.0378,-0.144866076748,-0.0356,0.0348,0.274332153496,-0.103192404065,0.0378,0,0,0,0,0,0.95222831007,-0.145176934169,0.0811861943563,0.854892057549,-0.00971038177856,-0.286287428925,0.736992704457,0.93584084312,0.108107739145,-0.995514905769,0.223681253912,-0.130450705101,-0.286295634118,-0.223802784323,0.0114547023012,0,0,-0.0229094046025,-0.0143183778765,0,0.0114547023012,0,0,-0.0229094046025,-0.0143183778765,0,0,0,0,0,0,0.187392246365,-0.0628070240026,0.0708175598493,0.54395513204,-0.0209428512333,0.137569785277,0.36762782455,0.375352499124,-0.0587094609596,-0.681278345914,-0.290140606523,-0.104320270423,-0.26600731447,-0.282784154678,0.00659404444443,0,0,-0.0131880888889,-0.00824255555563,0,0.00659404444443,0,0,-0.0131880888889,-0.00824255555563,0
292,FRAME,NONE,287,287,2.8700000000000001,RECOVERY,1.1000000000000014,0,0,0,0,0,-0.808735986403,0.256115573836,-0.113001241477,0.0389002879089,0.0190325373482,0.0572333664282,-0.872315055845,-0.639979105112,-0.243006129398,1.22290864566,0.547507401447,0.128915878944,0.484852107721,0.261647868815,-0.1447512,0.0356,-0.0348,0.2741024,-0.103336,-0.0378,-0.1447512,-0.0356,0.0348,0.2741024,-0.103336,0.0378,0,0,0,0,0,0.954026015343,-0.145783906886,0.0818930301985,0.860240747464,-0.00991566505282,-0.284872117406,0.74060930246,0.939512529631,0.107535190043,-1.0022445493,0.220802461853,-0.131480221355,-0.288986670582,-0.226596046031,0.011519674079,0,0,-0.023039348158,-0.0143995925988,0,0.011519674079,0,0,-0.023039348158,-0.0143995925988,0,0,0,0,0,0,0.172296682528,-0.0585712735142,0.0705397349895,0.525573252768,-0.0201039739615,0.145437626959,0.355672051824,0.358947282762,-0.0557477309637,-0.664605992818,-0.285485706896,-0.101570226538,-0.272220762165,-0.275815041229,0.00639940740739,0,0,-0.0127988148148,-0.00799925925925,0,0.00639940740739,0,0,-0.0127988148148,-0.00799925925925,0
293,FRAME,NONE,288,288,2.8799999999999999,RECOVERY,1.1000000000000014,0,0,0,0,0,-0.799187115124,0.254654805828,-0.112178783935,0.0475289792461,0.0189323752606,0.0543919185143,-0.864891178732,-0.630566308746,-0.241933511648,1.21285325108,0.549701239182,0.127596045054,0.481948524963,0.259368237672,-0.144635683267,0.0356,-0.0348,0.273871366533,-0.103480395917,-0.0378,-0.144635683267,-0.0356,0.0348,0.273871366533,-0.103480395917,0.0378,0,0,0,0,0,0.95567424372,-0.146348359639,0.0825969890561,0.865403522604,-0.0101124612578,-0.283378676386,0.744106145494,0.943019014902,0.106993809044,-1.00880613454,0.217974148268,-0.132481837377,-0.291740425552,-0.229318048474,0.0115826904494,0,0,-0.0231653808988,-0.0144783630617,0,0.0115826904494,0,0,-0.0231653808988,-0.0144783630617,0,0,0,0,0,0,0.15749765134,-0.0543055720972,0.070241661953,0.506775464183,-0.0192459895562,0.15319522959,0.343677373291,0.342309904508,-0.0524786454782,-0.647666315202,-0.280048258961,-0.0987385060042,-0.278547067162,-0.268534925905,0.00620299259256,0,0,-0.0124059851853,-0.00775374074072,0,0.00620299259256,0,0,-0.0124059851853,-0.00775374074072,0
294,FRAME,NONE,289,289,2.8900000000000001,RECOVERY,1.1000000000000014,0,0,0,0,0,-0.789622501529,0.253188606643,-0.111349301696,0.056208358361,0.018830288123,0.0515657929005,-0.857432932935,-0.621119283442,-0.24086613934,1.20273309211,0.551867078446,0.12626633808,0.479017086755,0.257061755498,-0.144519546191,0.0356,-0.0348,0.273639092382,-0.103625567261,-0.0378,-0.144519546191,-0.0356,0.0348,0.273639092382,-0.103625567261,0.0378,0,0,0,0,0,0.95717596837,-0.146870018328,0.0832978634376,0.870376256748,-0.0103005848439,-0.281808212815,0.747482849926,0.946357906914,0.106486585546,-1.01519697707,0.215204038223,-0.133454684857,-0.294557909147,-0.231965760361,0.0116437339309,0,0,-0.0232874678617,-0.0145546674136,0,0.0116437339309,0,0,-0.0232874678617,-0.0145546674136,0,0,0,0,0,0,0.124046130007,0.112334918482,-0.139230930555,0.496187895151,-0.205431833419,0.156636481385,0.525416603754,0.325426284148,-0.0489190362799,-0.630457076597,-0.27384834619,-0.0958148001914,-0.284962538496,-0.260959554228,0.00600485925928,0,0,-0.0120097185184,-0.00750607407406,0,0.00600485925928,0,0,-0.0120097185184,-0.00750607407406,0
295,FRAME,NONE,290,290,2.8999999999999999,RECOVERY,1.1000000000000014,0,0,0,0,0,-0.780043595757,0.251717405462,-0.110512826666,0.0649365043811,0.0187263635637,0.048755754258,-0.849941521734,-0.611639717679,-0.239803656656,1.1925498897,0.554005539062,0.124927050478,0.476057151748,0.254729179697,-0.144402808588,0.0356,-0.0348,0.273405617176,-0.103771489265,-0.0378,-0.144402808588,-0.0356,0.0348,0.273405617176,-0.103771489265,0.0378,0,0,0,0,0,0.958155166321,-0.14410166127,0.079812370445,0.875327280507,-0.0142210979262,-0.280245946758,0.754614477569,0.949526672844,0.106016340625,-1.02141437008,0.212499655949,-0.134397792401,-0.297439894574,-0.234536307856,0.0117027876346,0,0,-0.0234055752691,-0.0146284845432,0,0.0117027876346,0,0,-0.0234055752691,-0.0146284845432,0,0,0,0,0,0,0.110676539074,0.110245972394,-0.132801728313,0.476311419974,-0.198395568559,0.164297883525,0.505690395687,0.308282341463,-0.0450857351455,-0.612976040537,-0.266906052055,-0.0927888004712,-0.291443485201,-0.253104671723,0.00580506666674,0,0,-0.0116101333332,-0.0072563333333,0,0.00580506666674,0,0,-0.0116101333332,-0.0072563333333,0
296,FRAME,NONE,291,291,2.9100000000000001,RECOVERY,1.1000000000000014,0,0,0,0,0,-0.770459398202,0.250306573418,-0.109753054287,0.0737149039712,0.0185458661645,0.0459608739653,-0.842340643383,-0.602129325963,-0.238745680408,1.18230539197,0.556117315083,0.123578484928,0.473068072048,0.252371295629,-0.144285490438,0.0356,-0.0348,0.273170980877,-0.103918136952,-0.0378,-0.144285490438,-0.0356,0.0348,0.273170980877,-0.103918136952,0.0378,0,0,0,0,0,0.959389499151,-0.14466509888,0.0806418288713,0.879902485148,-0.0142684962151,-0.278522255144,0.75759665784,0.952522641833,0.105585725257,-1.02745558777,0.209868320514,-0.135310089132,-0.300386916157,-0.237026973938,0.0117598352642,0,0,-0.0235196705284,-0.0146997940802,0,0.0117598352642,0,0,-0.0235196705284,-0.0146997940802,0,0,0,0,0,0,0.135482847895,-0.216359454327,0.291786497788,0.438802240885,0.182658317199,0.180256896326,0.0985873287057,0.290865102415,-0.0409962884132,-0.59522230411,-0.259243191271,-0.089651641128,-0.297965426341,-0.244985767839,0.00560367407407,0,0,-0.0112073481483,-0.00700459259262,0,0.00560367407407,0,0,-0.0112073481483,-0.00700459259262,0
297,FRAME,NONE,292,292,2.9199999999999999,RECOVERY,1.1000000000000014,0,0,0,0,0,-0.760855805774,0.248824103484,-0.108899990089,0.082534554084,0.0184409936394,0.0431853091552,-0.834789588577,-0.592589850086,-0.237691801825,1.17200137423,0.55820317255,0.122220955165,0.470049195694,0.249988915063,-0.144167611883,0.0356,-0.0348,0.272935223765,-0.104065485147,-0.0378,-0.144167611883,-0.0356,0.0348,0.272935223765,-0.104065485147,0.0378,0,0,0,0,0,0.960864823278,-0.148428850356,0.0856481004008,0.884103325325,-0.0105679315822,-0.276640808831,0.756586224143,0.955343035406,0.10519720066,-1.03331792194,0.207317098213,-0.136190444378,-0.303399247612,-0.239435191359,0.011814861116,0,0,-0.0236297222321,-0.0147685763951,0,0.011814861116,0,0,-0.0236297222321,-0.0147685763951,0,0,0,0,0,0,0.120995426556,-0.20528704489,0.284374568446,0.418682742401,0.177191994118,0.187439072942,0.0945102544023,0.273166017677,-0.0366711006661,-0.577200298631,-0.250888503536,-0.0864002280972,-0.304500721098,-0.236617307741,0.00540074074067,0,0,-0.0108014814816,-0.00675092592588,0,0.00540074074067,0,0,-0.0108014814816,-0.00675092592588,0
298,FRAME,NONE,293,293,2.9300000000000002,RECOVERY,1.1000000000000014,0,0,0,0,0,-0.751242101737,0.24733799641,-0.108040092279,0.0913969704777,0.0183345075329,0.0404280577887,-0.827208918901,-0.583023060017,-0.236641588563,1.16163963866,0.560263946677,0.120854786346,0.466999869393,0.247582874728,-0.144049193216,0.0356,-0.0348,0.272698386432,-0.10421350848,-0.0378,-0.144049193216,-0.0356,0.0348,0.272698386432,-0.10421350848,0.0378,0,0,0,0,0,0.961809407682,-0.148770839778,0.0863293202402,0.888276139996,-0.0107246563328,-0.274773473685,0.759486862928,0.957984997891,0.10485301865,-1.03899871873,0.204852754963,-0.137037707345,-0.306476880322,-0.241758535602,0.011867850079,0,0,-0.023735700158,-0.0148348125988,0,0.011867850079,0,0,-0.023735700158,-0.0148348125988,0,0,0,0,0,0,0.0878756100503,-0.0320284898739,0.0679039039033,0.406806595811,-0.0152038322137,0.190304930782,0.283967987508,0.255177644097,-0.0321312910487,-0.558915788971,-0.241872459794,-0.0830329102275,-0.311020938686,-0.22801350052,0.00519632592587,0,0,-0.0103926518519,-0.00649540740735,0,0.00519632592587,0,0,-0.0103926518519,-0.00649540740735,0
299,FRAME,NONE,294,294,2.9399999999999999,RECOVERY,1.1000000000000014,0,0,0,0,0,-0.74161961762,0.245848686689,-0.107173403684,0.100300076884,0.0182265005128,0.0376898396815,-0.819599851318,-0.573430754657,-0.235594586818,1.15122201364,0.562300538817,0.119480315215,0.463919441361,0.245154034886,-0.143930254881,0.0356,-0.0348,0.272460509762,-0.104362181399,-0.0378,-0.143930254881,-0.0356,0.0348,0.272460509762,-0.104362181399,0.0378,0,0,0,0,0,0.962622335479,-0.149069420154,0.0870061784788,0.892239457241,-0.0108720082265,-0.272834710216,0.762265583893,0.960445599182,0.104555219848,-1.04449538192,0.202481751968,-0.137850710729,-0.30961952136,-0.243994724242,0.0119187876346,0,0,-0.0238375752691,-0.0148984845432,0,0.0119187876346,0,0,-0.0238375752691,-0.0148984845432,0,0,0,0,0,0,0.0756427216902,-0.0345751150407,0.0766648984298,0.385290851924,-0.00604233518975,0.197579823414,0.263543768793,0.236892538527,-0.0273979787057,-0.540374540002,-0.232225530989,-0.0795480363672,-0.317497648317,-0.219188555267,0.00499048888894,0,0,-0.00998097777774,-0.00623811111121,0,0.00499048888894,0,0,-0.00998097777774,-0.00623811111121,0
300,FRAME,NONE,295,295,2.9500000000000002,RECOVERY,1.1000000000000014,0,0,0,0,0,-0.731989655027,0.244356608007,-0.10629996871,0.109241759622,0.0181170673683,0.0349713635844,-0.811963607223,-0.563814762562,-0.234550323432,1.14075035324,0.564313913398,0.118097890243,0.460807264168,0.242703277926,-0.143810817463,0.0356,-0.0348,0.272221634927,-0.104511478171,-0.0378,-0.143810817463,-0.0356,0.0348,0.272221634927,-0.104511478171,0.0378,0,0,0,0,0,0.963322262116,-0.149462342079,0.0878626182088,0.895981957034,-0.0108455030366,-0.270821877217,0.764757738304,0.96272184238,0.104305634697,-1.04980538649,0.200210241684,-0.138628286203,-0.31282659128,-0.24614160997,0.0119676598568,0,0,-0.0239353197136,-0.014959574821,0,0.0119676598568,0,0,-0.0239353197136,-0.014959574821,0,0,0,0,0,0,0.063754818371,-0.0376311277844,0.0862230064468,0.363375680386,0.00385788288365,0.204761788945,0.242484835177,0.21830631225,-0.0224918791367,-0.521587733897,-0.221979804008,-0.0759501508213,-0.323901534156,-0.210153891156,0.004783288889,0,0,-0.00956657777773,-0.00597911111119,0,0.004783288889,0,0,-0.00956657777773,-0.00597911111119,0
301,FRAME,NONE,296,296,2.96,RECOVERY,1.1000000000000014,0,0,0,0,0,-0.722353172378,0.242859439847,-0.10541615132,0.118219716025,0.018009590452,0.0322734021371,-0.804304696552,-0.554176942281,-0.233508307953,1.13022653583,0.566305094668,0.116707870954,0.457662697703,0.240231507323,-0.143690901684,0.0356,-0.0348,0.271981803368,-0.104661372895,-0.0378,-0.143690901684,-0.0356,0.0348,0.271981803368,-0.104661372895,0.0378,0,0,0,0,0,0.963897431847,-0.149822042709,0.0887306386078,0.899506970849,-0.0107948505688,-0.268739474437,0.767115280597,0.964810747788,0.104105894553,-1.05492642758,0.198044023379,-0.139369434793,-0.316097199777,-0.248197103868,0.0120144534123,0,0,-0.0240289068247,-0.0150180667654,0,0.0120144534123,0,0,-0.0240289068247,-0.0150180667654,0,0,0,0,0,0,0.0505688807637,-0.0268038681174,0.0773266755222,0.341867821404,-0.00268103657385,0.211460245099,0.237967560268,0.199426794294,-0.0174320932629,-0.50258822203,-0.211173829517,-0.0722685797202,-0.330199740177,-0.20090976768,0.00457478518519,0,0,-0.00914957037038,-0.00571848148143,0,0.00457478518519,0,0,-0.00914957037038,-0.00571848148143,0
302,FRAME,NONE,297,297,2.9700000000000002,RECOVERY,1.1000000000000014,0,0,0,0,0,-0.71271170639,0.241360167153,-0.104525355938,0.127231899039,0.017901170357,0.0295965740957,-0.796621301611,-0.544519181673,-0.232468034559,1.11965246106,0.568275162889,0.115310625207,0.454485112425,0.23773964751,-0.143570528395,0.0356,-0.0348,0.27174105679,-0.104811839506,-0.0378,-0.143570528395,-0.0356,0.0348,0.27174105679,-0.104811839506,0.0378,0,0,0,0,0,0.964333639731,-0.149998419441,0.0894091517193,0.902819313462,-0.0108991237681,-0.266592672315,0.769517089509,0.966709436905,0.103957442795,-1.05985656947,0.195988498696,-0.140073497251,-0.319430121347,-0.250159098691,0.0120591555605,0,0,-0.024118311121,-0.0150739444506,0,0.0120591555605,0,0,-0.024118311121,-0.0150739444506,0,0,0,0,0,0,0.037546109968,-0.0148170719463,0.0666862101403,0.320086915944,-0.0107328090047,0.218015157896,0.23481629939,0.180264868122,-0.0122373183604,-0.483414273079,-0.199847774126,-0.068538844651,-0.336358525307,-0.191453654416,0.00436503703696,0,0,-0.00873007407406,-0.00545629629627,0,0.00436503703696,0,0,-0.00873007407406,-0.00545629629627,0
303,FRAME,NONE,298,298,2.98,RECOVERY,1.1000000000000014,0,0,0,0,0,-0.703066499583,0.239859471458,-0.103627968285,0.136276102294,0.0177916079767,0.0269415486908,-0.788914354762,-0.534843396841,-0.231428983927,1.10903004599,0.570225250332,0.113906525682,0.451273892738,0.235228644118,-0.143449718573,0.0356,-0.0348,0.271499437146,-0.104962851784,-0.0378,-0.143449718573,-0.0356,0.0348,0.271499437146,-0.104962851784,0.0378,0,0,0,0,0,0.964648354046,-0.150118384148,0.0900643628106,0.905908709168,-0.0110095067489,-0.264379171279,0.771811606584,0.968415140068,0.103861535825,-1.06459425914,0.194048667611,-0.140740169545,-0.322823793076,-0.252025461889,0.0121017541531,0,0,-0.0242035083062,-0.0151271926914,0,0.0121017541531,0,0,-0.0242035083062,-0.0151271926914,0,0,0,0,0,0,0.0256047485625,-0.00976681516093,0.0651071857146,0.297595797602,-0.0106564550019,0.224647222523,0.223378784997,0.160831417195,-0.00692625170548,-0.464104155721,-0.188041804445,-0.0647964672006,-0.342344148471,-0.181783020936,0.00415410370373,0,0,-0.00830820740733,-0.00519262962961,0,0.00415410370373,0,0,-0.00830820740733,-0.00519262962961,0
304,FRAME,NONE,299,299,2.9900000000000002,RECOVERY,1.1000000000000014,0,0,0,0,0,-0.693418739309,0.23835779947,-0.102724068681,0.145350073223,0.017680980222,0.0243089906701,-0.781185069479,-0.525151531044,-0.230390625115,1.09836122135,0.572156537255,0.112495946346,0.448028440358,0.232699464219,-0.143328493312,0.0356,-0.0348,0.271256986624,-0.10511438336,-0.0378,-0.143328493312,-0.0356,0.0348,0.271256986624,-0.10511438336,0.0378,0,0,0,0,0,0.964845734703,-0.150193755745,0.0907112954335,0.908771229414,-0.0111122528681,-0.262099727865,0.773984665209,0.969925194255,0.103819239423,-1.06913831464,0.192229126278,-0.141369489602,-0.326276315437,-0.253794042985,0.0121422376346,0,0,-0.0242844752691,-0.0151777970432,0,0.0121422376346,0,0,-0.0242844752691,-0.0151777970432,0,0,0,0,0,0,0.0140104896318,-0.00531644689716,0.064254427805,0.274748872874,-0.00989855806256,0.231188608444,0.211221840928,0.141136448917,-0.00151905151008,-0.444691492163,-0.175796949003,-0.0610716658874,-0.348123187536,-0.171898287991,0.00394204444441,0,0,-0.00788408888897,-0.00492755555553,0,0.00394204444441,0,0,-0.00788408888897,-0.00492755555553,0
305,FRAME,NONE,300,300,3,RECOVERY,1.1000000000000014,0,0,0,0,0,-0.683769584889,0.236855596343,-0.101813742377,0.154451526882,0.0175693629193,0.0216995541335,-0.773434661458,-0.515445553727,-0.229352417623,1.08764792829,0.574070247769,0.111079259621,0.44474817765,0.230153096173,-0.14320687382,0.0356,-0.0348,0.27101374764,-0.105266407725,-0.0378,-0.14320687382,-0.0356,0.0348,0.27101374764,-0.105266407725,0.0378,0,0,0,0,0,0.964928563839,-0.150224713086,0.0913494513667,0.911403686625,-0.0112074779101,-0.25975539911,0.776036043403,0.971237018999,0.103831388567,-1.07348779729,0.190534043329,-0.141961691471,-0.329785461059,-0.255462754735,0.012180595042,0,0,-0.024361190084,-0.0152257438025,0,0.012180595042,0,0,-0.024361190084,-0.0152257438025,0,0,0,0,0,0,0.00269223482396,-0.000886299878766,0.0633513888489,0.251588292749,-0.00915294677667,0.23762509494,0.199042701975,0.121186466462,0.0039582802718,-0.425191318748,-0.163157684007,-0.0573734469556,-0.35366349613,-0.161811681019,0.00372891851848,0,0,-0.00745783703709,-0.00466114814818,0,0.00372891851848,0,0,-0.00745783703709,-0.00466114814818,0
306,FRAME,NONE,301,301,3.0099999999999998,RECOVERY,1.1000000000000014,0,0,0,0,0,-0.674120168033,0.235353305208,-0.100897079654,0.163578146955,0.0174568306638,0.0191138826879,-0.765664348611,-0.505727459842,-0.228313813948,1.07689211674,0.575967645425,0.1096568353,0.441432550846,0.227590548515,-0.143084881411,0.0356,-0.0348,0.270769762822,-0.105418898236,-0.0378,-0.143084881411,-0.0356,0.0348,0.270769762822,-0.105418898236,0.0378,0,0,0,0,0,0.964899579399,-0.150211481742,0.0919783232105,0.913802995269,-0.0112953118036,-0.257347225966,0.777965519248,0.972348092294,0.103898547258,-1.07764188395,0.188967136169,-0.142517059493,-0.3333486835,-0.257029654281,0.0122168160049,0,0,-0.0244336320099,-0.0152710200062,0,0.0122168160049,0,0,-0.0244336320099,-0.0152710200062,0,0,0,0,0,0,-0.00835462210996,0.00351897397242,0.0623972290566,0.228124393908,-0.00842097875158,0.243958357009,0.186841329702,0.100987096942,0.00947828075042,-0.405614025348,-0.150169347582,-0.0537055135808,-0.35893324682,-0.151538376634,0.00351478518526,0,0,-0.00702957037024,-0.00439348148151,0,0.00351478518526,0,0,-0.00702957037024,-0.00439348148151,0
307,FRAME,NONE,302,302,3.02,RECOVERY,1.1000000000000014,0,0,0,0,0,-0.664471593301,0.233851366708,-0.0999741759126,0.172727586788,0.0173434566832,0.0165526096142,-0.757875351073,-0.495999269278,-0.227274262317,1.06609574434,0.577850028676,0.108229040144,0.438081033237,0.225012848449,-0.1429625375,0.0356,-0.0348,0.270525075,-0.105571828125,-0.0378,-0.1429625375,-0.0356,0.0348,0.270525075,-0.105571828125,0.0378,0,0,0,0,0,0.964761471397,-0.150154333607,0.0925973959478,0.915966174503,-0.0113758974852,-0.25487623197,0.779772869997,0.973255948405,0.104021004868,-1.08159985536,0.187531668822,-0.143035915038,-0.336963118044,-0.258492950532,0.0122508907457,0,0,-0.0245017814914,-0.0153136134321,0,0.0122508907457,0,0,-0.0245017814914,-0.0153136134321,0,0,0,0,0,0,-0.0191350515782,0.00789476527999,0.0613912681157,0.204367776087,-0.00770389415262,0.250190194384,0.174617601619,0.0805439674741,0.0150134870362,-0.385970001837,-0.136877277853,-0.0500715689385,-0.363900612175,-0.141093551449,0.00329970370368,0,0,-0.00659940740735,-0.00412462962961,0,0.00329970370368,0,0,-0.00659940740735,-0.00412462962961,0
308,FRAME,NONE,303,303,3.0299999999999998,RECOVERY,1.1000000000000014,0,0,0,0,0,-0.654824938605,0.232350218536,-0.0990451317352,0.181897470445,0.0172293127141,0.0140163580485,-0.750068891211,-0.486263026319,-0.226233209454,1.05526077547,0.579718726352,0.10679623758,0.434693128346,0.222421040298,-0.142839863596,0.0356,-0.0348,0.270279727192,-0.105725170505,-0.0378,-0.142839863596,-0.0356,0.0348,0.270279727192,-0.105725170505,0.0378,0,0,0,0,0,0.964516878367,-0.150053586437,0.0932061485728,0.917890350791,-0.0114493896867,-0.252343422078,0.781457871281,0.973958169585,0.104198769556,-1.08536106838,0.186230451584,-0.143518584927,-0.340625584739,-0.25985102048,0.012282810079,0,0,-0.024565620158,-0.0153535125988,0,0.012282810079,0,0,-0.024565620158,-0.0153535125988,0,0,0,0,0,0,-0.0296543696807,0.012236514923,0.0603329917136,0.180329299186,-0.00700280838185,0.256322516282,0.162371321602,0.0598593922648,0.0205338019337,-0.366258517653,-0.123326951161,-0.0464626826768,-0.368534979931,-0.130498909116,0.00308373333327,0,0,-0.00616746666668,-0.00385466666662,0,0.00308373333327,0,0,-0.00616746666668,-0.00385466666662,0
309,FRAME,NONE,304,304,3.04,RECOVERY,1.1000000000000014,0,0,0,0,0,-0.645181255734,0.23085029498,-0.0981100529411,0.191085393803,0.0171144688895,0.0115057411727,-0.742246193647,-0.476520799523,-0.225190103673,1.04438918168,0.581575093102,0.105358789035,0.431268372947,0.219816183105,-0.142716881298,0.0356,-0.0348,0.270033762597,-0.105878898377,-0.0378,-0.142716881298,-0.0356,0.0348,0.270033762597,-0.105878898377,0.0378,0,0,0,0,0,0.964168384003,-0.149909603308,0.0938040557821,0.919572760487,-0.0115159536528,-0.249749781644,0.783020296429,0.974452294973,0.104431495821,-1.08892465014,0.185065837225,-0.143965054005,-0.344332621812,-0.261102588696,0.0123125654123,0,0,-0.0246251308247,-0.0153907067654,0,0.0123125654123,0,0,-0.0246251308247,-0.0153907067654,0,0,0,0,0,0,-0.0399182200883,0.0165397220103,0.0592220570662,0.15602008081,-0.00631870556305,0.262357325833,0.150102230862,0.0389224338982,0.0259985910247,-0.34643436049,-0.109564396711,-0.0428193903328,-0.372810598497,-0.119802261442,0.00286693333337,0,0,-0.00573386666675,-0.00358366666668,0,0.00286693333337,0,0,-0.00573386666675,-0.00358366666668,0
310,FRAME,NONE,305,305,3.0499999999999998,RECOVERY,1.1000000000000014,0,0,0,0,0,-0.635541570925,0.22935202647,-0.0971690506196,0.200288925655,0.016998993641,0.00902136241559,-0.734408485282,-0.466774682706,-0.224144398856,1.03348294587,0.583420504796,0.103917059438,0.427806339682,0.217199346084,-0.142593612288,0.0356,-0.0348,0.269787224576,-0.10603298464,-0.0378,-0.142593612288,-0.0356,0.0348,0.269787224576,-0.10603298464,0.0378,0,0,0,0,0,0.963718513966,-0.149722791996,0.0943905897142,0.921010752407,-0.0115757637979,-0.247096275561,0.784459915898,0.974735729485,0.104718412061,-1.09228919224,0.184039717184,-0.14437461772,-0.34808051909,-0.262246906821,0.0123401487457,0,0,-0.0246802974914,-0.0154251859321,0,0.0123401487457,0,0,-0.0246802974914,-0.0154251859321,0,0,0,0,0,0,-0.0499325562084,0.0207999522579,0.0580582971339,0.131451494357,-0.0056524330758,0.268296704118,0.137810019698,0.0177188420521,0.0313645855853,-0.326441197609,-0.0956357819233,-0.0390695939162,-0.376702931451,-0.10905794727,0.00264936296297,0,0,-0.00529872592608,-0.00331170370377,0,0.00264936296297,0,0,-0.00529872592608,-0.00331170370377,0
311,FRAME,NONE,306,306,3.0600000000000001,RECOVERY,1.1000000000000014,0,0,0,0,0,-0.625906885454,0.22785583914,-0.0962222411468,0.209505608851,0.0168829536136,0.00656381566143,-0.726556995329,-0.457026796346,-0.223095558765,1.02254406781,0.58525635391,0.10247142437,0.424306639523,0.214571603213,-0.142470078324,0.0356,-0.0348,0.269540156647,-0.106187402096,-0.0378,-0.142470078324,-0.0356,0.0348,0.269540156647,-0.106187402096,0.0378,0,0,0,0,0,0.963169732879,-0.149493604263,0.0949652217248,0.922201790374,-0.0116290023143,-0.244383847562,0.785776496823,0.974805735534,0.105058313988,-1.09545272296,0.183153521229,-0.144745850543,-0.351865321034,-0.263283769883,0.0123655526716,0,0,-0.0247311053432,-0.0154569408395,0,0.0123655526716,0,0,-0.0247311053432,-0.0154569408395,0,0,0,0,0,0,-0.0597036239278,0.0250128469779,0.0568417231196,0.106635167899,-0.00500469754187,0.274142793771,0.125494340222,-0.00376563359607,0.0365885168915,-0.306222696269,-0.0815872742182,-0.0351411954365,-0.380187442371,-0.0983203054458,0.00243108148147,0,0,-0.00486216296294,-0.00303885185182,0,0.00243108148147,0,0,-0.00486216296294,-0.00303885185182,0
312,FRAME,NONE,307,307,3.0699999999999998,RECOVERY,1.1000000000000014,0,0,0,0,0,-0.616278176267,0.226362154385,-0.0952697461851,0.218732961463,0.0167664135947,0.00413368546435,-0.718692955346,-0.447279288977,-0.222043061351,1.01157456977,0.587084044909,0.101022277198,0.420768924224,0.21193402784,-0.142346301235,0.0356,-0.0348,0.269292602469,-0.106342123457,-0.0378,-0.142346301235,-0.0356,0.0348,0.269292602469,-0.106342123457,0.0378,0,0,0,0,0,0.962524441487,-0.149222535057,0.0955274241766,0.923143455765,-0.0116758577488,-0.241613419686,0.786969802702,0.974659448841,0.105449572244,-1.09841273876,0.182408216101,-0.145076642582,-0.355682825479,-0.264213497558,0.0123887703753,0,0,-0.0247775407506,-0.0154859629691,0,0.0123887703753,0,0,-0.0247775407506,-0.0154859629691,0,0,0,0,0,0,-0.0692379447828,0.0291741329837,0.0555725247285,0.0815829836172,-0.00437606276093,0.279897782246,0.113154820348,-0.0255389197038,0.0416301632905,-0.285735123866,-0.0674655811099,-0.0309767447165,-0.383239089325,-0.087636177789,0.0022121481482,0,0,-0.00442429629613,-0.00276518518517,0,0.0022121481482,0,0,-0.00442429629613,-0.00276518518517,0
313,FRAME,NONE,308,308,3.0800000000000001,RECOVERY,1.1000000000000014,0,0,0,0,0,-0.606656396625,0.224871388439,-0.0943116926633,0.227968477967,0.0166494364586,0.00173154726771,-0.710817599275,-0.437534337761,-0.220986402673,1.0005765004,0.588904989553,0.0995700343097,0.41719288885,0.209287688263,-0.142222302916,0.0356,-0.0348,0.269044605832,-0.106497121355,-0.0378,-0.142222302916,-0.0356,0.0348,0.269044605832,-0.106497121355,0.0378,0,0,0,0,0,0.961784973983,-0.148910121603,0.0960766722193,0.923833450047,-0.0117165235695,-0.238785891917,0.78803959323,0.974294052332,0.105890216193,-1.10116655076,0.181804290666,-0.1453646024,-0.359528569728,-0.265036727998,0.0124097956346,0,0,-0.0248195912691,-0.0155122445432,0,0.0124097956346,0,0,-0.0248195912691,-0.0155122445432,0,0,0,0,0,0,-0.0785422996966,0.0332796337078,0.0542510675081,0.0563070778971,-0.00376695014056,0.285563884768,0.100791079494,-0.0475836482697,0.0464614914142,-0.264985148343,-0.0533195704879,-0.0265773828314,-0.38583080834,-0.0770224180197,0.00199262222222,0,0,-0.00398524444445,-0.00249077777782,0,0.00199262222222,0,0,-0.00398524444445,-0.00249077777782,0
314,FRAME,NONE,309,309,3.0899999999999999,RECOVERY,1.1000000000000014,0,0,0,0,0,-0.597042476787,0.223383951953,-0.0933482127407,0.237209630464,0.0165320831234,-0.000642032373994,-0.702932163481,-0.427794146976,-0.219925099807,0.989551934548,0.59072060203,0.098115135509,0.413578274457,0.20663364578,-0.142098105322,0.0356,-0.0348,0.268796210644,-0.106652368348,-0.0378,-0.142098105322,-0.0356,0.0348,0.268796210644,-0.106652368348,0.0378,0,0,0,0,0,0.960953595493,-0.148556942383,0.0966124455267,0.924269597323,-0.0117511967516,-0.235902141991,0.788985624292,0.97370695004,0.106378017723,-1.10371163128,0.181341741057,-0.145607459831,-0.363397816654,-0.265754211667,0.0124286228198,0,0,-0.0248572456395,-0.0155357785247,0,0.0124286228198,0,0,-0.0248572456395,-0.0155357785247,0,0,0,0,0,0,-0.0876237134334,0.0373252819749,0.0528778864612,0.0308198422781,-0.0031776424322,0.291143326952,0.0884027464143,-0.0698761276277,0.0510575149656,-0.243992037781,-0.0391986503353,-0.0219588986696,-0.387935029935,-0.0664883828332,0.00177256296287,0,0,-0.00354512592601,-0.00221570370371,0,0.00177256296287,0,0,-0.00354512592601,-0.00221570370371,0
315,FRAME,NONE,310,310,3.1000000000000001,RECOVERY,1.1000000000000014,0,0,0,0,0,-0.587437324715,0.221900249591,-0.0923794437528,0.246453869913,0.0164144125235,-0.00298649557211,-0.695037886789,-0.41806094567,-0.218858693359,0.978502971354,0.592532294022,0.0966580425128,0.409924870853,0.203972953716,-0.14197373046,0.0356,-0.0348,0.268547460919,-0.106807836925,-0.0378,-0.14197373046,-0.0356,0.0348,0.268547460919,-0.106807836925,0.0378,0,0,0,0,0,0.960032499715,-0.148163615964,0.0971342299485,0.924449846892,-0.0117800764182,-0.232963025378,0.789807648158,0.972895782916,0.106910498856,-1.10604564529,0.181020069331,-0.145803102596,-0.367285553437,-0.266366792592,0.0124452468938,0,0,-0.0248904937877,-0.0155565586173,0,0.0124452468938,0,0,-0.0248904937877,-0.0155565586173,0,0,0,0,0,0,-0.0964894396868,0.0413071349402,0.051453674911,0.00513392520662,-0.00260829169971,0.296638327039,0.0759894797592,-0.0923926661117,0.0553932476477,-0.222775060258,-0.0251522286353,-0.0171370811196,-0.389524184626,-0.0560434289246,0.00155202962961,0,0,-0.00310405925935,-0.00194003703703,0,0.00155202962961,0,0,-0.00310405925935,-0.00194003703703,0
316,FRAME,NONE,311,311,3.1099999999999999,RECOVERY,1.1000000000000014,0,0,0,0,0,-0.577841826793,0.220420679634,-0.0914055281417,0.255698627401,0.016296481595,-0.00530129288155,-0.687136010518,-0.408336985291,-0.217786749956,0.967431732347,0.59434146976,0.0951992373565,0.406232519349,0.201306656497,-0.141849200384,0.0356,-0.0348,0.268298400768,-0.10696349952,-0.0378,-0.141849200384,-0.0356,0.0348,0.268298400768,-0.10696349952,0.0378,0,0,0,0,0,0.959023806699,-0.147730799684,0.0976415190249,0.924372275827,-0.0118033625856,-0.22996937545,0.790505413887,0.971858433612,0.107484935202,-1.10816645667,0.180838284166,-0.145949583782,-0.371186493312,-0.266875404233,0.0124596634123,0,0,-0.0249193268247,-0.0155745792654,0,0.0124596634123,0,0,-0.0249193268247,-0.0155745792654,0,0,0,0,0,0,-0.105146947029,0.0452213917432,0.0499792673499,-0.0207377654287,-0.00205893259845,0.302051077884,0.0635509920555,-0.115107657943,0.0594450828561,-0.201355959236,-0.01122943184,-0.0121307100142,-0.390571404398,-0.0456952576109,0.00133108148156,0,0,-0.00266216296299,-0.00166385185182,0,0.00133108148156,0,0,-0.00266216296299,-0.00166385185182,0
317,FRAME,NONE,312,312,3.1200000000000001,RECOVERY,1.1000000000000014,0,0,0,0,0,-0.568256848581,0.218945633597,-0.0904266133723,0.26494131543,0.0161783452718,-0.0075858830811,-0.679227778512,-0.398624537054,-0.216708864562,0.956340359164,0.596149521124,0.0937392204109,0.402501115422,0.198635788937,-0.141724537191,0.0356,-0.0348,0.268049074383,-0.107119328511,-0.0378,-0.141724537191,-0.0356,0.0348,0.268049074383,-0.107119328511,0.0378,0,0,0,0,0,0.957929560774,-0.147259188129,0.0981338152955,0.924035091584,-0.0118212550702,-0.22692200382,0.791078667999,0.97059307912,0.108098393896,-1.11007219622,0.18079490861,-0.146045204096,-0.375095094868,-0.267281023953,0.0124718685235,0,0,-0.0249437370469,-0.0155898356543,0,0.0124718685235,0,0,-0.0249437370469,-0.0155898356543,0,0,0,0,0,0,-0.113603905652,0.0490644145828,0.0484556148661,-0.0467820587868,-0.00152950232925,0.30738372856,0.0510870778897,-0.137987840891,0.0631949327566,-0.179766379694,0.00252173972416,-0.00697052896384,-0.391052627105,-0.035444948695,0.0011097777778,0,0,-0.00221955555546,-0.0013872222222,0,0.0011097777778,0,0,-0.00221955555546,-0.0013872222222,0
318,FRAME,NONE,313,313,3.1299999999999999,RECOVERY,1.1000000000000014,0,0,0,0,0,-0.558683235578,0.217475495871,-0.0894428518358,0.274179329233,0.0160600564936,-0.00983973295796,-0.671314437158,-0.388925888685,-0.21562466233,0.94523101048,0.597957822834,0.092278507413,0.398730611143,0.195961376071,-0.141599763014,0.0356,-0.0348,0.267799526027,-0.107275296233,-0.0378,-0.141599763014,-0.0356,0.0348,0.267799526027,-0.107275296233,0.0378,0,0,0,0,0,0.956751728586,-0.146749511392,0.0986106313223,0.923436634651,-0.0118339526322,-0.223821700879,0.791527155445,0.969098243411,0.108747771545,-1.11176132974,0.180887987814,-0.14608859411,-0.379005581329,-0.267584627497,0.0124818589679,0,0,-0.0249637179358,-0.0156023237099,0,0.0124818589679,0,0,-0.0249637179358,-0.0156023237099,0,0,0,0,0,0,-0.121868175063,0.0528327539713,0.0468837514882,-0.0729855165335,-0.00101986881358,0.312638365628,0.0385976471287,-0.160998038615,0.0666260892077,-0.158040441994,0.0160535672615,-0.00169027252331,-0.390944492066,-0.0252919266019,0.000888177777783,0,0,-0.00177635555543,-0.00111022222221,0,0.000888177777783,0,0,-0.00177635555543,-0.00111022222221,0
319,FRAME,NONE,314,314,3.1400000000000001,RECOVERY,1.1000000000000014,0,0,0,0,0,-0.549121814009,0.216010643369,-0.0884544007458,0.283410048123,0.0159416662192,-0.0120623170987,-0.663397235403,-0.37924334091,-0.214533800284,0.934105858604,0.599767727675,0.0908176261075,0.394921017521,0.193284433207,-0.141474900012,0.0356,-0.0348,0.267549800024,-0.107431374985,-0.0378,-0.141474900012,-0.0356,0.0348,0.267549800024,-0.107431374985,0.0378,0,0,0,0,0,0.955492197273,-0.14620253305,0.0990714903253,0.922575381253,-0.0118416524464,-0.220669236508,0.791850620942,0.967372802219,0.109429797675,-1.11323266426,0.181115089746,-0.146078721744,-0.382911942314,-0.267787184855,0.012489632079,0,0,-0.024979264158,-0.0156120400988,0,0.012489632079,0,0,-0.024979264158,-0.0156120400988,0,0,0,0,0,0,-0.129947792762,0.0565231788963,0.0452647495607,-0.0993344273983,-0.000529868729024,0.317816994149,0.0260827641274,-0.18410307477,0.0697218440677,-0.136212266494,0.0293183319768,0.00367632475252,-0.390223638602,-0.0152356157561,0.000666340740779,0,0,-0.00133268148142,-0.000832925925939,0,0.000666340740779,0,0,-0.00133268148142,-0.000832925925939,0
320,FRAME,NONE,315,315,3.1499999999999999,RECOVERY,1.1000000000000014,0,0,0,0,0,-0.539573391632,0.21455144521,-0.0874614220293,0.292630836858,0.0158232234447,-0.0142531176881,-0.655477424739,-0.369579203941,-0.213435968985,0.922967086081,0.601580561732,0.0893571128854,0.391072406829,0.190605965975,-0.141349970372,0.0356,-0.0348,0.267299940744,-0.107587537035,-0.0378,-0.141349970372,-0.0356,0.0348,0.267299940744,-0.107587537035,0.0378,0,0,0,0,0,0.954152772731,-0.145619047814,0.0995159263135,0.921449946103,-0.0118445500068,-0.217465360996,0.792048810728,0.965415982341,0.11014103622,-1.1144853421,0.181473307478,-0.14601488591,-0.386807937251,-0.267889662878,0.0124951857827,0,0,-0.0249903715654,-0.0156189822284,0,0.0124951857827,0,0,-0.0249903715654,-0.0156189822284,0,0,0,0,0,0,-0.13785096393,0.0601327126551,0.0435996622476,-0.12581480043,-5.93572084366e-05,0.32292151817,0.0135426937806,-0.207268053511,0.0724660860435,-0.11431360722,0.042269233496,0.00909806851741,-0.388868071555,-0.00527648617611,0.000444325925844,0,0,-0.000888651851966,-0.000555407407461,0,0.000444325925844,0,0,-0.000888651851966,-0.000555407407461,0
321,FRAME,NONE,316,316,3.1600000000000001,RECOVERY,1.1000000000000014,0,0,0,0,0,-0.530038758554,0.213098262413,-0.0864640822195,0.301839047045,0.0157047752191,-0.0164116243186,-0.647556259188,-0.359935793995,-0.212330894121,0.911816882598,0.603397619736,0.0878975097545,0.387184914757,0.187926970245,-0.141224996296,0.0356,-0.0348,0.267049992593,-0.10774375463,-0.0378,-0.141224996296,-0.0356,0.0348,0.267049992593,-0.10774375463,0.0378,0,0,0,0,0,0.952735177994,-0.144999878797,0.0999434835703,0.920059085244,-0.0118428395906,-0.214210806144,0.792121474817,0.96322735392,0.11087790194,-1.11551877576,0.181959284449,-0.145896646663,-0.390687132923,-0.267893054025,0.0124985185975,0,0,-0.0249970371951,-0.0156231482469,0,0.0124985185975,0,0,-0.0249970371951,-0.0156231482469,0,0,0,0,0,0,-0.145586052294,0.0636586749997,0.0418894512859,-0.152412357066,0.000391729021699,0.327953720921,0.000977955147141,-0.230459200972,0.0748450912358,-0.0923667528484,0.0548631451338,0.0145539252598,-0.386861257857,0.00458080974522,0.000222192592519,0,0,-0.000444385185316,-0.000277740740753,0,0.000222192592519,0,0,-0.000444385185316,-0.000277740740753,0
322,FRAME,NONE,317,317,3.1699999999999999,RECOVERY,1.1000000000000014,0,0,0,0,0,-0.520518688072,0.211651447634,-0.0854625523579,0.311032018563,0.0155863666528,-0.018537333811,-0.639634995243,-0.350315429909,-0.211218337901,0.900657442676,0.605220160728,0.0864393621463,0.383258742112,0.185248431701,-0.1411,0.0356,-0.0348,0.2668,-0.1079,-0.0378,-0.1411,-0.0356,0.0348,0.2668,-0.1079,0.0378,0,0,0,0,0,0.951241051685,-0.144345874314,0.100353715339,0.918401698962,-0.0118367154263,-0.210906286577,0.792068369831,0.960806822737,0.111636676831,-1.11633258291,0.18256923972,-0.14572375534,-0.394542941027,-0.267798405122,0.0124996296346,0,0,-0.0249992592691,-0.0156245370432,0,0.0124996296346,0,0,-0.0249992592691,-0.0156245370432,0,0,0,0,0,0,-0.153161571947,0.0670987309894,0.0401348984137,-0.179112522147,0.000823293565383,0.332915244703,-0.0116106169179,-0.25364302378,0.0768457325938,-0.0703916257203,0.0670578586257,0.0200254016768,-0.384188029966,0.0143305740213,6.93889390391e-14,0,0,1.38777878078e-13,3.46944695195e-14,0,6.93889390391e-14,0,0,1.38777878078e-13,3.46944695195e-14,0
323,FRAME,NONE,318,318,3.1800000000000002,RECOVERY,1.1000000000000014,0,0,0,0,0,-0.511013937521,0.210211344927,-0.0844570079128,0.320207081024,0.0154680409105,-0.0206297500501,-0.631714891792,-0.340720429785,-0.21009810037,0.889490963661,0.607049403828,0.0849832170543,0.379294156345,0.18257132527,-0.140975003704,0.0356,-0.0348,0.266550007407,-0.10805624537,-0.0378,-0.140975003704,-0.0356,0.0348,0.266550007407,-0.10805624537,0.0378,0,0,0,0,0,0.949671946555,-0.143657904177,0.100746181539,0.916476834801,-0.0118263737193,-0.20755250125,0.791889262479,0.958154629505,0.112413511622,-1.11692658044,0.183298970267,-0.145496148209,-0.398368621583,-0.267606819976,0.0124985185975,0,0,-0.0249970371951,-0.0156231482469,0,0.0124985185975,0,0,-0.0249970371951,-0.0156231482469,0,0,0,0,0,0,-0.160586180188,0.0704509464081,0.0383364995159,-0.205900413469,0.0012349864285,0.337807570185,-0.0242218022309,-0.276786028565,0.0784548830666,-0.0484081481767,0.0788111657079,0.0254940044655,-0.380833220334,0.0239671086657,-0.000222192592519,0,0,0.000444385185316,0.000277740740753,0,-0.000222192592519,0,0,0.000444385185316,0.000277740740753,0
324,FRAME,NONE,319,319,3.1899999999999999,RECOVERY,1.1000000000000014,0,0,0,0,0,-0.501525249141,0.208778289551,-0.0834476287271,0.329361555259,0.0153498391785,-0.022688383836,-0.623797209993,-0.331153107648,-0.20897002072,0.87831964375,0.608886524021,0.083529621201,0.375291493053,0.179896614553,-0.140850029628,0.0356,-0.0348,0.266300059256,-0.108212462965,-0.0378,-0.140850029628,-0.0356,0.0348,0.266300059256,-0.108212462965,0.0378,0,0,0,0,0,0.948029328082,-0.142936855386,0.10112044533,0.914283690693,-0.0118120156977,-0.204150135174,0.791583933786,0.955271347964,0.113204427084,-1.1173007768,0.184143854278,-0.145213938286,-0.402157286829,-0.267319462656,0.0124951857827,0,0,-0.0249903715654,-0.0156189822284,0,0.0124951857827,0,0,-0.0249903715654,-0.0156189822284,0,0,0,0,0,0,-0.170609299766,0.101963381695,-0.00991817192684,-0.230861917678,-0.0398586675629,0.341656802777,-0.0031821978308,-0.29985548442,0.0796599425333,-0.0264331853794,0.0900821752669,0.0309445152746,-0.376783218306,0.0334834028841,-0.000444325925913,0,0,0.000888651851688,0.000555407407392,0,-0.000444325925913,0,0,0.000888651851688,0.000555407407392,0
325,FRAME,NONE,320,320,3.2000000000000002,RECOVERY,1.1000000000000014,0,0,0,0,0,-0.492053350959,0.207352607819,-0.0824345990062,0.338492754838,0.0152318005966,-0.0247127527536,-0.615883213116,-0.321615770199,-0.207833978531,0.867145680411,0.610732648116,0.0820791196309,0.371251157295,0.177225251071,-0.140725099988,0.0356,-0.0348,0.266050199976,-0.108368625015,-0.0378,-0.140725099988,-0.0356,0.0348,0.266050199976,-0.108368625015,0.0378,0,0,0,0,0,0.94625976056,-0.141618636543,0.1005478181,0.911859596448,-0.0126235470705,-0.200719365195,0.791825618522,0.952157863916,0.114005328528,-1.11745528798,0.185098887372,-0.144877325272,-0.405901944031,-0.266937593593,0.012489632079,0,0,-0.024979264158,-0.0156120400988,0,0.012489632079,0,0,-0.024979264158,-0.0156120400988,0,0,0,0,0,0,-0.177514227874,0.102679627644,-0.00813480241373,-0.257904102398,-0.036227342881,0.346476105657,-0.018756346096,-0.322821710291,0.0804504185924,-0.00447137377154,0.100835264793,0.0363748155594,-0.372030640773,0.0428671946519,-0.000666340740779,0,0,0.00133268148142,0.000832925925939,0,-0.000666340740779,0,0,0.00133268148142,0.000832925925939,0
326,FRAME,NONE,321,321,3.21,RECOVERY,1.1000000000000014,0,0,0,0,0,-0.48260005393,0.20594591682,-0.0814366723651,0.347598747188,0.015097368237,-0.0267027711399,-0.607960697623,-0.31211071382,-0.206689894838,0.855971269811,0.612588851135,0.0806322553836,0.367173624376,0.174558173092,-0.140600236986,0.0356,-0.0348,0.265800473973,-0.108524703767,-0.0378,-0.140600236986,-0.0356,0.0348,0.265800473973,-0.108524703767,0.0378,0,0,0,0,0,0.944479043524,-0.140883262833,0.100957749281,0.909125608645,-0.0125365625554,-0.19722061306,0.791208806864,0.948815354254,0.114812020293,-1.11739025338,0.186158718823,-0.144486505489,-0.409595538305,-0.266462605687,0.0124818589679,0,0,-0.0249637179358,-0.0156023237099,0,0.0124818589679,0,0,-0.0249637179358,-0.0156023237099,0,0,0,0,0,0,-0.178822865938,0.0469330069799,0.0862819982519,-0.288791835674,0.0502218814033,0.353183273008,-0.10154090305,-0.345655787589,0.0808163457726,0.0174757073821,0.111036128927,0.0417860617271,-0.366569661516,0.052104909137,-0.000888177777852,0,0,0.00177635555557,0.00111022222221,0,-0.000888177777852,0,0,0.00177635555557,0.00111022222221,0
327,FRAME,NONE,322,322,3.2200000000000002,RECOVERY,1.1000000000000014,0,0,0,0,0,-0.473163770089,0.204534942563,-0.0804154440205,0.356675267011,0.0149810693455,-0.0286571650148,-0.600059036978,-0.302640221678,-0.205537733131,0.844798606647,0.614456152879,0.0791895695932,0.363059440443,0.171896304273,-0.140475462809,0.0356,-0.0348,0.265550925617,-0.108680671489,-0.0378,-0.140475462809,-0.0356,0.0348,0.265550925617,-0.108680671489,0.0378,0,0,0,0,0,0.942683303241,-0.140679976403,0.102273458065,0.906083759734,-0.0116191094425,-0.193655699735,0.789794800461,0.945245285055,0.115620207062,-1.1171058282,0.187317654848,-0.144041663696,-0.413230956502,-0.265896027584,0.0124718685235,0,0,-0.0249437370469,-0.0155898356543,0,0.0124718685235,0,0,-0.0249437370469,-0.0155898356543,0,0,0,0,0,0,-0.185997054651,0.0526238733559,0.080354668783,-0.315659490881,0.0470357576449,0.357753012605,-0.111010841904,-0.368328797723,0.0807477586023,0.0394064788178,0.120650462309,0.0471794101847,-0.360394454314,0.0611829715071,-0.0011097777778,0,0,0.0022195555556,0.0013872222222,0,-0.0011097777778,0,0,0.0022195555556,0.0013872222222,0
328,FRAME,NONE,323,323,3.23,RECOVERY,1.1000000000000014,0,0,0,0,0,-0.463746387865,0.203132317292,-0.0793912032038,0.365720422383,0.0148649860482,-0.0305758851346,-0.592164801614,-0.293206560832,-0.204377500345,0.833629883981,0.616335514503,0.0777516016031,0.358909223057,0.169240552311,-0.140350799616,0.0356,-0.0348,0.265301599232,-0.10883650048,-0.0378,-0.140350799616,-0.0356,0.0348,0.265301599232,-0.10883650048,0.0378,0,0,0,0,0,0.940759102431,-0.139830785366,0.102564842657,0.902812418827,-0.0115958474025,-0.190065552808,0.788988590026,0.941449411708,0.116425497426,-1.11660218367,0.188569662289,-0.143542973763,-0.416801030647,-0.265239522353,0.0124596634123,0,0,-0.0249193268247,-0.0155745792654,0,0.0124596634123,0,0,-0.0249193268247,-0.0155745792654,0,0,0,0,0,0,-0.19579906132,0.0863266294295,0.028138852993,-0.340622919442,0.00248819795757,0.361276133772,-0.0869900653724,-0.390811772798,0.080236115994,0.0613192650785,0.129645429018,0.0525557479903,-0.353500567476,0.0700883378259,-0.00133108148143,0,0,0.00266216296313,0.00166385185192,0,-0.00133108148143,0,0,0.00266216296313,0.00166385185192,0
329,FRAME,NONE,324,324,3.2400000000000002,RECOVERY,1.1000000000000014,0,0,0,0,0,-0.45434858804,0.201738326855,-0.0783641471674,0.374731515387,0.0147491523974,-0.032458476071,-0.584279265178,-0.283811979337,-0.203209247663,0.822467293074,0.618227835284,0.0763188890443,0.354723661596,0.166591807652,-0.14022626954,0.0356,-0.0348,0.265052539081,-0.108992163075,-0.0378,-0.14022626954,-0.0356,0.0348,0.265052539081,-0.108992163075,0.0378,0,0,0,0,0,0.938767322015,-0.138953443815,0.102836235125,0.899271301346,-0.0115693454833,-0.186430177059,0.788054999154,0.937429780266,0.117223443052,-1.11587950972,0.189908409013,-0.142990606073,-0.420298575741,-0.264494872882,0.0124452468938,0,0,-0.0248904937877,-0.0155565586173,0,0.0124452468938,0,0,-0.0248904937877,-0.0155565586173,0,0,0,0,0,0,-0.20250959533,0.0890990557042,0.0261113134427,-0.367594755412,0.00279398700686,0.365767623784,-0.0997279498985,-0.413075547689,0.079278574396,0.0832120059396,0.137994070884,0.0579148848059,-0.345889047424,0.0788100877412,-0.00155202962961,0,0,0.00310405925921,0.00194003703706,0,-0.00155202962961,0,0,0.00310405925921,0.00194003703706,0
330,FRAME,NONE,325,325,3.25,RECOVERY,1.1000000000000014,0,0,0,0,0,-0.444971041425,0.200353248415,-0.0773344785013,0.38370584841,0.0146335991385,-0.0343044886758,-0.576403701631,-0.274458703326,-0.202033070852,0.811313023183,0.620133949873,0.0748919678269,0.35050351719,0.163950942385,-0.140101894678,0.0356,-0.0348,0.264803789356,-0.109147631652,-0.0378,-0.140101894678,-0.0356,0.0348,0.264803789356,-0.109147631652,0.0378,0,0,0,0,0,0.936708910524,-0.138048804252,0.103087068926,0.895460523719,-0.0115399676623,-0.182750200333,0.786994031028,0.933188728803,0.118009577854,-1.11493801756,0.191327304328,-0.142384734935,-0.423716427555,-0.263663967284,0.0124286228198,0,0,-0.0248572456395,-0.0155357785247,0,0.0124286228198,0,0,-0.0248572456395,-0.0155357785247,0,0,0,0,0,0,-0.208950915765,0.0898763117368,0.0273321246364,-0.394686085777,0.00602578510772,0.370269443858,-0.114741489125,-0.435090907965,0.0778737146405,0.105082544983,0.145670899171,0.0632563609447,-0.337562315106,0.0873378317966,-0.00177256296301,0,0,0.00354512592574,0.0022157037036,0,-0.00177256296301,0,0,0.00354512592574,0.0022157037036,0
331,FRAME,NONE,326,326,3.2599999999999998,RECOVERY,1.1000000000000014,0,0,0,0,0,-0.43561440983,0.19897735077,-0.0763024057889,0.392640725862,0.0145183530442,-0.0361134800776,-0.568539384557,-0.265148934092,-0.200849110408,0.800169261343,0.622054625742,0.0734713720946,0.346249622492,0.161318809198,-0.139977697084,0.0356,-0.0348,0.264555394168,-0.109302878645,-0.0378,-0.139977697084,-0.0356,0.0348,0.264555394168,-0.109302878645,0.0378,0,0,0,0,0,0.934588303699,-0.13715591758,0.103382877618,0.89137757963,-0.0114488297812,-0.179024788182,0.785760169372,0.928728887537,0.118779421554,-1.11377794001,0.192819502655,-0.141725539255,-0.427047446072,-0.262748797564,0.0124097956346,0,0,-0.0248195912691,-0.0155122445432,0,0.0124097956346,0,0,-0.0248195912691,-0.0155122445432,0,0,0,0,0,0,-0.215243217301,0.0897929396793,0.029906827113,-0.421797090122,0.0104884450046,0.374738771146,-0.130674769898,-0.456828639195,0.0760201175597,0.126928725792,0.152650425148,0.0685797167196,-0.328522791472,0.0956611805357,-0.00199262222222,0,0,0.00398524444445,0.00249077777778,0,-0.00199262222222,0,0,0.00398524444445,0.00249077777778,0
332,FRAME,NONE,327,327,3.27,RECOVERY,1.1000000000000014,0,0,0,0,0,-0.426279275351,0.197610130064,-0.075266820949,0.401533400002,0.0144046225429,-0.0378849844394,-0.560688498243,-0.255884845164,-0.199657551694,0.789038192145,0.623990560638,0.0720576341679,0.341962881428,0.158696240347,-0.139853698765,0.0356,-0.0348,0.264307397531,-0.109457876543,-0.0378,-0.139853698765,-0.0356,0.0348,0.264307397531,-0.109457876543,0.0378,0,0,0,0,0,0.932404046178,-0.136252945458,0.103685205468,0.887024581916,-0.0113301987622,-0.17525542491,0.78438053563,0.924053179492,0.119528484557,-1.11239953624,0.194377907446,-0.141013208158,-0.430284518553,-0.26175145577,0.0123887703753,0,0,-0.0247775407506,-0.0154859629691,0,0.0123887703753,0,0,-0.0247775407506,-0.0154859629691,0,0,0,0,0,0,-0.221882838156,0.0940275588262,0.0248669345347,-0.448527775864,0.00814127883417,0.378975366601,-0.141349319423,-0.478259262628,0.0737183135547,0.148746465927,0.15890872752,0.0738822428518,-0.318774125333,0.103771285462,-0.00221214814806,0,0,0.00442429629641,0.00276518518524,0,-0.00221214814806,0,0,0.00442429629641,0.00276518518524,0
333,FRAME,NONE,328,328,3.2799999999999998,RECOVERY,1.1000000000000014,0,0,0,0,0,-0.416966328906,0.196252291861,-0.0742287016795,0.4103812175,0.0142917490689,-0.0396185885758,-0.552851773845,-0.246668579349,-0.198458624815,0.777921997259,0.625942380249,0.0706512841943,0.337644268791,0.156084046825,-0.139729921676,0.0356,-0.0348,0.264059843353,-0.109612597904,-0.0378,-0.139729921676,-0.0356,0.0348,0.264059843353,-0.109612597904,0.0378,0,0,0,0,0,0.930150646936,-0.135275366403,0.103880216308,0.882407024113,-0.0112860042045,-0.17144528085,0.782933182983,0.919164827764,0.120252321564,-1.11080314478,0.195995214288,-0.140248002856,-0.433420593304,-0.260674091617,0.0123655526716,0,0,-0.0247311053432,-0.0154569408395,0,0.0123655526716,0,0,-0.0247311053432,-0.0154569408395,0,0,0,0,0,0,-0.22866042198,0.100330335973,0.0159387351236,-0.475017989346,0.00231469079446,0.383060263868,-0.14944464385,-0.499352242229,0.0709766313018,0.170523978857,0.164428154745,0.0791522316939,-0.308324876944,0.111665461918,-0.00243108148154,0,0,0.00486216296294,0.00303885185182,0,-0.00243108148154,0,0,0.00486216296294,0.00303885185182,0
334,FRAME,NONE,329,329,3.29,RECOVERY,1.1000000000000014,0,0,0,0,0,-0.407676262412,0.194904622736,-0.0731892166228,0.419181540484,0.0141789024588,-0.0413138900564,-0.545029834584,-0.237502245687,-0.197252603852,0.766822854321,0.627910636384,0.0692528490564,0.333294829422,0.15348301804,-0.139606387712,0.0356,-0.0348,0.263812775424,-0.10976701536,-0.0378,-0.139606387712,-0.0356,0.0348,0.263812775424,-0.10976701536,0.0378,0,0,0,0,0,0.927830837739,-0.134246338739,0.10400398017,0.87752422213,-0.0112839049464,-0.167594219632,0.781391642753,0.914067362794,0.120946585183,-1.10898923647,0.19766395401,-0.139430318506,-0.436448713444,-0.259518870106,0.0123401487457,0,0,-0.0246802974914,-0.0154251859321,0,0.0123401487457,0,0,-0.0246802974914,-0.0154251859321,0,0,0,0,0,0,-0.235151862665,0.104089435771,0.0110855929638,-0.501586167113,0.00014510671221,0.387168203757,-0.160457243341,-0.520076777645,0.0678053490466,0.192247552028,0.169192622722,0.0843757260065,-0.29718483442,0.119342566205,-0.00264936296304,0,0,0.00529872592595,0.00331170370373,0,-0.00264936296304,0,0,0.00529872592595,0.00331170370373,0
335,FRAME,NONE,330,330,3.2999999999999998,RECOVERY,1.1000000000000014,0,0,0,0,0,-0.398409712151,0.193567365086,-0.0721486220761,0.427931701943,0.01406607097,-0.0429704729685,-0.53722394099,-0.228387916377,-0.196039805849,0.755742935574,0.629895805357,0.0678628509874,0.328915677245,0.150893921694,-0.139483118702,0.0356,-0.0348,0.263566237403,-0.109921101623,-0.0378,-0.139483118702,-0.0356,0.0348,0.263566237403,-0.109921101623,0.0378,0,0,0,0,0,0.925447609683,-0.133193577688,0.104101928168,0.87237530077,-0.0112831020702,-0.163701916775,0.779724038116,0.908764623026,0.121607030806,-1.10695841925,0.199376496598,-0.138560689842,-0.439362019972,-0.258287967679,0.0123125654123,0,0,-0.0246251308247,-0.0153907067654,0,0.0123125654123,0,0,-0.0246251308247,-0.0153907067654,0,0,0,0,0,0,-0.241475149524,0.106412059712,0.00848594973044,-0.528135093497,3.56016043902e-06,0.391256890786,-0.173064252193,-0.540402068521,0.0642147450341,0.21390347289,0.173186047348,0.0895387685503,-0.285363785878,0.126801454627,-0.00286693333323,0,0,0.00573386666661,0.00358366666665,0,-0.00286693333323,0,0,0.00573386666661,0.00358366666665,0
336,FRAME,NONE,331,331,3.3100000000000001,RECOVERY,1.1000000000000014,0,0,0,0,0,-0.389167310218,0.192240751182,-0.0711071780594,0.4366290465,0.0139532404174,-0.0445879283919,-0.529435353821,-0.219327623688,-0.194820589769,0.744684406482,0.631898286382,0.0664818061587,0.324507994277,0.148317503675,-0.139360136404,0.0356,-0.0348,0.263320272808,-0.110074829495,-0.0378,-0.139360136404,-0.0356,0.0348,0.263320272808,-0.110074829495,0.0378,0,0,0,0,0,0.923001334748,-0.132118097545,0.104173699165,0.86696152026,-0.0112838337431,-0.159769081817,0.777930357709,0.90326075523,0.122229522166,-1.10471144567,0.201125055186,-0.137639799387,-0.44215375447,-0.256983567117,0.012282810079,0,0,-0.024565620158,-0.0153535125988,0,0.012282810079,0,0,-0.024565620158,-0.0153535125988,0,0,0,0,0,0,-0.247765912604,0.10863316249,0.00585132135883,-0.554548254522,-0.000161177995824,0.395273503396,-0.185671213231,-0.560297185352,0.0602173215819,0.235475051203,0.176393939305,0.0946241134958,-0.272872599814,0.134043021541,-0.00308373333327,0,0,0.00616746666654,0.00385466666659,0,-0.00308373333327,0,0,0.00616746666654,0.00385466666659,0
337,FRAME,NONE,332,332,3.3199999999999998,RECOVERY,1.1000000000000014,0,0,0,0,0,-0.379949685456,0.190925003135,-0.0700651480928,0.445270932348,0.0138403942951,-0.0461658546048,-0.521665333836,-0.210323356872,-0.193595355169,0.733649423954,0.633918400188,0.0651102228406,0.320073029507,0.145754488223,-0.1392374625,0.0356,-0.0348,0.263074925,-0.110228171875,-0.0378,-0.1392374625,-0.0356,0.0348,0.263074925,-0.110228171875,0.0378,0,0,0,0,0,0.920492291431,-0.131020914438,0.104218954595,0.86128433568,-0.0112863256302,-0.155796446707,0.776010613852,0.897560218053,0.122810092501,-1.1022492947,0.202901729908,-0.136668567898,-0.44481728881,-0.255607801498,0.0122508907457,0,0,-0.0245017814914,-0.0153136134321,0,0.0122508907457,0,0,-0.0245017814914,-0.0153136134321,0,0,0,0,0,0,-0.254033501894,0.11075264576,0.00318399582557,-0.580805969373,-0.000347824851352,0.399215609659,-0.198275681423,-0.579730682032,0.0558344772955,0.256933685986,0.178808188414,0.0996013606541,-0.259726466244,0.141076313535,-0.00329970370375,0,0,0.00659940740763,0.00412462962968,0,-0.00329970370375,0,0,0.00659940740763,0.00412462962968,0
338,FRAME,NONE,333,333,3.3300000000000001,RECOVERY,1.1000000000000014,0,0,0,0,0,-0.37075746439,0.189620332893,-0.0690227989675,0.453854733213,0.0137275139048,-0.0477038573261,-0.513915141544,-0.201377059013,-0.192364540136,0.72264013359,0.635956388145,0.0637485984769,0.315612097413,0.143205578759,-0.139115118589,0.0356,-0.0348,0.262830237178,-0.110381101764,-0.0378,-0.139115118589,-0.0356,0.0348,0.262830237178,-0.110381101764,0.0378,0,0,0,0,0,0.91792066471,-0.129903044629,0.104237379082,0.855345400872,-0.0112907902402,-0.151784769623,0.773964844081,0.891667785574,0.123345005718,-1.09957325369,0.20469855176,-0.135648244796,-0.447346154871,-0.254162698147,0.0122168160049,0,0,-0.0244336320099,-0.0152710200062,0,0.0122168160049,0,0,-0.0244336320099,-0.0152710200062,0,0,0,0,0,0,-0.260287267209,0.112770580417,0.000486321461018,-0.606888165901,-0.000555034269018,0.403080390784,-0.210875058361,-0.598670983305,0.0510898348526,0.278247798574,0.180422279277,0.104436821246,-0.245941655563,0.147912415252,-0.00351478518526,0,0,0.00702957037038,0.00439348148154,0,-0.00351478518526,0,0,0.00702957037038,0.00439348148154,0
339,FRAME,NONE,334,334,3.3399999999999999,RECOVERY,1.1000000000000014,0,0,0,0,0,-0.361591272162,0.188326942243,-0.0679804005112,0.462377840365,0.0136145784903,-0.0492015499973,-0.506186036954,-0.19249062388,-0.191128618938,0.711658666539,0.638012411607,0.0623974163331,0.31112657634,0.140671458985,-0.13899312618,0.0356,-0.0348,0.26258625236,-0.110533592275,-0.0378,-0.13899312618,-0.0356,0.0348,0.26258625236,-0.110533592275,0.0378,0,0,0,0,0,0.915286546087,-0.12876550283,0.104228681024,0.849146572362,-0.0112974263155,-0.147734838891,0.771793112684,0.885588547622,0.123830761947,-1.09668492574,0.206507486581,-0.134580416391,-0.449734047233,-0.252650173545,0.012180595042,0,0,-0.024361190084,-0.0152257438025,0,0.012180595042,0,0,-0.024361190084,-0.0152257438025,0,0,0,0,0,0,-0.266536551367,0.114687204169,-0.0022392976709,-0.632774378326,-0.000781401366624,0.406864631513,-0.223466593029,-0.617086513914,0.0460070169312,0.299385810299,0.181229696499,0.109096806492,-0.231534438166,0.154562411335,-0.00372891851855,0,0,0.00745783703682,0.00466114814811,0,-0.00372891851855,0,0,0.00745783703682,0.00466114814811,0
340,FRAME,NONE,335,335,3.3500000000000001,RECOVERY,1.1000000000000014,0,0,0,0,0,-0.352451733468,0.187045022837,-0.0669382253471,0.470837664661,0.0135015653785,-0.0506585541039,-0.498479279291,-0.183665892777,-0.189888099665,0.70070713637,0.640086551272,0.061057142163,0.306617906867,0.138152793978,-0.138871506688,0.0356,-0.0348,0.262343013376,-0.11068561664,-0.0378,-0.138871506688,-0.0356,0.0348,0.262343013376,-0.11068561664,0.0378,0,0,0,0,0,0.912589933683,-0.127609300546,0.104192593128,0.842689913306,-0.0113064182675,-0.143647476993,0.76949551222,0.879327902667,0.124264094504,-1.09358621319,0.208320439969,-0.133466987806,-0.451974826899,-0.251072041191,0.0121422376346,0,0,-0.0242844752691,-0.0151777970432,0,0.0121422376346,0,0,-0.0242844752691,-0.0151777970432,0,0,0,0,0,0,-0.272790683019,0.116502918769,-0.00499040633116,-0.658443746232,-0.00102546708223,0.410564711633,-0.236047383018,-0.634948544406,0.0406084290581,0.32032276558,0.181225888499,0.113554857128,-0.216522571892,0.161034239456,-0.00394204444441,0,0,0.0078840888891,0.00492755555557,0,-0.00394204444441,0,0,0.0078840888891,0.00492755555557,0
341,FRAME,NONE,336,336,3.3599999999999999,RECOVERY,1.1000000000000014,0,0,0,0,0,-0.343339473488,0.185774756232,-0.0658965486486,0.479231638631,0.013388450125,-0.0520744995371,-0.49079612671,-0.17490465177,-0.188643522034,0.689787636816,0.642178806794,0.0597282218164,0.302087589978,0.135650230872,-0.138750281427,0.0356,-0.0348,0.262100562854,-0.110837148216,-0.0378,-0.138750281427,-0.0356,0.0348,0.262100562854,-0.110837148216,0.0378,0,0,0,0,0,0.909830732426,-0.126435444455,0.104128872897,0.835977697437,-0.0113179356572,-0.139523544659,0.767072165024,0.872891479556,0.124641936418,-1.09027913549,0.21012931128,-0.132309984167,-0.454062562199,-0.24943009815,0.0121017541531,0,0,-0.0242035083062,-0.0151271926914,0,0.0121017541531,0,0,-0.0242035083062,-0.0151271926914,0,0,0,0,0,0,-0.279058969058,0.118218286912,-0.00776450260934,-0.683875015503,-0.00128572281104,0.414176599082,-0.248614376209,-0.65223972853,0.0349116081579,0.34106020117,0.180414158961,0.117813431956,-0.200929764342,0.167323249386,-0.00415410370366,0,0,0.0083082074076,0.00519262962965,0,-0.00415410370366,0,0,0.0083082074076,0.00519262962965,0
342,FRAME,NONE,337,337,3.3700000000000001,RECOVERY,1.1000000000000014,0,0,0,0,0,-0.33425511882,0.184516313947,-0.0648556478891,0.487557218609,0.0132752066654,-0.0534490249971,-0.48313783599,-0.166208629859,-0.187395455593,0.678902241687,0.644289097042,0.0584110812314,0.297537184744,0.133164398503,-0.138629471605,0.0356,-0.0348,0.26185894321,-0.110988160494,-0.0378,-0.138629471605,-0.0356,0.0348,0.26185894321,-0.110988160494,0.0378,0,0,0,0,0,0.907008754302,-0.125244934808,0.104037303076,0.829012412996,-0.0113321327237,-0.135363945012,0.764523224696,0.866285059253,0.124961386956,-1.08676564703,0.211926047635,-0.131111351792,-0.455991569698,-0.247726211588,0.0120591555605,0,0,-0.024118311121,-0.0150739444506,0,0.0120591555605,0,0,-0.024118311121,-0.0150739444506,0,0,0,0,0,0,-0.285350686725,0.119834028878,-0.0105590423453,-0.709046541172,-0.00156061511264,0.417695844634,-0.261164372976,-0.668945565842,0.0289328740044,0.361606276906,0.178799775384,0.121882219288,-0.184781210564,0.173421643926,-0.00436503703703,0,0,0.00873007407379,0.00545629629624,0,-0.00436503703703,0,0,0.00873007407379,0.00545629629624,0
343,FRAME,NONE,338,338,3.3799999999999999,RECOVERY,1.1000000000000014,0,0,0,0,0,-0.325199298402,0.183269857536,-0.0638158025871,0.495811886891,0.0131618074705,-0.0547817784374,-0.475505662216,-0.157579497505,-0.186144498076,0.66805300566,0.646417260623,0.0571061273675,0.29296830581,0.130695906644,-0.138509098316,0.0356,-0.0348,0.261618196632,-0.111138627105,-0.0378,-0.138509098316,-0.0356,0.0348,0.261618196632,-0.111138627105,0.0378,0,0,0,0,0,0.904123718692,-0.124038763877,0.10391769205,0.821796766614,-0.0113491479594,-0.131169627766,0.761848877565,0.85951456773,0.125219708586,-1.08304762062,0.213702648832,-0.129872940112,-0.457756417907,-0.245962326646,0.0120144534123,0,0,-0.0240289068247,-0.0150180667654,0,0.0120144534123,0,0,-0.0240289068247,-0.0150180667654,0,0,0,0,0,0,-0.291675075216,0.121351018832,-0.0133714434743,-0.733936292223,-0.00184855044604,0.421117578096,-0.27369402882,-0.685051555893,0.0226885463713,0.381969152627,0.176388005266,0.125770907441,-0.168102105602,0.179321625875,-0.00457478518519,0,0,0.0091495703701,0.0057184814815,0,-0.00457478518519,0,0,0.0091495703701,0.0057184814815,0
344,FRAME,NONE,339,339,3.3900000000000001,RECOVERY,1.1000000000000014,0,0,0,0,0,-0.316172644446,0.18203553867,-0.0627772940481,0.503993153942,0.0130482237062,-0.0560724175524,-0.467900858439,-0.149018865197,-0.184891273785,0.657241965103,0.648563056413,0.0558137491907,0.288382620871,0.128245345223,-0.138389182537,0.0356,-0.0348,0.261378365073,-0.111288521829,-0.0378,-0.138389182537,-0.0356,0.0348,0.261378365073,-0.111288521829,0.0378,0,0,0,0,0,0.901175252798,-0.122817914431,0.103769874207,0.814333687151,-0.0113691037326,-0.12694159345,0.75904934412,0.852586071156,0.125414326081,-1.07912684001,0.215451171727,-0.128596493439,-0.459351929932,-0.244140469526,0.0119676598568,0,0,-0.0239353197136,-0.014959574821,0,0.0119676598568,0,0,-0.0239353197136,-0.014959574821,0,0,0,0,0,0,-0.298041326542,0.122770280847,-0.0161990902913,-0.758521859111,-0.0021478999531,0.424436506588,-0.286199857392,-0.700545120177,0.0161945888782,0.402159964387,0.173185869503,0.129492480736,-0.150918701514,0.185014162031,-0.00478328888887,0,0,0.00956657777801,0.00597911111119,0,-0.00478328888887,0,0,0.00956657777801,0.00597911111119,0
345,FRAME,NONE,340,340,3.3999999999999999,RECOVERY,1.1000000000000014,0,0,0,0,0,-0.307175793346,0.180813499247,-0.061740405103,0.512098560634,0.0129344253959,-0.0573206103064,-0.460324675333,-0.140528282257,-0.183636431993,0.646471139302,0.65072616432,0.0545343190874,0.283781848011,0.125813283373,-0.138269745119,0.0356,-0.0348,0.261139490238,-0.111437818601,-0.0378,-0.138269745119,-0.0356,0.0348,0.261139490238,-0.111437818601,0.0378,0,0,0,0,0,0.898162892161,-0.12158335826,0.103593710245,0.806626329432,-0.0113921059585,-0.122680897634,0.756124880417,0.845505723048,0.125542816728,-1.07500491807,0.217163778452,-0.127283560319,-0.46077321254,-0.242262781482,0.0119187876346,0,0,-0.0238375752691,-0.0148984845432,0,0.0119187876346,0,0,-0.0238375752691,-0.0148984845432,0,0,0,0,0,0,-0.304458575741,0.124092984669,-0.0190393376119,-0.782780463722,-0.00245700426201,0.427646914619,-0.298678233951,-0.71542136794,0.00946554052659,0.422201753107,0.169207402572,0.133073107517,-0.133261478408,0.190485275178,-0.00499048888887,0,0,0.00998097777802,0.00623811111107,0,-0.00499048888887,0,0,0.00998097777802,0.00623811111107,0
346,FRAME,NONE,341,341,3.4100000000000001,RECOVERY,1.1000000000000014,0,0,0,0,0,-0.298209386602,0.179603871505,-0.0607054198432,0.52012568053,0.012820381587,-0.0585260355051,-0.45277836083,-0.132109236285,-0.182380645489,0.63574253265,0.652906186629,0.0532681953659,0.279167752689,0.123400268079,-0.138150806784,0.0356,-0.0348,0.260901613568,-0.11158649152,-0.0378,-0.138150806784,-0.0356,0.0348,0.260901613568,-0.11158649152,0.0378,0,0,0,0,0,0.895086081283,-0.120336054738,0.103389087454,0.798678077877,-0.0114182438179,-0.118388655157,0.753075779441,0.838279711415,0.125602900532,-1.07068321497,0.218832784634,-0.125935402896,-0.462015685227,-0.24033155281,0.011867850079,0,0,-0.023735700158,-0.0148348125988,0,0.011867850079,0,0,-0.023735700158,-0.0148348125988,0,0,0,0,0,0,-0.310935890391,0.125320441201,-0.0218895148487,-0.806688972181,-0.00277417830634,0.430742666287,-0.311125399236,-0.72967733037,0.00251558416385,0.442120535927,0.164468392346,0.136542252135,-0.115161973404,0.1957197521,-0.00519632592594,0,0,0.0103926518517,0.00649540740735,0,-0.00519632592594,0,0,0.0103926518517,0.00649540740735,0
347,FRAME,NONE,342,342,3.4199999999999999,RECOVERY,1.1000000000000014,0,0,0,0,0,-0.289274071721,0.178406778152,-0.0596726233539,0.528072122192,0.0127060605195,-0.0596883834095,-0.445263159744,-0.123763152852,-0.181124609149,0.625058137244,0.655102649571,0.0520157251861,0.274542144592,0.121006822661,-0.138032388117,0.0356,-0.0348,0.260664776235,-0.111734514853,-0.0378,-0.138032388117,-0.0356,0.0348,0.260664776235,-0.111734514853,0.0378,0,0,0,0,0,0.891944174353,-0.119076949436,0.103155919948,0.790492549988,-0.0114475895246,-0.114066044308,0.749902372432,0.830914253954,0.125592439327,-1.06616283065,0.22045066378,-0.124552988669,-0.463075082859,-0.238349225939,0.011814861116,0,0,-0.0236297222321,-0.0147685763951,0,0.011814861116,0,0,-0.0236297222321,-0.0147685763951,0,0,0,0,0,0,-0.31748225901,0.126454097744,-0.0247469299924,-0.830223911104,-0.00309771617281,0.433717209957,-0.323537463637,-0.743310038653,-0.00464109736278,0.461942329986,0.158984626698,0.139929378941,-0.0966517236218,0.20070237958,-0.0054007407408,0,0,0.0108014814813,0.00675092592592,0,-0.0054007407408,0,0,0.0108014814813,0.00675092592592,0
348,FRAME,NONE,343,343,3.4300000000000002,RECOVERY,1.1000000000000014,0,0,0,0,0,-0.280370503115,0.177222332516,-0.0586423014443,0.53593553153,0.0125914297965,-0.0608073563912,-0.437780313382,-0.1154913952,-0.179869038509,0.614419935445,0.657315004907,0.0507772474691,0.269906874481,0.118633445276,-0.137914509562,0.0356,-0.0348,0.260429019123,-0.111881863048,-0.0378,-0.137914509562,-0.0356,0.0348,0.260429019123,-0.111881863048,0.0378,0,0,0,0,0,0.888736436103,-0.117806972783,0.102894148854,0.782073599655,-0.0114801981413,-0.109714310958,0.746605030168,0.823415599864,0.1255094434,-1.06144462239,0.222010050123,-0.123137009099,-0.463947456192,-0.236318385476,0.0117598352642,0,0,-0.0235196705284,-0.0146997940802,0,0.0117598352642,0,0,-0.0235196705284,-0.0146997940802,0,0,0,0,0,0,-0.324106578502,0.127495533009,-0.0276088734948,-0.853361487076,-0.00342589594929,0.436563585196,-0.33591041172,-0.756315798899,-0.0119876719229,0.481686170885,0.152773032245,0.143256510689,-0.0777624734811,0.205421925155,-0.00560367407407,0,0,0.0112073481481,0.00700459259258,0,-0.00560367407407,0,0,0.0112073481481,0.00700459259258,0
349,FRAME,NONE,344,344,3.4399999999999999,RECOVERY,1.1000000000000014,0,0,0,0,0,-0.271499342999,0.176050638697,-0.0576147403768,0.543713594185,0.0124764565567,-0.0618826696287,-0.430331059141,-0.107295263849,-0.178614667991,0.603829901539,0.65954263166,0.0495530948386,0.265263831011,0.11628060793,-0.137797191412,0.0356,-0.0348,0.260194382824,-0.112028510735,-0.0378,-0.137797191412,-0.0356,0.0348,0.260194382824,-0.112028510735,0.0378,0,0,0,0,0,0.885462042783,-0.116527038776,0.102603742478,0.773425320247,-0.0115161074436,-0.105334772605,0.743184164198,0.815790049784,0.125352144343,-1.05652939671,0.223503769935,-0.121688084251,-0.464629177573,-0.23424164874,0.0117027876346,0,0,-0.0234055752691,-0.0146284845432,0,0.0117027876346,0,0,-0.0234055752691,-0.0146284845432,0,0,0,0,0,0,-0.330817640577,0.128446451871,-0.0304726220787,-0.876077609675,-0.0037569845614,0.439274432219,-0.348240107076,-0.768688016916,-0.0194967102533,0.501343168077,0.145855090581,0.14651590375,-0.0585267966019,0.20988307938,-0.0058050666666,0,0,0.0116101333335,0.00725633333337,0,-0.0058050666666,0,0,0.0116101333335,0.00725633333337,0
350,FRAME,NONE,345,345,3.4500000000000002,RECOVERY,1.1000000000000014,0,0,0,0,0,-0.26266126226,0.17489179174,-0.0565902265947,0.551404037935,0.0123611076476,-0.0629140518433,-0.422916630098,-0.0991759959593,-0.177362248247,0.593290001093,0.661784838224,0.0483435931075,0.260614937474,0.11394875681,-0.137680453809,0.0356,-0.0348,0.259960907618,-0.112174432739,-0.0378,-0.137680453809,-0.0356,0.0348,0.259960907618,-0.112174432739,0.0378,0,0,0,0,0,0.882120083291,-0.115238043746,0.102284696413,0.764552047461,-0.0115553378326,-0.100928822314,0.739640228026,0.808043975731,0.125119067911,-1.05141810142,0.224924872845,-0.120206967437,-0.465116946638,-0.232121556288,0.0116437339309,0,0,-0.0232874678617,-0.0145546674136,0,0.0116437339309,0,0,-0.0232874678617,-0.0145546674136,0,0,0,0,0,0,-0.337624116879,0.129308679906,-0.0333354424647,-0.898347918507,-0.00408924262154,0.441842004131,-0.360522297412,-0.780419373435,-0.0271381338079,0.520897449475,0.138253422041,0.149692372901,-0.038977473904,0.214094513562,-0.00600485925935,0,0,0.0120097185186,0.00750607407417,0,-0.00600485925935,0,0,0.0120097185186,0.00750607407417,0
351,FRAME,NONE,346,346,3.46,RECOVERY,1.1000000000000014,0,0,0,0,0,-0.253856941333,0.173745877822,-0.0555690464485,0.559004635134,0.0122453498,-0.0639012460749,-0.415538254581,-0.0911347646053,-0.176112543169,0.582802189405,0.664040864622,0.0471490597961,0.255962148531,0.111638313134,-0.137564316733,0.0356,-0.0348,0.259728633467,-0.112319604083,-0.0378,-0.137564316733,-0.0356,0.0348,0.259728633467,-0.112319604083,0.0378,0,0,0,0,0,0.878709560446,-0.113940865178,0.101937033628,0.755458361876,-0.011597892296,-0.0964979325219,0.735973718249,0.800183822918,0.124809040644,-1.04611184302,0.226266634687,-0.118694563823,-0.465407790835,-0.229960561964,0.0115826904494,0,0,-0.0231653808988,-0.0144783630617,0,0.0115826904494,0,0,-0.0231653808988,-0.0144783630617,0,0,0,0,0,0,-0.344534542825,0.130084157751,-0.0361945950113,-0.920147814344,-0.00442092928279,0.444258181991,-0.372752619931,-0.791502549185,-0.0348818640402,0.540333142994,0.129990646961,0.152770732915,-0.0191472863075,0.21806489901,-0.00620299259263,0,0,0.012405985185,0.00775374074072,0,-0.00620299259263,0,0,0.012405985185,0.00775374074072,0
352,FRAME,NONE,347,347,3.4700000000000002,RECOVERY,1.1000000000000014,0,0,0,0,0,-0.245087071051,0.172612974437,-0.0545514859221,0.566513205173,0.0121291498017,-0.0648440104938,-0.408197155733,-0.0831726780503,-0.174866326879,0.572368409909,0.666309884769,0.0459698026143,0.251307446924,0.109349674012,-0.1374488,0.0356,-0.0348,0.2594976,-0.112464,-0.0378,-0.1374488,-0.0356,0.0348,0.2594976,-0.112464,0.0378,0,0,0,0,0,0.875229392435,-0.112636360591,0.101560804513,0.746149091174,-0.0116437564182,-0.0920436586739,0.732185175628,0.792216106432,0.124421190043,-1.0406118872,0.227522560378,-0.117151930194,-0.465499066319,-0.227761032379,0.011519674079,0,0,-0.023039348158,-0.0143995925988,0,0.011519674079,0,0,-0.023039348158,-0.0143995925988,0,0,0,0,0,0,-0.351557300058,0.130774935225,-0.0390473373116,-0.941452494581,-0.00475030707033,0.446514492803,-0.384926606906,-0.80193155116,-0.0426977528421,0.559634198064,0.121090538059,0.155735891849,0.000930624835194,0.221803115271,-0.00639940740732,0,0,0.0127988148148,0.00799925925908,0,-0.00639940740732,0,0,0.0127988148148,0.00799925925908,0
353,FRAME,NONE,348,348,3.48,RECOVERY,1.1000000000000014,0,0,0,0,0,-0.236352353484,0.17149315061,-0.0535378303583,0.573927616958,0.0120124746717,-0.0657421192484,-0.400894551068,-0.0752907791932,-0.173624380712,0.561990592572,0.668591008895,0.0448061179557,0.246652840156,0.107083213347,-0.137333923252,0.0356,-0.0348,0.259267846504,-0.112607595935,-0.0378,-0.137333923252,-0.0356,0.0348,0.259267846504,-0.112607595935,0.0378,0,0,0,0,0,0.871678414444,-0.111325366473,0.101156086882,0.736629311985,-0.0116928984375,-0.0875676426658,0.728275186111,0.784147374767,0.12395494648,-1.03491966373,0.22868641561,-0.115580272386,-0.46538846787,-0.225525241181,0.0114547023012,0,0,-0.0229094046025,-0.0143183778765,0,0.0114547023012,0,0,-0.0229094046025,-0.0143183778765,0,0,0,0,0,0,-0.358700597469,0.13138316527,-0.0418909277315,-0.962236993139,-0.00507564671678,0.448602130554,-0.397039691443,-0.811705691396,-0.0505553738582,0.57878385018,0.111581477574,0.158573130881,0.0212216764407,0.225318874847,-0.00659404444443,0,0,0.013188088889,0.00824255555556,0,-0.00659404444443,0,0,0.013188088889,0.00824255555556,0
354,FRAME,NONE,349,349,3.4900000000000002,RECOVERY,1.1000000000000014,0,0,0,0,0,-0.227653502762,0.170386467107,-0.0525283641845,0.581245791412,0.011895291833,-0.0665953633471,-0.393631652011,-0.0674900454534,-0.172387490176,0.551670652217,0.67088328634,0.0436582894223,0.242000357041,0.104839282799,-0.137219705954,0.0356,-0.0348,0.259039411908,-0.112750367558,-0.0378,-0.137219705954,-0.0356,0.0348,0.259039411908,-0.112750367558,0.0378,0,0,0,0,0,0.868055380485,-0.110008697285,0.100722985958,0.726904351311,-0.0117452693526,-0.0830716160628,0.724244381799,0.775984173349,0.123410045112,-1.02903677135,0.229752258539,-0.113980942728,-0.4650740388,-0.223255363335,0.0113877931901,0,0,-0.0227755863802,-0.0142347414877,0,0.0113877931901,0,0,-0.0227755863802,-0.0142347414877,0,0,0,0,0,0,-0.365972450698,0.131911097711,-0.0447226289026,-0.982476224964,-0.00539523198863,0.450511980357,-0.409087213415,-0.820825608191,-0.0584242311708,0.597765156348,0.101493000125,0.16126782447,0.0416909249928,0.228622098481,-0.00678684444443,0,0,0.013573688889,0.00848355555572,0,-0.00678684444443,0,0,0.013573688889,0.00848355555572,0
355,FRAME,NONE,350,350,3.5,RECOVERY,1.1000000000000014,0,0,0,0,0,-0.218991245874,0.169292976664,-0.0515233706391,0.588465703984,0.0117775692846,-0.0674035515697,-0.386409663432,-0.0597713888279,-0.171156441903,0.541410486833,0.673185708504,0.0425265863616,0.237352044212,0.102618212773,-0.137106167388,0.0356,-0.0348,0.258812334776,-0.112892290765,-0.0378,-0.137106167388,-0.0356,0.0348,0.258812334776,-0.112892290765,0.0378,0,0,0,0,0,0.86435896543,-0.108687144519,0.100261634304,0.716979787486,-0.0118008030772,-0.0785574030587,0.720093441843,0.76773304122,0.122786526055,-1.02296497823,0.230714442671,-0.1123554398,-0.464554171859,-0.220953474596,0.0113189654123,0,0,-0.0226379308247,-0.0141487067654,0,0.0113189654123,0,0,-0.0226379308247,-0.0141487067654,0,0,0,0,0,0,-0.373380660027,0.132361072838,-0.0475397111979,-1.00214503548,-0.00570736450031,0.452234645896,-0.421064425533,-0.829291939843,-0.0662738288628,0.616561173578,0.0908546403342,0.163805347074,0.0623034269756,0.231722706912,-0.00697774814817,0,0,0.0139554962963,0.00872218518518,0,-0.00697774814817,0,0,0.0139554962963,0.00872218518518,0
356,FRAME,NONE,351,351,3.5099999999999998,RECOVERY,1.1000000000000014,0,0,0,0,0,-0.210366323453,0.168212724217,-0.0505231314984,0.595585387162,0.0116592757714,-0.0681665114082,-0.379229783174,-0.0521356559619,-0.1699320206,0.531211975882,0.675497211799,0.0414112624069,0.232709962628,0.10042031341,-0.136993326646,0.0356,-0.0348,0.258586653291,-0.113033341693,-0.0378,-0.136993326646,-0.0356,0.0348,0.258586653291,-0.113033341693,0.0378,0,0,0,0,0,0.860587767285,-0.107361475828,0.099772191734,0.706861450602,-0.0118594166426,-0.0740269231449,0.715823093288,0.759400507639,0.122084733358,-1.0167062214,0.231567619131,-0.110705406969,-0.463827609566,-0.218621551748,0.0112482382272,0,0,-0.0224964764543,-0.014060297784,0,0.0112482382272,0,0,-0.0224964764543,-0.014060297784,0,0,0,0,0,0,-0.38093278669,0.132735514824,-0.0503394561864,-1.02121825483,-0.00601036852564,0.45376048011,-0.432966499507,-0.837106685726,-0.0740740822235,0.635155191877,0.0796968436111,0.166171662053,0.0830241035917,0.234630526473,-0.00716669629634,0,0,0.0143333925924,0.00895837037027,0,-0.00716669629634,0,0,0.0143333925924,0.00895837037027,0
357,FRAME,NONE,352,352,3.52,RECOVERY,1.1000000000000014,0,0,0,0,0,-0.201779490529,0.167145747148,-0.0495279268044,0.602602932996,0.0115403809518,-0.0688840900326,-0.372093201566,-0.0445836283967,-0.168715006057,0.521076978636,0.677816680734,0.0403125540944,0.228076184058,0.0982458755728,-0.136881202623,0.0356,-0.0348,0.258362405247,-0.113173496721,-0.0378,-0.136881202623,-0.0356,0.0348,0.258362405247,-0.113173496721,0.0378,0,0,0,0,0,0.856740309697,-0.106032434222,0.0992548451805,0.696555422389,-0.0119210104477,-0.0694821934565,0.711434111853,0.750993054646,0.121305303692,-1.01026260032,0.232306761715,-0.109032616188,-0.462893447938,-0.2162614752,0.0111756314864,0,0,-0.0223512629728,-0.013969539358,0,0.0111756314864,0,0,-0.0223512629728,-0.013969539358,0,0,0,0,0,0,-0.388636127587,0.133036924974,-0.0531191600965,-1.03967075695,-0.00630259578601,0.4550796191,-0.444788532286,-0.844277289516,-0.0817965513709,0.653531433238,0.0680536985325,0.168355088363,0.10381733492,0.237355005853,-0.0073536296296,0,0,0.0147072592592,0.00919203703702,0,-0.0073536296296,0,0,0.0147072592592,0.00919203703702,0
358,FRAME,NONE,353,353,3.5299999999999998,RECOVERY,1.1000000000000014,0,0,0,0,0,-0.193231517259,0.166092075533,-0.0485380345948,0.60951649561,0.0114208555625,-0.0695561552774,-0.365001100937,-0.0371160232659,-0.167506170287,0.511007332589,0.680142951287,0.0392306796742,0.223452787529,0.0960951717861,-0.136769814016,0.0356,-0.0348,0.258139628032,-0.11331273248,-0.0378,-0.136769814016,-0.0356,0.0348,0.258139628032,-0.11331273248,0.0378,0,0,0,0,0,0.852815044733,-0.104700737329,0.0987098085321,0.686068035463,-0.0119854685583,-0.0649253307629,0.706927322643,0.742517079639,0.120449155041,-1.00363637048,0.232927191938,-0.107338951804,-0.461751140203,-0.213875031584,0.0111011656346,0,0,-0.0222023312691,-0.0138764570432,0,0.0111011656346,0,0,-0.0222023312691,-0.0138764570432,0,0,0,0,0,0,-0.396497688281,0.133267874828,-0.055876137285,-1.05747752381,-0.00658243023906,0.456182019493,-0.456525552324,-0.850812555964,-0.0894132076297,0.671674352654,0.0559602044652,0.170344533864,0.124647365758,0.23990549933,-0.00753848888882,0,0,0.0150769777779,0.00942311111113,0,-0.00753848888882,0,0,0.0150769777779,0.00942311111113,0
359,FRAME,NONE,354,354,3.54,RECOVERY,1.1000000000000014,0,0,0,0,0,-0.184723189634,0.165051732401,-0.0475537306338,0.616324293705,0.0113006715806,-0.0701825966478,-0.357954655113,-0.0297334941697,-0.166306274723,0.501004851903,0.682474814398,0.0381658379984,0.218841855745,0.0939684571774,-0.136659179311,0.0356,-0.0348,0.257918358622,-0.113451025862,-0.0378,-0.136659179311,-0.0356,0.0348,0.257918358622,-0.113451025862,0.0378,0,0,0,0,0,0.848810355931,-0.103367076726,0.0981373224348,0.675405871913,-0.0120526590525,-0.0603585530666,0.702303600806,0.733978891969,0.119517485677,-0.996829942824,0.233424581306,-0.105626409087,-0.460400497142,-0.211463913986,0.0110248617086,0,0,-0.0220497234173,-0.0137810771358,0,0.0110248617086,0,0,-0.0220497234173,-0.0137810771358,0,0,0,0,0,0,-0.40452415441,0.133430999125,-0.0586077237399,-1.07461371444,-0.00684829284152,0.457057498997,-0.468172525881,-0.856721289822,-0.0968960223247,0.689568405117,0.043451360777,0.172128906414,0.145478440903,0.242291361183,-0.00772121481481,0,0,0.0154424296298,0.0096515185186,0,-0.00772121481481,0,0,0.0154424296298,0.0096515185186,0
360,FRAME,NONE,355,355,3.5499999999999998,RECOVERY,1.1000000000000014,0,0,0,0,0,-0.176255310141,0.164024733998,-0.0465752881461,0.623024613048,0.0111798023814,-0.0707633263387,-0.350955028921,-0.0224366320623,-0.165116067418,0.491071325865,0.684811019479,0.0371182074244,0.214245471516,0.0918659704055,-0.136549316782,0.0356,-0.0348,0.257698633564,-0.113588354023,-0.0378,-0.136549316782,-0.0356,0.0348,0.257698633564,-0.113588354023,0.0378,0,0,0,0,0,0.844724561645,-0.102032117346,0.0975376540573,0.664575761174,-0.0121224344151,-0.0557841807829,0.697563872125,0.725384709116,0.118511770731,-0.98984587865,0.233794952991,-0.103897087979,-0.458841686997,-0.209029724609,0.0109467413383,0,0,-0.0218934826765,-0.0136834266728,0,0.0109467413383,0,0,-0.0218934826765,-0.0136834266728,0,0,0,0,0,0,-0.412721861546,0.133528988612,-0.0613112806269,-1.09105473875,-0.00709864628543,0.457695780143,-0.479724363276,-0.862013823847,-0.104218338844,0.707200085642,0.0305628355402,0.173699612923,0.166274841211,0.244520882667,-0.0079017481483,0,0,0.0158034962963,0.00987718518527,0,-0.0079017481483,0,0,0.0158034962963,0.00987718518527,0
361,FRAME,NONE,356,356,3.5600000000000001,RECOVERY,1.1000000000000014,0,0,0,0,0,-0.167828698401,0.163011090054,-0.0456029775527,0.629615808929,0.0110582228923,-0.0712982802635,-0.344003377671,-0.0152259663393,-0.163936280434,0.481208517604,0.687150278,0.0360879450428,0.209665714186,0.0897879344527,-0.136440244484,0.0356,-0.0348,0.257480488968,-0.113724694395,-0.0378,-0.136440244484,-0.0356,0.0348,0.257480488968,-0.113724694395,0.0378,0,0,0,0,0,0.8405559187,-0.100696496954,0.0969110968222,0.653584777138,-0.0121946319782,-0.0512046374638,0.692709113541,0.716740614675,0.117433724456,-0.9826868335,0.234034700221,-0.102153124372,-0.457075234483,-0.206574004003,0.0108668267457,0,0,-0.0217336534914,-0.0135835334321,0,0.0108668267457,0,0,-0.0217336534914,-0.0135835334321,0,0,0,0,0,0,-0.421096763491,0.133564582737,-0.0639841978731,-1.10677633604,-0.00733199971929,0.458086537232,-0.491175925121,-0.866706602817,-0.11135898883,0.724564049342,0.0173329716499,0.175058056511,0.187000991763,0.246598102928,-0.00808002962961,0,0,0.0161600592591,0.010100037037,0,-0.00808002962961,0,0,0.0161600592591,0.010100037037,0
362,FRAME,NONE,357,357,3.5699999999999998,RECOVERY,1.1000000000000014,0,0,0,0,0,-0.159444191767,0.162010804059,-0.0446370662097,0.636096308591,0.0109359097418,-0.071787419088,-0.33710084665,-0.00810196642849,-0.16276762767,0.471418163489,0.689491267298,0.0350751867306,0.205104656073,0.0877345570658,-0.136331980247,0.0356,-0.0348,0.257263960494,-0.113860024691,-0.0378,-0.136331980247,-0.0356,0.0348,0.257263960494,-0.113860024691,0.0378,0,0,0,0,0,0.836302626375,-0.0993608256916,0.0962579700998,0.642440234453,-0.0122690744095,-0.0466224500383,0.687740353623,0.708052516334,0.116285262497,-0.975355501069,0.234140604667,-0.100396621384,-0.455102019791,-0.204098260301,0.0107851407457,0,0,-0.0215702814914,-0.0134814259321,0,0.0107851407457,0,0,-0.0215702814914,-0.0134814259321,0,0,0,0,0,0,-0.429654399176,0.133540562221,-0.0666238978267,-1.12175465797,-0.00754691342079,0.458219446189,-0.502522028476,-0.870817599517,-0.118298175988,0.741656991351,0.00380078070604,0.17620813935,0.2076213537,0.248525998091,-0.00825599999983,0,0,0.0165119999998,0.0103199999999,0,-0.00825599999983,0,0,0.0165119999998,0.0103199999999,0
363,FRAME,NONE,358,358,3.5800000000000001,RECOVERY,1.1000000000000014,0,0,0,0,0,-0.151102645874,0.16102387354,-0.0436778181507,0.642464613618,0.0108128414041,-0.0722307292642,-0.330248570598,-0.00106504357917,-0.16161080288,0.461701972788,0.69183263448,0.0340800475284,0.200564358918,0.0857060310591,-0.136224541669,0.0356,-0.0348,0.257049083338,-0.113994322914,-0.0378,-0.136224541669,-0.0356,0.0348,0.257049083338,-0.113994322914,0.0378,0,0,0,0,0,0.831962830717,-0.0980256857093,0.0955786188657,0.631149683979,-0.0123455702466,-0.04204024854,0.682658672971,0.69932614205,0.115068498466,-0.967854608095,0.234109838117,-0.0986296431133,-0.452923278501,-0.201603971871,0.0107017067457,0,0,-0.0214034134914,-0.0133771334321,0,0.0107017067457,0,0,-0.0214034134914,-0.0133771334321,0,0,0,0,0,0,-0.438399858172,0.133459741508,-0.0692278389848,-1.1359663558,-0.00774200343912,0.4580842374,-0.51375745289,-0.874364786731,-0.125016104024,0.758475606806,-0.00999472569116,0.177153763612,0.228100388161,0.250307544276,-0.00842960000004,0,0,0.0168592000001,0.010537,0,-0.00842960000004,0,0,0.0168592000001,0.010537,0
364,FRAME,NONE,359,359,3.5899999999999999,RECOVERY,1.1000000000000014,0,0,0,0,0,-0.142804935152,0.160050290345,-0.0427254938323,0.64871930227,0.0106889983369,-0.0726282240588,-0.32344767319,0.00588444733638,-0.160466477696,0.452061627335,0.694173000321,0.033102622034,0.19604687033,0.0837025346114,-0.136117946112,0.0356,-0.0348,0.256835892224,-0.11412756736,-0.0378,-0.136117946112,-0.0356,0.0348,0.256835892224,-0.11412756736,0.0378,0,0,0,0,0,0.827534629211,-0.0966916308615,0.0948734133201,0.619720907337,-0.0124239144783,-0.0374607652903,0.677465204565,0.690567038193,0.113785741481,-0.960186913726,0.2339399631,-0.0968542132987,-0.450540600623,-0.199092587684,0.0106165487457,0,0,-0.0212330974914,-0.0132706859321,0,0.0106165487457,0,0,-0.0212330974914,-0.0132706859321,0,0,0,0,0,0,-0.447337745042,0.133324961114,-0.0717935197823,-1.14938867125,-0.0079159461667,0.457670750988,-0.524876946287,-0.877366881738,-0.131493958394,0.775016848831,-0.0240142856008,0.17789936537,0.248402939864,0.251945573876,-0.00860077037049,0,0,0.017201540741,0.010750962963,0,-0.00860077037049,0,0,0.017201540741,0.010750962963,0
365,FRAME,NONE,360,360,3.6000000000000001,RECOVERY,1.1000000000000014,0,0,0,0,0,-0.134551953289,0.159090040923,-0.0417803498843,0.654859031765,0.0105643631145,-0.0729799445701,-0.316699266507,0.0127462059254,-0.159335299784,0.442498781239,0.696510963202,0.032142984864,0.191554220285,0.0817242315439,-0.136012210694,0.0356,-0.0348,0.256624421388,-0.114259736632,-0.0378,-0.136012210694,-0.0356,0.0348,0.256624421388,-0.114259736632,0.0378,0,0,0,0,0,0.823016075816,-0.095359186487,0.09414274847,0.608161910554,-0.01250388917,-0.0328868335202,0.672161134045,0.681780549072,0.112439469169,-0.952355202413,0.233628939771,-0.095072300642,-0.447955920049,-0.196565531257,0.0105296913383,0,0,-0.0210593826765,-0.0131621141728,0,0.0105296913383,0,0,-0.0210593826765,-0.0131621141728,0,0,0,0,0,0,-0.456472142742,0.133139079875,-0.074318482471,-1.16199953076,-0.00806748283797,0.456968994433,-0.535875230751,-0.879845579799,-0.137716851565,0.791278702503,-0.038217635719,0.178451516297,0.268495387842,0.253442344353,-0.00876945185191,0,0,0.0175389037037,0.0109618148149,0,-0.00876945185191,0,0,0.0175389037037,0.0109618148149,0
366,FRAME,NONE,361,361,3.6099999999999999,RECOVERY,1.1000000000000014,0,0,0,0,0,-0.126344613636,0.158143106615,-0.0408426388629,0.660882540481,0.0104389205535,-0.0732859607292,-0.310004450509,0.0195199841311,-0.158217891316,0.43301506067,0.698845103126,0.0312011912928,0.187088417751,0.0797712715513,-0.135907352285,0.0356,-0.0348,0.25641470457,-0.114390809643,-0.0378,-0.135907352285,-0.0356,0.0348,0.25641470457,-0.114390809643,0.0378,0,0,0,0,0,0.818405186357,-0.094028849264,0.0933870436707,0.596480916722,-0.012585264135,-0.0283213854016,0.66674769995,0.672971796455,0.111032300673,-0.944362276826,0.233175132797,-0.0932858041236,-0.445171504003,-0.194024204615,0.0104411597086,0,0,-0.0208823194173,-0.0130514496358,0,0.0104411597086,0,0,-0.0208823194173,-0.0130514496358,0,0,0,0,0,0,-0.465806575155,0.132904967127,-0.0768003170804,-1.17377764285,-0.00819542395735,0.455969202391,-0.546747008123,-0.881823320673,-0.143670877752,0.807259410889,-0.0525642624017,0.178817321965,0.288344494703,0.254799969439,-0.00893558518511,0,0,0.0178711703704,0.0111694814815,0,-0.00893558518511,0,0,0.0178711703704,0.0111694814815,0
367,FRAME,NONE,362,362,3.6200000000000001,RECOVERY,1.1000000000000014,0,0,0,0,0,-0.118183849562,0.157209463938,-0.0399126090108,0.666788650099,0.0103126578318,-0.0735463722781,-0.303364312508,0.0262055839924,-0.157114847579,0.423612063684,0.701173985767,0.0302772779601,0.182651447361,0.0778437904137,-0.1358033875,0.0356,-0.0348,0.256206775,-0.114520765625,-0.0378,-0.1358033875,-0.0356,0.0348,0.256206775,-0.114520765625,0.0378,0,0,0,0,0,0.813699944313,-0.0927010871444,0.0926067421284,0.584686357697,-0.0126677976491,-0.0237674494724,0.661226193883,0.664145677716,0.10956699419,-0.936210957203,0.23257731198,-0.0914965516683,-0.442189952084,-0.191469988641,0.0103509796346,0,0,-0.0207019592691,-0.0129387245432,0,0.0103509796346,0,0,-0.0207019592691,-0.0129387245432,0,0,0,0,0,0,-0.475343968948,0.132625494808,-0.0792366654425,-1.18470259774,-0.00829865361139,0.454661898176,-0.557486965357,-0.883322544115,-0.149342131174,0.822957217055,-0.0670136520042,0.179003887949,0.307917023057,0.256020562866,-0.00909911111097,0,0,0.0181982222222,0.0113738888887,0,-0.00909911111097,0,0,0.0181982222222,0.0113738888887,0
368,FRAME,NONE,363,363,3.6299999999999999,RECOVERY,1.1000000000000014,0,0,0,0,0,-0.11007061475,0.156289084872,-0.0389905040204,0.672576267635,0.0101855646005,-0.0737613097186,-0.296779926632,0.0328028553984,-0.156026735587,0.414291360047,0.703496166524,0.0293712635814,0.178245266095,0.0759419102086,-0.135700332693,0.0356,-0.0348,0.256000665385,-0.114649584134,-0.0378,-0.135700332693,-0.0356,0.0348,0.256000665385,-0.114649584134,0.0378,0,0,0,0,0,0.808898306978,-0.0913763393678,0.0918023103619,0.572786864767,-0.0127512372073,-0.0192281474381,0.655597960643,0.655306865102,0.108046444711,-0.927904082016,0.23183465195,-0.0897063003436,-0.439014194698,-0.188904242799,0.0102591774864,0,0,-0.0205183549728,-0.012823971858,0,0.0102591774864,0,0,-0.0205183549728,-0.012823971858,0,0,0,0,0,0,-0.485086615175,0.132303529499,-0.0816252252926,-1.19475496863,-0.008376133655,0.453037956566,-0.568089779683,-0.884365981692,-0.154717612759,0.838370097465,-0.0815254147421,0.179018240394,0.32718036117,0.257106352332,-0.00925997037042,0,0,0.0185199407407,0.011574962963,0,-0.00925997037042,0,0,0.0185199407407,0.011574962963,0
369,FRAME,NONE,364,364,3.6400000000000001,RECOVERY,1.1000000000000014,0,0,0,0,0,-0.102005883423,0.15538193715,-0.0380765628036,0.678244387394,0.0100576330877,-0.0739309352268,-0.290252353295,0.0393116938053,-0.154954092815,0.405054491019,0.705810194551,0.0284831496475,0.173871800038,0.0740657395378,-0.13559820395,0.0356,-0.0348,0.255796407901,-0.114777245062,-0.0378,-0.13559820395,-0.0356,0.0348,0.255796407901,-0.114777245062,0.0378,0,0,0,0,0,0.803998212009,-0.0900550165545,0.0909742376226,0.560791258324,-0.0128353203222,-0.0147066903411,0.649864398289,0.646459797706,0.106473659082,-0.919444515306,0.230946728756,-0.0879167385441,-0.435647475858,-0.186328301996,0.0101657802272,0,0,-0.0203315604543,-0.012707225284,0,0.0101657802272,0,0,-0.0203315604543,-0.012707225284,0,0,0,0,0,0,-0.495036130888,0.131941924416,-0.0839637544196,-1.20391641377,-0.00842690774056,0.451088667337,-0.578550123517,-0.884977532216,-0.15978795028,0.85349496218,-0.0960596562696,0.178867087737,0.346104399928,0.258060021406,-0.00941810370386,0,0,0.0188362074074,0.0117726296298,0,-0.00941810370386,0,0,0.0188362074074,0.0117726296298,0
370,FRAME,NONE,365,365,3.6499999999999999,RECOVERY,1.1000000000000014,0,0,0,0,0,-0.0939906505097,0.154487984541,-0.0371710192679,0.683792092802,0.00992885819409,-0.0740554435255,-0.283782638666,0.0457320378565,-0.153897426223,0.39590296906,0.708114616758,0.0276129210984,0.169532941348,0.0722153737914,-0.135497017088,0.0356,-0.0348,0.255594034176,-0.11490372864,-0.0378,-0.135497017088,-0.0356,0.0348,0.255594034176,-0.11490372864,0.0378,0,0,0,0,0,0.79899758436,-0.0887375008795,0.0901230352735,0.548708536492,-0.0129197753621,-0.0102063740914,0.644026958172,0.637608673446,0.104851731071,-0.910835154013,0.229913516463,-0.0861294881758,-0.432093335975,-0.183743473447,0.0100708154123,0,0,-0.0201416308247,-0.0125885192654,0,0.0100708154123,0,0,-0.0201416308247,-0.0125885192654,0,0,0,0,0,0,-0.505193420769,0.131543511405,-0.0862500748755,-1.2121697792,-0.00845010518841,0.448805799552,-0.588862669114,-0.885181386307,-0.164544678222,0.868328454659,-0.110576606101,0.17855705899,0.364659655871,0.258884367625,-0.00957345185189,0,0,0.0191469037036,0.0119668148148,0,-0.00957345185189,0,0,0.0191469037036,0.0119668148148,0
371,FRAME,NONE,366,366,3.6600000000000001,RECOVERY,1.1000000000000014,0,0,0,0,0,-0.0860259317356,0.153607187133,-0.0362741020981,0.689218558124,0.00979923758044,-0.0741350627087,-0.277371814132,0.052063866965,-0.152857211416,0.38683827749,0.710407981779,0.0267605469864,0.165230545304,0.0703908954274,-0.135396787642,0.0356,-0.0348,0.255393575284,-0.115029015447,-0.0378,-0.135396787642,-0.0356,0.0348,0.255393575284,-0.115029015447,0.0378,0,0,0,0,0,0.793894343594,-0.0874241463264,0.0892492361251,0.53654786274,-0.013004322426,-0.00573057435005,0.638087144907,0.628757448332,0.103183839101,-0.902078928642,0.228735386841,-0.0843461048546,-0.428355610295,-0.181151036394,0.00997431119012,0,0,-0.0199486223802,-0.0124678889877,0,0.00997431119012,0,0,-0.0199486223802,-0.0124678889877,0,0,0,0,0,0,-0.515558639534,0.131111092899,-0.088482077215,-1.21949920063,-0.00844494463641,0.446181665605,-0.599022092949,-0.885001734585,-0.168979331069,0.88286721836,-0.12503649375,0.178094783162,0.382816645541,0.259582188525,-0.00972595555544,0,0,0.019451911111,0.0121574444443,0,-0.00972595555544,0,0,0.019451911111,0.0121574444443,0
372,FRAME,NONE,367,367,3.6699999999999999,RECOVERY,1.1000000000000014,0,0,0,0,0,-0.0781127636378,0.152739501615,-0.0353860345454,0.694523050057,0.00966877174557,-0.0741700550125,-0.271020895768,0.0583071988945,-0.151833891791,0.377861870155,0.712688843955,0.025925981138,0.160966427364,0.0685923742521,-0.135297530864,0.0356,-0.0348,0.255195061728,-0.11515308642,-0.0378,-0.135297530864,-0.0356,0.0348,0.255195061728,-0.11515308642,0.0378,0,0,0,0,0,0.788686411569,-0.0861152790215,0.0883533937292,0.52431855248,-0.0130886742548,-0.0012827407793,0.632046516313,0.619909836586,0.101473244093,-0.893178804256,0.227413108189,-0.0825680785931,-0.424438426879,-0.178552241681,0.00987629630124,0,0,-0.0197525926025,-0.0123453703765,0,0.00987629630124,0,0,-0.0197525926025,-0.0123453703765,0,0,0,0,0,0,-0.526131155244,0.130647433905,-0.0906577247253,-1.22589020362,-0.00841073746235,0.443209184553,-0.609023079812,-0.884462721805,-0.173084306424,0.897107499825,-0.139400018488,0.177486614492,0.40054669261,0.260156450101,-0.00987555555547,0,0,0.0197511111111,0.0123444444444,0,-0.00987555555547,0,0,0.0197511111111,0.0123444444444,0
373,FRAME,NONE,368,368,3.6800000000000002,RECOVERY,1.1000000000000014,0,0,0,0,0,-0.0702522035042,0.151884881552,-0.0345070342236,0.699704929174,0.00953746409535,-0.0741607175243,-0.264730883806,0.0644620873468,-0.150827877815,0.368975171039,0.714955767244,0.025109162779,0.156742360324,0.0668198677224,-0.135199261716,0.0356,-0.0348,0.254998523432,-0.115275922855,-0.0378,-0.135199261716,-0.0356,0.0348,0.254998523432,-0.115275922855,0.0378,0,0,0,0,0,0.783371720489,-0.0848111976483,0.0874360816306,0.512030058668,-0.0131725371752,0.00313360934101,0.625906683311,0.611069311896,0.0997232657304,-0.88413779139,0.22594783242,-0.0807968413571,-0.420346184411,-0.175948307124,0.00977680007901,0,0,-0.019553600158,-0.0122210000988,0,0.00977680007901,0,0,-0.019553600158,-0.0122210000988,0,0,0,0,0,0,-0.536909513623,0.130155254053,-0.0927750576497,-1.23132980211,-0.00834689096546,0.439881944734,-0.618860326581,-0.883588309253,-0.176855454366,0.911043957929,-0.153629758614,0.176737808123,0.417824349283,0.260610792191,-0.0100221925926,0,0,0.0200443851853,0.0125277407408,0,-0.0100221925926,0,0,0.0200443851853,0.0125277407408,0
374,FRAME,NONE,369,369,3.6899999999999999,RECOVERY,1.1000000000000014,0,0,0,0,0,-0.062445329228,0.151043277662,-0.0336373129128,0.70476365123,0.00940532100206,-0.0741073828256,-0.258502762102,0.0705286195639,-0.149839546576,0.360179573739,0.717207328981,0.0243100170703,0.152560071743,0.0650734213043,-0.135101994863,0.0356,-0.0348,0.254803989725,-0.115397506422,-0.0378,-0.135101994863,-0.0356,0.0348,0.254803989725,-0.115397506422,0.0378,0,0,0,0,0,0.777948221297,-0.0835121739404,0.0864978925762,0.499691956437,-0.0132556120741,0.00751489811537,0.619669309782,0.602239108682,0.0979372587201,-0.874958956968,0.224341082139,-0.0790337746217,-0.416083529997,-0.173340412875,0.00967585244938,0,0,-0.0193517048988,-0.0120948155617,0,0.00967585244938,0,0,-0.0193517048988,-0.0120948155617,0,0,0,0,0,0,-0.547891404307,0.129637219665,-0.0948321973738,-1.23580659288,-0.00825291121632,0.436194264244,-0.628528545674,-0.882402412351,-0.180289488094,0.924670854629,-0.167688762184,0.175853344428,0.434624974896,0.260949023093,-0.0101658074075,0,0,0.0203316148149,0.0127072592594,0,-0.0101658074075,0,0,0.0203316148149,0.0127072592594,0
375,FRAME,NONE,370,370,3.7000000000000002,RECOVERY,1.1000000000000014,0,0,0,0,0,-0.0546932390782,0.150214638074,-0.032777076372,0.709698768303,0.00927235185386,-0.074010419562,-0.25233749761,0.0765069139361,-0.148869241448,0.351476440897,0.719442123571,0.0235284556071,0.14842124148,0.0633530688527,-0.135005744667,0.0356,-0.0348,0.254611489334,-0.115517819166,-0.0378,-0.135005744667,-0.0356,0.0348,0.254611489334,-0.115517819166,0.0378,0,0,0,0,0,0.772413892403,-0.082218453255,0.0855394376831,0.48731392681,-0.0133375953996,0.0118574946259,0.613336112397,0.593422222212,0.0961186106386,-0.865645425296,0.222594749471,-0.0772802100584,-0.411655357152,-0.170729701005,0.00957348393086,0,0,-0.0191469678617,-0.0119668549136,0,0.00957348393086,0,0,-0.0191469678617,-0.0119668549136,0,0,0,0,0,0,-0.55907362911,0.129095935934,-0.0968273505344,-1.23931084583,-0.00812840560407,0.432141249189,-0.638022468233,-0.880928946519,-0.183383120806,0.93798245188,-0.181540077254,0.174838203778,0.450923928784,0.261174951103,-0.0103063407407,0,0,0.0206126814815,0.0128829259259,0,-0.0103063407407,0,0,0.0206126814815,0.0128829259259,0
376,FRAME,NONE,371,371,3.71,RECOVERY,1.1000000000000014,0,0,0,0,0,-0.04699705138,0.149398908597,-0.0319265241592,0.714509929766,0.00913856909407,-0.0738702329331,-0.246236039854,0.0823971176121,-0.147917271773,0.342867103625,0.721658766189,0.0227643769171,0.144327499227,0.061658832992,-0.134910525184,0.0356,-0.0348,0.254421050368,-0.11563684352,-0.0378,-0.134910525184,-0.0356,0.0348,0.254421050368,-0.11563684352,0.0378,0,0,0,0,0,0.766766748715,-0.0809302552218,0.0845613455655,0.474905739521,-0.0134181801862,0.0161577230992,0.606908860417,0.584621409242,0.0942707396365,-0.856200378097,0.22071109415,-0.0755374293855,-0.407066803488,-0.16811727557,0.00946972563457,0,0,-0.0189394512691,-0.0118371570432,0,0.00946972563457,0,0,-0.0189394512691,-0.0118371570432,0,0,0,0,0,0,-0.570452072573,0.128533939244,-0.0987588130135,-1.24183458936,-0.00797308502844,0.427718849248,-0.64733684696,-0.879191568975,-0.186133983128,0.950972994975,-0.195147516754,0.173697426245,0.466697493362,0.261292357125,-0.0104437333333,0,0,0.0208874666666,0.0130546666665,0,-0.0104437333333,0,0,0.0208874666666,0.0130546666665,0
377,FRAME,NONE,372,372,3.7200000000000002,RECOVERY,1.1000000000000014,0,0,0,0,0,-0.039357904104,0.148596032969,-0.0310858494607,0.719196883093,0.00900398825014,-0.0736872651,-0.240199320402,0.088199404142,-0.146983912651,0.334352860928,0.723855896364,0.0220176669667,0.140280422179,0.0599907254932,-0.134816350154,0.0356,-0.0348,0.254232700309,-0.115754562307,-0.0378,-0.134816350154,-0.0356,0.0348,0.254232700309,-0.115754562307,0.0378,0,0,0,0,0,0.761004850951,-0.0796477744701,0.0835642614228,0.462477235023,-0.0134970571001,0.0204118716109,0.600389375458,0.575839195123,0.0923970692095,-0.846627054981,0.21869272248,-0.0738066627268,-0.402323225333,-0.165504203365,0.0093646092642,0,0,-0.0187292185284,-0.0117057615802,0,0.0093646092642,0,0,-0.0187292185284,-0.0117057615802,0,0,0,0,0,0,-0.582021675334,0.127953689613,-0.100624973795,-1.24337168913,-0.00778676569023,0.422923909571,-0.656466458595,-0.877212904125,-0.188543375404,0.963636662531,-0.208477953106,0.172436290693,0.481925643349,0.261304912477,-0.0105779259259,0,0,0.0211558518518,0.0132224074074,0,-0.0105779259259,0,0,0.0211558518518,0.0132224074074,0
378,FRAME,NONE,373,373,3.73,RECOVERY,1.1000000000000014,0,0,0,0,0,-0.031776954361,0.147805953107,-0.0302552389307,0.723759474467,0.00886862795207,-0.0734619955009,-0.234228252345,0.0939139712058,-0.146069405039,0.325934979125,0.726032181321,0.0212881996869,0.136281532991,0.0583487476422,-0.134723232999,0.0356,-0.0348,0.254046465997,-0.115870958752,-0.0378,-0.134723232999,-0.0356,0.0348,0.254046465997,-0.115870958752,0.0378,0,0,0,0,0,0.755126315208,-0.0783711814295,0.0825488460896,0.450038305738,-0.0135739155,0.0246162012906,0.593779531245,0.567077880897,0.0905010029693,-0.836928753892,0.216542566307,-0.0720890869698,-0.397430172344,-0.162891514676,0.00925816711605,0,0,-0.0185163342321,-0.0115727088951,0,0.00925816711605,0,0,-0.0185163342321,-0.0115727088951,0,0,0,0,0,0,-0.593776410715,0.127357563322,-0.102424318648,-1.24391791974,-0.00756937046786,0.417754218646,-0.665406106095,-0.875015318171,-0.190613515407,0.9759676165,-0.221499023608,0.171060135685,0.496589276542,0.261216261085,-0.0107088592593,0,0,0.0214177185186,0.0133860740741,0,-0.0107088592593,0,0,0.0214177185186,0.0133860740741,0
379,FRAME,NONE,374,374,3.7400000000000002,RECOVERY,1.1000000000000014,0,0,0,0,0,-0.0242553777998,0.147028609341,-0.0294348725389,0.728197649208,0.00873250994014,-0.0731949410742,-0.228323729777,0.0995410383757,-0.14517395597,0.317614691262,0.728186319224,0.0205758375067,0.132332297868,0.0567328906044,-0.134631186812,0.0356,-0.0348,0.253862373624,-0.115986016485,-0.0378,-0.134631186812,-0.0356,0.0348,0.253862373624,-0.115986016485,0.0378,0,0,0,0,0,0.749129322737,-0.0771006232037,0.0815157750499,0.437598876628,-0.0136484445095,0.0287669559838,0.587081253336,0.558339543943,0.0885859223497,-0.827108831157,0.214263881103,-0.0703858256161,-0.392393385199,-0.160280203352,0.00915043207901,0,0,-0.018300864158,-0.0114380400988,0,0.00915043207901,0,0,-0.018300864158,-0.0114380400988,0,0,0,0,0,0,-0.605709264899,0.126747845779,-0.104155433578,-1.24347102809,-0.00732092984933,0.412208551497,-0.674150620511,-0.872621177316,-0.192346620908,0.987960018836,-0.234178365555,0.169574299784,0.510669290739,0.261030046875,-0.0108364740741,0,0,0.0216729481481,0.0135455925926,0,-0.0108364740741,0,0,0.0216729481481,0.0135455925926,0
380,FRAME,NONE,375,375,3.75,RECOVERY,1.1000000000000014,0,0,0,0,0,-0.0167943679062,0.146263940643,-0.0286249234297,0.732511451999,0.00859565906188,-0.0728866563812,-0.222486627278,0.105080844882,-0.144297738777,0.309393196531,0.730317042403,0.0198804318864,0.128434124655,0.0551431357887,-0.134540224357,0.0356,-0.0348,0.253680448714,-0.116099719554,-0.0378,-0.134540224357,-0.0356,0.0348,0.253680448714,-0.116099719554,0.0378,0,0,0,0,0,0.74301212991,-0.0758362245139,0.080465737418,0.425168885176,-0.013720334097,0.0328603723205,0.580296518835,0.549626039294,0.0866551847875,-0.817170701786,0.211860243381,-0.0686979490711,-0.387218793054,-0.157671226741,0.00904143763457,0,0,-0.0180828752691,-0.0113017970432,0,0.00904143763457,0,0,-0.0180828752691,-0.0113017970432,0,0,0,0,0,0,-0.617812220853,0.126126724636,-0.105817008033,-1.24203078805,-0.00704158240213,0.406286707804,-0.682694862532,-0.87005232176,-0.193745637454,0.999607909585,-0.24648465065,0.167984005882,0.524147601885,0.260749937925,-0.0109607111111,0,0,0.0219214222223,0.0137008888889,0,-0.0109607111111,0,0,0.0219214222223,0.0137008888889,0
381,FRAME,NONE,376,376,3.7599999999999998,RECOVERY,1.1000000000000014,0,0,0,0,0,-0.0093951352016,0.14551188485,-0.0278255577906,0.736701026911,0.0084581032582,-0.0725377336277,-0.2167177994,0.110533647448,-0.143440893412,0.301271659666,0.732423120451,0.0192018238358,0.124588361072,0.0535794552157,-0.134450358059,0.0356,-0.0348,0.253500716119,-0.116212052426,-0.0378,-0.134450358059,-0.0356,0.0348,0.253500716119,-0.116212052426,0.0378,0,0,0,0,0,0.73677307832,-0.0745780887109,0.0793994348892,0.412758260867,-0.0137892761575,0.0368926901399,0.573427356086,0.540939014103,0.0847121037084,-0.807117842829,0.209335522249,-0.0670264778245,-0.381912485543,-0.155065505027,0.00893121785679,0,0,-0.0178624357136,-0.011164022321,0,0.00893121785679,0,0,-0.0178624357136,-0.011164022321,0,0,0,0,0,0,-0.63007624653,0.125496283158,-0.107407837811,-1.23959904495,-0.00673157471461,0.399989544301,-0.691033723702,-0.867328487687,-0.19481642169,1.01090484117,-0.258390688212,0.166294014181,0.537010198518,0.260379698935,-0.0110815111111,0,0,0.0221630222225,0.0138518888889,0,-0.0110815111111,0,0,0.0221630222225,0.0138518888889,0
382,FRAME,NONE,377,377,3.77,RECOVERY,1.1000000000000014,0,0,0,0,0,-0.00205890633982,0.144772378869,-0.0270369347319,0.740766617217,0.00831987353873,-0.0721488025784,-0.211018080156,0.115899718296,-0.142603527009,0.293251210305,0.734503362985,0.0185398443945,0.12079629327,0.0520418118931,-0.1343616,0.0356,-0.0348,0.2533232,-0.116323,-0.0378,-0.1343616,-0.0356,0.0348,0.2533232,-0.116323,0.0378,0,0,0,0,0,0.730410604979,-0.0733262988508,0.0783175806618,0.400376904277,-0.0138549655913,0.0408601632065,0.566475844361,0.532279922102,0.0827599285133,-0.796953796724,0.206693850963,-0.0653723856317,-0.376480684777,-0.152463920566,0.00881980741235,0,0,-0.0176396148247,-0.0110247592654,0,0.00881980741235,0,0,-0.0176396148247,-0.0110247592654,0,0,0,0,0,0,-0.642491287579,0.124858493951,-0.108926827625,-1.23617974953,-0.00639126084432,0.393319000933,-0.699162127362,-0.86446888528,-0.195565558034,1.02184424412,-0.269870321963,0.164508969214,0.549244087328,0.259923118758,-0.0111988148149,0,0,0.0223976296294,0.0139985185185,0,-0.0111988148149,0,0,0.0223976296294,0.0139985185185,0
383,FRAME,NONE,378,378,3.7799999999999998,RECOVERY,1.1000000000000014,0,0,0,0,0,0.00521307689799,0.144045358873,-0.0262592061773,0.744708564997,0.00818100394637,-0.0717205303636,-0.205388282513,0.121179343227,-0.141785714537,0.285332942335,0.736556622257,0.0178943150968,0.117059144528,0.0505301601944,-0.134273961911,0.0356,-0.0348,0.253147923822,-0.116432547611,-0.0378,-0.134273961911,-0.0356,0.0348,0.253147923822,-0.116432547611,0.0378,0,0,0,0,0,0.723923252568,-0.0720809188319,0.0772208983367,0.388034665877,-0.0139171013744,0.0447590701585,0.559444113538,0.523650024924,0.0808018427593,-0.786682171607,0.203939624343,-0.0637365998026,-0.3709297428,-0.149867317827,0.00870724156049,0,0,-0.017414483121,-0.0108840519506,0,0.00870724156049,0,0,-0.017414483121,-0.0108840519506,0,0,0,0,0,0,-0.65504626467,0.124215213056,-0.110372993303,-1.23177898082,-0.00602110125301,0.386278120699,-0.707075029312,-0.86149272472,-0.195999630905,1.03241954895,-0.280897395628,0.162633515512,0.560836275,0.259383986247,-0.011312562963,0,0,0.0226251259257,0.0141407037038,0,-0.011312562963,0,0,0.0226251259257,0.0141407037038,0
384,FRAME,NONE,379,379,3.79,RECOVERY,1.1000000000000014,0,0,0,0,0,0.0124195587115,0.143330760492,-0.0254925167652,0.748527310534,0.00804153151124,-0.0712536211753,-0.199829197885,0.126372819701,-0.14098749946,0.277517913232,0.738581795773,0.0172650484369,0.113378073964,0.0490444462373,-0.134187455169,0.0356,-0.0348,0.252974910338,-0.116540681039,-0.0378,-0.134187455169,-0.0356,0.0348,0.252974910338,-0.116540681039,0.0378,0,0,0,0,0,0.717309679686,-0.0708419945896,0.0761101207958,0.375741324661,-0.0139753876163,0.0485857256205,0.552334343775,0.515050393823,0.0788409624674,-0.776306640652,0.201077495737,-0.0621200006903,-0.365266138983,-0.147276503756,0.00859355615309,0,0,-0.0171871123062,-0.0107419451914,0,0.00859355615309,0,0,-0.0171871123062,-0.0107419451914,0,0,0,0,0,0,-0.667729075828,0.123568174409,-0.111745463581,-1.22640495714,-0.00562166116829,0.378871062494,-0.714767418177,-0.858418527199,-0.196125901281,1.04262444692,-0.291446966723,0.160672502313,0.571774811751,0.258765942293,-0.0114226962963,0,0,0.0228453925927,0.0142783703704,0,-0.0114226962963,0,0,0.0228453925927,0.0142783703704,0
385,FRAME,NONE,380,380,3.7999999999999998,RECOVERY,1.1000000000000014,0,0,0,0,0,0.0195592704917,0.142628518981,-0.0247370037614,0.75222339149,0.00790149619405,-0.0707488158512,-0.194341595637,0.131480455007,-0.140208894491,0.269807143444,0.740577828739,0.0166518483615,0.109754175369,0.0475846082422,-0.134102090788,0.0356,-0.0348,0.252804181576,-0.116647386515,-0.0378,-0.134102090788,-0.0356,0.0348,0.252804181576,-0.116647386515,0.0378,0,0,0,0,0,0.710568671052,-0.0696095553437,0.0749859890651,0.363506566734,-0.0140295345978,0.0523364914084,0.545148765175,0.506481928619,0.0768803175179,-0.765830934911,0.198112343641,-0.0605234160612,-0.359496451321,-0.144692251855,0.00847878763457,0,0,-0.0169575752691,-0.0105984845432,0,0.00847878763457,0,0,-0.0169575752691,-0.0105984845432,0,0,0,0,0,0,-0.680526603846,0.122918984746,-0.11304348146,-1.22006803478,-0.00519360841736,0.371103106839,-0.722234315541,-0.855262057947,-0.195954336381,1.05245367226,-0.301498947938,0.158631597684,0.5820519219,0.258072035925,-0.0115291555555,0,0,0.0230583111112,0.0144114444443,0,-0.0115291555555,0,0,0.0230583111112,0.0144114444443,0
386,FRAME,NONE,381,381,3.8100000000000001,RECOVERY,1.1000000000000014,0,0,0,0,0,0.0266309321326,0.141938569385,-0.0239927969839,0.755797441869,0.00776094081928,-0.0702068913471,-0.188926222582,0.136502564667,-0.139449882563,0.26220161585,0.742543716114,0.0160545108291,0.106188476398,0.0461505768427,-0.134017879416,0.0356,-0.0348,0.252635758832,-0.11675265073,-0.0378,-0.134017879416,-0.0356,0.0348,0.252635758832,-0.11675265073,0.0378,0,0,0,0,0,0.703699147609,-0.0683836148947,0.0738492511666,0.351339963965,-0.0140792597847,0.0560077877573,0.537889657464,0.497945376649,0.0749228330447,-0.755258836133,0.195049238323,-0.0589476154655,-0.35362732774,-0.142115306242,0.00836297304198,0,0,-0.016725946084,-0.0104537163025,0,0.00836297304198,0,0,-0.016725946084,-0.0104537163025,0,0,0,0,0,0,-0.693424728891,0.122269118977,-0.114266405093,-1.21278069432,-0.00473771071971,0.362980654265,-0.729470775844,-0.852038393207,-0.195495579984,1.06190221994,-0.311034465756,0.156516674397,0.591660873298,0.25730516821,-0.0116318814814,0,0,0.023263762963,0.0145398518519,0,-0.0116318814814,0,0,0.023263762963,0.0145398518519,0
387,FRAME,NONE,382,382,3.8199999999999998,RECOVERY,1.1000000000000014,0,0,0,0,0,0.0336332534439,0.141260846684,-0.0232600187381,0.759250190769,0.00761991099835,-0.0696286600961,-0.183583802488,0.141439470923,-0.138710417888,0.254702275264,0.744478504504,0.0154728243962,0.102681937891,0.0447422753761,-0.133934831327,0.0356,-0.0348,0.252469662654,-0.116856460841,-0.0378,-0.133934831327,-0.0356,0.0348,0.252469662654,-0.116856460841,0.0378,0,0,0,0,0,0.696700176474,-0.0671641729642,0.0727006609633,0.339250952847,-0.0141242888122,0.0595961044937,0.530559349658,0.489441334486,0.0729713277439,-0.744594176121,0.191893438783,-0.0573933097262,-0.347665483491,-0.139546382025,0.00824615000494,0,0,-0.0164923000099,-0.0103076875062,0,0.00824615000494,0,0,-0.0164923000099,-0.0103076875062,0,0,0,0,0,0,-0.706408346368,0.121619916054,-0.115413708174,-1.20455751399,-0.00425483242986,0.354511216202,-0.736471886062,-0.848762609218,-0.194760275869,1.07096508492,-0.320034646658,0.154333605227,0.600594933792,0.256468240215,-0.0117308148147,0,0,0.0234616296296,0.0146635185186,0,-0.0117308148147,0,0,0.0234616296296,0.0146635185186,0
388,FRAME,NONE,383,383,3.8300000000000001,RECOVERY,1.1000000000000014,0,0,0,0,0,0.0405649356621,0.140595285926,-0.0225387837646,0.762582460926,0.00747845504304,-0.0690149692572,-0.178315035589,0.14629150123,-0.137990427027,0.247310027933,0.746381294041,0.0149065708063,0.0992354532014,0.0433596201729,-0.133852956416,0.0356,-0.0348,0.252305912832,-0.11695880448,-0.0378,-0.133852956416,-0.0356,0.0348,0.252305912832,-0.11695880448,0.0378,0,0,0,0,0,0.689570980682,-0.0659512165737,0.0715409770031,0.327248813685,-0.0141643564333,0.0630980120813,0.523160219743,0.480970249974,0.0710285125849,-0.733840835703,0.18865038945,-0.055861150187,-0.341617698572,-0.136986165832,0.00812835674568,0,0,-0.0162567134914,-0.0101604459321,0,0.00812835674568,0,0,-0.0162567134914,-0.0101604459321,0,0,0,0,0,0,-0.719461389955,0.120972575339,-0.116484979825,-1.19541513064,-0.00374593076113,0.345703398511,-0.743232765166,-0.845448969254,-0.193759583366,1.07963767148,-0.32848194029,0.152088563343,0.608848399174,0.255563940849,-0.0118258962964,0,0,0.0236517925925,0.0147823703703,0,-0.0118258962964,0,0,0.0236517925925,0.0147823703703,0
389,FRAME,NONE,384,384,3.8399999999999999,RECOVERY,1.1000000000000014,0,0,0,0,0,0.0474246730575,0.139941822352,-0.021829199198,0.765795167043,0.00733662386969,-0.0683666998544,-0.173120598093,0.151058986864,-0.137289810024,0.240025741092,0.748251240093,0.0143555256179,0.0958498476671,0.0420025208176,-0.133772264192,0.0356,-0.0348,0.252144528384,-0.11705966976,-0.0378,-0.133772264192,-0.0356,0.0348,0.252144528384,-0.11705966976,0.0378,0,0,0,0,0,0.682310948675,-0.0647447214574,0.0703709613668,0.315342650235,-0.0141992074274,0.0665101724639,0.515694694355,0.472532444583,0.0690969766328,-0.723002733481,0.185325683794,-0.0543517204525,-0.335490789466,-0.134435321645,0.00800963207901,0,0,-0.016019264158,-0.0100120400988,0,0.00800963207901,0,0,-0.016019264158,-0.0100120400988,0,0,0,0,0,0,-0.732566859968,0.120328153556,-0.11747992396,-1.1853721877,-0.00321205150443,0.336566877405,-0.749748563463,-0.842108484711,-0.192506724008,1.08791702109,-0.336364088937,0.149788923497,0.616419677008,0.254594110397,-0.0119170666668,0,0,0.0238341333333,0.0148963333334,0,-0.0119170666668,0,0,0.0238341333333,0.0148963333334,0
390,FRAME,NONE,385,385,3.8500000000000001,RECOVERY,1.1000000000000014,0,0,0,0,0,0.0542111546356,0.139300391497,-0.0211313645373,0.76888931393,0.00719447089449,-0.0676847658079,-0.168001141702,0.155742261788,-0.136608441705,0.232850242655,0.750087554537,0.0138194589307,0.092525878411,0.0406708803409,-0.133692763774,0.0356,-0.0348,0.251985527549,-0.117159045282,-0.0378,-0.133692763774,-0.0356,0.0348,0.251985527549,-0.117159045282,0.0378,0,0,0,0,0,0.674919643482,-0.0635446535025,0.0691913785239,0.303541369931,-0.0142285974634,0.0698293496294,0.508165248473,0.464128135767,0.0671791728707,-0.712083814569,0.181925027936,-0.0528655281265,-0.329291580872,-0.131894496634,0.00789001541234,0,0,-0.0157800308247,-0.00986251926543,0,0.00789001541234,0,0,-0.0157800308247,-0.00986251926543,0,0,0,0,0,0,-0.745706856717,0.119687562305,-0.118398358097,-1.17444927097,-0.00265432426387,0.327112368132,-0.756014461769,-0.838751354018,-0.191015434881,1.09580058452,-0.343670158049,0.147442360837,0.623308202799,0.253560376983,-0.0120042666667,0,0,0.0240085333336,0.0150053333334,0,-0.0120042666667,0,0,0.0240085333336,0.0150053333334,0
391,FRAME,NONE,386,386,3.8599999999999999,RECOVERY,1.1000000000000014,0,0,0,0,0,0.0609230659272,0.138670929282,-0.0204453716275,0.771865994442,0.00705205192042,-0.0669701128618,-0.162957293124,0.160341661631,-0.135946173058,0.225784320957,0.751889506857,0.0132981361526,0.0892642342808,0.0393645953829,-0.133614463884,0.0356,-0.0348,0.251828927768,-0.117256920145,-0.0378,-0.133614463884,-0.0356,0.0348,0.251828927768,-0.117256920145,0.0378,0,0,0,0,0,0.66739681154,-0.0623509702113,0.0680029942048,0.291853664815,-0.0142522939127,0.0730524198266,0.500574405119,0.455757438995,0.0652774169108,-0.701088049575,0.178454237346,-0.0514030040613,-0.323026903132,-0.129364321689,0.00776954674568,0,0,-0.0155390934914,-0.0097119334321,0,0.00776954674568,0,0,-0.0155390934914,-0.0097119334321,0,0,0,0,0,0,-0.758862618753,0.11905156613,-0.119240211643,-1.16266883218,-0.00207395721984,0.317351586482,-0.7620256704,-0.835387775603,-0.189299453068,1.10328581255,-0.350389213074,0.145056550511,0.629513412053,0.252464368734,-0.0120874370369,0,0,0.0241748740741,0.0151092962962,0,-0.0120874370369,0,0,0.0241748740741,0.0151092962962,0
392,FRAME,NONE,387,387,3.8700000000000001,RECOVERY,1.1000000000000014,0,0,0,0,0,0.0675590908664,0.138053372093,-0.0197713046532,0.774726387227,0.00690942501624,-0.0662237174114,-0.157989653599,0.164857522669,-0.135302832599,0.218828724499,0.753656425232,0.0127913187654,0.0860655357978,0.0380835563565,-0.13353737284,0.0356,-0.0348,0.251674745679,-0.117353283951,-0.0378,-0.13353737284,-0.0356,0.0348,0.251674745679,-0.117353283951,0.0378,0,0,0,0,0,0.659742391107,-0.0611636221799,0.0668065742911,0.280287993288,-0.0142700766078,0.076176381359,0.492924735065,0.447420370034,0.0633938866973,-0.690019434783,0.174919233404,-0.0499645028986,-0.316703589774,-0.1268454114,0.00764826667161,0,0,-0.0152965333432,-0.00956033333951,0,0.00764826667161,0,0,-0.0152965333432,-0.00956033333951,0,0,0,0,0,0,-0.772014565856,0.118420781238,-0.120005523645,-1.15005510129,-0.00147223150034,0.307297203606,-0.767777428157,-0.832027035303,-0.187372634588,1.11037008264,-0.35651169244,0.142638951413,0.63503572439,0.251307719925,-0.0121665185185,0,0,0.0243330370368,0.0152081481481,0,-0.0121665185185,0,0,0.0243330370368,0.0152081481481,0
393,FRAME,NONE,388,388,3.8799999999999999,RECOVERY,1.1000000000000014,0,0,0,0,0,0.0741179137493,0.137447656838,-0.0191092401417,0.777471754307,0.00676665038826,-0.0654465852347,-0.153098798422,0.169290180933,-0.134678227766,0.211984161684,0.755387697443,0.0122987650633,0.0829303352326,0.0368276476105,-0.133461498551,0.0356,-0.0348,0.251522997101,-0.117448126812,-0.0378,-0.133461498551,-0.0356,0.0348,0.251522997101,-0.117448126812,0.0378,0,0,0,0,0,0.651956520223,-0.0599825545865,0.0656028837319,0.268852562789,-0.0142817385427,0.0791983638987,0.485218856556,0.439116870044,0.0615306192355,-0.678881994168,0.171326005648,-0.048550309016,-0.310328450447,-0.124338363896,0.00752621637531,0,0,-0.0150524327506,-0.00940777046914,0,0.00752621637531,0,0,-0.0150524327506,-0.00940777046914,0,0,0,0,0,0,-0.785142346328,0.117795674825,-0.120694439991,-1.13663398787,-0.000850495164991,0.296962794356,-0.773265001178,-0.828674768578,-0.185249311184,1.117050479,-0.362033526497,0.140196157418,0.639879495883,0.250092089417,-0.012241451852,0,0,0.0244829037038,0.015301814815,0,-0.012241451852,0,0,0.0244829037038,0.015301814815,0
394,FRAME,NONE,389,389,3.8900000000000001,RECOVERY,1.1000000000000014,0,0,0,0,0,0.0805982212708,0.136853721001,-0.0184592469785,0.780103438483,0.00662379024539,-0.0646397501334,-0.148285276468,0.17363997161,-0.134072146346,0.205251300526,0.757082771329,0.0118202308202,0.0798591170071,0.0355967475958,-0.133386848512,0.0356,-0.0348,0.251373697024,-0.11754143936,-0.0378,-0.133386848512,-0.0356,0.0348,0.251373697024,-0.11754143936,0.0378,0,0,0,0,0,0.644039544181,-0.0588077086834,0.0643926854913,0.25755531353,-0.0142870865111,0.0821156372462,0.477459435042,0.430846830674,0.0596895073211,-0.667679781413,0.167680574014,-0.0471606424745,-0.303908243858,-0.121843760667,0.00740343763457,0,0,-0.0148068752691,-0.00925429704321,0,0.00740343763457,0,0,-0.0148068752691,-0.00925429704321,0,0,0,0,0,0,-0.798224888413,0.117176564984,-0.1213072101,-1.12243297209,-0.000210156844607,0.286362779486,-0.778483681689,-0.825335698294,-0.182943933534,1.12332401254,-0.366952018574,0.137734546148,0.644050066719,0.248819142223,-0.0123121777778,0,0,0.0246243555556,0.0153902222222,0,-0.0123121777778,0,0,0.0246243555556,0.0153902222222,0
395,FRAME,NONE,390,390,3.8999999999999999,RECOVERY,1.1000000000000014,0,0,0,0,0,0.0869987046329,0.136271502665,-0.0178213864319,0.782622860578,0.00648090865804,-0.0638042724897,-0.143549609722,0.177907228569,-0.133484357924,0.198630768355,0.758741155064,0.011355469928,0.0768522982227,0.0343907290315,-0.133313429798,0.0356,-0.0348,0.251226859596,-0.117633212753,-0.0378,-0.133313429798,-0.0356,0.0348,0.251226859596,-0.117633212753,0.0378,0,0,0,0,0,0.635992022455,-0.0576390232869,0.0631767395299,0.246403903348,-0.0142859416796,0.0849256194884,0.469649182922,0.422610096347,0.0578722992433,-0.656416880091,0.163988985406,-0.0457956595586,-0.297449675314,-0.119362166557,0.00727997281975,0,0,-0.0145599456395,-0.00909996602469,0,0.00727997281975,0,0,-0.0145599456395,-0.00909996602469,0,0,0,0,0,0,-0.811240455425,0.116563621285,-0.121844183152,-1.10748098712,0.000447320881133,0.275512362661,-0.783428786841,-0.822014547319,-0.180470952314,1.12918769415,-0.371264472002,0.135260495225,0.647552777086,0.247490543353,-0.0123786370369,0,0,0.0247572740737,0.015473296296,0,-0.0123786370369,0,0,0.0247572740737,0.015473296296,0
396,FRAME,NONE,391,391,3.9100000000000001,RECOVERY,1.1000000000000014,0,0,0,0,0,0.0933180617199,0.135700940535,-0.0171957121879,0.785031516549,0.00633807141179,-0.0629412377437,-0.13889229281,0.182092283888,-0.132914615319,0.192123151509,0.760362417417,0.0109042350318,0.0739102291994,0.0332094590726,-0.133241249056,0.0356,-0.0348,0.251082498111,-0.11772343868,-0.0378,-0.133241249056,-0.0356,0.0348,0.251082498111,-0.11772343868,0.0378,0,0,0,0,0,0.627814735072,-0.0564764362578,0.0619558018282,0.235405693788,-0.0142781400935,0.0876258844994,0.461790859305,0.414406466507,0.0560805993236,-0.645097404776,0.160257310371,-0.0444554542784,-0.290959394524,-0.116894129349,0.00715586489383,0,0,-0.0143117297877,-0.00894483111729,0,0.00715586489383,0,0,-0.0143117297877,-0.00894483111729,0,0,0,0,0,0,-0.82416670418,0.115956865929,-0.122305803793,-1.09180829275,0.00112042836151,0.264427462313,-0.788095657451,-0.818715137361,-0.177844602535,1.13463809083,-0.374969518601,0.132779781629,0.650393844459,0.246108120753,-0.0124407703703,0,0,0.0248815407405,0.0155509629629,0,-0.0124407703703,0,0,0.0248815407405,0.0155509629629,0
397,FRAME,NONE,392,392,3.9199999999999999,RECOVERY,1.1000000000000014,0,0,0,0,0,0.0995549993344,0.13514197394,-0.0165822703953,0.787330974454,0.00619534585617,-0.0620517547998,-0.134313792535,0.18619546751,-0.132362656008,0.185728994986,0.761946187848,0.0104662780864,0.071033194128,0.0320527994978,-0.1331703125,0.0356,-0.0348,0.250940625,-0.117812109375,-0.0378,-0.1331703125,-0.0356,0.0348,0.250940625,-0.117812109375,0.0378,0,0,0,0,0,0.619508688372,-0.0553198859683,0.0607306234541,0.224567737493,-0.0142635331123,0.0902141687347,0.453887269773,0.406235720406,0.0543158738467,-0.633725513253,0.156491606571,-0.0431400748869,-0.284443971479,-0.114440175289,0.00703115741235,0,0,-0.0140623148247,-0.00878894676543,0,0.00703115741235,0,0,-0.0140623148247,-0.00878894676543,0,0,0,0,0,0,-0.836980746102,0.115356175533,-0.122692607414,-1.07544634212,0.00180761590983,0.253124639342,-0.792479656705,-0.815437685489,-0.175078256542,1.13966999396,-0.378071104157,0.130295779775,0.652582995465,0.244674354112,-0.0124985185185,0,0,0.0249970370374,0.0156231481483,0,-0.0124985185185,0,0,0.0249970370374,0.0156231481483,0
398,FRAME,NONE,393,393,3.9300000000000002,RECOVERY,1.1000000000000014,0,0,0,0,0,0.105708235487,0.134594542816,-0.0159810997189,0.789522871299,0.00605280074955,-0.061136954369,-0.129814547414,0.190217107187,-0.131828203465,0.179448801927,0.763492156153,0.0100413507146,0.0682214120118,0.0309206069526,-0.133100625907,0.0356,-0.0348,0.250801251815,-0.117899217616,-0.0378,-0.133100625907,-0.0356,0.0348,0.250801251815,-0.117899217616,0.0378,0,0,0,0,0,0.61107512015,-0.0541693127471,0.0595019496799,0.213896766945,-0.0142419877753,0.0926883772862,0.445941266171,0.398097641884,0.0525794569912,-0.622305418717,0.152697882244,-0.0418495403978,-0.277909872323,-0.112000804604,0.00690589452346,0,0,-0.0138117890469,-0.00863236815432,0,0.00690589452346,0,0,-0.0138117890469,-0.00863236815432,0,0,0,0,0,0,-0.849659210856,0.114761283501,-0.12300521504,-1.05842764255,0.00250730096251,0.241621021227,-0.796576168984,-0.812181507611,-0.172185071017,1.14427775106,-0.380574502947,0.127811263437,0.654130834021,0.243191886054,-0.0125518222222,0,0,0.0251036444446,0.0156897777778,0,-0.0125518222222,0,0,0.0251036444446,0.0156897777778,0
399,FRAME,NONE,394,394,3.9399999999999999,RECOVERY,1.1000000000000014,0,0,0,0,0,0.111776501737,0.134058587685,-0.0153922314017,0.791608909793,0.00591050610067,-0.060197987254,-0.125394967212,0.194157528542,-0.131310968483,0.173283033062,0.765000071948,0.00962920448806,0.0654750377231,0.0298127332122,-0.13303219461,0.0356,-0.0348,0.250664389219,-0.117984756738,-0.0378,-0.13303219461,-0.0356,0.0348,0.250664389219,-0.117984756738,0.0378,0,0,0,0,0,0.602515504154,-0.0530246602983,0.0582705191533,0.203399184642,-0.0142133870931,0.0950465891592,0.437955746394,0.389992021621,0.0508725513692,-0.610841390893,0.148882092887,-0.0405838420872,-0.271363457161,-0.109576491097,0.0067801209679,0,0,-0.0135602419358,-0.00847515120988,0,0.0067801209679,0,0,-0.0135602419358,-0.00847515120988,0,0,0,0,0,0,-0.86217831184,0.114171782974,-0.123244327845,-1.04078561148,0.00321787530105,0.229934223244,-0.800380598719,-0.808945919637,-0.169178202637,1.14845570959,-0.382484989248,0.12532900639,0.655047964041,0.241663359202,-0.0126006222222,0,0,0.0252012444443,0.0157507777778,0,-0.0126006222222,0,0,0.0252012444443,0.0157507777778,0
400,FRAME,NONE,395,395,3.9500000000000002,RECOVERY,1.1000000000000014,0,0,0,0,0,0.11775854557,0.13353404961,-0.0148156893358,0.793590854992,0.00576853300769,-0.0592360225858,-0.121055432486,0.198017055142,-0.13081065048,0.167232106135,0.766469744136,0.00922959119917,0.0627941630668,0.0287290254475,-0.132965023488,0.0356,-0.0348,0.250530046976,-0.11806872064,-0.0378,-0.132965023488,-0.0356,0.0348,0.250530046976,-0.11806872064,0.0378,0,0,0,0,0,0.593831553913,-0.0518858770876,0.057037063123,0.193081054716,-0.0141776302692,0.0972870617511,0.429933654196,0.381918659221,0.0491962293159,-0.599337758066,0.145050138272,-0.0393429459472,-0.26481097828,-0.107167681333,0.00665388207901,0,0,-0.013307764158,-0.00831735259876,0,0.00665388207901,0,0,-0.013307764158,-0.00831735259876,0,0,0,0,0,0,-0.874513912919,0.113587130316,-0.123410721328,-1.0225544287,0.00393771228048,0.21808226737,-0.803888369203,-0.805729404313,-0.166070292037,1.15219740234,-0.383809029588,0.122850800771,0.655345700567,0.240091739448,-0.0126448592593,0,0,0.0252897185186,0.0158060740741,0,-0.0126448592593,0,0,0.0252897185186,0.0158060740741,0
401,FRAME,NONE,396,396,3.96,RECOVERY,1.1000000000000014,0,0,0,0,0,0.123653132816,0.133020870143,-0.0142514901393,0.795470530887,0.00562695349528,-0.058252246019,-0.116796294128,0.201796008684,-0.130326938752,0.161296395232,0.767901040214,0.00884226300633,0.060178817937,0.0276693265332,-0.132899116968,0.0356,-0.0348,0.250398233936,-0.11815110379,-0.0378,-0.132899116968,-0.0356,0.0348,0.250398233936,-0.11815110379,0.0378,0,0,0,0,0,0.585025225896,-0.050752917692,0.0558023047267,0.182948096068,-0.0141346328475,0.0994082345066,0.42187797901,0.373877386125,0.047551447081,-0.587798929486,0.141207829663,-0.0381268196817,-0.258258560596,-0.104774785754,0.00652722378272,0,0,-0.0130544475654,-0.00815902972839,0,0.00652722378272,0,0,-0.0130544475654,-0.00815902972839,0,0,0,0,0,0,-0.886641596241,0.11300664913,-0.123505239196,-1.00376888602,0.00466517400973,0.206083499649,-0.807094921559,-0.802527111737,-0.162871915666,1.15549310315,-0.384557859495,0.120374512179,0.655038203138,0.238481285763,-0.012684474074,0,0,0.025368948148,0.0158555925926,0,-0.012684474074,0,0,0.025368948148,0.0158555925926,0
402,FRAME,NONE,397,397,3.9700000000000002,RECOVERY,1.1000000000000014,0,0,0,0,0,0.129459050088,0.132518991256,-0.0136996432413,0.797249816913,0.00548584035074,-0.0572478578957,-0.112617872906,0.205494709443,-0.129859513546,0.155476229834,0.769293885196,0.00846697225472,0.0576289717078,0.026633475462,-0.132834479012,0.0356,-0.0348,0.250268958025,-0.118231901235,-0.0378,-0.132834479012,-0.0356,0.0348,0.250268958025,-0.118231901235,0.0378,0,0,0,0,0,0.576098721988,-0.049625744105,0.0545669583391,0.173005676995,-0.014084326789,0.101408731744,0.413791755765,0.365868088521,0.0459390590204,-0.576229417779,0.137360857024,-0.0369354597004,-0.251712182095,-0.10239816979,0.00640019259753,0,0,-0.0128003851951,-0.00800024074691,0,0.00640019259753,0,0,-0.0128003851951,-0.00800024074691,0,0,0,0,0,0,-0.898536730188,0.112429534791,-0.123528787053,-0.984464236561,0.00539861840661,0.193956507181,-0.809995713812,-0.799333358844,-0.159593133926,1.15833227112,-0.384743906748,0.117897024576,0.654140342419,0.236836580381,-0.0127194074073,0,0,0.0254388148148,0.0158992592592,0,-0.0127194074073,0,0,0.0254388148148,0.0158992592592,0
403,FRAME,NONE,398,398,3.98,RECOVERY,1.1000000000000014,0,0,0,0,0,0.135175107255,0.132028355261,-0.0131601509725,0.798930644427,0.0053452669595,-0.0562240713841,-0.108520459013,0.209113476843,-0.129408047068,0.149771893772,0.770648260374,0.0081034711696,0.055144534717,0.0256213078015,-0.132771113116,0.0356,-0.0348,0.250142226232,-0.118311108605,-0.0378,-0.132771113116,-0.0356,0.0348,0.250142226232,-0.118311108605,0.0378,0,0,0,0,0,0.567054491292,-0.0485043269961,0.0533317289856,0.163258811336,-0.0140266604794,0.10328736465,0.405678064733,0.357890709426,0.0443598188857,-0.564633840976,0.133514786044,-0.0357688935736,-0.245177672056,-0.100038153045,0.00627283563457,0,0,-0.0125456712691,-0.00784104454321,0,0.00627283563457,0,0,-0.0125456712691,-0.00784104454321,0,0,0,0,0,0,-0.910174537143,0.111854859384,-0.123482325874,-0.964676043587,0.00613640609828,0.18172003484,-0.812586219912,-0.796142462568,-0.156244007221,1.16070436538,-0.384379599125,0.115415221924,0.652666989075,0.235162205542,-0.0127496000001,0,0,0.0254992000001,0.015937,0,-0.0127496000001,0,0,0.0254992000001,0.015937,0
404,FRAME,NONE,399,399,3.9900000000000002,RECOVERY,1.1000000000000014,0,0,0,0,0,0.140800139914,0.131548904716,-0.0126330086616,0.80051499314,0.00520530714115,-0.0551821106027,-0.104504311611,0.212652630023,-0.128972204487,0.144183624168,0.77196420207,0.00775151154637,0.0527253597555,0.0246326561513,-0.1327090223,0.0356,-0.0348,0.250018044599,-0.118388722125,-0.0378,-0.1327090223,-0.0356,0.0348,0.250018044599,-0.118388722125,0.0378,0,0,0,0,0,0.557895231246,-0.0473886469173,0.0520973118216,0.153712156124,-0.0139615986671,0.105043132441,0.397540031367,0.34994525025,0.0428143801716,-0.553016921214,0.129675055913,-0.0346271792244,-0.238660709987,-0.0976950099854,0.00614520059753,0,0,-0.0122904011951,-0.00768150074691,0,0.00614520059753,0,0,-0.0122904011951,-0.00768150074691,0,0,0,0,0,0,-0.921530160844,0.111281577113,-0.123366865337,-0.944440030514,0.00687690711188,0.169392902569,-0.814861928978,-0.792948116231,-0.152834457153,1.16259936718,-0.383478252227,0.112926311303,0.650633440316,0.233462470519,-0.0127749925927,0,0,0.0255499851852,0.0159687407408,0,-0.0127749925927,0,0,0.0255499851852,0.0159687407408,0
405,FRAME,NONE,400,400,4,RECOVERY,1.1000000000000014,0,0,0,0,0,0.14633301188,0.131080582323,-0.0121182047361,0.802004887549,0.00506603498616,-0.0541232087353,-0.100569658385,0.216112488494,-0.128551644926,0.138711610459,0.773241800276,0.00741084448253,0.0503712436113,0.0236673505635,-0.132648209104,0.0356,-0.0348,0.249896418208,-0.11846473862,-0.0378,-0.132648209104,-0.0356,0.0348,0.249896418208,-0.11846473862,0.0378,0,0,0,0,0,0.548623888075,-0.0462786954539,0.0508643916789,0.144370010726,-0.0138891223371,0.106675222702,0.389380826154,0.342031787939,0.0413032999325,-0.541383470375,0.125846954908,-0.0335103960423,-0.23216681389,-0.0953689774437,0.00601733578272,0,0,-0.0120346715654,-0.00752166972839,0,0.00601733578272,0,0,-0.0120346715654,-0.00752166972839,0,0,0,0,0,0,-0.932578732523,0.110708530064,-0.123183457082,-0.923791933585,0.0076185073076,0.156993924154,-0.816818344596,-0.7897415187,-0.149373850126,1.16400934634,-0.382056732935,0.110428792257,0.64805669954,0.231740592737,-0.0127955259258,0,0,0.0255910518518,0.0159944074074,0,-0.0127955259258,0,0,0.0255910518518,0.0159944074074,0
406,FRAME,NONE,401,401,4.0099999999999998,RECOVERY,1.1000000000000014,0,0,0,0,0,0.151772617676,0.130623330807,-0.011615720828,0.803402393355,0.00492752469441,-0.0530486061486,-0.0967166950884,0.219493372993,-0.128146022401,0.133355993581,0.774481196995,0.00708122021637,0.0480819287558,0.022725218875,-0.132588675584,0.0356,-0.0348,0.249777351168,-0.11853915552,-0.0378,-0.132588675584,-0.0356,0.0348,0.249777351168,-0.11853915552,0.0378,0,0,0,0,0,0.539243656595,-0.0451744763161,0.04963364268,0.135236317452,-0.0138092285209,0.108183010924,0.381203664475,0.334150492129,0.0398270426002,-0.529738375723,0.12203559598,-0.0324186359985,-0.225701328536,-0.093060262125,0.00588929007901,0,0,-0.011778580158,-0.00736161259877,0,0.00588929007901,0,0,-0.011778580158,-0.00736161259877,0,0,0,0,0,0,-0.943295435482,0.110134454295,-0.12293318793,-0.902767357998,0.00835961450537,0.144541827947,-0.818450984221,-0.786513245229,-0.145871413746,1.16492689479,-0.380132795954,0.107921487444,0.644954196689,0.229999516656,-0.0128111407407,0,0,0.0256222814813,0.0160139259258,0,-0.0128111407407,0,0,0.0256222814813,0.0160139259258,0
407,FRAME,NONE,402,402,4.0199999999999996,RECOVERY,1.1000000000000014,0,0,0,0,0,0.157117885012,0.130177092796,-0.0111255318825,0.804709613898,0.00478985041574,-0.0519595485168,-0.092945585096,0.222795606427,-0.127754986747,0.128116865228,0.775682584473,0.0067623880076,0.0458571050839,0.0218060870028,-0.132530423302,0.0356,-0.0348,0.249660846605,-0.118611970872,-0.0378,-0.132530423302,-0.0356,0.0348,0.249660846605,-0.118611970872,0.0378,0,0,0,0,0,0.529757979366,-0.044076006368,0.0484057279203,0.126314663566,-0.013721930047,0.109566059261,0.373011806469,0.326301626703,0.0383859803301,-0.518086598608,0.118245914532,-0.0313520028371,-0.219269424397,-0.09076904129,0.0057611129679,0,0,-0.0115222259358,-0.00720139120988,0,0.0057611129679,0,0,-0.0115222259358,-0.00720139120988,0,0,0,0,0,0,-0.953655567618,0.109557986249,-0.122617173108,-0.881401638695,0.00909866425601,0.132055180308,-0.819755378652,-0.783253871072,-0.142336375618,1.16534460451,-0.377724195985,0.105403219524,0.641343361706,0.228242186739,-0.0128217777778,0,0,0.0256435555556,0.0160272222223,0,-0.0128217777778,0,0,0.0256435555556,0.0160272222223,0
408,FRAME,NONE,403,403,4.0300000000000002,RECOVERY,1.1000000000000014,0,0,0,0,0,0.162367777263,0.12974181068,-0.0106476062696,0.805928686626,0.00465308609347,-0.0508572849634,-0.089256458959,0.226019514813,-0.12737818454,0.122994267126,0.776846203421,0.00645409603684,0.0436964116576,0.0209097792298,-0.132473453325,0.0356,-0.0348,0.249546906649,-0.118683183344,-0.0378,-0.132473453325,-0.0356,0.0348,0.249546906649,-0.118683183344,0.0378,0,0,0,0,0,0.520170545243,-0.0429833165911,0.0471812992178,0.117608284678,-0.0136272552358,0.11082411453,0.364808556902,0.318485550497,0.0369803905805,-0.506433165366,0.114482667393,-0.0303106034574,-0.212876097444,-0.0884954670001,0.00563285452346,0,0,-0.0112657090469,-0.00704106815432,0,0.00563285452346,0,0,-0.0112657090469,-0.00704106815432,0,0,0,0,0,0,-0.963634601793,0.108977669389,-0.122236549521,-0.859729706141,0.00983412525744,0.119552311864,-0.820727071613,-0.779953689502,-0.138778931808,1.16525870323,-0.374849099022,0.102876258663,0.637241703919,0.22646984932,-0.0128273777777,0,0,0.0256547555556,0.0160342222223,0,-0.0128273777777,0,0,0.0256547555556,0.0160342222223,0
409,FRAME,NONE,404,404,4.04,RECOVERY,1.1000000000000014,0,0,0,0,0,0.167521295917,0.129317426464,-0.0101819058981,0.807061779592,0.00451730531103,-0.0497430662262,-0.0856494139579,0.229165428261,-0.127015260156,0.117988190787,0.777972341181,0.00615609175334,0.0415994384602,0.0200361182705,-0.132417766212,0.0356,-0.0348,0.249435532424,-0.118752792235,-0.0378,-0.132417766212,-0.0356,0.0348,0.249435532424,-0.118752792235,0.0378,0,0,0,0,0,0.51048528733,-0.0418964529802,0.0459609969299,0.109120069443,-0.0135252475419,0.111957105498,0.356597265037,0.310702725054,0.0356104294798,-0.494783067343,0.110750421504,-0.0292944531064,-0.206526166971,-0.0862397128159,0.00550456541235,0,0,-0.0110091308247,-0.00688070676543,0,0.00550456541235,0,0,-0.0110091308247,-0.00688070676543,0,0,0,0,0,0,-0.973208243579,0.10839196105,-0.121792469129,-0.837785958492,0.010564504367,0.107051247446,-0.8213616195,-0.776601865869,-0.135213152236,1.1646799619,-0.371527316223,0.10035666505,0.632667050193,0.22467695822,-0.0128278814816,0,0,0.025655762963,0.0160348518519,0,-0.0128278814816,0,0,0.025655762963,0.0160348518519,0
410,FRAME,NONE,405,405,4.0499999999999998,RECOVERY,1.1000000000000014,0,0,0,0,0,0.17257748301,0.12890388162,-0.00972838633097,0.808111088015,0.00438258114263,-0.0486181428535,-0.0821245136583,0.232233682045,-0.126665857144,0.113098578458,0.779061329764,0.00586812336031,0.0395657281753,0.0191849247753,-0.132363362016,0.0356,-0.0348,0.249326724033,-0.11882079748,-0.0378,-0.132363362016,-0.0356,0.0348,0.249326724033,-0.11882079748,0.0378,0,0,0,0,0,0.500706380371,-0.0408154773701,0.0447454498353,0.100852565508,-0.0134159651485,0.112965139479,0.348381324512,0.302953722376,0.0342761051937,-0.483141160906,0.107053542613,-0.0283033805732,-0.200224273406,-0.0840020204956,0.00537629689383,0,0,-0.0107525937877,-0.00672037111728,0,0.00537629689383,0,0,-0.0107525937877,-0.00672037111728,0,0,0,0,0,0,-0.982352485817,0.107799239426,-0.121286092461,-0.81560414088,0.0112883511762,0.0945696401963,-0.821654591093,-0.773187283541,-0.131654075284,1.16362278724,-0.367779070034,0.097863946379,0.627637306778,0.222856269136,-0.0128232296297,0,0,0.0256464592593,0.0160290370371,0,-0.0128232296297,0,0,0.0256464592593,0.0160290370371,0
411,FRAME,NONE,406,406,4.0599999999999996,RECOVERY,1.1000000000000014,0,0,0,0,0,0.177535423524,0.128501116917,-0.0092869969014,0.809078830902,0.00424898600806,-0.0474837634366,-0.0786817874677,0.235224617716,-0.12632961972,0.10832532454,0.780113543824,0.00558994174844,0.0375947779779,0.0183560166151,-0.132310240274,0.0356,-0.0348,0.249220480548,-0.118887199657,-0.0378,-0.132310240274,-0.0356,0.0348,0.249220480548,-0.118887199657,0.0378,0,0,0,0,0,0.490838237614,-0.0397404681917,0.0435352750807,0.0928079866257,-0.0132994805183,0.113848498302,0.340164173215,0.295239225634,0.0329772755041,-0.471512158354,0.10339619424,-0.02733701957,-0.193974878114,-0.0817827042408,0.00524810081975,0,0,-0.0104962016395,-0.00656012602469,0,0.00524810081975,0,0,-0.0104962016395,-0.00656012602469,0,0,0,0,0,0,-0.991043660182,0.107197810698,-0.120718582311,-0.793217232071,0.0120042621458,0.0821247098797,-0.821601567475,-0.769698825887,-0.128116739334,1.16210158598,-0.363624582902,0.0954176103443,0.622170379922,0.221000537764,-0.0128133629629,0,0,0.0256267259258,0.0160167037036,0,-0.0128133629629,0,0,0.0256267259258,0.0160167037036,0
412,FRAME,NONE,407,407,4.0700000000000003,RECOVERY,1.1000000000000014,0,0,0,0,0,0.182394247762,0.128109072256,-0.00885768082936,0.809967247747,0.00411659153226,-0.0463411728874,-0.075321230194,0.238138584215,-0.126006194271,0.103668277022,0.781129398641,0.00532130243429,0.0356860413257,0.017549208161,-0.1322584,0.0356,-0.0348,0.2491168,-0.118952,-0.0378,-0.1322584,-0.0356,0.0348,0.2491168,-0.118952,0.0378,0,0,0,0,0,0.480885507168,-0.0386715211561,0.0423310781891,0.0849882208667,-0.0131758799055,0.114607633677,0.331949293163,0.287560030288,0.0317136510257,-0.459900634124,0.0997823364242,-0.0263948149307,-0.187782262788,-0.079582148284,0.00512002963457,0,0,-0.0102400592691,-0.00640003704321,0,0.00512002963457,0,0,-0.0102400592691,-0.00640003704321,0,0,0,0,0,0,-0.999258485345,0.10658591623,-0.120091097619,-0.770657339104,0.0127108842869,0.0697331858685,-0.821198142,-0.766124926842,-0.124614896128,1.16012828299,-0.359084580824,0.0930346851382,0.616284420056,0.219103484484,-0.0127982222223,0,0,0.0255964444446,0.0159977777779,0,-0.0127982222223,0,0,0.0255964444446,0.0159977777779,0
413,FRAME,NONE,408,408,4.0800000000000001,RECOVERY,1.1000000000000014,0,0,0,0,0,0.187153133668,0.127727686494,-0.00844037533761,0.810778595319,0.00398546840995,-0.0451916107631,-0.0720428016044,0.240975939044,-0.125695230678,0.0991272385809,0.782109348023,0.00506196717633,0.033838929783,0.0167643096909,-0.132207839681,0.0356,-0.0348,0.249015679363,-0.119015200398,-0.0378,-0.132207839681,-0.0356,0.0348,0.249015679363,-0.119015200398,0.0378,0,0,0,0,0,0.470853067907,-0.0376087498671,0.0411334531283,0.0773948398436,-0.0130452628326,0.115243162019,0.323740210375,0.279917056448,0.0304848305885,-0.448311093042,0.0962157118727,-0.0254760907972,-0.181650522732,-0.0774007803604,0.00499213637531,0,0,-0.00998427275061,-0.00624017046913,0,0.00499213637531,0,0,-0.00998427275061,-0.00624017046913,0,0,0,0,0,0,-1.00697411148,0.105961739741,-0.11940478761,-0.747955600331,0.0134069183937,0.0574112549937,-0.82043992026,-0.76245222261,-0.121157150845,1.15770487563,-0.354181803988,0.090722280944,0.609998554331,0.217162688419,-0.0127777481482,0,0,0.0255554962964,0.0159721851852,0,-0.0127777481482,0,0,0.0255554962964,0.0159721851852,0
414,FRAME,NONE,409,409,4.0899999999999999,RECOVERY,1.1000000000000014,0,0,0,0,0,0.19181130912,0.127356897259,-0.00803501176679,0.811515144544,0.00385568627561,-0.044036309647,-0.0688464259864,0.24373704959,-0.125396383229,0.0947019668727,0.783053882054,0.00481170477272,0.0320528149247,0.016001127113,-0.132158557272,0.0356,-0.0348,0.248917114545,-0.119076803409,-0.0378,-0.132158557272,-0.0356,0.0348,0.248917114545,-0.119076803409,0.0378,0,0,0,0,0,0.460746024938,-0.0365522863613,0.0399429824368,0.0700291088601,-0.0129077415377,0.115755858777,0.315540494757,0.272311361231,0.0292903366206,-0.436748038574,0.0926998321144,-0.0245801188061,-0.17558356015,-0.0752390451788,0.00486447467161,0,0,-0.00972894934321,-0.00608059333951,0,0.00486447467161,0,0,-0.00972894934321,-0.00608059333951,0,0,0,0,0,0,-1.01416816108,0.105323414521,-0.118660786205,-0.725142097598,0.0140911217847,0.0451745146795,-0.819322520217,-0.758666899962,-0.117750822027,1.15483087939,-0.348939496135,0.0884850284428,0.603332154078,0.215176693379,-0.0127518814813,0,0,0.0255037629626,0.0159398518516,0,-0.0127518814813,0,0,0.0255037629626,0.0159398518516,0
415,FRAME,NONE,410,410,4.0999999999999996,RECOVERY,1.1000000000000014,0,0,0,0,0,0.196368054167,0.126996640767,-0.00764151568888,0.812179177497,0.00372731357919,-0.0428764935876,-0.0657319917093,0.2464222945,-0.125109311352,0.0903921744935,0.783963524771,0.00457029153682,0.030327030272,0.0152594618156,-0.132110550188,0.0356,-0.0348,0.248821100376,-0.119136812265,-0.0378,-0.132110550188,-0.0356,0.0348,0.248821100376,-0.119136812265,0.0378,0,0,0,0,0,0.450569704685,-0.0355022815767,0.0387602374042,0.0628919978917,-0.0127634403969,0.116146652313,0.307353759971,0.264744139887,0.0281296183646,-0.425215979032,0.0892379762409,-0.0237061242871,-0.169585083528,-0.07309740201,0.00473709874568,0,0,-0.00947419749136,-0.0059213734321,0,0.00473709874568,0,0,-0.00947419749136,-0.0059213734321,0,0,0,0,0,0,-1.02081876615,0.104669030564,-0.117860206693,-0.702245776844,0.0147623106036,0.033037930987,-0.817841572393,-0.754755145668,-0.114403228213,1.15150580975,-0.343380901002,0.0863275583158,0.596304590627,0.213144043171,-0.012720562963,0,0,0.0254411259258,0.0159007037037,0,-0.012720562963,0,0,0.0254411259258,0.0159007037037,0
416,FRAME,NONE,411,411,4.1100000000000003,RECOVERY,1.1000000000000014,0,0,0,0,0,0.200822703214,0.126646851627,-0.00725980701871,0.812772984502,0.00360041746767,-0.0417133766008,-0.062699350787,0.249032065065,-0.124833680341,0.0861975289164,0.784838831838,0.00433751174548,0.028660873231,0.0145391105272,-0.132063815298,0.0356,-0.0348,0.248727630595,-0.119195230878,-0.0378,-0.132063815298,-0.0356,0.0348,0.248727630595,-0.119195230878,0.0378,0,0,0,0,0,0.440329649615,-0.03445890575,0.037585778303,0.0559841933232,-0.0126124953256,0.116416617396,0.29918366331,0.257216726273,0.0270020555133,-0.413719435516,0.0858331904082,-0.0228532936164,-0.163658607179,-0.0709763218573,0.00461006341235,0,0,-0.00922012682469,-0.00576257926543,0,0.00461006341235,0,0,-0.00922012682469,-0.00576257926543,0,0,0,0,0,0,-1.02690460158,0.10399664161,-0.117004136718,-0.679294377778,0.0154193616719,0.021015801944,-0.815992720036,-0.7507029572,-0.111120233744,1.14772600483,-0.337529461517,0.0842515598728,0.588935421144,0.211064413316,-0.0126837333334,0,0,0.025367466667,0.0158546666669,0,-0.0126837333334,0,0,0.025367466667,0.0158546666669,0
417,FRAME,NONE,412,412,4.1200000000000001,RECOVERY,1.1000000000000014,0,0,0,0,0,0.205174647159,0.126307462652,-0.00688980012282,0.813298861363,0.00347506367268,-0.0405481612397,-0.0597483184431,0.251566766627,-0.124569161891,0.0821176520139,0.785680388198,0.00411315770509,0.0270536070547,0.0138398653237,-0.13201834892,0.0356,-0.0348,0.24863669784,-0.11925206385,-0.0378,-0.13201834892,-0.0356,0.0348,0.24863669784,-0.11925206385,0.0378,0,0,0,0,0,0.430031612653,-0.0334223487445,0.0364201546698,0.0493061103361,-0.0124550531635,0.116566968352,0.29103390557,0.249730598056,0.0259069982001,-0.402263029292,0.0824882823595,-0.0220208551046,-0.157807446124,-0.0688762563347,0.00448342407901,0,0,-0.00896684815802,-0.00560428009876,0,0.00448342407901,0,0,-0.00896684815802,-0.00560428009876,0,0,0,0,0,0,-1.03240491459,0.103304272058,-0.116093633595,-0.656314372846,0.0160612138789,0.00912172624476,-0.813771619367,-0.746495574842,-0.107901886164,1.14347509315,-0.331409417365,0.082246956939,0.581244946129,0.208942006172,-0.0126413333333,0,0,0.0252826666668,0.0158016666667,0,-0.0126413333333,0,0,0.0252826666668,0.0158016666667,0
418,FRAME,NONE,413,413,4.1299999999999999,RECOVERY,1.1000000000000014,0,0,0,0,0,0.209423335467,0.125978404652,-0.00653140392531,0.813759106709,0.0033513164044,-0.0393820372337,-0.0568786726756,0.254026820049,-0.124315434158,0.0781521185319,0.786488805652,0.00389702884688,0.0255044628661,0.0131615140088,-0.131974146816,0.0356,-0.0348,0.248548293632,-0.11930731648,-0.0378,-0.131974146816,-0.0356,0.0348,0.248548293632,-0.11930731648,0.0378,0,0,0,0,0,0.419681551323,-0.0323928203088,0.0352639056311,0.0428579058663,-0.012291271048,0.116599051921,0.282908230922,0.24228738192,0.0248438069893,-0.390851569172,0.0792058159469,-0.0212081598844,-0.152034710987,-0.0667976065446,0.00435723674568,0,0,-0.00871447349136,-0.0054465459321,0,0.00435723674568,0,0,-0.00871447349136,-0.0054465459321,0,0,0,0,0,0,-1.03729955071,0.102589923722,-0.115129719939,-0.633330914543,0.01668686918,-0.00263142321532,-0.811173939901,-0.742118049577,-0.104746778817,1.13873352584,-0.325045207418,0.0803007319682,0.573253651917,0.206782155809,-0.0125933037036,0,0,0.0251866074072,0.0157416296295,0,-0.0125933037036,0,0,0.0251866074072,0.0157416296295,0
419,FRAME,NONE,414,414,4.1399999999999997,RECOVERY,1.1000000000000014,0,0,0,0,0,0.213568278185,0.125659606245,-0.0061845220102,0.81415601948,0.00322923825172,-0.0382161802012,-0.0540901538246,0.256412663209,-0.124072181617,0.0743004541509,0.787264720415,0.00368893043987,0.0240126417066,0.0125038406419,-0.131931204185,0.0356,-0.0348,0.24846240837,-0.119360994769,-0.0378,-0.131931204185,-0.0356,0.0348,0.24846240837,-0.119360994769,0.0378,0,0,0,0,0,0.409285621639,-0.03137055027,0.034117560271,0.0366394920452,-0.0121213157799,0.116514339887,0.274810426772,0.234888854038,0.0238118565118,-0.379490059456,0.0759881106342,-0.0204146892639,-0.146343307528,-0.064740720249,0.00423155800494,0,0,-0.00846311600988,-0.00528944750617,0,0.00423155800494,0,0,-0.00846311600988,-0.00528944750617,0,0,0,0,0,0,-1.04156897599,0.101851582416,-0.114113379639,-0.610367791911,0.0172953931635,-0.0142315204499,-0.808195364795,-0.73755543239,-0.101653505049,1.13348175403,-0.31846127055,0.0783998674143,0.564982024843,0.204590196297,-0.0125395851852,0,0,0.0250791703704,0.0156744814814,0,-0.0125395851852,0,0,0.0250791703704,0.0156744814814,0
420,FRAME,NONE,415,415,4.1500000000000004,RECOVERY,1.1000000000000014,0,0,0,0,0,0.2176090479,0.125350993647,-0.00584905271989,0.81449189655,0.0031088900888,-0.037051750436,-0.0513824641402,0.258724752492,-0.123839094932,0.0705621335395,0.788008790681,0.00348867229693,0.022577316582,0.0118666260674,-0.131889515656,0.0356,-0.0348,0.248379031312,-0.11941310543,-0.0378,-0.131889515656,-0.0356,0.0348,0.248379031312,-0.11941310543,0.0378,0,0,0,0,0,0.398850171803,-0.0303557886605,0.0329816380383,0.030650550028,-0.0119453631848,0.116314421512,0.266744323626,0.227536939561,0.0228105347437,-0.368183695488,0.0728372424345,-0.0196400508238,-0.140735937741,-0.0627058939241,0.00410644504198,0,0,-0.00821289008395,-0.00513305630247,0,0.00410644504198,0,0,-0.00821289008395,-0.00513305630247,0,0,0,0,0,0,-1.04519429543,0.10108722431,-0.113045554163,-0.587447395348,0.0178859152326,-0.0256672026912,-0.804831591135,-0.732792979735,-0.0986209467988,1.12770200805,-0.311681670279,0.0765329068154,0.556450112916,0.202370639627,-0.0124801185186,0,0,0.0249602370372,0.0156001481482,0,-0.0124801185186,0,0,0.0249602370372,0.0156001481482,0
421,FRAME,NONE,416,416,4.1600000000000001,RECOVERY,1.1000000000000014,0,0,0,0,0,0.221545281621,0.125052490472,-0.00552488924943,0.814769030481,0.00299033098803,-0.035889891771,-0.0487552673521,0.260963564258,-0.123615870848,0.0669365786403,0.788721694222,0.00329606768377,0.0211976344521,0.0112496483371,-0.131849075284,0.0356,-0.0348,0.248298150568,-0.119463655895,-0.0378,-0.131849075284,-0.0356,0.0348,0.248298150568,-0.119463655895,0.0378,0,0,0,0,0,0.388381735731,-0.0293488057838,0.0318566491878,0.0248905441383,-0.0117635974752,0.116000995833,0.258713794949,0.220233706967,0.0218392350697,-0.356937814719,0.0697550542329,-0.0188839354881,-0.135215111904,-0.0606933953681,0.00398195563457,0,0,-0.00796391126913,-0.00497744454321,0,0.00398195563457,0,0,-0.00796391126913,-0.00497744454321,0,0,0,0,0,0,-1.04815726846,0.100294822046,-0.111927139199,-0.564590689044,0.0184576284572,-0.0369278822748,-0.801078330311,-0.727816769933,-0.0956491403889,1.12138363495,-0.30472896871,0.0746946380468,0.547676210849,0.200124709473,-0.0124148444444,0,0,0.0248296888888,0.0155185555555,0,-0.0124148444444,0,0,0.0248296888888,0.0155185555555,0
422,FRAME,NONE,417,417,4.1699999999999999,RECOVERY,1.1000000000000014,0,0,0,0,0,0.225376682614,0.124764017531,-0.00521191973613,0.814989707433,0.0028736181393,-0.0347317305193,-0.0462081882412,0.263129596243,-0.123402212188,0.0634231575421,0.789404126123,0.00311093274308,0.0198727180755,0.0106526828613,-0.131809876543,0.0356,-0.0348,0.248219753086,-0.119512654321,-0.0378,-0.131809876543,-0.0356,0.0348,0.248219753086,-0.119512654321,0.0378,0,0,0,0,0,0.377887026434,-0.0283498922196,0.0307430952543,0.0193587362471,-0.0115762106156,0.115575863867,0.25072275702,0.212981362407,0.0208973483468,-0.345757847791,0.0667431661088,-0.0181460745936,-0.129783160636,-0.0587034863076,0.00385814815309,0,0,-0.00771629630617,-0.00482268519136,0,0.00385814815309,0,0,-0.00771629630617,-0.00482268519136,0,0,0,0,0,0,-1.05044032094,0.0994723506134,-0.110758981644,-0.541817191619,0.0190097890743,-0.0480037538054,-0.796931308449,-0.722613086776,-0.0927384107369,1.11451776099,-0.297625352593,0.0728814100679,0.538678175031,0.197852807432,-0.0123437037038,0,0,0.0246874074074,0.0154296296296,0,-0.0123437037038,0,0,0.0246874074074,0.0154296296296,0
423,FRAME,NONE,418,418,4.1799999999999997,RECOVERY,1.1000000000000014,0,0,0,0,0,0.22910302215,0.124485492628,-0.00491002734434,0.815156205206,0.00275880677571,-0.0335783744937,-0.0437408122117,0.265223368929,-0.123197827879,0.0600211835836,0.790056796563,0.00293308612166,0.0186016677974,0.0100755024531,-0.131771912321,0.0356,-0.0348,0.248143824642,-0.119560109599,-0.0378,-0.131771912321,-0.0356,0.0348,0.248143824642,-0.119560109599,0.0378,0,0,0,0,0,0.367372929312,-0.0273593587716,0.0296414695549,0.0140542003059,-0.0113834016937,0.115040920757,0.242775168781,0.205782249196,0.0199842621827,-0.334649314082,0.0638029762737,-0.0174262359876,-0.124442235994,-0.0567364244537,0.00373508156049,0,0,-0.00747016312099,-0.00466885195062,0,0.00373508156049,0,0,-0.00747016312099,-0.00466885195062,0,0,0,0,0,0,-1.05202655389,0.098617792935,-0.109541876906,-0.519144963966,0.0195417156825,-0.0588857971255,-0.792386266701,-0.717168214053,-0.0898890827603,1.1070955124,-0.290393008679,0.0710895718385,0.529473861849,0.195555335099,-0.0122666370371,0,0,0.0245332740743,0.0153332962964,0,-0.0122666370371,0,0,0.0245332740743,0.0153332962964,0
424,FRAME,NONE,419,419,4.1900000000000004,RECOVERY,1.1000000000000014,0,0,0,0,0,0.2327241412,0.124216830356,-0.00461909034503,0.815270791439,0.00264595010543,-0.0324309121042,-0.0413526848656,0.267245426918,-0.123002432994,0.0567299144735,0.790680428591,0.00276234861019,0.0173835633309,0.00951787736632,-0.131735174912,0.0356,-0.0348,0.248070349824,-0.11960603136,-0.0378,-0.131735174912,-0.0356,0.0348,0.248070349824,-0.11960603136,0.0378,0,0,0,0,0,0.356846495356,-0.0263775363609,0.0285522577162,0.00897583696783,-0.011185376302,0.114398147924,0.234875031686,0.198638848052,0.0190993605892,-0.3236178179,0.060935662018,-0.0167242215482,-0.119194313694,-0.0547924647188,0.00361281541234,0,0,-0.00722563082469,-0.00451601926543,0,0.00361281541234,0,0,-0.00722563082469,-0.00451601926543,0,0,0,0,0,0,-1.05289974971,0.0977291451857,-0.108276566534,-0.496590603689,0.0200527881682,-0.0695657765264,-0.787438961669,-0.711468339419,-0.0871016201802,1.09910953736,-0.283053745313,0.0693164641677,0.520080237913,0.193232207075,-0.0121835851851,0,0,0.0243671703704,0.0152294814814,0,-0.0121835851851,0,0,0.0243671703704,0.0152294814814,0
425,FRAME,NONE,420,420,4.2000000000000002,RECOVERY,1.1000000000000014,0,0,0,0,0,0.236239952057,0.123957941901,-0.00433898219002,0.815335721945,0.00253509924968,-0.0312904115352,-0.039043311578,0.269196340317,-0.122815748796,0.0535485516089,0.791275755966,0.00259854291214,0.0162174654224,0.00897957526948,-0.131699656013,0.0356,-0.0348,0.247999312025,-0.119650429984,-0.0378,-0.131699656013,-0.0356,0.0348,0.247999312025,-0.119650429984,0.0378,0,0,0,0,0,0.346314934318,-0.0254047758678,0.0274759382242,0.00412238823214,-0.0109823459304,0.113649605227,0.227026389547,0.191553779737,0.0182420201647,-0.312669006637,0.0581421901166,-0.0160398399084,-0.11404121758,-0.0528718726091,0.00349140985679,0,0,-0.00698281971358,-0.00436426232099,0,0.00349140985679,0,0,-0.00698281971358,-0.00436426232099,0,0,0,0,0,0,-1.05304437555,0.0968044218035,-0.106963736159,-0.474169245898,0.0205424463901,-0.0800362363228,-0.782085165809,-0.705499265983,-0.0843770419309,1.09055857164,-0.275627857209,0.0675633952641,0.510510710716,0.190881389983,-0.0120944888887,0,0,0.0241889777775,0.0151181111109,0,-0.0120944888887,0,0,0.0241889777775,0.0151181111109,0
426,FRAME,NONE,421,421,4.21,RECOVERY,1.1000000000000014,0,0,0,0,0,0.239650439887,0.123708734839,-0.00406957158055,0.815353239203,0.00242630318682,-0.0301579199996,-0.0368121570746,0.271076706151,-0.122637502835,0.0504762398954,0.791843521112,0.00244149373977,0.0151024172233,0.00846036105988,-0.131665346715,0.0356,-0.0348,0.24793069343,-0.119693316606,-0.0378,-0.131665346715,-0.0356,0.0348,0.24793069343,-0.119693316606,0.0378,0,0,0,0,0,0.335785607845,-0.0244414479248,0.026412982993,-0.000507547950129,-0.0107745273742,0.112797423198,0.21923332837,0.184529807705,0.0174116062771,-0.30180852891,0.0554233272353,-0.0153728791801,-0.108984644098,-0.0509749376173,0.00337092563457,0,0,-0.00674185126914,-0.00421365704321,0,0.00337092563457,0,0,-0.00674185126914,-0.00421365704321,0,0,0,0,0,0,-1.05244558418,0.0958416601864,-0.105604013728,-0.451894569838,0.0210101886403,-0.0902904930178,-0.776320667751,-0.699246700719,-0.08171650575,1.08144287297,-0.268135260677,0.065832665186,0.500777797975,0.18850036345,-0.0119992888888,0,0,0.0239985777776,0.0149991111111,0,-0.0119992888888,0,0,0.0239985777776,0.0149991111111,0
427,FRAME,NONE,422,422,4.2199999999999998,RECOVERY,1.1000000000000014,0,0,0,0,0,0.242955664214,0.123469112942,-0.00381072253016,0.815325570986,0.00231960870219,-0.0290344630712,-0.0346586450106,0.272887149797,-0.122467429068,0.0475120677652,0.792384473122,0.00229102803924,0.0140374455468,0.00795999661388,-0.1316322375,0.0356,-0.0348,0.247864475,-0.119734703125,-0.0378,-0.1316322375,-0.0356,0.0348,0.247864475,-0.119734703125,0.0378,0,0,0,0,0,0.325266022634,-0.0234879426641,0.0253638579496,-0.00491550316462,-0.0105621421576,0.111843795366,0.211499976192,0.177569838339,0.016607472717,-0.291042030761,0.0527796408768,-0.014723104475,-0.104026164513,-0.0491019744395,0.00325142407901,0,0,-0.00650284815803,-0.00406428009877,0,0.00325142407901,0,0,-0.00650284815803,-0.00406428009877,0,0,0,0,0,0,-1.05108921274,0.0948389250799,-0.10419796803,-0.429778810591,0.0214555699308,-0.100322624628,-0.770141272671,-0.692696350599,-0.0791211693751,1.07176269905,-0.260595872028,0.0641265739916,0.490894017403,0.186086607106,-0.0118979259261,0,0,0.023795851852,0.0148724074075,0,-0.0118979259261,0,0,0.023795851852,0.0148724074075,0
428,FRAME,NONE,423,423,4.2300000000000004,RECOVERY,1.1000000000000014,0,0,0,0,0,0.246155760339,0.123238975985,-0.00356229442156,0.81525492914,0.00221506034367,-0.0279210440923,-0.0325821575508,0.274628326412,-0.12230526797,0.0446550672142,0.792899365769,0.00214697522112,0.0130215621096,0.00747824053606,-0.131600318233,0.0356,-0.0348,0.247800636467,-0.119774602208,-0.0378,-0.131600318233,-0.0356,0.0348,0.247800636467,-0.119774602208,0.0378,0,0,0,0,0,0.31476382359,-0.0225446694232,0.0243290236324,-0.00910312416196,-0.0103454159755,0.110790970705,0.203830502916,0.170676922418,0.0158289619305,-0.280375150078,0.0502114998126,-0.0140902576418,-0.0991672296881,-0.0472533223694,0.00313296711605,0,0,-0.0062659342321,-0.00391620889506,0,0.00313296711605,0,0,-0.0062659342321,-0.00391620889506,0,0,0,0,0,0,-1.04896177947,0.0937943126368,-0.102746107484,-0.407832775344,0.0218782001283,-0.110127457441,-0.763542802633,-0.685833336459,-0.0765920974475,1.06152053804,-0.253029434847,0.0624475265701,0.480869978216,0.18363784312,-0.0117903407408,0,0,0.0235806814816,0.014737925926,0,-0.0117903407408,0,0,0.0235806814816,0.014737925926,0
429,FRAME,NONE,424,424,4.2400000000000002,RECOVERY,1.1000000000000014,0,0,0,0,0,0.249250940686,0.123018219554,-0.00332414205751,0.815143508503,0.00211270038268,-0.0268186436571,-0.0305820349523,0.276300922442,-0.12215076664,0.0419042141289,0.793388955539,0.00200916740456,0.0120537645262,0.00701484793992,-0.131569578158,0.0356,-0.0348,0.247739156315,-0.119813027303,-0.0378,-0.131569578158,-0.0356,0.0348,0.247739156315,-0.119813027303,0.0378,0,0,0,0,0,0.304286787045,-0.0216120564114,0.0233089358,-0.0130721586715,-0.010124578155,0.109641246218,0.196229120139,0.163854271236,0.015075407579,-0.269813455257,0.0477190788326,-0.0134740543837,-0.0944092225605,-0.0454293386281,0.0030156172642,0,0,-0.00603123452839,-0.00376952158025,0,0.0030156172642,0,0,-0.00603123452839,-0.00376952158025,0,0,0,0,0,0,-1.04605047856,0.0927059541885,-0.101248879195,-0.386065864162,0.0222777419405,-0.119700550193,-0.756521096954,-0.678640434582,-0.0741299822219,1.0507278,-0.245455001835,0.0607983471346,0.470708655623,0.181152763826,-0.011676474074,0,0,0.0233529481481,0.0145955925925,0,-0.011676474074,0,0,0.0233529481481,0.0145955925925,0
430,FRAME,NONE,425,425,4.25,RECOVERY,1.1000000000000014,0,0,0,0,0,0.25224149608,0.122806734857,-0.00309611570556,0.814993485967,0.00201256878057,-0.025728219168,-0.028657575148,0.277905657326,-0.122003678872,0.0392584293492,0.793853999719,0.00187743969603,0.0111330366733,0.00656957030865,-0.131540005888,0.0356,-0.0348,0.247680011776,-0.11984999264,-0.0378,-0.131540005888,-0.0356,0.0348,0.247680011776,-0.11984999264,0.0378,0,0,0,0,0,0.293842814019,-0.0206905503395,0.0223040460485,-0.0168244414452,-0.00989986113673,0.108396959701,0.188700080977,0.157105272719,0.0143461370999,-0.259362383867,0.0453023634954,-0.0128741813756,-0.0897535106313,-0.0436303916943,0.00289943763457,0,0,-0.00579887526914,-0.00362429704321,0,0.00289943763457,0,0,-0.00579887526914,-0.00362429704321,0,0,0,0,0,0,-1.04234317355,0.0915720196735,-0.0997066682313,-0.364486093944,0.02265390882,-0.129038176487,-0.749072012522,-0.671099835112,-0.0717354228568,1.03939812542,-0.23789145297,0.0591819647289,0.460411116333,0.178630304103,-0.0115562666667,0,0,0.0231125333333,0.0144453333334,0,-0.0115562666667,0,0,0.0231125333333,0.0144453333334,0
431,FRAME,NONE,426,426,4.2599999999999998,RECOVERY,1.1000000000000014,0,0,0,0,0,0.255127796966,0.122604408547,-0.00287806113654,0.814807019674,0.00191470315995,-0.0246507044631,-0.0268080333327,0.279443285272,-0.121863765213,0.0367165800211,0.794295254505,0.00175163048168,0.0102583488057,0.00614215538742,-0.131511589405,0.0356,-0.0348,0.24762317881,-0.119885513244,-0.0378,-0.131511589405,-0.0356,0.0348,0.24762317881,-0.119885513244,0.0378,0,0,0,0,0,0.283439923574,-0.0197806160179,0.0213148024353,-0.0203618805504,-0.00967149997859,0.107060482688,0.181247679889,0.150433492892,0.0136404719385,-0.249027237069,0.0429611505595,-0.0122902960022,-0.0852014507338,-0.0418568606979,0.00278449193086,0,0,-0.00556898386173,-0.00348061491358,0,0.00278449193086,0,0,-0.00556898386173,-0.00348061491358,0,0,0,0,0,0,-1.03782838955,0.0903907207311,-0.0981197971337,-0.343100124995,0.0230064628147,-0.138137305797,-0.741191424098,-0.663193728195,-0.0694090185105,1.02754515481,-0.230357668227,0.0576013083971,0.449978427054,0.176069398828,-0.0114296592593,0,0,0.0228593185186,0.0142870740742,0,-0.0114296592593,0,0,0.0228593185186,0.0142870740742,0
432,FRAME,NONE,427,427,4.2699999999999996,RECOVERY,1.1000000000000014,0,0,0,0,0,0.257910294552,0.122411122537,-0.00266981965685,0.814586248356,0.001819138781,-0.0235870095142,-0.0250326215502,0.28091459704,-0.121730793028,0.0342774809503,0.794713473123,0.00163158171745,0.00942865766142,0.00573234707595,-0.131484316049,0.0356,-0.0348,0.247568632099,-0.119919604938,-0.0378,-0.131484316049,-0.0356,0.0348,0.247568632099,-0.119919604938,0.0378,0,0,0,0,0,0.273086246228,-0.0188827359248,0.0203416501058,-0.0236864439451,-0.00943973188044,0.105634213585,0.173876252495,0.143842676142,0.0129577285174,-0.238813185194,0.04069505026,-0.0117220277799,-0.0807543900246,-0.040109135856,0.00267084444938,0,0,-0.00534168889876,-0.00333855556173,0,0.00267084444938,0,0,-0.00534168889876,-0.00333855556173,0,0,0,0,0,0,-1.03249530403,0.0891603135025,-0.0964885256392,-0.321913290808,0.0233352123448,-0.146995582696,-0.732875224634,-0.654904198842,-0.0671509810144,1.0151803001,-0.222871617126,0.0560587381569,0.439411258421,0.173468808482,-0.0112965925926,0,0,0.0225931851853,0.0141207407408,0,-0.0112965925926,0,0,0.0225931851853,0.0141207407408,0
433,FRAME,NONE,428,428,4.2800000000000002,RECOVERY,1.1000000000000014,0,0,0,0,0,0.260589521891,0.122226753828,-0.00247122813442,0.814333290795,0.00172590852234,-0.0225380201914,-0.0233305082828,0.282320421737,-0.121604536499,0.0319398956646,0.795109404063,0.00151713914513,0.00864290651475,0.00533988529847,-0.131458172516,0.0356,-0.0348,0.247516345032,-0.119952284355,-0.0378,-0.131458172516,-0.0356,0.0348,0.247516345032,-0.119952284355,0.0378,0,0,0,0,0,0.262790017493,-0.0179974097479,0.0193850319226,-0.0268001463665,-0.0092047957317,0.104120571034,0.166590175396,0.137336748108,0.012297228887,-0.228725329022,0.0385035113459,-0.0111689940057,-0.0764136768755,-0.0383876232688,0.00255856007901,0,0,-0.00511712015802,-0.00319820009876,0,0.00255856007901,0,0,-0.00511712015802,-0.00319820009876,0,0,0,0,0,0,-1.02633373682,0.0878791011248,-0.0948130505724,-0.300929629451,0.0236400099625,-0.155611305245,-0.724119325537,-0.646212911534,-0.064959972893,1.00230605893,-0.215447627342,0.0545543379215,0.428708696757,0.170826595976,-0.0111570074075,0,0,0.0223140148148,0.0139462592593,0,-0.0111570074075,0,0,0.0223140148148,0.0139462592593,0
434,FRAME,NONE,429,429,4.29,RECOVERY,1.1000000000000014,0,0,0,0,0,0.263166094902,0.122051174342,-0.0022821190184,0.814050245428,0.00163504286636,-0.0215045980935,-0.0217008180423,0.283661628644,-0.121484776512,0.0297025367422,0.795483789611,0.00140815232063,0.00790002509857,0.00496450581614,-0.131433144848,0.0356,-0.0348,0.247466289696,-0.11998356894,-0.0378,-0.131433144848,-0.0356,0.0348,0.247466289696,-0.11998356894,0.0378,0,0,0,0,0,0.252559571492,-0.0171251539023,0.0184453890944,-0.0297050365341,-0.00896693168118,0.10252198748,0.159393865985,0.130919818573,0.0116583113776,-0.218768761073,0.036385846118,-0.0106308154051,-0.0721806717654,-0.0366927497153,0.00244770430123,0,0,-0.00489540860247,-0.00305963037654,0,0.00244770430123,0,0,-0.00489540860247,-0.00305963037654,0,0,0,0,0,0,-1.01933413966,0.0865454359145,-0.0930935059234,-0.280151916109,0.0239207501275,-0.163983402862,-0.71491965701,-0.637101425619,-0.0628342693437,0.988922700367,-0.208099116094,0.0530876225778,0.417869432313,0.168140649823,-0.0110108444445,0,0,0.0220216888888,0.0137635555555,0,-0.0110108444445,0,0,0.0220216888888,0.0137635555555,0
435,FRAME,NONE,430,430,4.2999999999999998,RECOVERY,1.1000000000000014,0,0,0,0,0,0.265640713321,0.12188425075,-0.00210232035254,0.813739190065,0.00154656988871,-0.0204875804418,-0.0201426309631,0.284939129063,-0.121371300481,0.0275640658493,0.795837364506,0.0013044745684,0.00719892947551,0.00460594001675,-0.13140921843,0.0356,-0.0348,0.24741843686,-0.120013476963,-0.0378,-0.13140921843,-0.0356,0.0348,0.24741843686,-0.120013476963,0.0378,0,0,0,0,0,0.2424033347,-0.0162665010296,0.0175231618041,-0.0324031846887,-0.00872638072915,0.100840902977,0.152291782256,0.124596181727,0.0110403315675,-0.208948571176,0.0343412327048,-0.0101071175549,-0.068056748271,-0.0350249630894,0.00233834319012,0,0,-0.00467668638025,-0.00292292898765,0,0.00233834319012,0,0,-0.00467668638025,-0.00292292898765,0,0,0,0,0,0,-1.01148758491,0.0851577212475,-0.091329963088,-0.259581696983,0.0241773669901,-0.172111413503,-0.705272168319,-0.627551300444,-0.060772145564,0.975030493474,-0.200839500598,0.0516581070128,0.406892155337,0.165408858539,-0.0108580444445,0,0,0.021716088889,0.0135725555556,0,-0.0108580444445,0,0,0.021716088889,0.0135725555556,0
436,FRAME,NONE,431,431,4.3099999999999996,RECOVERY,1.1000000000000014,0,0,0,0,0,0.268014161596,0.121725844321,-0.00193165578232,0.813402181734,0.00146051525178,-0.019487780034,-0.0186549823972,0.286153878153,-0.121263902179,0.0255230937603,0.796170854604,0.00120596293083,0.00653852191303,0.00426391470301,-0.131386377984,0.0356,-0.0348,0.247372755968,-0.12004202752,-0.0378,-0.131386377984,-0.0356,0.0348,0.247372755968,-0.12004202752,0.0378,0,0,0,0,0,0.232329819794,-0.0154219994774,0.0166187898326,-0.0348966704738,-0.00848338434138,0.0990797592104,0.145288422618,0.118370311627,0.0104426628926,-0.199269850171,0.0323687174903,-0.00959753187495,-0.0640432900377,-0.0333847326805,0.00223054341234,0,0,-0.00446108682469,-0.00278817926543,0,0.00223054341234,0,0,-0.00446108682469,-0.00278817926543,0,0,0,0,0,0,-1.002785754,0.0837144131502,-0.0895224312273,-0.239219323523,0.0244098322223,-0.179995460732,-0.695172828016,-0.617545910124,-0.0587716329683,0.960628225925,-0.193681227059,0.0502649091975,0.395776767507,0.162628998415,-0.010698548148,0,0,0.0213970962962,0.0133731851851,0,-0.010698548148,0,0,0.0213970962962,0.0133731851851,0
437,FRAME,NONE,432,432,4.3200000000000003,RECOVERY,1.1000000000000014,0,0,0,0,0,0.270287309717,0.121575810761,-0.00176994455588,0.813041256655,0.00137690220189,-0.0185059852576,-0.0172368625108,0.287306876523,-0.12116238153,0.0235781801839,0.796484975663,0.00111247806625,0.00591769091593,0.00393815186627,-0.131364607562,0.0356,-0.0348,0.247329215123,-0.120069240548,-0.0378,-0.131364607562,-0.0356,0.0348,0.247329215123,-0.120069240548,0.0378,0,0,0,0,0,0.22234761962,-0.0145922127666,0.0157327131795,-0.0371875711592,-0.0082381840847,0.0972409937621,0.138388325696,0.112246812297,0.00986470334996,-0.189737730652,0.0304672418166,-0.00910170654407,-0.0601416574658,-0.0317725522593,0.00212437222716,0,0,-0.00424874445432,-0.00265546528395,0,0.00212437222716,0,0,-0.00424874445432,-0.00265546528395,0,0,0,0,0,0,-0.993220925944,0.0822140216275,-0.0876708577736,-0.219063986766,0.0246181529071,-0.187636230961,-0.684617624312,-0.607075887842,-0.0568297878385,0.945708759828,-0.186632857634,0.048905559438,0.384528016202,0.159798396855,-0.0105322962961,0,0,0.0210645925923,0.0131653703702,0,-0.0105322962961,0,0,0.0210645925923,0.0131653703702,0
438,FRAME,NONE,433,433,4.3300000000000001,RECOVERY,1.1000000000000014,0,0,0,0,0,0.272461113988,0.121434000066,-0.00161700151873,0.812658430311,0.00129575157008,-0.0175429601587,-0.0158872158833,0.28839917124,-0.121066544321,0.0217278331016,0.796780432457,0.0010238840158,0.00533531165875,0.00362836842317,-0.131343890539,0.0356,-0.0348,0.247287781079,-0.120095136826,-0.0378,-0.131343890539,-0.0356,0.0348,0.247287781079,-0.120095136826,0.0378,0,0,0,0,0,0.212465401275,-0.0137777190448,0.0148653726772,-0.0392779502091,-0.00799102128324,0.0953270345911,0.131596070132,0.106230367817,0.00930588220258,-0.180357427701,0.0286356686868,-0.00861931741471,-0.0563531543959,-0.0301889431642,0.00201989748642,0,0,-0.00403979497284,-0.00252487185803,0,0.00201989748642,0,0,-0.00403979497284,-0.00252487185803,0,0,0,0,0,0,-0.982785965634,0.0806551117037,-0.0857751290361,-0.199113751349,0.024802369501,-0.195034950978,-0.673602565338,-0.596133681548,-0.0549434226732,0.930263475897,-0.179701983468,0.0475771911246,0.373151860231,0.156914269041,-0.0103592296298,0,0,0.0207184592594,0.0129490370371,0,-0.0103592296298,0,0,0.0207184592594,0.0129490370371,0
439,FRAME,NONE,434,434,4.3399999999999999,RECOVERY,1.1000000000000014,0,0,0,0,0,0.274536617742,0.12130025638,-0.00147263710234,0.812255697651,0.00121708177622,-0.0165994445658,-0.0146049411081,0.289431856586,-0.120976201891,0.0199705079133,0.79705791801,0.000940047918743,0.00479024657554,0.00333427593771,-0.131324209612,0.0356,-0.0348,0.247248419224,-0.120119737985,-0.0378,-0.131324209612,-0.0356,0.0348,0.247248419224,-0.120119737985,0.0378,0,0,0,0,0,0.202691900307,-0.0129791105325,0.0140172105988,-0.0411698461862,-0.00774213669468,0.0933402947426,0.124916274389,0.100325737787,0.00876566058828,-0.171134242592,0.0268727851926,-0.00815006900546,-0.0526790250807,-0.028634454582,0.00191718763457,0,0,-0.00383437526913,-0.00239648454321,0,0.00191718763457,0,0,-0.00383437526913,-0.00239648454321,0,0,0,0,0,0,-0.971417566435,0.0791289028974,-0.0840999715488,-0.179504304931,0.024703349269,-0.202111212559,-0.662014217953,-0.584711739191,-0.0531093499711,0.91428375485,-0.172896195705,0.0462769376475,0.361654258402,0.153973830155,-0.010179288889,0,0,0.020358577778,0.0127241111113,0,-0.010179288889,0,0,0.020358577778,0.0127241111113,0
440,FRAME,NONE,435,435,4.3499999999999996,RECOVERY,1.1000000000000014,0,0,0,0,0,0.276514951994,0.121174417855,-0.00133665730675,0.811835033388,0.00114090883619,-0.0156761542639,-0.0133888903955,0.290406074793,-0.1208911708,0.0183046064833,0.797318112858,0.000860839720446,0.0042813460026,0.00305558032813,-0.131305546787,0.0356,-0.0348,0.247211093574,-0.120143066517,-0.0378,-0.131305546787,-0.0356,0.0348,0.247211093574,-0.120143066517,0.0378,0,0,0,0,0,0.193037049946,-0.0121951409869,0.0131833732462,-0.0428680363077,-0.00749695429786,0.0912848103399,0.118355785773,0.0945377442009,0.00824353371522,-0.16207360863,0.025177312082,-0.00769369720645,-0.0491204307758,-0.0271096708821,0.00181631170864,0,0,-0.00363262341728,-0.0022703896358,0,0.00181631170864,0,0,-0.00363262341728,-0.0022703896358,0,0,0,0,0,0,-0.959235986711,0.0774385158155,-0.0820848055384,-0.159922706539,0.0248697518052,-0.209050256714,-0.650079726775,-0.572807759121,-0.0513235041228,0.897742642166,-0.166219258373,0.0450008502169,0.350050533102,0.150971361506,-0.00999241481454,0,0,0.0199848296294,0.0124905185184,0,-0.00999241481454,0,0,0.0199848296294,0.0124905185184,0
441,FRAME,NONE,436,436,4.3600000000000003,RECOVERY,1.1000000000000014,0,0,0,0,0,0.278397358741,0.12105635356,-0.00120896963742,0.811398336925,0.00106714269026,-0.014773748359,-0.0122378253927,0.291323016085,-0.120811272398,0.0167284738035,0.797561684802,0.000786131739574,0.00380745003841,0.00279198119233,-0.131287883378,0.0356,-0.0348,0.247175766756,-0.120165145778,-0.0378,-0.131287883378,-0.0356,0.0348,0.247175766756,-0.120165145778,0.0378,0,0,0,0,0,0.183507180573,-0.0114303402162,0.0123755144881,-0.044368300317,-0.00724474165858,0.0891592896083,0.111914679854,0.0888711270634,0.00773905500979,-0.153181595372,0.0235480090051,-0.00724999903933,-0.0456781922412,-0.0256152922984,0.00171733933828,0,0,-0.00343467867655,-0.00214667417284,0,0.00171733933828,0,0,-0.00343467867655,-0.00214667417284,0,0,0,0,0,0,-0.946277274584,0.0755012192603,-0.0794974651214,-0.140262692342,0.0255282457947,-0.215914594456,-0.637891559139,-0.56044044129,-0.0495783070859,0.880539842377,-0.159659627036,0.0437406513228,0.338393461035,0.147889408914,-0.00979854814814,0,0,0.0195970962964,0.0122481851852,0,-0.00979854814814,0,0,0.0195970962964,0.0122481851852,0
442,FRAME,NONE,437,437,4.3700000000000001,RECOVERY,1.1000000000000014,0,0,0,0,0,0.280185095606,0.120945811051,-0.00108914701699,0.810947667381,0.000996014003019,-0.0138929684717,-0.0111505967984,0.292183916994,-0.120736332096,0.0152403886053,0.797789289934,0.000715797878242,0.00336739349361,0.00254317016516,-0.1312712,0.0356,-0.0348,0.2471424,-0.120186,-0.0378,-0.1312712,-0.0356,0.0348,0.2471424,-0.120186,0.0378,0,0,0,0,0,0.174111504454,-0.0106851166017,0.0115934239438,-0.0456732901545,-0.00698638938197,0.0869665184508,0.10559795459,0.0833303999998,0.00725186026463,-0.144465412842,0.0219837797598,-0.00681886241717,-0.0423525322433,-0.0241522156105,0.00162034074568,0,0,-0.00324068149136,-0.0020254259321,0,0.00162034074568,0,0,-0.00324068149136,-0.0020254259321,0,0,0,0,0,0,-0.932284417287,0.0737069042489,-0.0774582084858,-0.121134849155,0.0255819706639,-0.222342001812,-0.624983623121,-0.547633736049,-0.0478653027098,0.862556724779,-0.153201930141,0.042486981275,0.326745182483,0.144707584329,-0.00959762962993,0,0,0.0191952592597,0.0119970370373,0,-0.00959762962993,0,0,0.0191952592597,0.0119970370373,0
443,FRAME,NONE,438,438,4.3799999999999999,RECOVERY,1.1000000000000014,0,0,0,0,0,0.28187958883,0.120842651228,-0.00097710115854,0.810484871122,0.000927414902626,-0.0130344179899,-0.0101258663008,0.292990057992,-0.120666178522,0.0138385515883,0.798001574151,0.000649712691447,0.00296001205817,0.00230882889426,-0.131255476563,0.0356,-0.0348,0.247110953126,-0.120205654296,-0.0378,-0.131255476563,-0.0356,0.0348,0.247110953126,-0.120205654296,0.0378,0,0,0,0,0,0.164861492227,-0.00995620213119,0.0108263503183,-0.0467909973001,-0.0067331022453,0.084712449572,0.0994150073911,0.0779198371326,0.00678166983389,-0.135933457371,0.0204836818594,-0.00640026884997,-0.0391430521456,-0.0227215414786,0.00152538674568,0,0,-0.00305077349135,-0.0019067334321,0,0.00152538674568,0,0,-0.00305077349135,-0.0019067334321,0,0,0,0,0,0,-0.917340646542,0.071939533849,-0.0756355797138,-0.102317355566,0.0253557487369,-0.228463492945,-0.611487636059,-0.534411593749,-0.046176034844,0.843674658668,-0.146830796133,0.0412304803836,0.31516783773,0.141405499698,-0.00938959999995,0,0,0.0187791999997,0.0117369999999,0,-0.00938959999995,0,0,0.0187791999997,0.0117369999999,0
444,FRAME,NONE,439,439,4.3899999999999997,RECOVERY,1.1000000000000014,0,0,0,0,0,0.28348232545,0.120746687008,-0.000872620010624,0.810011847435,0.000861351958113,-0.0121987194803,-0.00916229665059,0.293742761085,-0.120600642683,0.0125210736672,0.798199174682,0.000587750456678,0.00258414848791,0.00208862701901,-0.131240692265,0.0356,-0.0348,0.24708138453,-0.120224134669,-0.0378,-0.131240692265,-0.0356,0.0348,0.24708138453,-0.120224134669,0.0378,0,0,0,0,0,0.155764691524,-0.00924632592471,0.0100807123495,-0.0477196372659,-0.00647927440723,0.0823972485919,0.093368201869,0.0726434691359,0.0063282861607,-0.127595256642,0.019046919705,-0.00599429065709,-0.0360487456802,-0.0213245655629,0.00143254874568,0,0,-0.00286509749136,-0.0017906859321,0,0.00143254874568,0,0,-0.00286509749136,-0.0017906859321,0,0,0,0,0,0,-0.90156787017,0.0700024573938,-0.0734688348909,-0.0834945638095,0.0253982538611,-0.234465363336,-0.59763083248,-0.520799542573,-0.0445030363448,0.823796996274,-0.140533584533,0.0399629039668,0.303718058359,0.137966319217,-0.00917439999998,0,0,0.0183488,0.011468,0,-0.00917439999998,0,0,0.0183488,0.011468,0
445,FRAME,NONE,440,440,4.4000000000000004,RECOVERY,1.1000000000000014,0,0,0,0,0,0.284994882661,0.12065772471,-0.000775486911551,0.809530478376,0.000797829414481,-0.0113864730181,-0.00825850226347,0.294443387208,-0.120539557254,0.0112859670765,0.798382721253,0.00052978438847,0.00223865807483,0.00188222061134,-0.131226825588,0.0356,-0.0348,0.247053651176,-0.120241468015,-0.0378,-0.131226825588,-0.0356,0.0348,0.247053651176,-0.120241468015,0.0378,0,0,0,0,0,0.146830134824,-0.00855615298332,0.00935697362051,-0.0484608885762,-0.00622513716808,0.0800231423053,0.0874623907415,0.0675050398457,0.00589156657949,-0.119460865154,0.0176727694813,-0.00560106030455,-0.0330681504378,-0.0199626808365,0.00134189874568,0,0,-0.00268379749135,-0.0016773734321,0,0.00134189874568,0,0,-0.00268379749135,-0.0016773734321,0,0,0,0,0,0,-0.884890313614,0.0679983753975,-0.0712554623297,-0.0648348999316,0.0254177445726,-0.240246887408,-0.583286838956,-0.506829422017,-0.0428427960956,0.802915021569,-0.13430857915,0.0386804673767,0.292430441151,0.134387416059,-0.0089519703704,0,0,0.0179039407409,0.0111899629631,0,-0.0089519703704,0,0,0.0179039407409,0.0111899629631,0
446,FRAME,NONE,441,441,4.4100000000000001,RECOVERY,1.1000000000000014,0,0,0,0,0,0.286418928147,0.120575563949,-0.000685480538214,0.809042629664,0.000736849214752,-0.0105982566342,-0.00741304883576,0.295093333094,-0.12048275619,0.0101311437293,0.798552836355,0.000475686220919,0.00192241229963,0.00168925178863,-0.13121385429,0.0356,-0.0348,0.24702770858,-0.120257682137,-0.0378,-0.13121385429,-0.0356,0.0348,0.24702770858,-0.120257682137,0.0378,0,0,0,0,0,0.138066885251,-0.00788635841676,0.00865560310289,-0.0490163352645,-0.00597091951578,0.0775923108437,0.0817024650899,0.0625079628691,0.00547139611832,-0.111540259695,0.0163605040517,-0.00522073974227,-0.0301994993564,-0.0186372798992,0.00125350933827,0,0,-0.00250701867654,-0.00156688667284,0,0.00125350933827,0,0,-0.00250701867654,-0.00156688667284,0,0,0,0,0,0,-0.867305164624,0.0659263042516,-0.0689948963761,-0.0463284690422,0.0254144625591,-0.245812925131,-0.568451830756,-0.492534649411,-0.0411927919867,0.781042001457,-0.128156794867,0.0373805009736,0.281334074184,0.130669715648,-0.00872225185168,0,0,0.0174445037034,0.0109028148145,0,-0.00872225185168,0,0,0.0174445037034,0.0109028148145,0
447,FRAME,NONE,442,442,4.4199999999999999,RECOVERY,1.1000000000000014,0,0,0,0,0,0.287756220366,0.120499997541,-0.000602374849493,0.808550151671,0.000678411024165,-0.00983462680122,-0.00662445296167,0.295694027941,-0.12043007447,0.00905441643407,0.79871013516,0.000425325935136,0.00163430176799,0.00150934878855,-0.131201755401,0.0356,-0.0348,0.247003510802,-0.120272805748,-0.0378,-0.131201755401,-0.0356,0.0348,0.247003510802,-0.120272805748,0.0378,0,0,0,0,0,0.129484031531,-0.00723762689829,0.00797707569299,-0.0493874579571,-0.0057168479169,0.0751068838027,0.0760933541264,0.0576553176399,0.00506768502632,-0.103843284386,0.0151093861307,-0.00485351761659,-0.0274407344931,-0.0173497460963,0.00116745370864,0,0,-0.00233490741729,-0.00145931713581,0,0.00116745370864,0,0,-0.00233490741729,-0.00145931713581,0,0,0,0,0,0,-0.848810111877,0.06378531433,-0.066686518196,-0.0279644936046,0.0253886699741,-0.251168717861,-0.553122006405,-0.47794864208,-0.0395505019085,0.758191202844,-0.122079246566,0.0360603351178,0.27045804554,0.126814143403,-0.00848518518511,0,0,0.0169703703703,0.0106064814814,0,-0.00848518518511,0,0,0.0169703703703,0.0106064814814,0
448,FRAME,NONE,443,443,4.4299999999999997,RECOVERY,1.1000000000000014,0,0,0,0,0,0.289008608777,0.120430811411,-0.000525939024354,0.808054880505,0.000622512256414,-0.00909611895813,-0.00589118175323,0.296246930115,-0.120381347841,0.00805350013683,0.798855225427,0.000378571491935,0.00137323910129,0.00134212604503,-0.131190505216,0.0356,-0.0348,0.246981010432,-0.12028686848,-0.0378,-0.131190505216,-0.0356,0.0348,0.246981010432,-0.12028686848,0.0378,0,0,0,0,0,0.121090683014,-0.00661065213016,0.00732187273897,-0.0495756251366,-0.00546314611629,0.0725689364865,0.0706400249618,0.052949870236,0.00468037008095,-0.0963796930182,0.0139186757088,-0.00449960944725,-0.0247895161117,-0.0161014617982,0.00108380563457,0,0,-0.00216761126914,-0.00135475704321,0,0.00108380563457,0,0,-0.00216761126914,-0.00135475704321,0,0,0,0,0,0,-0.829403338858,0.0615745289002,-0.0643296567912,-0.00973133017251,0.0253406486425,-0.256319877462,-0.537293588018,-0.463096490475,-0.0379128808701,0.734358956149,-0.116073979275,0.0347172293596,0.259827808331,0.122818313154,-0.00824071111113,0,0,0.0164814222222,0.010300888889,0,-0.00824071111113,0,0,0.0164814222222,0.010300888889,0
449,FRAME,NONE,444,444,4.4400000000000004,RECOVERY,1.1000000000000014,0,0,0,0,0,0.290178034026,0.120367784499,-0.000455937394714,0.807558639168,0.00056914810184,-0.00838324807149,-0.00521165246244,0.296753524926,-0.120336412495,0.00712601096135,0.79898870781,0.000335288555307,0.00113816135463,0.00118718383374,-0.131180079289,0.0356,-0.0348,0.246960158577,-0.120299900889,-0.0378,-0.131180079289,-0.0356,0.0348,0.246960158577,-0.120299900889,0.0378,0,0,0,0,0,0.112895964754,-0.00600613632028,0.00669048255717,-0.0495820845605,-0.00521003494405,0.0699804862535,0.0653474823661,0.0483943023682,0.00430942896718,-0.0891596148085,0.0127877117231,-0.0041592595747,-0.0222433226442,-0.0148938994684,0.00100263948642,0,0,-0.00200527897284,-0.00125329935803,0,0.00100263948642,0,0,-0.00200527897284,-0.00125329935803,0,0,0,0,0,0,-0.809083518978,0.0592931229216,-0.0619235900551,0.00838351615157,0.0252706994085,-0.261272376998,-0.520962821903,-0.447969977528,-0.0362747923555,0.709473845848,-0.110127158602,0.0333481600087,0.249454275805,0.118666592359,-0.0079887703705,0,0,0.0159775407409,0.00998596296299,0,-0.0079887703705,0,0,0.0159775407409,0.00998596296299,0
450,FRAME,NONE,445,445,4.4500000000000002,RECOVERY,1.1000000000000014,0,0,0,0,0,0.291266528072,0.120310688684,-0.00039212937321,0.807063238813,0.000518311557533,-0.00769650923306,-0.00458423210591,0.297215325164,-0.120295104578,0.00626945966032,0.79911117713,0.000295340192528,0.0009280312354,0.00104410682473,-0.131170452426,0.0356,-0.0348,0.246940904853,-0.120311934467,-0.0378,-0.131170452426,-0.0356,0.0348,0.246940904853,-0.120311934467,0.0378,0,0,0,0,0,0.104909012634,-0.00542478967173,0.00608340093787,-0.0494079548136,-0.00495773212812,0.0673434889466,0.0602207685237,0.0439914403697,0.00395489465675,-0.0821940201533,0.0117159937288,-0.00383274310738,-0.0197995506524,-0.0137287127332,0.000924030227159,0,0,-0.00184806045432,-0.00115503778395,0,0.000924030227159,0,0,-0.00184806045432,-0.00115503778395,0,0,0,0,0,0,-0.787849811446,0.0569403217008,-0.05946754579,0.0263933800507,0.0251791416207,-0.26603254319,-0.504125979047,-0.432552559294,-0.0346305769677,0.68344751993,-0.1042219803,0.0319500325645,0.239344726242,0.114340036884,-0.00772930370374,0,0,0.0154586074076,0.00966162962975,0,-0.00772930370374,0,0,0.0154586074076,0.00966162962975,0
451,FRAME,NONE,446,446,4.46,RECOVERY,1.1000000000000014,0,0,0,0,0,0.292276214279,0.120259288705,-0.000334269375956,0.806570480072,0.000469993459277,-0.00703637829256,-0.00400723709196,0.297633872707,-0.12025725962,0.00548124286488,0.799223224045,0.000258586565068,0.000741837849309,0.000912462204581,-0.131161598684,0.0356,-0.0348,0.246923197368,-0.120323001645,-0.0378,-0.131161598684,-0.0356,0.0348,0.246923197368,-0.120323001645,0.0378,0,0,0,0,0,0.097138968525,-0.00486732988627,0.00550113164137,-0.0490542169595,-0.00470645211163,0.0646598353897,0.0552649627851,0.0397442760131,0.00361685671539,-0.0754947629687,0.0107031893234,-0.00352036609872,-0.0174555239152,-0.0126077446601,0.000848053412346,0,0,-0.00169610682469,-0.00106006676543,0,0.000848053412346,0,0,-0.00169610682469,-0.00106006676543,0,0,0,0,0,0,-0.7657018584,0.0545153994389,-0.0569607026886,0.0443124276137,0.0250663127709,-0.270607050951,-0.486779355664,-0.416827691828,-0.0329745753096,0.656191626383,-0.098341640122,0.0305197525267,0.229506437925,0.109819702597,-0.00746225185172,0,0,0.0149245037036,0.00932781481475,0,-0.00746225185172,0,0,0.0149245037036,0.00932781481475,0
452,FRAME,NONE,447,447,4.4699999999999998,RECOVERY,1.1000000000000014,0,0,0,0,0,0.293209307443,0.120213342086,-0.000282106740383,0.806082154474,0.0004241825153,-0.00640331252527,-0.00347893285021,0.298010740343,-0.120222712011,0.00475863507644,0.799325436592,0.000224884659342,0.000578597035365,0.000791797917554,-0.131153491358,0.0356,-0.0348,0.246906982716,-0.120333135802,-0.0378,-0.131153491358,-0.0356,0.0348,0.246906982716,-0.120333135802,0.0378,0,0,0,0,0,0.0895949754661,-0.00433448168295,0.0049441868841,-0.0485217062613,-0.00445640587271,0.0619313479275,0.0504851814104,0.0356560469194,0.00329544350406,-0.0690741671827,0.00974906593381,-0.00322244544365,-0.0152086898332,-0.0115329599829,0.000774785190125,0,0,-0.00154957038025,-0.000968481487655,0,0.000774785190125,0,0,-0.00154957038025,-0.000968481487655,0,0,0,0,0,0,-0.742639783273,0.052017677664,-0.0544021912982,0.0621556509536,0.0249325682895,-0.2750029198,-0.468919273807,-0.400746667586,-0.0313082474742,0.627783216526,-0.0924966190149,0.0290622667989,0.219868127385,0.105113755334,-0.00718755555559,0,0,0.0143751111112,0.00898444444449,0,-0.00718755555559,0,0,0.0143751111112,0.00898444444449,0
453,FRAME,NONE,448,448,4.4800000000000004,RECOVERY,1.1000000000000014,0,0,0,0,0,0.294068113788,0.120172599072,-0.000235385638274,0.805600045947,0.000380865341823,-0.00579775133401,-0.00299753346375,0.298347537757,-0.120191295389,0.00409880216089,0.799418398186,0.000194089062853,0.000437341487886,0.000681644431,-0.13114610298,0.0356,-0.0348,0.24689220596,-0.120342371275,-0.0378,-0.13114610298,-0.0356,0.0348,0.24689220596,-0.120342371275,0.0378,0,0,0,0,0,0.0822861728596,-0.00382697633299,0.00441308781541,-0.0478111039405,-0.00420780074584,0.0591597769937,0.045886577309,0.0317311210571,0.00299062639299,-0.0629404781437,0.00885274047378,-0.00293908773998,-0.0130587798764,-0.0105056995776,0.000704302301234,0,0,-0.00140860460247,-0.000880377876541,0,0.000704302301234,0,0,-0.00140860460247,-0.000880377876541,0,0,0,0,0,0,-0.718664189906,0.049446523568,-0.0517910949261,0.0799388655229,0.0247782814644,-0.279227511976,-0.450542081883,-0.384132124631,-0.0296615315142,0.598960954996,-0.0868065386995,0.0276146879009,0.210044264167,0.100338800821,-0.00690515555561,0,0,0.0138103111112,0.0086314444445,0,-0.00690515555561,0,0,0.0138103111112,0.0086314444445,0
454,FRAME,NONE,449,449,4.4900000000000002,RECOVERY,1.1000000000000014,0,0,0,0,0,0.2948550309,0.12013680256,-0.000193844984075,0.805125932395,0.000340026500383,-0.00522011698539,-0.00256120130403,0.298645928151,-0.120162845393,0.00349886942597,0.799502676611,0.000166055393993,0.000317084953117,0.000581525447098,-0.131139405312,0.0356,-0.0348,0.246878810624,-0.12035074336,-0.0378,-0.131139405312,-0.0356,0.0348,0.246878810624,-0.12035074336,0.0378,0,0,0,0,0,0.075221691668,-0.00334555121159,0.00390836498557,-0.0469229289508,-0.00396084024342,0.056346797688,0.0414743397728,0.027975881241,0.00270202397571,-0.0570933140285,0.0080119290008,-0.00266996814979,-0.0110099700328,-0.00952593493828,0.000636682079012,0,0,-0.00127336415802,-0.000795852598765,0,0.000636682079012,0,0,-0.00127336415802,-0.000795852598765,0,0,0,0,0,0,-0.693776163117,0.0468013482835,-0.0491264505054,0.0976787106538,0.0246038435107,-0.283288532625,-0.43164415533,-0.366774537428,-0.0280714849725,0.57062890976,-0.0814183060903,0.0262221697569,0.199570756066,0.0956385547537,-0.00661499259244,0,0,0.0132299851847,0.00826874074045,0,-0.00661499259244,0,0,0.0132299851847,0.00826874074045,0
455,FRAME,NONE,450,450,4.5,RECOVERY,1.1000000000000014,0,0,0,0,0,0.295572547621,0.120105688047,-0.000157218338563,0.804661587368,0.000301648536955,-0.00467081538025,-0.0021680466683,0.298907649029,-0.120137203326,0.00295601120106,0.799578809466,0.000140644777232,0.000216776212813,0.000490972138873,-0.131133369339,0.0356,-0.0348,0.246866738677,-0.120358288327,-0.0378,-0.131133369339,-0.0356,0.0348,0.246866738677,-0.120358288327,0.0378,0,0,0,0,0,0.0684106495972,-0.00289094936732,0.0034305588053,-0.0458575297274,-0.00371572387563,0.0534940063412,0.0372536942024,0.0243988055412,0.00242888427033,-0.0515232523343,0.00722287850324,-0.00241431029592,-0.00907107721204,-0.00859220040203,0.000572002449385,0,0,-0.00114400489877,-0.000715003061733,0,0.000572002449385,0,0,-0.00114400489877,-0.000715003061733,0,0,0,0,0,0,-0.667977270471,0.0440816050971,-0.0464072493998,0.115392653245,0.0244096637792,-0.287194031932,-0.412221897321,-0.348464380441,-0.0265751653919,0.543691148784,-0.0764788281015,0.0249298662908,0.187983510879,0.0911567328283,-0.00631700740751,0,0,0.012634014815,0.00789625925937,0,-0.00631700740751,0,0,0.012634014815,0.00789625925937,0
456,FRAME,NONE,451,451,4.5099999999999998,RECOVERY,1.1000000000000014,0,0,0,0,0,0.296223243892,0.120078983572,-0.000125233807969,0.804208781801,0.000265712022871,-0.00415023685857,-0.00181612741998,0.299134533132,-0.120114219801,0.00246753981374,0.799647289702,0.000117728283893,0.000135253099472,0.000409537290569,-0.131127965263,0.0356,-0.0348,0.246855930526,-0.120365043421,-0.0378,-0.131127965263,-0.0356,0.0348,0.246855930526,-0.120365043421,0.0378,0,0,0,0,0,0.0618621462586,-0.00246391910965,0.00298021999758,-0.0446150758859,-0.00347264696783,0.0506029170494,0.0332299018264,0.0210104564143,0.00217011699383,-0.0462125449918,0.00648048086153,-0.00217092356752,-0.00725534701934,-0.00770170874567,0.000510341930862,0,0,-0.00102068386172,-0.000637927413578,0,0.000510341930862,0,0,-0.00102068386172,-0.000637927413578,0,0,0,0,0,0,-0.641269564797,0.0412867875755,-0.0436324381217,0.133098994375,0.0241961700943,-0.290952408993,-0.392271739259,-0.328996475696,-0.0251967205942,0.518765694829,-0.0720894271628,0.0237680092036,0.174903327123,0.0869908120444,-0.006011140741,0,0,0.012022281482,0.00751392592629,0,-0.006011140741,0,0,0.012022281482,0.00751392592629,0
457,FRAME,NONE,452,452,4.5199999999999996,RECOVERY,1.1000000000000014,0,0,0,0,0,0.296809790546,0.120056409665,-9.76139386112e-05,0.80376928585,0.000232195597598,-0.00365875703926,-0.00150344863177,0.2993285288,-0.120093756701,0.00203095738048,0.799708557087,9.71894330515e-05,7.12075473674e-05,0.000336803426998,-0.1311231625,0.0356,-0.0348,0.246846325,-0.120371046875,-0.0378,-0.1311231625,-0.0356,0.0348,0.246846325,-0.120371046875,0.0378,0,0,0,0,0,0.0555852583013,-0.00206521361581,0.00255791004286,-0.0431955498399,-0.00323180047374,0.0476749581613,0.0294082594172,0.0178233611455,0.00192464857938,-0.0411429846079,0.00577952642152,-0.00193861348122,-0.00557811926016,-0.00685162274996,0.000451779634565,0,0,-0.000903559269132,-0.000564724543207,0,0.000451779634565,0,0,-0.000903559269132,-0.000564724543207,0,0,0,0,0,0,-0.613655588307,0.038416427703,-0.0408009189976,0.150816878976,0.0239638092259,-0.294572417678,-0.371790141552,-0.308183035467,-0.0239086595172,0.495326389828,-0.0681690877635,0.0227071413043,0.160290566195,0.0830533146151,-0.0056973333331,0,0,0.0113946666662,0.00712166666635,0,-0.0056973333331,0,0,0.0113946666662,0.00712166666635,0
458,FRAME,NONE,453,453,4.5300000000000002,RECOVERY,1.1000000000000014,0,0,0,0,0,0.297334949058,0.1200376793,-7.40756071116e-05,0.803344870804,0.000201076013396,-0.00319673769534,-0.00122796223164,0.299491718906,-0.120075684884,0.00164391320241,0.799763004709,7.89217680883e-05,2.31786575068e-05,0.000272375684112,-0.13111892967,0.0356,-0.0348,0.246837859341,-0.120376337912,-0.0378,-0.13111892967,-0.0356,0.0348,0.246837859341,-0.120376337912,0.0378,0,0,0,0,0,0.0495890344925,-0.00169559055559,0.00216420161763,-0.0415987383064,-0.00299337078332,0.0447114686958,0.0257940989953,0.0148518922905,0.0016917771937,-0.0363037707096,0.00511595756778,-0.00171659204219,-0.0040544934456,-0.00604032676379,0.0003963952642,0,0,-0.000792790528401,-0.000495494080251,0,0.0003963952642,0,0,-0.000792790528401,-0.000495494080251,0,0,0,0,0,0,-0.585138377997,0.0354700940106,-0.0379115507412,0.168566308648,0.0237130474874,-0.29806317441,-0.350773594443,-0.285840619585,-0.0226705813772,0.472561030507,-0.064591209908,0.0217028831789,0.144190480218,0.0792105240565,-0.00537552592578,0,0,0.0107510518517,0.00671940740726,0,-0.00537552592578,0,0,0.0107510518517,0.00671940740726,0
459,FRAME,NONE,454,454,4.54,RECOVERY,1.1000000000000014,0,0,0,0,0,0.297801571236,0.120022497854,-5.43299062586e-05,0.802937311084,0.000172328181932,-0.00276452766535,-0.000987566651865,0.29962633922,-0.120059880205,0.00130412397525,0.799810991411,6.28244933627e-05,-1.04432016065e-05,0.000215868668552,-0.131115234595,0.0356,-0.0348,0.246830469189,-0.120380956757,-0.0378,-0.131115234595,-0.0356,0.0348,0.246830469189,-0.120380956757,0.0378,0,0,0,0,0,0.0438824907413,-0.00135581173559,0.00179967902804,-0.0398242236669,-0.00275753952399,0.0417136946731,0.0223927875283,0.0121122568066,0.00147120501132,-0.0316922248564,0.00448698268487,-0.00150451504977,-0.00269911656556,-0.00526754230088,0.00034426911605,0,0,-0.000688538232098,-0.000430336395062,0,0.00034426911605,0,0,-0.000688538232098,-0.000430336395062,0,0,0,0,0,0,-0.555721471726,0.0324473896341,-0.0349631488984,0.186368157674,0.0234443714595,-0.301434167757,-0.329218618469,-0.261785787885,-0.0214420853911,0.449657413593,-0.0612291936008,0.0207108554134,0.126648321311,0.0753287238849,-0.00504565925943,0,0,0.0100913185189,0.00630707407433,0,-0.00504565925943,0,0,0.0100913185189,0.00630707407433,0
460,FRAME,NONE,455,455,4.5499999999999998,RECOVERY,1.1000000000000014,0,0,0,0,0,0.298212598873,0.120010563065,-3.80820265508e-05,0.802548386331,0.000145925222916,-0.00236246380188,-0.00078010648107,0.299734796477,-0.120046219566,0.00100929448663,0.799852854164,4.87981356069e-05,-3.14121492208e-05,0.000166893399368,-0.131112044288,0.0356,-0.0348,0.246824088576,-0.12038494464,-0.0378,-0.131112044288,-0.0356,0.0348,0.246824088576,-0.12038494464,0.0378,0,0,0,0,0,0.0384746050579,-0.00104664276291,0.00146493863966,-0.0378713751529,-0.00252448335413,0.0386827853407,0.0192097266259,0.00962235727165,0.00126299394545,-0.0273128317978,0.00389093358964,-0.00130243242881,-0.00152632331812,-0.00453417135381,0.000295482079012,0,0,-0.000590964158022,-0.000369352598764,0,0.000295482079012,0,0,-0.000590964158022,-0.000369352598764,0,0,0,0,0,0,-0.525408916005,0.0293479504416,-0.0319544862144,0.204244192049,0.0231582888379,-0.304695269956,-0.307121765266,-0.235890612633,-0.0202004784508,0.426186872932,-0.0580134658932,0.0197065460455,0.107653249846,0.0713368719914,-0.00470767407411,0,0,0.00941534814815,0.00588459259262,0,-0.00470767407411,0,0,0.00941534814815,0.00588459259262,0
461,FRAME,NONE,456,456,4.5599999999999996,RECOVERY,1.1000000000000014,0,0,0,0,0,0.298571063337,0.120001564999,-2.50311334655e-05,0.802179883581,0.000121838514849,-0.00199087195853,-0.000603372119347,0.299819679224,-0.120034579267,0.000757088173283,0.799888913031,3.67427880911e-05,-4.16298395104e-05,0.000125052397414,-0.131109324953,0.0356,-0.0348,0.246818649906,-0.120388343809,-0.0378,-0.131109324953,-0.0356,0.0348,0.246818649906,-0.120388343809,0.0378,0,0,0,0,0,0.0333743124212,-0.000768852726762,0.00116058930375,-0.0357393398259,-0.00229437374724,0.035619789274,0.016250352223,0.00740026529241,0.00106707868684,-0.0231666922024,0.00332569728754,-0.00111024187472,-0.000551678632572,-0.00384057284882,0.000250115634567,0,0,-0.000500231269135,-0.000312644543209,0,0.000250115634567,0,0,-0.000500231269135,-0.000312644543209,0,0,0,0,0,0,-0.494205275053,0.0261714432188,-0.0288842928789,0.222217091439,0.0228553293855,-0.307856750172,-0.284479618403,-0.208249215826,-0.0189938981508,0.403254890864,-0.0551025620253,0.0187449129203,0.0869700592048,0.0674146237656,-0.00436151111109,0,0,0.00872302222205,0.00545188888881,0,-0.00436151111109,0,0,0.00872302222205,0.00545188888881,0
462,FRAME,NONE,457,457,4.5700000000000003,RECOVERY,1.1000000000000014,0,0,0,0,0,0.298880085121,0.119995186011,-1.48702404758e-05,0.801833599534,0.000100037747971,-0.0016500680164,-0.00045509943661,0.299883750354,-0.120024839198,0.000545224245511,0.799919457305,2.65629110467e-05,-4.31670190256e-05,8.9955457281e-05,-0.131107041975,0.0356,-0.0348,0.246814083951,-0.120391197531,-0.0378,-0.131107041975,-0.0356,0.0348,0.246814083951,-0.120391197531,0.0378,0,0,0,0,0,0.0285904995569,-0.00052321389853,0.000887252782081,-0.0334270333242,-0.00206737676642,0.0325256503372,0.0135201342579,0.00546269491222,0.000882779742735,-0.019240975387,0.00278714772871,-0.000927142498604,0.000206479807501,-0.00318483910039,0.00020825185679,0,0,-0.000416503713581,-0.000260314820988,0,0.00020825185679,0,0,-0.000416503713581,-0.000260314820988,0,0,0,0,0,0,-0.462115640865,0.0229175638588,-0.0257512566199,0.240310474456,0.0225360460065,-0.310929289626,-0.261288793999,-0.179011231893,-0.0178881897609,0.382350486847,-0.0527120442838,0.0179007813346,0.0643074510224,0.0638043089722,-0.00400711111119,0,0,0.00801422222231,0.00500888888894,0,-0.00400711111119,0,0,0.00801422222231,0.00500888888894,0
463,FRAME,NONE,458,458,4.5800000000000001,RECOVERY,1.1000000000000014,0,0,0,0,0,0.299142873329,0.119991100721,-7.28607782384e-06,0.801511342914,8.04909795208e-05,-0.00134035895179,-0.000332969434189,0.299929932419,-0.120016889338,0.000371624671403,0.799944724242,1.81747148595e-05,-3.82923760712e-05,6.12435669056e-05,-0.131105159916,0.0356,-0.0348,0.246810319832,-0.120393550105,-0.0378,-0.131105159916,-0.0356,0.0348,0.246810319832,-0.120393550105,0.0378,0,0,0,0,0,0.0241319996039,-0.000310501449587,0.000645564171354,-0.0309331303368,-0.00184365282711,0.0294012034814,0.011024576343,0.00382486383021,0.000708759167687,-0.0155079604738,0.00226900324048,-0.000751585158575,0.000726901334851,-0.00256263912539,0.000169973412344,0,0,-0.000339946824689,-0.000212466765431,0,0.000169973412344,0,0,-0.000339946824689,-0.000212466765431,0,0,0,0,0,0,-0.429145644902,0.019586035629,-0.0225540226498,0.258548927514,0.0222010159493,-0.313923998839,-0.237545941411,-0.148326295263,-0.0169491985511,0.36496268034,-0.0510574749558,0.0172489765853,0.0393741269325,0.0607482573757,-0.00364441481479,0,0,0.00728882962965,0.00455551851852,0,-0.00364441481479,0,0,0.00728882962965,0.00455551851852,0
464,FRAME,NONE,459,459,4.5899999999999999,RECOVERY,1.1000000000000014,0,0,0,0,0,0.299362725113,0.119988975982,-1.95895704869e-06,0.801214936927,6.31646914291e-05,-0.00106204394677,-0.00023460790975,0.299961291195,-0.120010635872,0.000234552609332,0.799964879223,1.15131021844e-05,-2.9497283513e-05,3.86114462599e-05,-0.131103642507,0.0356,-0.0348,0.246807285014,-0.120395446866,-0.0378,-0.131103642507,-0.0356,0.0348,0.246807285014,-0.120395446866,0.0378,0,0,0,0,0,0.0200075866588,-0.00013149318595,0.000436172329084,-0.0282560547739,-0.00162335644743,0.0262471703604,0.00876921542964,0.00249975819806,0.000543252296731,-0.0119302711259,0.00176368701409,-0.00058154266686,0.00098761581335,-0.00196806578433,0.000135363560494,0,0,-0.000270727120988,-0.000169204450617,0,0.000135363560494,0,0,-0.000270727120988,-0.000169204450617,0,0,0,0,0,0,-0.395301471077,0.0161766075858,-0.0192911934679,0.276958036217,0.0218508420874,-0.316852436334,-0.213247744036,-0.116638121617,-0.0161500765172,0.350486596558,-0.0500102215963,0.0167562411399,0.0127561944798,0.0581499422131,-0.00327336296277,0,0,0.00654672592568,0.00409170370357,0,-0.00327336296277,0,0,0.00654672592568,0.00409170370357,0
465,FRAME,NONE,460,460,4.5999999999999996,RECOVERY,1.1000000000000014,0,0,0,0,0,0.299543025062,0.119988470857,1.43736875785e-06,0.800946221819,4.80238505722e-05,-0.00081541554458,-0.000157585125597,0.299980981019,-0.120005995265,0.000132478634175,0.799980040666,6.52455929372e-06,-1.94064788165e-05,2.17860346984e-05,-0.131102452645,0.0356,-0.0348,0.24680490529,-0.120396934194,-0.0378,-0.131102452645,-0.0356,0.0348,0.24680490529,-0.120396934194,0.0378,0,0,0,0,0,0.0162259701824,1.30307021291e-05,0.000259740301996,-0.0253939696125,-0.00140663598536,0.0230641547548,0.00675962146231,0.00149004538562,0.000386616810427,-0.00851845763945,0.0012717924599,-0.000417482067597,0.000990062300527,-0.00140295433592,0.000104506153088,0,0,-0.000209012306175,-0.000130632691359,0,0.000104506153088,0,0,-0.000209012306175,-0.000130632691359,0,0,0,0,0,0,-0.360589870134,0.012689053076,-0.0159613284665,0.295564420404,0.0214861543225,-0.31972662936,-0.188390919976,-0.0855667516457,-0.0150932025583,0.329941783734,-0.0480648728334,0.0159569861484,-0.011450615149,0.0545574106117,-0.00289389629621,0,0,0.00578779259242,0.00361737037026,0,-0.00289389629621,0,0,0.00578779259242,0.00361737037026,0
466,FRAME,NONE,461,461,4.6100000000000003,RECOVERY,1.1000000000000014,0,0,0,0,0,0.299687244517,0.119989236596,3.23584899124e-06,0.800707057535,3.5031971722e-05,-0.000600760851679,-9.94154805033e-05,0.299992093077,-0.120002857745,6.32559784322e-05,0.79999041852,3.12438009105e-06,-1.03992001356e-05,1.03931556495e-05,-0.131101552384,0.0356,-0.0348,0.246803104768,-0.12039805952,-0.0378,-0.131101552384,-0.0356,0.0348,0.246803104768,-0.12039805952,0.0378,0,0,0,0,0,0.0127957892561,0.00012228787557,0.000116945759753,-0.0223447663658,-0.00119363336098,0.0198526377732,0.00500139703011,0.00077998674643,0.000243881799899,-0.00538857903479,0.000811548562448,-0.000265336914642,0.000783217710107,-0.000886200991557,7.74856345698e-05,0,0,-0.00015497126914,-9.68570432122e-05,0,7.74856345698e-05,0,0,-0.00015497126914,-9.68570432122e-05,0,0,0,0,0,0,-0.325018175699,0.00912316837551,-0.0125629433339,0.314395773008,0.021107611111,-0.322559096764,-0.162972222673,-0.0570263072905,-0.0132882622995,0.292253895855,-0.0433718225634,0.0142775399316,-0.0282731648566,0.0481798531713,-0.00250595555563,0,0,0.0050119111112,0.00313244444449,0,-0.00250595555563,0,0,0.0050119111112,0.00313244444449,0
467,FRAME,NONE,462,462,4.6200000000000001,RECOVERY,1.1000000000000014,0,0,0,0,0,0.299798940847,0.119990916615,3.77628395291e-06,0.800499326492,2.41511833526e-05,-0.000418362789115,-5.75571849943e-05,0.299997465462,-0.120001038732,2.30235670997e-05,0.799996497502,1.13983935732e-06,-4.11625963193e-06,3.78012995741e-06,-0.131100902932,0.0356,-0.0348,0.246801805864,-0.120398871335,-0.0378,-0.131100902932,-0.0356,0.0348,0.246801805864,-0.120398871335,0.0378,0,0,0,0,0,0.00972560666841,0.000195494069639,8.48143531914e-06,-0.0191060541523,-0.00098448376314,0.0166129728195,0.00350017700885,0.000334702414618,0.00012497950002,-0.00276743779256,0.000419680367335,-0.000136777478648,0.00046579032679,-0.000454610056627,5.43870419756e-05,0,0,-0.000108774083951,-6.79838024695e-05,0,5.43870419756e-05,0,0,-0.000108774083951,-6.79838024695e-05,0,0,0,0,0,0,-0.288560671943,0.00547833283564,-0.00909767785567,0.333406503901,0.0207132562289,-0.325322091813,-0.136989127524,-0.0329309104933,-0.0102449413659,0.226348586911,-0.0340814646827,0.01114423081,-0.0327383175456,0.0372264604915,-0.00210948148165,0,0,0.00421896296329,0.00263685185208,0,-0.00210948148165,0,0,0.00421896296329,0.00263685185208,0
468,FRAME,NONE,463,463,4.6299999999999999,RECOVERY,1.1000000000000014,0,0,0,0,0,0.29988175665,0.119993146477,3.40547769762e-06,0.800324936452,1.53422964592e-05,-0.000268501395289,-2.94119403262e-05,0.299999492958,-0.120000231884,5.14514145984e-06,0.799999214678,2.55180322095e-07,-9.7712642764e-07,8.44286946701e-07,-0.131100464643,0.0356,-0.0348,0.246800929286,-0.120399419196,-0.0378,-0.131100464643,-0.0356,0.0348,0.246800929286,-0.120399419196,0.0378,0,0,0,0,0,0.00702457581728,0.000231854532282,-6.500779736e-05,-0.0156766362878,-0.000779368236402,0.013346195937,0.00226161447964,0.000100769103496,4.37065441137e-05,-0.000969300656596,0.00014771735936,-4.80333775393e-05,0.000179021475,-0.000159097928397,3.52960049368e-05,0,0,-7.05920098737e-05,-4.41200061707e-05,0,3.52960049368e-05,0,0,-7.05920098737e-05,-4.41200061707e-05,0,0,0,0,0,0,-0.251320186177,0.00175561438411,-0.00555508054649,0.352835014951,0.0203112200111,-0.328143445875,-0.110436539009,-0.0149555637563,-0.00588842350238,0.130463189646,-0.0198208418151,0.00645433491097,-0.0227522686178,0.0214248240236,-0.00170441481484,0,0,0.00340882962975,0.00213051851859,0,-0.00170441481484,0,0,0.00340882962975,0.00213051851859,0
469,FRAME,NONE,464,464,4.6399999999999997,RECOVERY,1.1000000000000014,0,0,0,0,0,0.299939432363,0.119995553705,2.47612800571e-06,0.800185793766,8.56381862456e-06,-0.000151438870375,-1.23248954015e-05,0.29999996791,-0.120000016162,3.58901113347e-07,0.799999945075,1.78254494308e-08,-7.13227833078e-08,5.88675972586e-08,-0.131100197012,0.0356,-0.0348,0.246800394024,-0.120399753735,-0.0378,-0.131100197012,-0.0356,0.0348,0.246800394024,-0.120399753735,0.0378,0,0,0,0,0,0.00469920294487,0.000230606357322,-0.000102620175611,-0.0120493538533,-0.000578259362918,0.010050103902,0.00129144622868,1.27958901395e-05,6.29776566052e-06,-0.000139827468128,2.13856225209e-05,-6.94251184232e-06,2.75038751651e-05,-2.29370725945e-05,2.02987456788e-05,0,0,-4.05974913562e-05,-2.53734320978e-05,0,2.02987456788e-05,0,0,-4.05974913562e-05,-2.53734320978e-05,0,0,0,0,0,0,-0.213291872194,-0.00204531107967,-0.00193485229843,0.372681440934,0.0199011530395,-0.33102029058,-0.0833116067853,-0.00381879182419,-0.00180588493265,0.0400817518331,-0.00612359150091,0.00198891958771,-0.00773854347051,0.00657613862385,-0.00129069629616,0,0,0.00258139259232,0.00161337037018,0,-0.00129069629616,0,0,0.00258139259232,0.00161337037018,0
470,FRAME,NONE,465,465,4.6500000000000004,RECOVERY,1.1000000000000014,0,0,0,0,0,0.299975740709,0.119997758605,1.35307418541e-06,0.800083949375,3.7771092008e-06,-6.74993172496e-05,-3.58301575266e-06,0.3,-0.12,0,0.8,0,0,0,-0.131100058668,0.0356,-0.0348,0.246800117336,-0.120399926665,-0.0378,-0.131100058668,-0.0356,0.0348,0.246800117336,-0.120399926665,0.0378,0,0,0,0,0,0.0027587383734,0.000190948310689,-0.000103704843329,-0.0082230074691,-0.000381345175611,0.00672579012538,0.000595382343933,0,0,0,0,0,0,0,9.48207901363e-06,0,0,-1.89641580273e-05,-1.1852598767e-05,0,9.48207901363e-06,0,0,-1.89641580273e-05,-1.1852598767e-05,0,0,0,0,0,0,-0.17431192046,-0.00592682913129,0.00174832331701,0.39259425505,0.0194701951439,-0.333756901976,-0.0556147720523,0,0,0,0,0,0,0,-0.00086826666662,0,0,0.0017365333331,0.00108533333321,0,-0.00086826666662,0,0,0.0017365333331,0.00108533333321,0
471,FRAME,NONE,466,466,4.6600000000000001,RECOVERY,1.1000000000000014,0,0,0,0,0,0.299994607131,0.119999372671,4.02031139142e-07,0.800021333616,9.36915112339e-07,-1.69230678676e-05,-4.17248522843e-07,0.3,-0.12,0,0.8,0,0,0,-0.13110000737,0.0356,-0.0348,0.246800014741,-0.120399990787,-0.0378,-0.13110000737,-0.0356,0.0348,0.246800014741,-0.120399990787,0.0378,0,0,0,0,0,0.00121296453567,0.000112069774696,-6.76537092704e-05,-0.00419746875234,-0.00018885546004,0.00337496586248,0.000179150787633,0,0,0,0,0,0,0,2.93341234636e-06,0,0,-5.86682469411e-06,-3.66676543365e-06,0,2.93341234636e-06,0,0,-5.86682469411e-06,-3.66676543365e-06,0,0,0,0,0,0,-0.110972572103,-0.00641077286912,0.00317508647072,0.304482291256,0.0143826832189,-0.251674166931,-0.0276828745824,0,0,0,0,0,0,0,-0.000437251852087,0,0,0.000874503704174,0.000546564815108,0,-0.000437251852087,0,0,0.000874503704174,0.000546564815108,0
472,FRAME,COMPLETE,467,467,4.6699999999999999,RECOVERY,1.1000000000000014,0,0,0,0,0,0.3,0.12,0,0.8,0,0,0,0.3,-0.12,0,0.8,0,0,0,-0.1311,0.0356,-0.0348,0.2468,-0.1204,-0.0378,-0.1311,-0.0356,0.0348,0.2468,-0.1204,0.0378,0,0,0,0,0,0,0,0,0,0,0,0,0,0,0,0,0,0,0,0,0,0,0,0,0,0,0,0,0,0,0,0,0,0,0,0,0,0,0,0,0,0,0,0,0,0,0,0,0,0,0,0,0,0,0,0,0,0,0,0,0,0
