frame_index,time_s,phase,source_fullbody_global_frame,event_mask,q_des_rad::left_hip_pitch_joint,q_des_rad::right_hip_pitch_joint,q_des_rad::waist_yaw_joint,q_des_rad::left_hip_roll_joint,q_des_rad::right_hip_roll_joint,q_des_rad::waist_roll_joint,q_des_rad::left_hip_yaw_joint,q_des_rad::right_hip_yaw_joint,q_des_rad::waist_pitch_joint,q_des_rad::left_knee_joint,q_des_rad::right_knee_joint,q_des_rad::head_yaw_joint,q_des_rad::left_shoulder_pitch_joint,q_des_rad::right_shoulder_pitch_joint,q_des_rad::left_ankle_pitch_joint,q_des_rad::right_ankle_pitch_joint,q_des_rad::head_pitch_joint,q_des_rad::left_shoulder_roll_joint,q_des_rad::right_shoulder_roll_joint,q_des_rad::left_ankle_roll_joint,q_des_rad::right_ankle_roll_joint,q_des_rad::left_shoulder_yaw_joint,q_des_rad::right_shoulder_yaw_joint,q_des_rad::left_elbow_joint,q_des_rad::right_elbow_joint,q_des_rad::left_wrist_roll_joint,q_des_rad::right_wrist_roll_joint,q_des_rad::left_wrist_pitch_joint,q_des_rad::right_wrist_pitch_joint,q_des_rad::left_wrist_yaw_joint,q_des_rad::right_wrist_yaw_joint,dq_des_rad_s::left_hip_pitch_joint,dq_des_rad_s::right_hip_pitch_joint,dq_des_rad_s::waist_yaw_joint,dq_des_rad_s::left_hip_roll_joint,dq_des_rad_s::right_hip_roll_joint,dq_des_rad_s::waist_roll_joint,dq_des_rad_s::left_hip_yaw_joint,dq_des_rad_s::right_hip_yaw_joint,dq_des_rad_s::waist_pitch_joint,dq_des_rad_s::left_knee_joint,dq_des_rad_s::right_knee_joint,dq_des_rad_s::head_yaw_joint,dq_des_rad_s::left_shoulder_pitch_joint,dq_des_rad_s::right_shoulder_pitch_joint,dq_des_rad_s::left_ankle_pitch_joint,dq_des_rad_s::right_ankle_pitch_joint,dq_des_rad_s::head_pitch_joint,dq_des_rad_s::left_shoulder_roll_joint,dq_des_rad_s::right_shoulder_roll_joint,dq_des_rad_s::left_ankle_roll_joint,dq_des_rad_s::right_ankle_roll_joint,dq_des_rad_s::left_shoulder_yaw_joint,dq_des_rad_s::right_shoulder_yaw_joint,dq_des_rad_s::left_elbow_joint,dq_des_rad_s::right_elbow_joint,dq_des_rad_s::left_wrist_roll_joint,dq_des_rad_s::right_wrist_roll_joint,dq_des_rad_s::left_wrist_pitch_joint,dq_des_rad_s::right_wrist_pitch_joint,dq_des_rad_s::left_wrist_yaw_joint,dq_des_rad_s::right_wrist_yaw_joint,tau_ff_nm::left_hip_pitch_joint,tau_ff_nm::right_hip_pitch_joint,tau_ff_nm::waist_yaw_joint,tau_ff_nm::left_hip_roll_joint,tau_ff_nm::right_hip_roll_joint,tau_ff_nm::waist_roll_joint,tau_ff_nm::left_hip_yaw_joint,tau_ff_nm::right_hip_yaw_joint,tau_ff_nm::waist_pitch_joint,tau_ff_nm::left_knee_joint,tau_ff_nm::right_knee_joint,tau_ff_nm::head_yaw_joint,tau_ff_nm::left_shoulder_pitch_joint,tau_ff_nm::right_shoulder_pitch_joint,tau_ff_nm::left_ankle_pitch_joint,tau_ff_nm::right_ankle_pitch_joint,tau_ff_nm::head_pitch_joint,tau_ff_nm::left_shoulder_roll_joint,tau_ff_nm::right_shoulder_roll_joint,tau_ff_nm::left_ankle_roll_joint,tau_ff_nm::right_ankle_roll_joint,tau_ff_nm::left_shoulder_yaw_joint,tau_ff_nm::right_shoulder_yaw_joint,tau_ff_nm::left_elbow_joint,tau_ff_nm::right_elbow_joint,tau_ff_nm::left_wrist_roll_joint,tau_ff_nm::right_wrist_roll_joint,tau_ff_nm::left_wrist_pitch_joint,tau_ff_nm::right_wrist_pitch_joint,tau_ff_nm::left_wrist_yaw_joint,tau_ff_nm::right_wrist_yaw_joint,kp_nm_per_rad::left_hip_pitch_joint,kp_nm_per_rad::right_hip_pitch_joint,kp_nm_per_rad::waist_yaw_joint,kp_nm_per_rad::left_hip_roll_joint,kp_nm_per_rad::right_hip_roll_joint,kp_nm_per_rad::waist_roll_joint,kp_nm_per_rad::left_hip_yaw_joint,kp_nm_per_rad::right_hip_yaw_joint,kp_nm_per_rad::waist_pitch_joint,kp_nm_per_rad::left_knee_joint,kp_nm_per_rad::right_knee_joint,kp_nm_per_rad::head_yaw_joint,kp_nm_per_rad::left_shoulder_pitch_joint,kp_nm_per_rad::right_shoulder_pitch_joint,kp_nm_per_rad::left_ankle_pitch_joint,kp_nm_per_rad::right_ankle_pitch_joint,kp_nm_per_rad::head_pitch_joint,kp_nm_per_rad::left_shoulder_roll_joint,kp_nm_per_rad::right_shoulder_roll_joint,kp_nm_per_rad::left_ankle_roll_joint,kp_nm_per_rad::right_ankle_roll_joint,kp_nm_per_rad::left_shoulder_yaw_joint,kp_nm_per_rad::right_shoulder_yaw_joint,kp_nm_per_rad::left_elbow_joint,kp_nm_per_rad::right_elbow_joint,kp_nm_per_rad::left_wrist_roll_joint,kp_nm_per_rad::right_wrist_roll_joint,kp_nm_per_rad::left_wrist_pitch_joint,kp_nm_per_rad::right_wrist_pitch_joint,kp_nm_per_rad::left_wrist_yaw_joint,kp_nm_per_rad::right_wrist_yaw_joint,kd_nm_s_per_rad::left_hip_pitch_joint,kd_nm_s_per_rad::right_hip_pitch_joint,kd_nm_s_per_rad::waist_yaw_joint,kd_nm_s_per_rad::left_hip_roll_joint,kd_nm_s_per_rad::right_hip_roll_joint,kd_nm_s_per_rad::waist_roll_joint,kd_nm_s_per_rad::left_hip_yaw_joint,kd_nm_s_per_rad::right_hip_yaw_joint,kd_nm_s_per_rad::waist_pitch_joint,kd_nm_s_per_rad::left_knee_joint,kd_nm_s_per_rad::right_knee_joint,kd_nm_s_per_rad::head_yaw_joint,kd_nm_s_per_rad::left_shoulder_pitch_joint,kd_nm_s_per_rad::right_shoulder_pitch_joint,kd_nm_s_per_rad::left_ankle_pitch_joint,kd_nm_s_per_rad::right_ankle_pitch_joint,kd_nm_s_per_rad::head_pitch_joint,kd_nm_s_per_rad::left_shoulder_roll_joint,kd_nm_s_per_rad::right_shoulder_roll_joint,kd_nm_s_per_rad::left_ankle_roll_joint,kd_nm_s_per_rad::right_ankle_roll_joint,kd_nm_s_per_rad::left_shoulder_yaw_joint,kd_nm_s_per_rad::right_shoulder_yaw_joint,kd_nm_s_per_rad::left_elbow_joint,kd_nm_s_per_rad::right_elbow_joint,kd_nm_s_per_rad::left_wrist_roll_joint,kd_nm_s_per_rad::right_wrist_roll_joint,kd_nm_s_per_rad::left_wrist_pitch_joint,kd_nm_s_per_rad::right_wrist_pitch_joint,kd_nm_s_per_rad::left_wrist_yaw_joint,kd_nm_s_per_rad::right_wrist_yaw_joint
0,0,BALANCE_PREP,0,1,-0.13109999999999999,-0.13109999999999999,0,0.0055999999999999999,-0.0055999999999999999,0,-0.034799999999999998,0.034799999999999998,0,0.24679999999999999,0.24679999999999999,0,0.29999999999999999,0.29999999999999999,-0.12039999999999999,-0.12039999999999999,0,0.12,-0.12,-0.0077999999999999996,0.0077999999999999996,0,0,0.80000000000000004,0.80000000000000004,0,0,0,0,0,0,0,0,0,0,0,0,0,0,0,0,0,0,0,0,0,0,0,0,0,0,0,0,0,0,0,0,0,0,0,0,0,0,0,0,0,0,0,0,0,0,0,0,0,0,0,0,0,0,0,0,0,0,0,0,0,0,0,0,0,0,0,0,2250,2250,400,400,400,500,300,300,500,3000,3000,40,60,60,750,750,40,60,60,500,500,45,45,45,45,45,45,30,30,30,30,12,12,4,7,7,4,7,7,4,12,12,2,4.5,4.5,7.5,7.5,2,4.5,4.5,5,5,3,3,3,3,3,3,3,3,3,3
1,0.02,BALANCE_PREP,4,0,-0.13110267169817283,-0.13110267169817283,0,0.0055999999999999999,-0.0055999999999999999,0,-0.034799999999999998,0.034799999999999998,0,0.24680464643160493,0.24680464643160493,0,0.29999999999999999,0.29999999999999999,-0.1204015100902716,-0.1204015100902716,0,0.12,-0.12,-0.0077999999999999996,0.0077999999999999996,0,0,0.80000000000000004,0.80000000000000004,0,0,0,0,0,0,0,0,0,0,0,0,0,0,0,0,0,0,0,0,0,0,0,0,0,0,0,0,0,0,0,0,0,0,0,0,0,0,0,0,0,0,0,0,0,0,0,0,0,0,0,0,0,0,0,0,0,0,0,0,0,0,0,0,0,0,0,0,2250,2250,400,400,400,500,300,300,500,3000,3000,40,60,60,750,750,40,60,60,500,500,45,45,45,45,45,45,30,30,30,30,12,12,4,7,7,4,7,7,4,12,12,2,4.5,4.5,7.5,7.5,2,4.5,4.5,5,5,3,3,3,3,3,3,3,3,3,3
2,0.040000000000000001,BALANCE_PREP,8,0,-0.13112094441560493,-0.13112094441560493,0,0.0055999999999999999,-0.0055999999999999999,0,-0.034799999999999998,0.034799999999999998,0,0.24683642507061729,0.24683642507061729,0,0.29999999999999999,0.29999999999999999,-0.12041183814795062,-0.12041183814795062,0,0.12,-0.12,-0.0077999999999999996,0.0077999999999999996,0,0,0.80000000000000004,0.80000000000000004,0,0,0,0,0,0,0,0,0,0,0,0,0,0,0,0,0,0,0,0,0,0,0,0,0,0,0,0,0,0,0,0,0,0,0,0,0,0,0,0,0,0,0,0,0,0,0,0,0,0,0,0,0,0,0,0,0,0,0,0,0,0,0,0,0,0,0,0,2250,2250,400,400,400,500,300,300,500,3000,3000,40,60,60,750,750,40,60,60,500,500,45,45,45,45,45,45,30,30,30,30,12,12,4,7,7,4,7,7,4,12,12,2,4.5,4.5,7.5,7.5,2,4.5,4.5,5,5,3,3,3,3,3,3,3,3,3,3
3,0.059999999999999998,BALANCE_PREP,12,0,-0.13116925465599999,-0.13116925465599999,0,0.0055999999999999999,-0.0055999999999999999,0,-0.034799999999999998,0.034799999999999998,0,0.24692044287999998,0.24692044287999998,0,0.29999999999999999,0.29999999999999999,-0.120439143936,-0.120439143936,0,0.12,-0.12,-0.0077999999999999996,0.0077999999999999996,0,0,0.80000000000000004,0.80000000000000004,0,0,0,0,0,0,0,0,0,0,0,0,0,0,0,0,0,0,0,0,0,0,0,0,0,0,0,0,0,0,0,0,0,0,0,0,0,0,0,0,0,0,0,0,0,0,0,0,0,0,0,0,0,0,0,0,0,0,0,0,0,0,0,0,0,0,0,0,2250,2250,400,400,400,500,300,300,500,3000,3000,40,60,60,750,750,40,60,60,500,500,45,45,45,45,45,45,30,30,30,30,12,12,4,7,7,4,7,7,4,12,12,2,4.5,4.5,7.5,7.5,2,4.5,4.5,5,5,3,3,3,3,3,3,3,3,3,3
4,0.080000000000000002,BALANCE_PREP,16,0,-0.13126080026232098,-0.13126080026232098,0,0.0055999999999999999,-0.0055999999999999999,0,-0.034799999999999998,0.034799999999999998,0,0.24707965263012344,0.24707965263012344,0,0.29999999999999999,0.29999999999999999,-0.12049088710479011,-0.12049088710479011,0,0.12,-0.12,-0.0077999999999999996,0.0077999999999999996,0,0,0.80000000000000004,0.80000000000000004,0,0,0,0,0,0,0,0,0,0,0,0,0,0,0,0,0,0,0,0,0,0,0,0,0,0,0,0,0,0,0,0,0,0,0,0,0,0,0,0,0,0,0,0,0,0,0,0,0,0,0,0,0,0,0,0,0,0,0,0,0,0,0,0,0,0,0,0,2250,2250,400,400,400,500,300,300,500,3000,3000,40,60,60,750,750,40,60,60,500,500,45,45,45,45,45,45,30,30,30,30,12,12,4,7,7,4,7,7,4,12,12,2,4.5,4.5,7.5,7.5,2,4.5,4.5,5,5,3,3,3,3,3,3,3,3,3,3
5,0.10000000000000001,BALANCE_PREP,20,0,-0.13140757530864197,-0.13140757530864197,0,0.0055999999999999999,-0.0055999999999999999,0,-0.034799999999999998,0.034799999999999998,0,0.2473349135802469,0.2473349135802469,0,0.29999999999999999,0.29999999999999999,-0.12057384691358024,-0.12057384691358024,0,0.12,-0.12,-0.0077999999999999996,0.0077999999999999996,0,0,0.80000000000000004,0.80000000000000004,0,0,0,0,0,0,0,0,0,0,0,0,0,0,0,0,0,0,0,0,0,0,0,0,0,0,0,0,0,0,0,0,0,0,0,0,0,0,0,0,0,0,0,0,0,0,0,0,0,0,0,0,0,0,0,0,0,0,0,0,0,0,0,0,0,0,0,0,2250,2250,400,400,400,500,300,300,500,3000,3000,40,60,60,750,750,40,60,60,500,500,45,45,45,45,45,45,30,30,30,30,12,12,4,7,7,4,7,7,4,12,12,2,4.5,4.5,7.5,7.5,2,4.5,4.5,5,5,3,3,3,3,3,3,3,3,3,3
6,0.12,BALANCE_PREP,24,0,-0.13162040499200001,-0.13162040499200001,0,0.0055999999999999999,-0.0055999999999999999,0,-0.034799999999999998,0.034799999999999998,0,0.24770505215999999,0.24770505215999999,0,0.29999999999999999,0.29999999999999999,-0.120694141952,-0.120694141952,0,0.12,-0.12,-0.0077999999999999996,0.0077999999999999996,0,0,0.80000000000000004,0.80000000000000004,0,0,0,0,0,0,0,0,0,0,0,0,0,0,0,0,0,0,0,0,0,0,0,0,0,0,0,0,0,0,0,0,0,0,0,0,0,0,0,0,0,0,0,0,0,0,0,0,0,0,0,0,0,0,0,0,0,0,0,0,0,0,0,0,0,0,0,0,2250,2250,400,400,400,500,300,300,500,3000,3000,40,60,60,750,750,40,60,60,500,500,45,45,45,45,45,45,30,30,30,30,12,12,4,7,7,4,7,7,4,12,12,2,4.5,4.5,7.5,7.5,2,4.5,4.5,5,5,3,3,3,3,3,3,3,3,3,3
7,0.14000000000000001,BALANCE_PREP,28,0,-0.1319089805242469,-0.1319089805242469,0,0.0055999999999999999,-0.0055999999999999999,0,-0.034799999999999998,0.034799999999999998,0,0.24820692265086419,0.24820692265086419,0,0.29999999999999999,0.29999999999999999,-0.12085724986153086,-0.12085724986153086,0,0.12,-0.12,-0.0077999999999999996,0.0077999999999999996,0,0,0.80000000000000004,0.80000000000000004,0,0,0,0,0,0,0,0,0,0,0,0,0,0,0,0,0,0,0,0,0,0,0,0,0,0,0,0,0,0,0,0,0,0,0,0,0,0,0,0,0,0,0,0,0,0,0,0,0,0,0,0,0,0,0,0,0,0,0,0,0,0,0,0,0,0,0,0,2250,2250,400,400,400,500,300,300,500,3000,3000,40,60,60,750,750,40,60,60,500,500,45,45,45,45,45,45,30,30,30,30,12,12,4,7,7,4,7,7,4,12,12,2,4.5,4.5,7.5,7.5,2,4.5,4.5,5,5,3,3,3,3,3,3,3,3,3,3
8,0.16,BALANCE_PREP,32,0,-0.13228189402390123,-0.13228189402390123,0,0.0055999999999999999,-0.0055999999999999999,0,-0.034799999999999998,0.034799999999999998,0,0.24885546786765431,0.24885546786765431,0,0.29999999999999999,0.29999999999999999,-0.12106802705698765,-0.12106802705698765,0,0.12,-0.12,-0.0077999999999999996,0.0077999999999999996,0,0,0.80000000000000004,0.80000000000000004,0,0,0,0,0,0,0,0,0,0,0,0,0,0,0,0,0,0,0,0,0,0,0,0,0,0,0,0,0,0,0,0,0,0,0,0,0,0,0,0,0,0,0,0,0,0,0,0,0,0,0,0,0,0,0,0,0,0,0,0,0,0,0,0,0,0,0,0,2250,2250,400,400,400,500,300,300,500,3000,3000,40,60,60,750,750,40,60,60,500,500,45,45,45,45,45,45,30,30,30,30,12,12,4,7,7,4,7,7,4,12,12,2,4.5,4.5,7.5,7.5,2,4.5,4.5,5,5,3,3,3,3,3,3,3,3,3,3
9,0.17999999999999999,BALANCE_PREP,36,0,-0.132746673408,-0.132746673408,0,0.0055999999999999999,-0.0055999999999999999,0,-0.034799999999999998,0.034799999999999998,0,0.24966377983999999,0.24966377983999999,0,0.29999999999999999,0.29999999999999999,-0.121330728448,-0.121330728448,0,0.12,-0.12,-0.0077999999999999996,0.0077999999999999996,0,0,0.80000000000000004,0.80000000000000004,0,0,0,0,0,0,0,0,0,0,0,0,0,0,0,0,0,0,0,0,0,0,0,0,0,0,0,0,0,0,0,0,0,0,0,0,0,0,0,0,0,0,0,0,0,0,0,0,0,0,0,0,0,0,0,0,0,0,0,0,0,0,0,0,0,0,0,0,2250,2250,400,400,400,500,300,300,500,3000,3000,40,60,60,750,750,40,60,60,500,500,45,45,45,45,45,45,30,30,30,30,12,12,4,7,7,4,7,7,4,12,12,2,4.5,4.5,7.5,7.5,2,4.5,4.5,5,5,3,3,3,3,3,3,3,3,3,3
10,0.20000000000000001,BALANCE_PREP,40,0,-0.13330981728395061,-0.13330981728395061,0,0.0055999999999999999,-0.0055999999999999999,0,-0.034799999999999998,0.034799999999999998,0,0.25064316049382718,0.25064316049382718,0,0.29999999999999999,0.29999999999999999,-0.12164902716049382,-0.12164902716049382,0,0.12,-0.12,-0.0077999999999999996,0.0077999999999999996,0,0,0.80000000000000004,0.80000000000000004,0,0,0,0,0,0,0,0,0,0,0,0,0,0,0,0,0,0,0,0,0,0,0,0,0,0,0,0,0,0,0,0,0,0,0,0,0,0,0,0,0,0,0,0,0,0,0,0,0,0,0,0,0,0,0,0,0,0,0,0,0,0,0,0,0,0,0,0,2250,2250,400,400,400,500,300,300,500,3000,3000,40,60,60,750,750,40,60,60,500,500,45,45,45,45,45,45,30,30,30,30,12,12,4,7,7,4,7,7,4,12,12,2,4.5,4.5,7.5,7.5,2,4.5,4.5,5,5,3,3,3,3,3,3,3,3,3,3
11,0.22,BALANCE_PREP,44,0,-0.13397682984138271,-0.13397682984138271,0,0.0055999999999999999,-0.0055999999999999999,0,-0.034799999999999998,0.034799999999999998,0,0.25180318233283949,0.25180318233283949,0,0.29999999999999999,0.29999999999999999,-0.12202603425817284,-0.12202603425817284,0,0.12,-0.12,-0.0077999999999999996,0.0077999999999999996,0,0,0.80000000000000004,0.80000000000000004,0,0,0,0,0,0,0,0,0,0,0,0,0,0,0,0,0,0,0,0,0,0,0,0,0,0,0,0,0,0,0,0,0,0,0,0,0,0,0,0,0,0,0,0,0,0,0,0,0,0,0,0,0,0,0,0,0,0,0,0,0,0,0,0,0,0,0,0,2250,2250,400,400,400,500,300,300,500,3000,3000,40,60,60,750,750,40,60,60,500,500,45,45,45,45,45,45,30,30,30,30,12,12,4,7,7,4,7,7,4,12,12,2,4.5,4.5,7.5,7.5,2,4.5,4.5,5,5,3,3,3,3,3,3,3,3,3,3
12,0.23999999999999999,BALANCE_PREP,48,0,-0.13475225574399999,-0.13475225574399999,0,0.0055999999999999999,-0.0055999999999999999,0,-0.034799999999999998,0.034799999999999998,0,0.25315174911999999,0.25315174911999999,0,0.29999999999999999,0.29999999999999999,-0.12246431846399999,-0.12246431846399999,0,0.12,-0.12,-0.0077999999999999996,0.0077999999999999996,0,0,0.80000000000000004,0.80000000000000004,0,0,0,0,0,0,0,0,0,0,0,0,0,0,0,0,0,0,0,0,0,0,0,0,0,0,0,0,0,0,0,0,0,0,0,0,0,0,0,0,0,0,0,0,0,0,0,0,0,0,0,0,0,0,0,0,0,0,0,0,0,0,0,0,0,0,0,0,2250,2250,400,400,400,500,300,300,500,3000,3000,40,60,60,750,750,40,60,60,500,500,45,45,45,45,45,45,30,30,30,30,12,12,4,7,7,4,7,7,4,12,12,2,4.5,4.5,7.5,7.5,2,4.5,4.5,5,5,3,3,3,3,3,3,3,3,3,3
13,0.26000000000000001,BALANCE_PREP,52,0,-0.1356397150214321,-0.1356397150214321,0,0.0055999999999999999,-0.0055999999999999999,0,-0.034799999999999998,0.034799999999999998,0,0.25469515655901231,0.25469515655901231,0,0.29999999999999999,0.29999999999999999,-0.12296592588167901,-0.12296592588167901,0,0.12,-0.12,-0.0077999999999999996,0.0077999999999999996,0,0,0.80000000000000004,0.80000000000000004,0,0,0,0,0,0,0,0,0,0,0,0,0,0,0,0,0,0,0,0,0,0,0,0,0,0,0,0,0,0,0,0,0,0,0,0,0,0,0,0,0,0,0,0,0,0,0,0,0,0,0,0,0,0,0,0,0,0,0,0,0,0,0,0,0,0,0,0,2250,2250,400,400,400,500,300,300,500,3000,3000,40,60,60,750,750,40,60,60,500,500,45,45,45,45,45,45,30,30,30,30,12,12,4,7,7,4,7,7,4,12,12,2,4.5,4.5,7.5,7.5,2,4.5,4.5,5,5,3,3,3,3,3,3,3,3,3,3
14,0.28000000000000003,BALANCE_PREP,56,0,-0.13664193796108642,-0.13664193796108642,0,0.0055999999999999999,-0.0055999999999999999,0,-0.034799999999999998,0.034799999999999998,0,0.25643815297580247,0.25643815297580247,0,0.29999999999999999,0.29999999999999999,-0.1235323997171358,-0.1235323997171358,0,0.12,-0.12,-0.0077999999999999996,0.0077999999999999996,0,0,0.80000000000000004,0.80000000000000004,0,0,0,0,0,0,0,0,0,0,0,0,0,0,0,0,0,0,0,0,0,0,0,0,0,0,0,0,0,0,0,0,0,0,0,0,0,0,0,0,0,0,0,0,0,0,0,0,0,0,0,0,0,0,0,0,0,0,0,0,0,0,0,0,0,0,0,0,2250,2250,400,400,400,500,300,300,500,3000,3000,40,60,60,750,750,40,60,60,500,500,45,45,45,45,45,45,30,30,30,30,12,12,4,7,7,4,7,7,4,12,12,2,4.5,4.5,7.5,7.5,2,4.5,4.5,5,5,3,3,3,3,3,3,3,3,3,3
15,0.29999999999999999,BALANCE_PREP,60,0,-0.13776079999999999,-0.13776079999999999,0,0.0055999999999999999,-0.0055999999999999999,0,-0.034799999999999998,0.034799999999999998,0,0.258384,0.258384,0,0.29999999999999999,0.29999999999999999,-0.12416479999999999,-0.12416479999999999,0,0.12,-0.12,-0.0077999999999999996,0.0077999999999999996,0,0,0.80000000000000004,0.80000000000000004,0,0,0,0,0,0,0,0,0,0,0,0,0,0,0,0,0,0,0,0,0,0,0,0,0,0,0,0,0,0,0,0,0,0,0,0,0,0,0,0,0,0,0,0,0,0,0,0,0,0,0,0,0,0,0,0,0,0,0,0,0,0,0,0,0,0,0,0,2250,2250,400,400,400,500,300,300,500,3000,3000,40,60,60,750,750,40,60,60,500,500,45,45,45,45,45,45,30,30,30,30,12,12,4,7,7,4,7,7,4,12,12,2,4.5,4.5,7.5,7.5,2,4.5,4.5,5,5,3,3,3,3,3,3,3,3,3,3
16,0.32000000000000001,BALANCE_PREP,64,0,-0.13899735661669135,-0.13899735661669135,0,0.0055999999999999999,-0.0055999999999999999,0,-0.034799999999999998,0.034799999999999998,0,0.26053453324641973,0.26053453324641973,0,0.29999999999999999,0.29999999999999999,-0.12486372330508641,-0.12486372330508641,0,0.12,-0.12,-0.0077999999999999996,0.0077999999999999996,0,0,0.80000000000000004,0.80000000000000004,0,0,0,0,0,0,0,0,0,0,0,0,0,0,0,0,0,0,0,0,0,0,0,0,0,0,0,0,0,0,0,0,0,0,0,0,0,0,0,0,0,0,0,0,0,0,0,0,0,0,0,0,0,0,0,0,0,0,0,0,0,0,0,0,0,0,0,0,2250,2250,400,400,400,500,300,300,500,3000,3000,40,60,60,750,750,40,60,60,500,500,45,45,45,45,45,45,30,30,30,30,12,12,4,7,7,4,7,7,4,12,12,2,4.5,4.5,7.5,7.5,2,4.5,4.5,5,5,3,3,3,3,3,3,3,3,3,3
17,0.34000000000000002,BALANCE_PREP,68,0,-0.14035187822301234,-0.14035187822301234,0,0.0055999999999999999,-0.0055999999999999999,0,-0.034799999999999998,0.034799999999999998,0,0.26289022299654319,0.26289022299654319,0,0.29999999999999999,0.29999999999999999,-0.12562932247387654,-0.12562932247387654,0,0.12,-0.12,-0.0077999999999999996,0.0077999999999999996,0,0,0.80000000000000004,0.80000000000000004,0,0,0,0,0,0,0,0,0,0,0,0,0,0,0,0,0,0,0,0,0,0,0,0,0,0,0,0,0,0,0,0,0,0,0,0,0,0,0,0,0,0,0,0,0,0,0,0,0,0,0,0,0,0,0,0,0,0,0,0,0,0,0,0,0,0,0,0,2250,2250,400,400,400,500,300,300,500,3000,3000,40,60,60,750,750,40,60,60,500,500,45,45,45,45,45,45,30,30,30,30,12,12,4,7,7,4,7,7,4,12,12,2,4.5,4.5,7.5,7.5,2,4.5,4.5,5,5,3,3,3,3,3,3,3,3,3,3
18,0.35999999999999999,BALANCE_PREP,72,0,-0.14182388505599999,-0.14182388505599999,0,0.0055999999999999999,-0.0055999999999999999,0,-0.034799999999999998,0.034799999999999998,0,0.26545023487999997,0.26545023487999997,0,0.29999999999999999,0.29999999999999999,-0.12646132633599999,-0.12646132633599999,0,0.12,-0.12,-0.0077999999999999996,0.0077999999999999996,0,0,0.80000000000000004,0.80000000000000004,0,0,0,0,0,0,0,0,0,0,0,0,0,0,0,0,0,0,0,0,0,0,0,0,0,0,0,0,0,0,0,0,0,0,0,0,0,0,0,0,0,0,0,0,0,0,0,0,0,0,0,0,0,0,0,0,0,0,0,0,0,0,0,0,0,0,0,0,2250,2250,400,400,400,500,300,300,500,3000,3000,40,60,60,750,750,40,60,60,500,500,45,45,45,45,45,45,30,30,30,30,12,12,4,7,7,4,7,7,4,12,12,2,4.5,4.5,7.5,7.5,2,4.5,4.5,5,5,3,3,3,3,3,3,3,3,3,3
19,0.38,BALANCE_PREP,76,0,-0.14341218206972839,-0.14341218206972839,0,0.0055999999999999999,-0.0055999999999999999,0,-0.034799999999999998,0.034799999999999998,0,0.26821249055604934,0.26821249055604934,0,0.29999999999999999,0.29999999999999999,-0.12735905943071604,-0.12735905943071604,0,0.12,-0.12,-0.0077999999999999996,0.0077999999999999996,0,0,0.80000000000000004,0.80000000000000004,0,0,0,0,0,0,0,0,0,0,0,0,0,0,0,0,0,0,0,0,0,0,0,0,0,0,0,0,0,0,0,0,0,0,0,0,0,0,0,0,0,0,0,0,0,0,0,0,0,0,0,0,0,0,0,0,0,0,0,0,0,0,0,0,0,0,0,0,2250,2250,400,400,400,500,300,300,500,3000,3000,40,60,60,750,750,40,60,60,500,500,45,45,45,45,45,45,30,30,30,30,12,12,4,7,7,4,7,7,4,12,12,2,4.5,4.5,7.5,7.5,2,4.5,4.5,5,5,3,3,3,3,3,3,3,3,3,3
20,0.40000000000000002,BALANCE_PREP,80,0,-0.14511489382716047,-0.14511489382716047,0,0.0055999999999999999,-0.0055999999999999999,0,-0.034799999999999998,0.034799999999999998,0,0.27117372839506171,0.27117372839506171,0,0.29999999999999999,0.29999999999999999,-0.12832146172839506,-0.12832146172839506,0,0.12,-0.12,-0.0077999999999999996,0.0077999999999999996,0,0,0.80000000000000004,0.80000000000000004,0,0,0,0,0,0,0,0,0,0,0,0,0,0,0,0,0,0,0,0,0,0,0,0,0,0,0,0,0,0,0,0,0,0,0,0,0,0,0,0,0,0,0,0,0,0,0,0,0,0,0,0,0,0,0,0,0,0,0,0,0,0,0,0,0,0,0,0,2250,2250,400,400,400,500,300,300,500,3000,3000,40,60,60,750,750,40,60,60,500,500,45,45,45,45,45,45,30,30,30,30,12,12,4,7,7,4,7,7,4,12,12,2,4.5,4.5,7.5,7.5,2,4.5,4.5,5,5,3,3,3,3,3,3,3,3,3,3
21,0.41999999999999998,BALANCE_PREP,84,0,-0.14692949939200001,-0.14692949939200001,0,0.0055999999999999999,-0.0055999999999999999,0,-0.034799999999999998,0.034799999999999998,0,0.27432956415999998,0.27432956415999998,0,0.29999999999999999,0.29999999999999999,-0.129347108352,-0.129347108352,0,0.12,-0.12,-0.0077999999999999996,0.0077999999999999996,0,0,0.80000000000000004,0.80000000000000004,0,0,0,0,0,0,0,0,0,0,0,0,0,0,0,0,0,0,0,0,0,0,0,0,0,0,0,0,0,0,0,0,0,0,0,0,0,0,0,0,0,0,0,0,0,0,0,0,0,0,0,0,0,0,0,0,0,0,0,0,0,0,0,0,0,0,0,0,2250,2250,400,400,400,500,300,300,500,3000,3000,40,60,60,750,750,40,60,60,500,500,45,45,45,45,45,45,30,30,30,30,12,12,4,7,7,4,7,7,4,12,12,2,4.5,4.5,7.5,7.5,2,4.5,4.5,5,5,3,3,3,3,3,3,3,3,3,3
22,0.44,BALANCE_PREP,88,0,-0.14885286722054319,-0.14885286722054319,0,0.0055999999999999999,-0.0055999999999999999,0,-0.034799999999999998,0.034799999999999998,0,0.27767455168790123,0.27767455168790123,0,0.29999999999999999,0.29999999999999999,-0.13043422929856791,-0.13043422929856791,0,0.12,-0.12,-0.0077999999999999996,0.0077999999999999996,0,0,0.80000000000000004,0.80000000000000004,0,0,0,0,0,0,0,0,0,0,0,0,0,0,0,0,0,0,0,0,0,0,0,0,0,0,0,0,0,0,0,0,0,0,0,0,0,0,0,0,0,0,0,0,0,0,0,0,0,0,0,0,0,0,0,0,0,0,0,0,0,0,0,0,0,0,0,0,2250,2250,400,400,400,500,300,300,500,3000,3000,40,60,60,750,750,40,60,60,500,500,45,45,45,45,45,45,30,30,30,30,12,12,4,7,7,4,7,7,4,12,12,2,4.5,4.5,7.5,7.5,2,4.5,4.5,5,5,3,3,3,3,3,3,3,3,3,3
23,0.46000000000000002,BALANCE_PREP,92,0,-0.15088129005353085,-0.15088129005353085,0,0.0055999999999999999,-0.0055999999999999999,0,-0.034799999999999998,0.034799999999999998,0,0.28120224357135803,0.28120224357135803,0,0.29999999999999999,0.29999999999999999,-0.13158072916069136,-0.13158072916069136,0,0.12,-0.12,-0.0077999999999999996,0.0077999999999999996,0,0,0.80000000000000004,0.80000000000000004,0,0,0,0,0,0,0,0,0,0,0,0,0,0,0,0,0,0,0,0,0,0,0,0,0,0,0,0,0,0,0,0,0,0,0,0,0,0,0,0,0,0,0,0,0,0,0,0,0,0,0,0,0,0,0,0,0,0,0,0,0,0,0,0,0,0,0,0,2250,2250,400,400,400,500,300,300,500,3000,3000,40,60,60,750,750,40,60,60,500,500,45,45,45,45,45,45,30,30,30,30,12,12,4,7,7,4,7,7,4,12,12,2,4.5,4.5,7.5,7.5,2,4.5,4.5,5,5,3,3,3,3,3,3,3,3,3,3
24,0.47999999999999998,BALANCE_PREP,96,0,-0.15301051980800001,-0.15301051980800001,0,0.0055999999999999999,-0.0055999999999999999,0,-0.034799999999999998,0.034799999999999998,0,0.28490525184000004,0.28490525184000004,0,0.29999999999999999,0.29999999999999999,-0.13278420684799999,-0.13278420684799999,0,0.12,-0.12,-0.0077999999999999996,0.0077999999999999996,0,0,0.80000000000000004,0.80000000000000004,0,0,0,0,0,0,0,0,0,0,0,0,0,0,0,0,0,0,0,0,0,0,0,0,0,0,0,0,0,0,0,0,0,0,0,0,0,0,0,0,0,0,0,0,0,0,0,0,0,0,0,0,0,0,0,0,0,0,0,0,0,0,0,0,0,0,0,0,2250,2250,400,400,400,500,300,300,500,3000,3000,40,60,60,750,750,40,60,60,500,500,45,45,45,45,45,45,30,30,30,30,12,12,4,7,7,4,7,7,4,12,12,2,4.5,4.5,7.5,7.5,2,4.5,4.5,5,5,3,3,3,3,3,3,3,3,3,3
25,0.5,BALANCE_PREP,100,0,-0.15523580246913579,-0.15523580246913579,0,0.0055999999999999999,-0.0055999999999999999,0,-0.034799999999999998,0.034799999999999998,0,0.28877530864197531,0.28877530864197531,0,0.29999999999999999,0.29999999999999999,-0.13404197530864198,-0.13404197530864198,0,0.12,-0.12,-0.0077999999999999996,0.0077999999999999996,0,0,0.80000000000000004,0.80000000000000004,0,0,0,0,0,0,0,0,0,0,0,0,0,0,0,0,0,0,0,0,0,0,0,0,0,0,0,0,0,0,0,0,0,0,0,0,0,0,0,0,0,0,0,0,0,0,0,0,0,0,0,0,0,0,0,0,0,0,0,0,0,0,0,0,0,0,0,0,2250,2250,400,400,400,500,300,300,500,3000,3000,40,60,60,750,750,40,60,60,500,500,45,45,45,45,45,45,30,30,30,30,12,12,4,7,7,4,7,7,4,12,12,2,4.5,4.5,7.5,7.5,2,4.5,4.5,5,5,3,3,3,3,3,3,3,3,3,3
26,0.52000000000000002,BALANCE_PREP,104,0,-0.15755191298212345,-0.15755191298212345,0,0.0055999999999999999,-0.0055999999999999999,0,-0.034799999999999998,0.034799999999999998,0,0.29280332692543209,0.29280332692543209,0,0.29999999999999999,0.29999999999999999,-0.13535108125076542,-0.13535108125076542,0,0.12,-0.12,-0.0077999999999999996,0.0077999999999999996,0,0,0.80000000000000004,0.80000000000000004,0,0,0,0,0,0,0,0,0,0,0,0,0,0,0,0,0,0,0,0,0,0,0,0,0,0,0,0,0,0,0,0,0,0,0,0,0,0,0,0,0,0,0,0,0,0,0,0,0,0,0,0,0,0,0,0,0,0,0,0,0,0,0,0,0,0,0,0,2250,2250,400,400,400,500,300,300,500,3000,3000,40,60,60,750,750,40,60,60,500,500,45,45,45,45,45,45,30,30,30,30,12,12,4,7,7,4,7,7,4,12,12,2,4.5,4.5,7.5,7.5,2,4.5,4.5,5,5,3,3,3,3,3,3,3,3,3,3
27,0.54000000000000004,BALANCE_PREP,108,0,-0.159953190144,-0.159953190144,0,0.0055999999999999999,-0.0055999999999999999,0,-0.034799999999999998,0.034799999999999998,0,0.29697946112000001,0.29697946112000001,0,0.29999999999999999,0.29999999999999999,-0.136708324864,-0.136708324864,0,0.12,-0.12,-0.0077999999999999996,0.0077999999999999996,0,0,0.80000000000000004,0.80000000000000004,0,0,0,0,0,0,0,0,0,0,0,0,0,0,0,0,0,0,0,0,0,0,0,0,0,0,0,0,0,0,0,0,0,0,0,0,0,0,0,0,0,0,0,0,0,0,0,0,0,0,0,0,0,0,0,0,0,0,0,0,0,0,0,0,0,0,0,0,2250,2250,400,400,400,500,300,300,500,3000,3000,40,60,60,750,750,40,60,60,500,500,45,45,45,45,45,45,30,30,30,30,12,12,4,7,7,4,7,7,4,12,12,2,4.5,4.5,7.5,7.5,2,4.5,4.5,5,5,3,3,3,3,3,3,3,3,3,3
28,0.56000000000000005,BALANCE_PREP,112,0,-0.16243357149550616,-0.16243357149550616,0,0.0055999999999999999,-0.0055999999999999999,0,-0.034799999999999998,0.034799999999999998,0,0.30129316781827159,0.30129316781827159,0,0.29999999999999999,0.29999999999999999,-0.13811027954093827,-0.13811027954093827,0,0.12,-0.12,-0.0077999999999999996,0.0077999999999999996,0,0,0.80000000000000004,0.80000000000000004,0,0,0,0,0,0,0,0,0,0,0,0,0,0,0,0,0,0,0,0,0,0,0,0,0,0,0,0,0,0,0,0,0,0,0,0,0,0,0,0,0,0,0,0,0,0,0,0,0,0,0,0,0,0,0,0,0,0,0,0,0,0,0,0,0,0,0,0,2250,2250,400,400,400,500,300,300,500,3000,3000,40,60,60,750,750,40,60,60,500,500,45,45,45,45,45,45,30,30,30,30,12,12,4,7,7,4,7,7,4,12,12,2,4.5,4.5,7.5,7.5,2,4.5,4.5,5,5,3,3,3,3,3,3,3,3,3,3
29,0.57999999999999996,BALANCE_PREP,116,0,-0.16498662821293827,-0.16498662821293827,0,0.0055999999999999999,-0.0055999999999999999,0,-0.034799999999999998,0.034799999999999998,0,0.30573326645728394,0.30573326645728394,0,0.29999999999999999,0.29999999999999999,-0.13955331159861728,-0.13955331159861728,0,0.12,-0.12,-0.0077999999999999996,0.0077999999999999996,0,0,0.80000000000000004,0.80000000000000004,0,0,0,0,0,0,0,0,0,0,0,0,0,0,0,0,0,0,0,0,0,0,0,0,0,0,0,0,0,0,0,0,0,0,0,0,0,0,0,0,0,0,0,0,0,0,0,0,0,0,0,0,0,0,0,0,0,0,0,0,0,0,0,0,0,0,0,0,2250,2250,400,400,400,500,300,300,500,3000,3000,40,60,60,750,750,40,60,60,500,500,45,45,45,45,45,45,30,30,30,30,12,12,4,7,7,4,7,7,4,12,12,2,4.5,4.5,7.5,7.5,2,4.5,4.5,5,5,3,3,3,3,3,3,3,3,3,3
30,0.59999999999999998,BALANCE_PREP,120,0,-0.16760559999999999,-0.16760559999999999,0,0.0055999999999999999,-0.0055999999999999999,0,-0.034799999999999998,0.034799999999999998,0,0.31028800000000001,0.31028800000000001,0,0.29999999999999999,0.29999999999999999,-0.14103360000000001,-0.14103360000000001,0,0.12,-0.12,-0.0077999999999999996,0.0077999999999999996,0,0,0.80000000000000004,0.80000000000000004,0,0,0,0,0,0,0,0,0,0,0,0,0,0,0,0,0,0,0,0,0,0,0,0,0,0,0,0,0,0,0,0,0,0,0,0,0,0,0,0,0,0,0,0,0,0,0,0,0,0,0,0,0,0,0,0,0,0,0,0,0,0,0,0,0,0,0,0,2250,2250,400,400,400,500,300,300,500,3000,3000,40,60,60,750,750,40,60,60,500,500,45,45,45,45,45,45,30,30,30,30,12,12,4,7,7,4,7,7,4,12,12,2,4.5,4.5,7.5,7.5,2,4.5,4.5,5,5,3,3,3,3,3,3,3,3,3,3
31,0.62,BALANCE_PREP,124,0,-0.17028342997965432,-0.17028342997965432,0,0.0055999999999999999,-0.0055999999999999999,0,-0.034799999999999998,0.034799999999999998,0,0.31494509561679013,0.31494509561679013,0,0.29999999999999999,0.29999999999999999,-0.14254715607545679,-0.14254715607545679,0,0.12,-0.12,-0.0077999999999999996,0.0077999999999999996,0,0,0.80000000000000004,0.80000000000000004,0,0,0,0,0,0,0,0,0,0,0,0,0,0,0,0,0,0,0,0,0,0,0,0,0,0,0,0,0,0,0,0,0,0,0,0,0,0,0,0,0,0,0,0,0,0,0,0,0,0,0,0,0,0,0,0,0,0,0,0,0,0,0,0,0,0,0,0,2250,2250,400,400,400,500,300,300,500,3000,3000,40,60,60,750,750,40,60,60,500,500,45,45,45,45,45,45,30,30,30,30,12,12,4,7,7,4,7,7,4,12,12,2,4.5,4.5,7.5,7.5,2,4.5,4.5,5,5,3,3,3,3,3,3,3,3,3,3
32,0.64000000000000001,BALANCE_PREP,128,0,-0.17301279958597532,-0.17301279958597532,0,0.0055999999999999999,-0.0055999999999999999,0,-0.034799999999999998,0.034799999999999998,0,0.31969182536691354,0.31969182536691354,0,0.29999999999999999,0.29999999999999999,-0.14408984324424692,-0.14408984324424692,0,0.12,-0.12,-0.0077999999999999996,0.0077999999999999996,0,0,0.80000000000000004,0.80000000000000004,0,0,0,0,0,0,0,0,0,0,0,0,0,0,0,0,0,0,0,0,0,0,0,0,0,0,0,0,0,0,0,0,0,0,0,0,0,0,0,0,0,0,0,0,0,0,0,0,0,0,0,0,0,0,0,0,0,0,0,0,0,0,0,0,0,0,0,0,2250,2250,400,400,400,500,300,300,500,3000,3000,40,60,60,750,750,40,60,60,500,500,45,45,45,45,45,45,30,30,30,30,12,12,4,7,7,4,7,7,4,12,12,2,4.5,4.5,7.5,7.5,2,4.5,4.5,5,5,3,3,3,3,3,3,3,3,3,3
33,0.66000000000000003,BALANCE_PREP,132,0,-0.17578616345599998,-0.17578616345599998,0,0.0055999999999999999,-0.0055999999999999999,0,-0.034799999999999998,0.034799999999999998,0,0.32451506687999998,0.32451506687999998,0,0.29999999999999999,0.29999999999999999,-0.14565739673600001,-0.14565739673600001,0,0.12,-0.12,-0.0077999999999999996,0.0077999999999999996,0,0,0.80000000000000004,0.80000000000000004,0,0,0,0,0,0,0,0,0,0,0,0,0,0,0,0,0,0,0,0,0,0,0,0,0,0,0,0,0,0,0,0,0,0,0,0,0,0,0,0,0,0,0,0,0,0,0,0,0,0,0,0,0,0,0,0,0,0,0,0,0,0,0,0,0,0,0,0,2250,2250,400,400,400,500,300,300,500,3000,3000,40,60,60,750,750,40,60,60,500,500,45,45,45,45,45,45,30,30,30,30,12,12,4,7,7,4,7,7,4,12,12,2,4.5,4.5,7.5,7.5,2,4.5,4.5,5,5,3,3,3,3,3,3,3,3,3,3
34,0.68000000000000005,BALANCE_PREP,136,0,-0.17859578432158024,-0.17859578432158024,0,0.0055999999999999999,-0.0055999999999999999,0,-0.034799999999999998,0.034799999999999998,0,0.32940136403753084,0.32940136403753084,0,0.29999999999999999,0.29999999999999999,-0.14724544331219752,-0.14724544331219752,0,0.12,-0.12,-0.0077999999999999996,0.0077999999999999996,0,0,0.80000000000000004,0.80000000000000004,0,0,0,0,0,0,0,0,0,0,0,0,0,0,0,0,0,0,0,0,0,0,0,0,0,0,0,0,0,0,0,0,0,0,0,0,0,0,0,0,0,0,0,0,0,0,0,0,0,0,0,0,0,0,0,0,0,0,0,0,0,0,0,0,0,0,0,0,2250,2250,400,400,400,500,300,300,500,3000,3000,40,60,60,750,750,40,60,60,500,500,45,45,45,45,45,45,30,30,30,30,12,12,4,7,7,4,7,7,4,12,12,2,4.5,4.5,7.5,7.5,2,4.5,4.5,5,5,3,3,3,3,3,3,3,3,3,3
35,0.69999999999999996,BALANCE_PREP,140,0,-0.18143376790123455,-0.18143376790123455,0,0.0055999999999999999,-0.0055999999999999999,0,-0.034799999999999998,0.034799999999999998,0,0.33433698765432096,0.33433698765432096,0,0.29999999999999999,0.29999999999999999,-0.14884952098765433,-0.14884952098765433,0,0.12,-0.12,-0.0077999999999999996,0.0077999999999999996,0,0,0.80000000000000004,0.80000000000000004,0,0,0,0,0,0,0,0,0,0,0,0,0,0,0,0,0,0,0,0,0,0,0,0,0,0,0,0,0,0,0,0,0,0,0,0,0,0,0,0,0,0,0,0,0,0,0,0,0,0,0,0,0,0,0,0,0,0,0,0,0,0,0,0,0,0,0,0,2250,2250,400,400,400,500,300,300,500,3000,3000,40,60,60,750,750,40,60,60,500,500,45,45,45,45,45,45,30,30,30,30,12,12,4,7,7,4,7,7,4,12,12,2,4.5,4.5,7.5,7.5,2,4.5,4.5,5,5,3,3,3,3,3,3,3,3,3,3
36,0.71999999999999997,BALANCE_PREP,144,0,-0.18429209779199998,-0.18429209779199998,0,0.0055999999999999999,-0.0055999999999999999,0,-0.034799999999999998,0.034799999999999998,0,0.33930799615999996,0.33930799615999996,0,0.29999999999999999,0.29999999999999999,-0.15046509875199998,-0.15046509875199998,0,0.12,-0.12,-0.0077999999999999996,0.0077999999999999996,0,0,0.80000000000000004,0.80000000000000004,0,0,0,0,0,0,0,0,0,0,0,0,0,0,0,0,0,0,0,0,0,0,0,0,0,0,0,0,0,0,0,0,0,0,0,0,0,0,0,0,0,0,0,0,0,0,0,0,0,0,0,0,0,0,0,0,0,0,0,0,0,0,0,0,0,0,0,0,2250,2250,400,400,400,500,300,300,500,3000,3000,40,60,60,750,750,40,60,60,500,500,45,45,45,45,45,45,30,30,30,30,12,12,4,7,7,4,7,7,4,12,12,2,4.5,4.5,7.5,7.5,2,4.5,4.5,5,5,3,3,3,3,3,3,3,3,3,3
37,0.73999999999999999,BALANCE_PREP,148,0,-0.18716267036128392,-0.18716267036128392,0,0.0055999999999999999,-0.0055999999999999999,0,-0.034799999999999998,0.034799999999999998,0,0.3443002962804938,0.3443002962804938,0,0.29999999999999999,0.29999999999999999,-0.15208759629116048,-0.15208759629116048,0,0.12,-0.12,-0.0077999999999999996,0.0077999999999999996,0,0,0.80000000000000004,0.80000000000000004,0,0,0,0,0,0,0,0,0,0,0,0,0,0,0,0,0,0,0,0,0,0,0,0,0,0,0,0,0,0,0,0,0,0,0,0,0,0,0,0,0,0,0,0,0,0,0,0,0,0,0,0,0,0,0,0,0,0,0,0,0,0,0,0,0,0,0,0,2250,2250,400,400,400,500,300,300,500,3000,3000,40,60,60,750,750,40,60,60,500,500,45,45,45,45,45,45,30,30,30,30,12,12,4,7,7,4,7,7,4,12,12,2,4.5,4.5,7.5,7.5,2,4.5,4.5,5,5,3,3,3,3,3,3,3,3,3,3
38,0.76000000000000001,BALANCE_PREP,152,0,-0.19003732963871603,-0.19003732963871603,0,0.0055999999999999999,-0.0055999999999999999,0,-0.034799999999999998,0.034799999999999998,0,0.34929970371950614,0.34929970371950614,0,0.29999999999999999,0.29999999999999999,-0.15371240370883948,-0.15371240370883948,0,0.12,-0.12,-0.0077999999999999996,0.0077999999999999996,0,0,0.80000000000000004,0.80000000000000004,0,0,0,0,0,0,0,0,0,0,0,0,0,0,0,0,0,0,0,0,0,0,0,0,0,0,0,0,0,0,0,0,0,0,0,0,0,0,0,0,0,0,0,0,0,0,0,0,0,0,0,0,0,0,0,0,0,0,0,0,0,0,0,0,0,0,0,0,2250,2250,400,400,400,500,300,300,500,3000,3000,40,60,60,750,750,40,60,60,500,500,45,45,45,45,45,45,30,30,30,30,12,12,4,7,7,4,7,7,4,12,12,2,4.5,4.5,7.5,7.5,2,4.5,4.5,5,5,3,3,3,3,3,3,3,3,3,3
39,0.78000000000000003,BALANCE_PREP,156,0,-0.192907902208,-0.192907902208,0,0.0055999999999999999,-0.0055999999999999999,0,-0.034799999999999998,0.034799999999999998,0,0.35429200383999998,0.35429200383999998,0,0.29999999999999999,0.29999999999999999,-0.15533490124800001,-0.15533490124800001,0,0.12,-0.12,-0.0077999999999999996,0.0077999999999999996,0,0,0.80000000000000004,0.80000000000000004,0,0,0,0,0,0,0,0,0,0,0,0,0,0,0,0,0,0,0,0,0,0,0,0,0,0,0,0,0,0,0,0,0,0,0,0,0,0,0,0,0,0,0,0,0,0,0,0,0,0,0,0,0,0,0,0,0,0,0,0,0,0,0,0,0,0,0,0,2250,2250,400,400,400,500,300,300,500,3000,3000,40,60,60,750,750,40,60,60,500,500,45,45,45,45,45,45,30,30,30,30,12,12,4,7,7,4,7,7,4,12,12,2,4.5,4.5,7.5,7.5,2,4.5,4.5,5,5,3,3,3,3,3,3,3,3,3,3
40,0.80000000000000004,BALANCE_PREP,160,0,-0.19576623209876542,-0.19576623209876542,0,0.0055999999999999999,-0.0055999999999999999,0,-0.034799999999999998,0.034799999999999998,0,0.35926301234567898,0.35926301234567898,0,0.29999999999999999,0.29999999999999999,-0.15695047901234568,-0.15695047901234568,0,0.12,-0.12,-0.0077999999999999996,0.0077999999999999996,0,0,0.80000000000000004,0.80000000000000004,0,0,0,0,0,0,0,0,0,0,0,0,0,0,0,0,0,0,0,0,0,0,0,0,0,0,0,0,0,0,0,0,0,0,0,0,0,0,0,0,0,0,0,0,0,0,0,0,0,0,0,0,0,0,0,0,0,0,0,0,0,0,0,0,0,0,0,0,2250,2250,400,400,400,500,300,300,500,3000,3000,40,60,60,750,750,40,60,60,500,500,45,45,45,45,45,45,30,30,30,30,12,12,4,7,7,4,7,7,4,12,12,2,4.5,4.5,7.5,7.5,2,4.5,4.5,5,5,3,3,3,3,3,3,3,3,3,3
41,0.81999999999999995,BALANCE_PREP,164,0,-0.19860421567841968,-0.19860421567841968,0,0.0055999999999999999,-0.0055999999999999999,0,-0.034799999999999998,0.034799999999999998,0,0.36419863596246904,0.36419863596246904,0,0.29999999999999999,0.29999999999999999,-0.15855455668780244,-0.15855455668780244,0,0.12,-0.12,-0.0077999999999999996,0.0077999999999999996,0,0,0.80000000000000004,0.80000000000000004,0,0,0,0,0,0,0,0,0,0,0,0,0,0,0,0,0,0,0,0,0,0,0,0,0,0,0,0,0,0,0,0,0,0,0,0,0,0,0,0,0,0,0,0,0,0,0,0,0,0,0,0,0,0,0,0,0,0,0,0,0,0,0,0,0,0,0,0,2250,2250,400,400,400,500,300,300,500,3000,3000,40,60,60,750,750,40,60,60,500,500,45,45,45,45,45,45,30,30,30,30,12,12,4,7,7,4,7,7,4,12,12,2,4.5,4.5,7.5,7.5,2,4.5,4.5,5,5,3,3,3,3,3,3,3,3,3,3
42,0.83999999999999997,BALANCE_PREP,168,0,-0.20141383654399997,-0.20141383654399997,0,0.0055999999999999999,-0.0055999999999999999,0,-0.034799999999999998,0.034799999999999998,0,0.36908493311999996,0.36908493311999996,0,0.29999999999999999,0.29999999999999999,-0.16014260326399998,-0.16014260326399998,0,0.12,-0.12,-0.0077999999999999996,0.0077999999999999996,0,0,0.80000000000000004,0.80000000000000004,0,0,0,0,0,0,0,0,0,0,0,0,0,0,0,0,0,0,0,0,0,0,0,0,0,0,0,0,0,0,0,0,0,0,0,0,0,0,0,0,0,0,0,0,0,0,0,0,0,0,0,0,0,0,0,0,0,0,0,0,0,0,0,0,0,0,0,0,2250,2250,400,400,400,500,300,300,500,3000,3000,40,60,60,750,750,40,60,60,500,500,45,45,45,45,45,45,30,30,30,30,12,12,4,7,7,4,7,7,4,12,12,2,4.5,4.5,7.5,7.5,2,4.5,4.5,5,5,3,3,3,3,3,3,3,3,3,3
43,0.85999999999999999,BALANCE_PREP,172,0,-0.20418720041402472,-0.20418720041402472,0,0.0055999999999999999,-0.0055999999999999999,0,-0.034799999999999998,0.034799999999999998,0,0.37390817463308645,0.37390817463308645,0,0.29999999999999999,0.29999999999999999,-0.16171015675575312,-0.16171015675575312,0,0.12,-0.12,-0.0077999999999999996,0.0077999999999999996,0,0,0.80000000000000004,0.80000000000000004,0,0,0,0,0,0,0,0,0,0,0,0,0,0,0,0,0,0,0,0,0,0,0,0,0,0,0,0,0,0,0,0,0,0,0,0,0,0,0,0,0,0,0,0,0,0,0,0,0,0,0,0,0,0,0,0,0,0,0,0,0,0,0,0,0,0,0,0,2250,2250,400,400,400,500,300,300,500,3000,3000,40,60,60,750,750,40,60,60,500,500,45,45,45,45,45,45,30,30,30,30,12,12,4,7,7,4,7,7,4,12,12,2,4.5,4.5,7.5,7.5,2,4.5,4.5,5,5,3,3,3,3,3,3,3,3,3,3
44,0.88,BALANCE_PREP,176,0,-0.20691657002034566,-0.20691657002034566,0,0.0055999999999999999,-0.0055999999999999999,0,-0.034799999999999998,0.034799999999999998,0,0.37865490438320981,0.37865490438320981,0,0.29999999999999999,0.29999999999999999,-0.1632528439245432,-0.1632528439245432,0,0.12,-0.12,-0.0077999999999999996,0.0077999999999999996,0,0,0.80000000000000004,0.80000000000000004,0,0,0,0,0,0,0,0,0,0,0,0,0,0,0,0,0,0,0,0,0,0,0,0,0,0,0,0,0,0,0,0,0,0,0,0,0,0,0,0,0,0,0,0,0,0,0,0,0,0,0,0,0,0,0,0,0,0,0,0,0,0,0,0,0,0,0,0,2250,2250,400,400,400,500,300,300,500,3000,3000,40,60,60,750,750,40,60,60,500,500,45,45,45,45,45,45,30,30,30,30,12,12,4,7,7,4,7,7,4,12,12,2,4.5,4.5,7.5,7.5,2,4.5,4.5,5,5,3,3,3,3,3,3,3,3,3,3
45,0.90000000000000002,BALANCE_PREP,180,0,-0.20959439999999996,-0.20959439999999996,0,0.0055999999999999999,-0.0055999999999999999,0,-0.034799999999999998,0.034799999999999998,0,0.38331199999999988,0.38331199999999988,0,0.29999999999999999,0.29999999999999999,-0.16476639999999998,-0.16476639999999998,0,0.12,-0.12,-0.0077999999999999996,0.0077999999999999996,0,0,0.80000000000000004,0.80000000000000004,0,0,0,0,0,0,0,0,0,0,0,0,0,0,0,0,0,0,0,0,0,0,0,0,0,0,0,0,0,0,0,0,0,0,0,0,0,0,0,0,0,0,0,0,0,0,0,0,0,0,0,0,0,0,0,0,0,0,0,0,0,0,0,0,0,0,0,0,2250,2250,400,400,400,500,300,300,500,3000,3000,40,60,60,750,750,40,60,60,500,500,45,45,45,45,45,45,30,30,30,30,12,12,4,7,7,4,7,7,4,12,12,2,4.5,4.5,7.5,7.5,2,4.5,4.5,5,5,3,3,3,3,3,3,3,3,3,3
46,0.92000000000000004,BALANCE_PREP,184,0,-0.21221337178706168,-0.21221337178706168,0,0.0055999999999999999,-0.0055999999999999999,0,-0.034799999999999998,0.034799999999999998,0,0.387866733542716,0.387866733542716,0,0.29999999999999999,0.29999999999999999,-0.16624668840138271,-0.16624668840138271,0,0.12,-0.12,-0.0077999999999999996,0.0077999999999999996,0,0,0.80000000000000004,0.80000000000000004,0,0,0,0,0,0,0,0,0,0,0,0,0,0,0,0,0,0,0,0,0,0,0,0,0,0,0,0,0,0,0,0,0,0,0,0,0,0,0,0,0,0,0,0,0,0,0,0,0,0,0,0,0,0,0,0,0,0,0,0,0,0,0,0,0,0,0,0,2250,2250,400,400,400,500,300,300,500,3000,3000,40,60,60,750,750,40,60,60,500,500,45,45,45,45,45,45,30,30,30,30,12,12,4,7,7,4,7,7,4,12,12,2,4.5,4.5,7.5,7.5,2,4.5,4.5,5,5,3,3,3,3,3,3,3,3,3,3
47,0.93999999999999995,BALANCE_PREP,188,0,-0.21476642850449384,-0.21476642850449384,0,0.0055999999999999999,-0.0055999999999999999,0,-0.034799999999999998,0.034799999999999998,0,0.39230683218172846,0.39230683218172846,0,0.29999999999999999,0.29999999999999999,-0.16768972045906175,-0.16768972045906175,0,0.12,-0.12,-0.0077999999999999996,0.0077999999999999996,0,0,0.80000000000000004,0.80000000000000004,0,0,0,0,0,0,0,0,0,0,0,0,0,0,0,0,0,0,0,0,0,0,0,0,0,0,0,0,0,0,0,0,0,0,0,0,0,0,0,0,0,0,0,0,0,0,0,0,0,0,0,0,0,0,0,0,0,0,0,0,0,0,0,0,0,0,0,0,2250,2250,400,400,400,500,300,300,500,3000,3000,40,60,60,750,750,40,60,60,500,500,45,45,45,45,45,45,30,30,30,30,12,12,4,7,7,4,7,7,4,12,12,2,4.5,4.5,7.5,7.5,2,4.5,4.5,5,5,3,3,3,3,3,3,3,3,3,3
48,0.95999999999999996,BALANCE_PREP,192,0,-0.21724680985600009,-0.21724680985600009,0,0.0055999999999999999,-0.0055999999999999999,0,-0.034799999999999998,0.034799999999999998,0,0.39662053888000015,0.39662053888000015,0,0.29999999999999999,0.29999999999999999,-0.16909167513600007,-0.16909167513600007,0,0.12,-0.12,-0.0077999999999999996,0.0077999999999999996,0,0,0.80000000000000004,0.80000000000000004,0,0,0,0,0,0,0,0,0,0,0,0,0,0,0,0,0,0,0,0,0,0,0,0,0,0,0,0,0,0,0,0,0,0,0,0,0,0,0,0,0,0,0,0,0,0,0,0,0,0,0,0,0,0,0,0,0,0,0,0,0,0,0,0,0,0,0,0,2250,2250,400,400,400,500,300,300,500,3000,3000,40,60,60,750,750,40,60,60,500,500,45,45,45,45,45,45,30,30,30,30,12,12,4,7,7,4,7,7,4,12,12,2,4.5,4.5,7.5,7.5,2,4.5,4.5,5,5,3,3,3,3,3,3,3,3,3,3
49,0.97999999999999998,BALANCE_PREP,196,0,-0.2196480870178765,-0.2196480870178765,0,0.0055999999999999999,-0.0055999999999999999,0,-0.034799999999999998,0.034799999999999998,0,0.40079667307456779,0.40079667307456779,0,0.29999999999999999,0.29999999999999999,-0.17044891874923457,-0.17044891874923457,0,0.12,-0.12,-0.0077999999999999996,0.0077999999999999996,0,0,0.80000000000000004,0.80000000000000004,0,0,0,0,0,0,0,0,0,0,0,0,0,0,0,0,0,0,0,0,0,0,0,0,0,0,0,0,0,0,0,0,0,0,0,0,0,0,0,0,0,0,0,0,0,0,0,0,0,0,0,0,0,0,0,0,0,0,0,0,0,0,0,0,0,0,0,0,2250,2250,400,400,400,500,300,300,500,3000,3000,40,60,60,750,750,40,60,60,500,500,45,45,45,45,45,45,30,30,30,30,12,12,4,7,7,4,7,7,4,12,12,2,4.5,4.5,7.5,7.5,2,4.5,4.5,5,5,3,3,3,3,3,3,3,3,3,3
50,1,BALANCE_PREP,200,0,-0.22196419753086416,-0.22196419753086416,0,0.0055999999999999999,-0.0055999999999999999,0,-0.034799999999999998,0.034799999999999998,0,0.40482469135802462,0.40482469135802462,0,0.29999999999999999,0.29999999999999999,-0.17175802469135801,-0.17175802469135801,0,0.12,-0.12,-0.0077999999999999996,0.0077999999999999996,0,0,0.80000000000000004,0.80000000000000004,0,0,0,0,0,0,0,0,0,0,0,0,0,0,0,0,0,0,0,0,0,0,0,0,0,0,0,0,0,0,0,0,0,0,0,0,0,0,0,0,0,0,0,0,0,0,0,0,0,0,0,0,0,0,0,0,0,0,0,0,0,0,0,0,0,0,0,0,2250,2250,400,400,400,500,300,300,500,3000,3000,40,60,60,750,750,40,60,60,500,500,45,45,45,45,45,45,30,30,30,30,12,12,4,7,7,4,7,7,4,12,12,2,4.5,4.5,7.5,7.5,2,4.5,4.5,5,5,3,3,3,3,3,3,3,3,3,3
51,1.02,BALANCE_PREP,204,0,-0.22418948019199991,-0.22418948019199991,0,0.0055999999999999999,-0.0055999999999999999,0,-0.034799999999999998,0.034799999999999998,0,0.40869474815999984,0.40869474815999984,0,0.29999999999999999,0.29999999999999999,-0.17301579315199997,-0.17301579315199997,0,0.12,-0.12,-0.0077999999999999996,0.0077999999999999996,0,0,0.80000000000000004,0.80000000000000004,0,0,0,0,0,0,0,0,0,0,0,0,0,0,0,0,0,0,0,0,0,0,0,0,0,0,0,0,0,0,0,0,0,0,0,0,0,0,0,0,0,0,0,0,0,0,0,0,0,0,0,0,0,0,0,0,0,0,0,0,0,0,0,0,0,0,0,0,2250,2250,400,400,400,500,300,300,500,3000,3000,40,60,60,750,750,40,60,60,500,500,45,45,45,45,45,45,30,30,30,30,12,12,4,7,7,4,7,7,4,12,12,2,4.5,4.5,7.5,7.5,2,4.5,4.5,5,5,3,3,3,3,3,3,3,3,3,3
52,1.04,BALANCE_PREP,208,0,-0.2263187099464691,-0.2263187099464691,0,0.0055999999999999999,-0.0055999999999999999,0,-0.034799999999999998,0.034799999999999998,0,0.41239775642864196,0.41239775642864196,0,0.29999999999999999,0.29999999999999999,-0.17421927083930863,-0.17421927083930863,0,0.12,-0.12,-0.0077999999999999996,0.0077999999999999996,0,0,0.80000000000000004,0.80000000000000004,0,0,0,0,0,0,0,0,0,0,0,0,0,0,0,0,0,0,0,0,0,0,0,0,0,0,0,0,0,0,0,0,0,0,0,0,0,0,0,0,0,0,0,0,0,0,0,0,0,0,0,0,0,0,0,0,0,0,0,0,0,0,0,0,0,0,0,0,2250,2250,400,400,400,500,300,300,500,3000,3000,40,60,60,750,750,40,60,60,500,500,45,45,45,45,45,45,30,30,30,30,12,12,4,7,7,4,7,7,4,12,12,2,4.5,4.5,7.5,7.5,2,4.5,4.5,5,5,3,3,3,3,3,3,3,3,3,3
53,1.0600000000000001,BALANCE_PREP,212,0,-0.22834713277945673,-0.22834713277945673,0,0.0055999999999999999,-0.0055999999999999999,0,-0.034799999999999998,0.034799999999999998,0,0.41592544831209866,0.41592544831209866,0,0.29999999999999999,0.29999999999999999,-0.17536577070143208,-0.17536577070143208,0,0.12,-0.12,-0.0077999999999999996,0.0077999999999999996,0,0,0.80000000000000004,0.80000000000000004,0,0,0,0,0,0,0,0,0,0,0,0,0,0,0,0,0,0,0,0,0,0,0,0,0,0,0,0,0,0,0,0,0,0,0,0,0,0,0,0,0,0,0,0,0,0,0,0,0,0,0,0,0,0,0,0,0,0,0,0,0,0,0,0,0,0,0,0,2250,2250,400,400,400,500,300,300,500,3000,3000,40,60,60,750,750,40,60,60,500,500,45,45,45,45,45,45,30,30,30,30,12,12,4,7,7,4,7,7,4,12,12,2,4.5,4.5,7.5,7.5,2,4.5,4.5,5,5,3,3,3,3,3,3,3,3,3,3
54,1.0800000000000001,BALANCE_PREP,216,0,-0.23027050060800003,-0.23027050060800003,0,0.0055999999999999999,-0.0055999999999999999,0,-0.034799999999999998,0.034799999999999998,0,0.41927043584000007,0.41927043584000007,0,0.29999999999999999,0.29999999999999999,-0.17645289164800004,-0.17645289164800004,0,0.12,-0.12,-0.0077999999999999996,0.0077999999999999996,0,0,0.80000000000000004,0.80000000000000004,0,0,0,0,0,0,0,0,0,0,0,0,0,0,0,0,0,0,0,0,0,0,0,0,0,0,0,0,0,0,0,0,0,0,0,0,0,0,0,0,0,0,0,0,0,0,0,0,0,0,0,0,0,0,0,0,0,0,0,0,0,0,0,0,0,0,0,0,2250,2250,400,400,400,500,300,300,500,3000,3000,40,60,60,750,750,40,60,60,500,500,45,45,45,45,45,45,30,30,30,30,12,12,4,7,7,4,7,7,4,12,12,2,4.5,4.5,7.5,7.5,2,4.5,4.5,5,5,3,3,3,3,3,3,3,3,3,3
55,1.1000000000000001,BALANCE_PREP,220,0,-0.23208510617283945,-0.23208510617283945,0,0.0055999999999999999,-0.0055999999999999999,0,-0.034799999999999998,0.034799999999999998,0,0.42242627160493817,0.42242627160493817,0,0.29999999999999999,0.29999999999999999,-0.17747853827160492,-0.17747853827160492,0,0.12,-0.12,-0.0077999999999999996,0.0077999999999999996,0,0,0.80000000000000004,0.80000000000000004,0,0,0,0,0,0,0,0,0,0,0,0,0,0,0,0,0,0,0,0,0,0,0,0,0,0,0,0,0,0,0,0,0,0,0,0,0,0,0,0,0,0,0,0,0,0,0,0,0,0,0,0,0,0,0,0,0,0,0,0,0,0,0,0,0,0,0,0,2250,2250,400,400,400,500,300,300,500,3000,3000,40,60,60,750,750,40,60,60,500,500,45,45,45,45,45,45,30,30,30,30,12,12,4,7,7,4,7,7,4,12,12,2,4.5,4.5,7.5,7.5,2,4.5,4.5,5,5,3,3,3,3,3,3,3,3,3,3
56,1.1200000000000001,BALANCE_PREP,224,0,-0.23378781793027154,-0.23378781793027154,0,0.0055999999999999999,-0.0055999999999999999,0,-0.034799999999999998,0.034799999999999998,0,0.42538750944395048,0.42538750944395048,0,0.29999999999999999,0.29999999999999999,-0.17844094056928392,-0.17844094056928392,0,0.12,-0.12,-0.0077999999999999996,0.0077999999999999996,0,0,0.80000000000000004,0.80000000000000004,0,0,0,0,0,0,0,0,0,0,0,0,0,0,0,0,0,0,0,0,0,0,0,0,0,0,0,0,0,0,0,0,0,0,0,0,0,0,0,0,0,0,0,0,0,0,0,0,0,0,0,0,0,0,0,0,0,0,0,0,0,0,0,0,0,0,0,0,2250,2250,400,400,400,500,300,300,500,3000,3000,40,60,60,750,750,40,60,60,500,500,45,45,45,45,45,45,30,30,30,30,12,12,4,7,7,4,7,7,4,12,12,2,4.5,4.5,7.5,7.5,2,4.5,4.5,5,5,3,3,3,3,3,3,3,3,3,3
57,1.1399999999999999,BALANCE_PREP,228,0,-0.23537611494400007,-0.23537611494400007,0,0.0055999999999999999,-0.0055999999999999999,0,-0.034799999999999998,0.034799999999999998,0,0.42814976512000014,0.42814976512000014,0,0.29999999999999999,0.29999999999999999,-0.17933867366400005,-0.17933867366400005,0,0.12,-0.12,-0.0077999999999999996,0.0077999999999999996,0,0,0.80000000000000004,0.80000000000000004,0,0,0,0,0,0,0,0,0,0,0,0,0,0,0,0,0,0,0,0,0,0,0,0,0,0,0,0,0,0,0,0,0,0,0,0,0,0,0,0,0,0,0,0,0,0,0,0,0,0,0,0,0,0,0,0,0,0,0,0,0,0,0,0,0,0,0,0,2250,2250,400,400,400,500,300,300,500,3000,3000,40,60,60,750,750,40,60,60,500,500,45,45,45,45,45,45,30,30,30,30,12,12,4,7,7,4,7,7,4,12,12,2,4.5,4.5,7.5,7.5,2,4.5,4.5,5,5,3,3,3,3,3,3,3,3,3,3
58,1.1599999999999999,BALANCE_PREP,232,0,-0.23684812177698766,-0.23684812177698766,0,0.0055999999999999999,-0.0055999999999999999,0,-0.034799999999999998,0.034799999999999998,0,0.43070977700345681,0.43070977700345681,0,0.29999999999999999,0.29999999999999999,-0.18017067752612348,-0.18017067752612348,0,0.12,-0.12,-0.0077999999999999996,0.0077999999999999996,0,0,0.80000000000000004,0.80000000000000004,0,0,0,0,0,0,0,0,0,0,0,0,0,0,0,0,0,0,0,0,0,0,0,0,0,0,0,0,0,0,0,0,0,0,0,0,0,0,0,0,0,0,0,0,0,0,0,0,0,0,0,0,0,0,0,0,0,0,0,0,0,0,0,0,0,0,0,0,2250,2250,400,400,400,500,300,300,500,3000,3000,40,60,60,750,750,40,60,60,500,500,45,45,45,45,45,45,30,30,30,30,12,12,4,7,7,4,7,7,4,12,12,2,4.5,4.5,7.5,7.5,2,4.5,4.5,5,5,3,3,3,3,3,3,3,3,3,3
59,1.1799999999999999,BALANCE_PREP,236,0,-0.23820264338330854,-0.23820264338330854,0,0.0055999999999999999,-0.0055999999999999999,0,-0.034799999999999998,0.034799999999999998,0,0.4330654667535801,0.4330654667535801,0,0.29999999999999999,0.29999999999999999,-0.18093627669491355,-0.18093627669491355,0,0.12,-0.12,-0.0077999999999999996,0.0077999999999999996,0,0,0.80000000000000004,0.80000000000000004,0,0,0,0,0,0,0,0,0,0,0,0,0,0,0,0,0,0,0,0,0,0,0,0,0,0,0,0,0,0,0,0,0,0,0,0,0,0,0,0,0,0,0,0,0,0,0,0,0,0,0,0,0,0,0,0,0,0,0,0,0,0,0,0,0,0,0,0,2250,2250,400,400,400,500,300,300,500,3000,3000,40,60,60,750,750,40,60,60,500,500,45,45,45,45,45,45,30,30,30,30,12,12,4,7,7,4,7,7,4,12,12,2,4.5,4.5,7.5,7.5,2,4.5,4.5,5,5,3,3,3,3,3,3,3,3,3,3
60,1.2,BALANCE_PREP,240,0,-0.23943920000000005,-0.23943920000000005,0,0.0055999999999999999,-0.0055999999999999999,0,-0.034799999999999998,0.034799999999999998,0,0.43521600000000005,0.43521600000000005,0,0.29999999999999999,0.29999999999999999,-0.18163520000000005,-0.18163520000000005,0,0.12,-0.12,-0.0077999999999999996,0.0077999999999999996,0,0,0.80000000000000004,0.80000000000000004,0,0,0,0,0,0,0,0,0,0,0,0,0,0,0,0,0,0,0,0,0,0,0,0,0,0,0,0,0,0,0,0,0,0,0,0,0,0,0,0,0,0,0,0,0,0,0,0,0,0,0,0,0,0,0,0,0,0,0,0,0,0,0,0,0,0,0,0,2250,2250,400,400,400,500,300,300,500,3000,3000,40,60,60,750,750,40,60,60,500,500,45,45,45,45,45,45,30,30,30,30,12,12,4,7,7,4,7,7,4,12,12,2,4.5,4.5,7.5,7.5,2,4.5,4.5,5,5,3,3,3,3,3,3,3,3,3,3
61,1.22,BALANCE_PREP,244,0,-0.24055806203891361,-0.24055806203891361,0,0.0055999999999999999,-0.0055999999999999999,0,-0.034799999999999998,0.034799999999999998,0,0.43716184702419758,0.43716184702419758,0,0.29999999999999999,0.29999999999999999,-0.18226760028286421,-0.18226760028286421,0,0.12,-0.12,-0.0077999999999999996,0.0077999999999999996,0,0,0.80000000000000004,0.80000000000000004,0,0,0,0,0,0,0,0,0,0,0,0,0,0,0,0,0,0,0,0,0,0,0,0,0,0,0,0,0,0,0,0,0,0,0,0,0,0,0,0,0,0,0,0,0,0,0,0,0,0,0,0,0,0,0,0,0,0,0,0,0,0,0,0,0,0,0,0,2250,2250,400,400,400,500,300,300,500,3000,3000,40,60,60,750,750,40,60,60,500,500,45,45,45,45,45,45,30,30,30,30,12,12,4,7,7,4,7,7,4,12,12,2,4.5,4.5,7.5,7.5,2,4.5,4.5,5,5,3,3,3,3,3,3,3,3,3,3
62,1.24,BALANCE_PREP,248,0,-0.24156028497856796,-0.24156028497856796,0,0.0055999999999999999,-0.0055999999999999999,0,-0.034799999999999998,0.034799999999999998,0,0.43890484344098774,0.43890484344098774,0,0.29999999999999999,0.29999999999999999,-0.18283407411832103,-0.18283407411832103,0,0.12,-0.12,-0.0077999999999999996,0.0077999999999999996,0,0,0.80000000000000004,0.80000000000000004,0,0,0,0,0,0,0,0,0,0,0,0,0,0,0,0,0,0,0,0,0,0,0,0,0,0,0,0,0,0,0,0,0,0,0,0,0,0,0,0,0,0,0,0,0,0,0,0,0,0,0,0,0,0,0,0,0,0,0,0,0,0,0,0,0,0,0,0,2250,2250,400,400,400,500,300,300,500,3000,3000,40,60,60,750,750,40,60,60,500,500,45,45,45,45,45,45,30,30,30,30,12,12,4,7,7,4,7,7,4,12,12,2,4.5,4.5,7.5,7.5,2,4.5,4.5,5,5,3,3,3,3,3,3,3,3,3,3
63,1.26,BALANCE_PREP,252,0,-0.24244774425599991,-0.24244774425599991,0,0.0055999999999999999,-0.0055999999999999999,0,-0.034799999999999998,0.034799999999999998,0,0.44044825087999984,0.44044825087999984,0,0.29999999999999999,0.29999999999999999,-0.18333568153599994,-0.18333568153599994,0,0.12,-0.12,-0.0077999999999999996,0.0077999999999999996,0,0,0.80000000000000004,0.80000000000000004,0,0,0,0,0,0,0,0,0,0,0,0,0,0,0,0,0,0,0,0,0,0,0,0,0,0,0,0,0,0,0,0,0,0,0,0,0,0,0,0,0,0,0,0,0,0,0,0,0,0,0,0,0,0,0,0,0,0,0,0,0,0,0,0,0,0,0,0,2250,2250,400,400,400,500,300,300,500,3000,3000,40,60,60,750,750,40,60,60,500,500,45,45,45,45,45,45,30,30,30,30,12,12,4,7,7,4,7,7,4,12,12,2,4.5,4.5,7.5,7.5,2,4.5,4.5,5,5,3,3,3,3,3,3,3,3,3,3
64,1.28,BALANCE_PREP,256,0,-0.2432231701586173,-0.2432231701586173,0,0.0055999999999999999,-0.0055999999999999999,0,-0.034799999999999998,0.034799999999999998,0,0.4417968176671605,0.4417968176671605,0,0.29999999999999999,0.29999999999999999,-0.18377396574182719,-0.18377396574182719,0,0.12,-0.12,-0.0077999999999999996,0.0077999999999999996,0,0,0.80000000000000004,0.80000000000000004,0,0,0,0,0,0,0,0,0,0,0,0,0,0,0,0,0,0,0,0,0,0,0,0,0,0,0,0,0,0,0,0,0,0,0,0,0,0,0,0,0,0,0,0,0,0,0,0,0,0,0,0,0,0,0,0,0,0,0,0,0,0,0,0,0,0,0,0,2250,2250,400,400,400,500,300,300,500,3000,3000,40,60,60,750,750,40,60,60,500,500,45,45,45,45,45,45,30,30,30,30,12,12,4,7,7,4,7,7,4,12,12,2,4.5,4.5,7.5,7.5,2,4.5,4.5,5,5,3,3,3,3,3,3,3,3,3,3
65,1.3,BALANCE_PREP,260,0,-0.2438901827160494,-0.2438901827160494,0,0.0055999999999999999,-0.0055999999999999999,0,-0.034799999999999998,0.034799999999999998,0,0.44295683950617287,0.44295683950617287,0,0.29999999999999999,0.29999999999999999,-0.18415097283950621,-0.18415097283950621,0,0.12,-0.12,-0.0077999999999999996,0.0077999999999999996,0,0,0.80000000000000004,0.80000000000000004,0,0,0,0,0,0,0,0,0,0,0,0,0,0,0,0,0,0,0,0,0,0,0,0,0,0,0,0,0,0,0,0,0,0,0,0,0,0,0,0,0,0,0,0,0,0,0,0,0,0,0,0,0,0,0,0,0,0,0,0,0,0,0,0,0,0,0,0,2250,2250,400,400,400,500,300,300,500,3000,3000,40,60,60,750,750,40,60,60,500,500,45,45,45,45,45,45,30,30,30,30,12,12,4,7,7,4,7,7,4,12,12,2,4.5,4.5,7.5,7.5,2,4.5,4.5,5,5,3,3,3,3,3,3,3,3,3,3
66,1.3200000000000001,BALANCE_PREP,264,0,-0.24445332659199986,-0.24445332659199986,0,0.0055999999999999999,-0.0055999999999999999,0,-0.034799999999999998,0.034799999999999998,0,0.44393622015999978,0.44393622015999978,0,0.29999999999999999,0.29999999999999999,-0.18446927155199994,-0.18446927155199994,0,0.12,-0.12,-0.0077999999999999996,0.0077999999999999996,0,0,0.80000000000000004,0.80000000000000004,0,0,0,0,0,0,0,0,0,0,0,0,0,0,0,0,0,0,0,0,0,0,0,0,0,0,0,0,0,0,0,0,0,0,0,0,0,0,0,0,0,0,0,0,0,0,0,0,0,0,0,0,0,0,0,0,0,0,0,0,0,0,0,0,0,0,0,0,2250,2250,400,400,400,500,300,300,500,3000,3000,40,60,60,750,750,40,60,60,500,500,45,45,45,45,45,45,30,30,30,30,12,12,4,7,7,4,7,7,4,12,12,2,4.5,4.5,7.5,7.5,2,4.5,4.5,5,5,3,3,3,3,3,3,3,3,3,3
67,1.3400000000000001,BALANCE_PREP,268,0,-0.24491810597609864,-0.24491810597609864,0,0.0055999999999999999,-0.0055999999999999999,0,-0.034799999999999998,0.034799999999999998,0,0.44474453213234549,0.44474453213234549,0,0.29999999999999999,0.29999999999999999,-0.1847319729430123,-0.1847319729430123,0,0.12,-0.12,-0.0077999999999999996,0.0077999999999999996,0,0,0.80000000000000004,0.80000000000000004,0,0,0,0,0,0,0,0,0,0,0,0,0,0,0,0,0,0,0,0,0,0,0,0,0,0,0,0,0,0,0,0,0,0,0,0,0,0,0,0,0,0,0,0,0,0,0,0,0,0,0,0,0,0,0,0,0,0,0,0,0,0,0,0,0,0,0,0,2250,2250,400,400,400,500,300,300,500,3000,3000,40,60,60,750,750,40,60,60,500,500,45,45,45,45,45,45,30,30,30,30,12,12,4,7,7,4,7,7,4,12,12,2,4.5,4.5,7.5,7.5,2,4.5,4.5,5,5,3,3,3,3,3,3,3,3,3,3
68,1.3600000000000001,BALANCE_PREP,272,0,-0.24529101947575305,-0.24529101947575305,0,0.0055999999999999999,-0.0055999999999999999,0,-0.034799999999999998,0.034799999999999998,0,0.44539307734913575,0.44539307734913575,0,0.29999999999999999,0.29999999999999999,-0.18494275013846914,-0.18494275013846914,0,0.12,-0.12,-0.0077999999999999996,0.0077999999999999996,0,0,0.80000000000000004,0.80000000000000004,0,0,0,0,0,0,0,0,0,0,0,0,0,0,0,0,0,0,0,0,0,0,0,0,0,0,0,0,0,0,0,0,0,0,0,0,0,0,0,0,0,0,0,0,0,0,0,0,0,0,0,0,0,0,0,0,0,0,0,0,0,0,0,0,0,0,0,0,2250,2250,400,400,400,500,300,300,500,3000,3000,40,60,60,750,750,40,60,60,500,500,45,45,45,45,45,45,30,30,30,30,12,12,4,7,7,4,7,7,4,12,12,2,4.5,4.5,7.5,7.5,2,4.5,4.5,5,5,3,3,3,3,3,3,3,3,3,3
69,1.3799999999999999,BALANCE_PREP,276,0,-0.24557959500799995,-0.24557959500799995,0,0.0055999999999999999,-0.0055999999999999999,0,-0.034799999999999998,0.034799999999999998,0,0.44589494783999989,0.44589494783999989,0,0.29999999999999999,0.29999999999999999,-0.185105858048,-0.185105858048,0,0.12,-0.12,-0.0077999999999999996,0.0077999999999999996,0,0,0.80000000000000004,0.80000000000000004,0,0,0,0,0,0,0,0,0,0,0,0,0,0,0,0,0,0,0,0,0,0,0,0,0,0,0,0,0,0,0,0,0,0,0,0,0,0,0,0,0,0,0,0,0,0,0,0,0,0,0,0,0,0,0,0,0,0,0,0,0,0,0,0,0,0,0,0,2250,2250,400,400,400,500,300,300,500,3000,3000,40,60,60,750,750,40,60,60,500,500,45,45,45,45,45,45,30,30,30,30,12,12,4,7,7,4,7,7,4,12,12,2,4.5,4.5,7.5,7.5,2,4.5,4.5,5,5,3,3,3,3,3,3,3,3,3,3
70,1.3999999999999999,BALANCE_PREP,280,0,-0.24579242469135804,-0.24579242469135804,0,0.0055999999999999999,-0.0055999999999999999,0,-0.034799999999999998,0.034799999999999998,0,0.4462650864197531,0.4462650864197531,0,0.29999999999999999,0.29999999999999999,-0.18522615308641976,-0.18522615308641976,0,0.12,-0.12,-0.0077999999999999996,0.0077999999999999996,0,0,0.80000000000000004,0.80000000000000004,0,0,0,0,0,0,0,0,0,0,0,0,0,0,0,0,0,0,0,0,0,0,0,0,0,0,0,0,0,0,0,0,0,0,0,0,0,0,0,0,0,0,0,0,0,0,0,0,0,0,0,0,0,0,0,0,0,0,0,0,0,0,0,0,0,0,0,0,2250,2250,400,400,400,500,300,300,500,3000,3000,40,60,60,750,750,40,60,60,500,500,45,45,45,45,45,45,30,30,30,30,12,12,4,7,7,4,7,7,4,12,12,2,4.5,4.5,7.5,7.5,2,4.5,4.5,5,5,3,3,3,3,3,3,3,3,3,3
71,1.4199999999999999,BALANCE_PREP,284,0,-0.24593919973767925,-0.24593919973767925,0,0.0055999999999999999,-0.0055999999999999999,0,-0.034799999999999998,0.034799999999999998,0,0.44652034736987695,0.44652034736987695,0,0.29999999999999999,0.29999999999999999,-0.18530911289521002,-0.18530911289521002,0,0.12,-0.12,-0.0077999999999999996,0.0077999999999999996,0,0,0.80000000000000004,0.80000000000000004,0,0,0,0,0,0,0,0,0,0,0,0,0,0,0,0,0,0,0,0,0,0,0,0,0,0,0,0,0,0,0,0,0,0,0,0,0,0,0,0,0,0,0,0,0,0,0,0,0,0,0,0,0,0,0,0,0,0,0,0,0,0,0,0,0,0,0,0,2250,2250,400,400,400,500,300,300,500,3000,3000,40,60,60,750,750,40,60,60,500,500,45,45,45,45,45,45,30,30,30,30,12,12,4,7,7,4,7,7,4,12,12,2,4.5,4.5,7.5,7.5,2,4.5,4.5,5,5,3,3,3,3,3,3,3,3,3,3
72,1.4399999999999999,BALANCE_PREP,288,0,-0.24603074534400002,-0.24603074534400002,0,0.0055999999999999999,-0.0055999999999999999,0,-0.034799999999999998,0.034799999999999998,0,0.44667955712000001,0.44667955712000001,0,0.29999999999999999,0.29999999999999999,-0.18536085606400005,-0.18536085606400005,0,0.12,-0.12,-0.0077999999999999996,0.0077999999999999996,0,0,0.80000000000000004,0.80000000000000004,0,0,0,0,0,0,0,0,0,0,0,0,0,0,0,0,0,0,0,0,0,0,0,0,0,0,0,0,0,0,0,0,0,0,0,0,0,0,0,0,0,0,0,0,0,0,0,0,0,0,0,0,0,0,0,0,0,0,0,0,0,0,0,0,0,0,0,0,2250,2250,400,400,400,500,300,300,500,3000,3000,40,60,60,750,750,40,60,60,500,500,45,45,45,45,45,45,30,30,30,30,12,12,4,7,7,4,7,7,4,12,12,2,4.5,4.5,7.5,7.5,2,4.5,4.5,5,5,3,3,3,3,3,3,3,3,3,3
73,1.46,BALANCE_PREP,292,0,-0.2460790555843948,-0.2460790555843948,0,0.0055999999999999999,-0.0055999999999999999,0,-0.034799999999999998,0.034799999999999998,0,0.44676357492938229,0.44676357492938229,0,0.29999999999999999,0.29999999999999999,-0.18538816185204926,-0.18538816185204926,0,0.12,-0.12,-0.0077999999999999996,0.0077999999999999996,0,0,0.80000000000000004,0.80000000000000004,0,0,0,0,0,0,0,0,0,0,0,0,0,0,0,0,0,0,0,0,0,0,0,0,0,0,0,0,0,0,0,0,0,0,0,0,0,0,0,0,0,0,0,0,0,0,0,0,0,0,0,0,0,0,0,0,0,0,0,0,0,0,0,0,0,0,0,0,2250,2250,400,400,400,500,300,300,500,3000,3000,40,60,60,750,750,40,60,60,500,500,45,45,45,45,45,45,30,30,30,30,12,12,4,7,7,4,7,7,4,12,12,2,4.5,4.5,7.5,7.5,2,4.5,4.5,5,5,3,3,3,3,3,3,3,3,3,3
74,1.48,BALANCE_PREP,296,0,-0.24609732830182701,-0.24609732830182701,0,0.0055999999999999999,-0.0055999999999999999,0,-0.034799999999999998,0.034799999999999998,0,0.44679535356839484,0.44679535356839484,0,0.29999999999999999,0.29999999999999999,-0.18539848990972835,-0.18539848990972835,0,0.12,-0.12,-0.0077999999999999996,0.0077999999999999996,0,0,0.80000000000000004,0.80000000000000004,0,0,0,0,0,0,0,0,0,0,0,0,0,0,0,0,0,0,0,0,0,0,0,0,0,0,0,0,0,0,0,0,0,0,0,0,0,0,0,0,0,0,0,0,0,0,0,0,0,0,0,0,0,0,0,0,0,0,0,0,0,0,0,0,0,0,0,0,2250,2250,400,400,400,500,300,300,500,3000,3000,40,60,60,750,750,40,60,60,500,500,45,45,45,45,45,45,30,30,30,30,12,12,4,7,7,4,7,7,4,12,12,2,4.5,4.5,7.5,7.5,2,4.5,4.5,5,5,3,3,3,3,3,3,3,3,3,3
75,1.5,BALANCED_STANCE_HOLD,300,2,-0.24609999999999999,-0.24609999999999999,0,0.0055999999999999999,-0.0055999999999999999,0,-0.034799999999999998,0.034799999999999998,0,0.44679999999999997,0.44679999999999997,0,0.29999999999999999,0.29999999999999999,-0.18540000000000001,-0.18540000000000001,0,0.12,-0.12,-0.0077999999999999996,0.0077999999999999996,0,0,0.80000000000000004,0.80000000000000004,0,0,0,0,0,0,0,0,0,0,0,0,0,0,0,0,0,0,0,0,0,0,0,0,0,0,0,0,0,0,0,0,0,0,0,0,0,0,0,0,0,0,0,0,0,0,0,0,0,0,0,0,0,0,0,0,0,0,0,0,0,0,0,0,0,0,0,0,2250,2250,400,400,400,500,300,300,500,3000,3000,40,60,60,750,750,40,60,60,500,500,45,45,45,45,45,45,30,30,30,30,12,12,4,7,7,4,7,7,4,12,12,2,4.5,4.5,7.5,7.5,2,4.5,4.5,5,5,3,3,3,3,3,3,3,3,3,3
76,1.52,BALANCED_STANCE_HOLD,304,0,-0.24609999999999999,-0.24609999999999999,0,0.0055999999999999999,-0.0055999999999999999,0,-0.034799999999999998,0.034799999999999998,0,0.44679999999999997,0.44679999999999997,0,0.29999999999999999,0.29999999999999999,-0.18540000000000001,-0.18540000000000001,0,0.12,-0.12,-0.0077999999999999996,0.0077999999999999996,0,0,0.80000000000000004,0.80000000000000004,0,0,0,0,0,0,0,0,0,0,0,0,0,0,0,0,0,0,0,0,0,0,0,0,0,0,0,0,0,0,0,0,0,0,0,0,0,0,0,0,0,0,0,0,0,0,0,0,0,0,0,0,0,0,0,0,0,0,0,0,0,0,0,0,0,0,0,0,2250,2250,400,400,400,500,300,300,500,3000,3000,40,60,60,750,750,40,60,60,500,500,45,45,45,45,45,45,30,30,30,30,12,12,4,7,7,4,7,7,4,12,12,2,4.5,4.5,7.5,7.5,2,4.5,4.5,5,5,3,3,3,3,3,3,3,3,3,3
77,1.54,BALANCED_STANCE_HOLD,308,0,-0.24609999999999999,-0.24609999999999999,0,0.0055999999999999999,-0.0055999999999999999,0,-0.034799999999999998,0.034799999999999998,0,0.44679999999999997,0.44679999999999997,0,0.29999999999999999,0.29999999999999999,-0.18540000000000001,-0.18540000000000001,0,0.12,-0.12,-0.0077999999999999996,0.0077999999999999996,0,0,0.80000000000000004,0.80000000000000004,0,0,0,0,0,0,0,0,0,0,0,0,0,0,0,0,0,0,0,0,0,0,0,0,0,0,0,0,0,0,0,0,0,0,0,0,0,0,0,0,0,0,0,0,0,0,0,0,0,0,0,0,0,0,0,0,0,0,0,0,0,0,0,0,0,0,0,0,2250,2250,400,400,400,500,300,300,500,3000,3000,40,60,60,750,750,40,60,60,500,500,45,45,45,45,45,45,30,30,30,30,12,12,4,7,7,4,7,7,4,12,12,2,4.5,4.5,7.5,7.5,2,4.5,4.5,5,5,3,3,3,3,3,3,3,3,3,3
78,1.5600000000000001,BALANCED_STANCE_HOLD,312,0,-0.24609999999999999,-0.24609999999999999,0,0.0055999999999999999,-0.0055999999999999999,0,-0.034799999999999998,0.034799999999999998,0,0.44679999999999997,0.44679999999999997,0,0.29999999999999999,0.29999999999999999,-0.18540000000000001,-0.18540000000000001,0,0.12,-0.12,-0.0077999999999999996,0.0077999999999999996,0,0,0.80000000000000004,0.80000000000000004,0,0,0,0,0,0,0,0,0,0,0,0,0,0,0,0,0,0,0,0,0,0,0,0,0,0,0,0,0,0,0,0,0,0,0,0,0,0,0,0,0,0,0,0,0,0,0,0,0,0,0,0,0,0,0,0,0,0,0,0,0,0,0,0,0,0,0,0,2250,2250,400,400,400,500,300,300,500,3000,3000,40,60,60,750,750,40,60,60,500,500,45,45,45,45,45,45,30,30,30,30,12,12,4,7,7,4,7,7,4,12,12,2,4.5,4.5,7.5,7.5,2,4.5,4.5,5,5,3,3,3,3,3,3,3,3,3,3
79,1.5800000000000001,BALANCED_STANCE_HOLD,316,0,-0.24609999999999999,-0.24609999999999999,0,0.0055999999999999999,-0.0055999999999999999,0,-0.034799999999999998,0.034799999999999998,0,0.44679999999999997,0.44679999999999997,0,0.29999999999999999,0.29999999999999999,-0.18540000000000001,-0.18540000000000001,0,0.12,-0.12,-0.0077999999999999996,0.0077999999999999996,0,0,0.80000000000000004,0.80000000000000004,0,0,0,0,0,0,0,0,0,0,0,0,0,0,0,0,0,0,0,0,0,0,0,0,0,0,0,0,0,0,0,0,0,0,0,0,0,0,0,0,0,0,0,0,0,0,0,0,0,0,0,0,0,0,0,0,0,0,0,0,0,0,0,0,0,0,0,0,2250,2250,400,400,400,500,300,300,500,3000,3000,40,60,60,750,750,40,60,60,500,500,45,45,45,45,45,45,30,30,30,30,12,12,4,7,7,4,7,7,4,12,12,2,4.5,4.5,7.5,7.5,2,4.5,4.5,5,5,3,3,3,3,3,3,3,3,3,3
80,1.6000000000000001,BALANCED_STANCE_HOLD,320,0,-0.24609999999999999,-0.24609999999999999,0,0.0055999999999999999,-0.0055999999999999999,0,-0.034799999999999998,0.034799999999999998,0,0.44679999999999997,0.44679999999999997,0,0.29999999999999999,0.29999999999999999,-0.18540000000000001,-0.18540000000000001,0,0.12,-0.12,-0.0077999999999999996,0.0077999999999999996,0,0,0.80000000000000004,0.80000000000000004,0,0,0,0,0,0,0,0,0,0,0,0,0,0,0,0,0,0,0,0,0,0,0,0,0,0,0,0,0,0,0,0,0,0,0,0,0,0,0,0,0,0,0,0,0,0,0,0,0,0,0,0,0,0,0,0,0,0,0,0,0,0,0,0,0,0,0,0,2250,2250,400,400,400,500,300,300,500,3000,3000,40,60,60,750,750,40,60,60,500,500,45,45,45,45,45,45,30,30,30,30,12,12,4,7,7,4,7,7,4,12,12,2,4.5,4.5,7.5,7.5,2,4.5,4.5,5,5,3,3,3,3,3,3,3,3,3,3
81,1.6200000000000001,BALANCED_STANCE_HOLD,324,0,-0.24609999999999999,-0.24609999999999999,0,0.0055999999999999999,-0.0055999999999999999,0,-0.034799999999999998,0.034799999999999998,0,0.44679999999999997,0.44679999999999997,0,0.29999999999999999,0.29999999999999999,-0.18540000000000001,-0.18540000000000001,0,0.12,-0.12,-0.0077999999999999996,0.0077999999999999996,0,0,0.80000000000000004,0.80000000000000004,0,0,0,0,0,0,0,0,0,0,0,0,0,0,0,0,0,0,0,0,0,0,0,0,0,0,0,0,0,0,0,0,0,0,0,0,0,0,0,0,0,0,0,0,0,0,0,0,0,0,0,0,0,0,0,0,0,0,0,0,0,0,0,0,0,0,0,0,2250,2250,400,400,400,500,300,300,500,3000,3000,40,60,60,750,750,40,60,60,500,500,45,45,45,45,45,45,30,30,30,30,12,12,4,7,7,4,7,7,4,12,12,2,4.5,4.5,7.5,7.5,2,4.5,4.5,5,5,3,3,3,3,3,3,3,3,3,3
82,1.6399999999999999,BALANCED_STANCE_HOLD,328,0,-0.24609999999999999,-0.24609999999999999,0,0.0055999999999999999,-0.0055999999999999999,0,-0.034799999999999998,0.034799999999999998,0,0.44679999999999997,0.44679999999999997,0,0.29999999999999999,0.29999999999999999,-0.18540000000000001,-0.18540000000000001,0,0.12,-0.12,-0.0077999999999999996,0.0077999999999999996,0,0,0.80000000000000004,0.80000000000000004,0,0,0,0,0,0,0,0,0,0,0,0,0,0,0,0,0,0,0,0,0,0,0,0,0,0,0,0,0,0,0,0,0,0,0,0,0,0,0,0,0,0,0,0,0,0,0,0,0,0,0,0,0,0,0,0,0,0,0,0,0,0,0,0,0,0,0,0,2250,2250,400,400,400,500,300,300,500,3000,3000,40,60,60,750,750,40,60,60,500,500,45,45,45,45,45,45,30,30,30,30,12,12,4,7,7,4,7,7,4,12,12,2,4.5,4.5,7.5,7.5,2,4.5,4.5,5,5,3,3,3,3,3,3,3,3,3,3
83,1.6599999999999999,BALANCED_STANCE_HOLD,332,0,-0.24609999999999999,-0.24609999999999999,0,0.0055999999999999999,-0.0055999999999999999,0,-0.034799999999999998,0.034799999999999998,0,0.44679999999999997,0.44679999999999997,0,0.29999999999999999,0.29999999999999999,-0.18540000000000001,-0.18540000000000001,0,0.12,-0.12,-0.0077999999999999996,0.0077999999999999996,0,0,0.80000000000000004,0.80000000000000004,0,0,0,0,0,0,0,0,0,0,0,0,0,0,0,0,0,0,0,0,0,0,0,0,0,0,0,0,0,0,0,0,0,0,0,0,0,0,0,0,0,0,0,0,0,0,0,0,0,0,0,0,0,0,0,0,0,0,0,0,0,0,0,0,0,0,0,0,2250,2250,400,400,400,500,300,300,500,3000,3000,40,60,60,750,750,40,60,60,500,500,45,45,45,45,45,45,30,30,30,30,12,12,4,7,7,4,7,7,4,12,12,2,4.5,4.5,7.5,7.5,2,4.5,4.5,5,5,3,3,3,3,3,3,3,3,3,3
84,1.6799999999999999,BALANCED_STANCE_HOLD,336,0,-0.24609999999999999,-0.24609999999999999,0,0.0055999999999999999,-0.0055999999999999999,0,-0.034799999999999998,0.034799999999999998,0,0.44679999999999997,0.44679999999999997,0,0.29999999999999999,0.29999999999999999,-0.18540000000000001,-0.18540000000000001,0,0.12,-0.12,-0.0077999999999999996,0.0077999999999999996,0,0,0.80000000000000004,0.80000000000000004,0,0,0,0,0,0,0,0,0,0,0,0,0,0,0,0,0,0,0,0,0,0,0,0,0,0,0,0,0,0,0,0,0,0,0,0,0,0,0,0,0,0,0,0,0,0,0,0,0,0,0,0,0,0,0,0,0,0,0,0,0,0,0,0,0,0,0,0,2250,2250,400,400,400,500,300,300,500,3000,3000,40,60,60,750,750,40,60,60,500,500,45,45,45,45,45,45,30,30,30,30,12,12,4,7,7,4,7,7,4,12,12,2,4.5,4.5,7.5,7.5,2,4.5,4.5,5,5,3,3,3,3,3,3,3,3,3,3
85,1.7,BALANCED_STANCE_HOLD,340,0,-0.24609999999999999,-0.24609999999999999,0,0.0055999999999999999,-0.0055999999999999999,0,-0.034799999999999998,0.034799999999999998,0,0.44679999999999997,0.44679999999999997,0,0.29999999999999999,0.29999999999999999,-0.18540000000000001,-0.18540000000000001,0,0.12,-0.12,-0.0077999999999999996,0.0077999999999999996,0,0,0.80000000000000004,0.80000000000000004,0,0,0,0,0,0,0,0,0,0,0,0,0,0,0,0,0,0,0,0,0,0,0,0,0,0,0,0,0,0,0,0,0,0,0,0,0,0,0,0,0,0,0,0,0,0,0,0,0,0,0,0,0,0,0,0,0,0,0,0,0,0,0,0,0,0,0,0,2250,2250,400,400,400,500,300,300,500,3000,3000,40,60,60,750,750,40,60,60,500,500,45,45,45,45,45,45,30,30,30,30,12,12,4,7,7,4,7,7,4,12,12,2,4.5,4.5,7.5,7.5,2,4.5,4.5,5,5,3,3,3,3,3,3,3,3,3,3
86,1.72,BALANCED_STANCE_HOLD,344,0,-0.24609999999999999,-0.24609999999999999,0,0.0055999999999999999,-0.0055999999999999999,0,-0.034799999999999998,0.034799999999999998,0,0.44679999999999997,0.44679999999999997,0,0.29999999999999999,0.29999999999999999,-0.18540000000000001,-0.18540000000000001,0,0.12,-0.12,-0.0077999999999999996,0.0077999999999999996,0,0,0.80000000000000004,0.80000000000000004,0,0,0,0,0,0,0,0,0,0,0,0,0,0,0,0,0,0,0,0,0,0,0,0,0,0,0,0,0,0,0,0,0,0,0,0,0,0,0,0,0,0,0,0,0,0,0,0,0,0,0,0,0,0,0,0,0,0,0,0,0,0,0,0,0,0,0,0,2250,2250,400,400,400,500,300,300,500,3000,3000,40,60,60,750,750,40,60,60,500,500,45,45,45,45,45,45,30,30,30,30,12,12,4,7,7,4,7,7,4,12,12,2,4.5,4.5,7.5,7.5,2,4.5,4.5,5,5,3,3,3,3,3,3,3,3,3,3
87,1.74,BALANCED_STANCE_HOLD,348,0,-0.24609999999999999,-0.24609999999999999,0,0.0055999999999999999,-0.0055999999999999999,0,-0.034799999999999998,0.034799999999999998,0,0.44679999999999997,0.44679999999999997,0,0.29999999999999999,0.29999999999999999,-0.18540000000000001,-0.18540000000000001,0,0.12,-0.12,-0.0077999999999999996,0.0077999999999999996,0,0,0.80000000000000004,0.80000000000000004,0,0,0,0,0,0,0,0,0,0,0,0,0,0,0,0,0,0,0,0,0,0,0,0,0,0,0,0,0,0,0,0,0,0,0,0,0,0,0,0,0,0,0,0,0,0,0,0,0,0,0,0,0,0,0,0,0,0,0,0,0,0,0,0,0,0,0,0,2250,2250,400,400,400,500,300,300,500,3000,3000,40,60,60,750,750,40,60,60,500,500,45,45,45,45,45,45,30,30,30,30,12,12,4,7,7,4,7,7,4,12,12,2,4.5,4.5,7.5,7.5,2,4.5,4.5,5,5,3,3,3,3,3,3,3,3,3,3
88,1.76,BALANCED_STANCE_HOLD,352,0,-0.24609999999999999,-0.24609999999999999,0,0.0055999999999999999,-0.0055999999999999999,0,-0.034799999999999998,0.034799999999999998,0,0.44679999999999997,0.44679999999999997,0,0.29999999999999999,0.29999999999999999,-0.18540000000000001,-0.18540000000000001,0,0.12,-0.12,-0.0077999999999999996,0.0077999999999999996,0,0,0.80000000000000004,0.80000000000000004,0,0,0,0,0,0,0,0,0,0,0,0,0,0,0,0,0,0,0,0,0,0,0,0,0,0,0,0,0,0,0,0,0,0,0,0,0,0,0,0,0,0,0,0,0,0,0,0,0,0,0,0,0,0,0,0,0,0,0,0,0,0,0,0,0,0,0,0,2250,2250,400,400,400,500,300,300,500,3000,3000,40,60,60,750,750,40,60,60,500,500,45,45,45,45,45,45,30,30,30,30,12,12,4,7,7,4,7,7,4,12,12,2,4.5,4.5,7.5,7.5,2,4.5,4.5,5,5,3,3,3,3,3,3,3,3,3,3
89,1.78,BALANCED_STANCE_HOLD,356,0,-0.24609999999999999,-0.24609999999999999,0,0.0055999999999999999,-0.0055999999999999999,0,-0.034799999999999998,0.034799999999999998,0,0.44679999999999997,0.44679999999999997,0,0.29999999999999999,0.29999999999999999,-0.18540000000000001,-0.18540000000000001,0,0.12,-0.12,-0.0077999999999999996,0.0077999999999999996,0,0,0.80000000000000004,0.80000000000000004,0,0,0,0,0,0,0,0,0,0,0,0,0,0,0,0,0,0,0,0,0,0,0,0,0,0,0,0,0,0,0,0,0,0,0,0,0,0,0,0,0,0,0,0,0,0,0,0,0,0,0,0,0,0,0,0,0,0,0,0,0,0,0,0,0,0,0,0,2250,2250,400,400,400,500,300,300,500,3000,3000,40,60,60,750,750,40,60,60,500,500,45,45,45,45,45,45,30,30,30,30,12,12,4,7,7,4,7,7,4,12,12,2,4.5,4.5,7.5,7.5,2,4.5,4.5,5,5,3,3,3,3,3,3,3,3,3,3
90,1.8,BALANCED_STANCE_HOLD,360,0,-0.24609999999999999,-0.24609999999999999,0,0.0055999999999999999,-0.0055999999999999999,0,-0.034799999999999998,0.034799999999999998,0,0.44679999999999997,0.44679999999999997,0,0.29999999999999999,0.29999999999999999,-0.18540000000000001,-0.18540000000000001,0,0.12,-0.12,-0.0077999999999999996,0.0077999999999999996,0,0,0.80000000000000004,0.80000000000000004,0,0,0,0,0,0,0,0,0,0,0,0,0,0,0,0,0,0,0,0,0,0,0,0,0,0,0,0,0,0,0,0,0,0,0,0,0,0,0,0,0,0,0,0,0,0,0,0,0,0,0,0,0,0,0,0,0,0,0,0,0,0,0,0,0,0,0,0,2250,2250,400,400,400,500,300,300,500,3000,3000,40,60,60,750,750,40,60,60,500,500,45,45,45,45,45,45,30,30,30,30,12,12,4,7,7,4,7,7,4,12,12,2,4.5,4.5,7.5,7.5,2,4.5,4.5,5,5,3,3,3,3,3,3,3,3,3,3
91,1.8200000000000001,BALANCED_STANCE_HOLD,364,0,-0.24609999999999999,-0.24609999999999999,0,0.0055999999999999999,-0.0055999999999999999,0,-0.034799999999999998,0.034799999999999998,0,0.44679999999999997,0.44679999999999997,0,0.29999999999999999,0.29999999999999999,-0.18540000000000001,-0.18540000000000001,0,0.12,-0.12,-0.0077999999999999996,0.0077999999999999996,0,0,0.80000000000000004,0.80000000000000004,0,0,0,0,0,0,0,0,0,0,0,0,0,0,0,0,0,0,0,0,0,0,0,0,0,0,0,0,0,0,0,0,0,0,0,0,0,0,0,0,0,0,0,0,0,0,0,0,0,0,0,0,0,0,0,0,0,0,0,0,0,0,0,0,0,0,0,0,2250,2250,400,400,400,500,300,300,500,3000,3000,40,60,60,750,750,40,60,60,500,500,45,45,45,45,45,45,30,30,30,30,12,12,4,7,7,4,7,7,4,12,12,2,4.5,4.5,7.5,7.5,2,4.5,4.5,5,5,3,3,3,3,3,3,3,3,3,3
92,1.8400000000000001,BALANCED_STANCE_HOLD,368,0,-0.24609999999999999,-0.24609999999999999,0,0.0055999999999999999,-0.0055999999999999999,0,-0.034799999999999998,0.034799999999999998,0,0.44679999999999997,0.44679999999999997,0,0.29999999999999999,0.29999999999999999,-0.18540000000000001,-0.18540000000000001,0,0.12,-0.12,-0.0077999999999999996,0.0077999999999999996,0,0,0.80000000000000004,0.80000000000000004,0,0,0,0,0,0,0,0,0,0,0,0,0,0,0,0,0,0,0,0,0,0,0,0,0,0,0,0,0,0,0,0,0,0,0,0,0,0,0,0,0,0,0,0,0,0,0,0,0,0,0,0,0,0,0,0,0,0,0,0,0,0,0,0,0,0,0,0,2250,2250,400,400,400,500,300,300,500,3000,3000,40,60,60,750,750,40,60,60,500,500,45,45,45,45,45,45,30,30,30,30,12,12,4,7,7,4,7,7,4,12,12,2,4.5,4.5,7.5,7.5,2,4.5,4.5,5,5,3,3,3,3,3,3,3,3,3,3
93,1.8600000000000001,BALANCED_STANCE_HOLD,372,0,-0.24609999999999999,-0.24609999999999999,0,0.0055999999999999999,-0.0055999999999999999,0,-0.034799999999999998,0.034799999999999998,0,0.44679999999999997,0.44679999999999997,0,0.29999999999999999,0.29999999999999999,-0.18540000000000001,-0.18540000000000001,0,0.12,-0.12,-0.0077999999999999996,0.0077999999999999996,0,0,0.80000000000000004,0.80000000000000004,0,0,0,0,0,0,0,0,0,0,0,0,0,0,0,0,0,0,0,0,0,0,0,0,0,0,0,0,0,0,0,0,0,0,0,0,0,0,0,0,0,0,0,0,0,0,0,0,0,0,0,0,0,0,0,0,0,0,0,0,0,0,0,0,0,0,0,0,2250,2250,400,400,400,500,300,300,500,3000,3000,40,60,60,750,750,40,60,60,500,500,45,45,45,45,45,45,30,30,30,30,12,12,4,7,7,4,7,7,4,12,12,2,4.5,4.5,7.5,7.5,2,4.5,4.5,5,5,3,3,3,3,3,3,3,3,3,3
94,1.8799999999999999,BALANCED_STANCE_HOLD,376,0,-0.24609999999999999,-0.24609999999999999,0,0.0055999999999999999,-0.0055999999999999999,0,-0.034799999999999998,0.034799999999999998,0,0.44679999999999997,0.44679999999999997,0,0.29999999999999999,0.29999999999999999,-0.18540000000000001,-0.18540000000000001,0,0.12,-0.12,-0.0077999999999999996,0.0077999999999999996,0,0,0.80000000000000004,0.80000000000000004,0,0,0,0,0,0,0,0,0,0,0,0,0,0,0,0,0,0,0,0,0,0,0,0,0,0,0,0,0,0,0,0,0,0,0,0,0,0,0,0,0,0,0,0,0,0,0,0,0,0,0,0,0,0,0,0,0,0,0,0,0,0,0,0,0,0,0,0,2250,2250,400,400,400,500,300,300,500,3000,3000,40,60,60,750,750,40,60,60,500,500,45,45,45,45,45,45,30,30,30,30,12,12,4,7,7,4,7,7,4,12,12,2,4.5,4.5,7.5,7.5,2,4.5,4.5,5,5,3,3,3,3,3,3,3,3,3,3
95,1.8999999999999999,BALANCED_STANCE_HOLD,380,0,-0.24609999999999999,-0.24609999999999999,0,0.0055999999999999999,-0.0055999999999999999,0,-0.034799999999999998,0.034799999999999998,0,0.44679999999999997,0.44679999999999997,0,0.29999999999999999,0.29999999999999999,-0.18540000000000001,-0.18540000000000001,0,0.12,-0.12,-0.0077999999999999996,0.0077999999999999996,0,0,0.80000000000000004,0.80000000000000004,0,0,0,0,0,0,0,0,0,0,0,0,0,0,0,0,0,0,0,0,0,0,0,0,0,0,0,0,0,0,0,0,0,0,0,0,0,0,0,0,0,0,0,0,0,0,0,0,0,0,0,0,0,0,0,0,0,0,0,0,0,0,0,0,0,0,0,0,2250,2250,400,400,400,500,300,300,500,3000,3000,40,60,60,750,750,40,60,60,500,500,45,45,45,45,45,45,30,30,30,30,12,12,4,7,7,4,7,7,4,12,12,2,4.5,4.5,7.5,7.5,2,4.5,4.5,5,5,3,3,3,3,3,3,3,3,3,3
96,1.9199999999999999,BALANCED_STANCE_HOLD,384,0,-0.24609999999999999,-0.24609999999999999,0,0.0055999999999999999,-0.0055999999999999999,0,-0.034799999999999998,0.034799999999999998,0,0.44679999999999997,0.44679999999999997,0,0.29999999999999999,0.29999999999999999,-0.18540000000000001,-0.18540000000000001,0,0.12,-0.12,-0.0077999999999999996,0.0077999999999999996,0,0,0.80000000000000004,0.80000000000000004,0,0,0,0,0,0,0,0,0,0,0,0,0,0,0,0,0,0,0,0,0,0,0,0,0,0,0,0,0,0,0,0,0,0,0,0,0,0,0,0,0,0,0,0,0,0,0,0,0,0,0,0,0,0,0,0,0,0,0,0,0,0,0,0,0,0,0,0,2250,2250,400,400,400,500,300,300,500,3000,3000,40,60,60,750,750,40,60,60,500,500,45,45,45,45,45,45,30,30,30,30,12,12,4,7,7,4,7,7,4,12,12,2,4.5,4.5,7.5,7.5,2,4.5,4.5,5,5,3,3,3,3,3,3,3,3,3,3
97,1.9399999999999999,BALANCED_STANCE_HOLD,388,0,-0.24609999999999999,-0.24609999999999999,0,0.0055999999999999999,-0.0055999999999999999,0,-0.034799999999999998,0.034799999999999998,0,0.44679999999999997,0.44679999999999997,0,0.29999999999999999,0.29999999999999999,-0.18540000000000001,-0.18540000000000001,0,0.12,-0.12,-0.0077999999999999996,0.0077999999999999996,0,0,0.80000000000000004,0.80000000000000004,0,0,0,0,0,0,0,0,0,0,0,0,0,0,0,0,0,0,0,0,0,0,0,0,0,0,0,0,0,0,0,0,0,0,0,0,0,0,0,0,0,0,0,0,0,0,0,0,0,0,0,0,0,0,0,0,0,0,0,0,0,0,0,0,0,0,0,0,2250,2250,400,400,400,500,300,300,500,3000,3000,40,60,60,750,750,40,60,60,500,500,45,45,45,45,45,45,30,30,30,30,12,12,4,7,7,4,7,7,4,12,12,2,4.5,4.5,7.5,7.5,2,4.5,4.5,5,5,3,3,3,3,3,3,3,3,3,3
98,1.96,BALANCED_STANCE_HOLD,392,0,-0.24609999999999999,-0.24609999999999999,0,0.0055999999999999999,-0.0055999999999999999,0,-0.034799999999999998,0.034799999999999998,0,0.44679999999999997,0.44679999999999997,0,0.29999999999999999,0.29999999999999999,-0.18540000000000001,-0.18540000000000001,0,0.12,-0.12,-0.0077999999999999996,0.0077999999999999996,0,0,0.80000000000000004,0.80000000000000004,0,0,0,0,0,0,0,0,0,0,0,0,0,0,0,0,0,0,0,0,0,0,0,0,0,0,0,0,0,0,0,0,0,0,0,0,0,0,0,0,0,0,0,0,0,0,0,0,0,0,0,0,0,0,0,0,0,0,0,0,0,0,0,0,0,0,0,0,2250,2250,400,400,400,500,300,300,500,3000,3000,40,60,60,750,750,40,60,60,500,500,45,45,45,45,45,45,30,30,30,30,12,12,4,7,7,4,7,7,4,12,12,2,4.5,4.5,7.5,7.5,2,4.5,4.5,5,5,3,3,3,3,3,3,3,3,3,3
99,1.98,BALANCED_STANCE_HOLD,396,0,-0.24609999999999999,-0.24609999999999999,0,0.0055999999999999999,-0.0055999999999999999,0,-0.034799999999999998,0.034799999999999998,0,0.44679999999999997,0.44679999999999997,0,0.29999999999999999,0.29999999999999999,-0.18540000000000001,-0.18540000000000001,0,0.12,-0.12,-0.0077999999999999996,0.0077999999999999996,0,0,0.80000000000000004,0.80000000000000004,0,0,0,0,0,0,0,0,0,0,0,0,0,0,0,0,0,0,0,0,0,0,0,0,0,0,0,0,0,0,0,0,0,0,0,0,0,0,0,0,0,0,0,0,0,0,0,0,0,0,0,0,0,0,0,0,0,0,0,0,0,0,0,0,0,0,0,0,2250,2250,400,400,400,500,300,300,500,3000,3000,40,60,60,750,750,40,60,60,500,500,45,45,45,45,45,45,30,30,30,30,12,12,4,7,7,4,7,7,4,12,12,2,4.5,4.5,7.5,7.5,2,4.5,4.5,5,5,3,3,3,3,3,3,3,3,3,3
100,2,READY_TRANSITION,400,4,-0.24609999999999999,-0.24609999999999999,0,0.0055999999999999999,-0.0055999999999999999,0,-0.034799999999999998,0.034799999999999998,0,0.44679999999999997,0.44679999999999997,0,0.29999999999999999,0.29999999999999999,-0.18540000000000001,-0.18540000000000001,0,0.12,-0.12,-0.0077999999999999996,0.0077999999999999996,0,0,0.80000000000000004,0.80000000000000004,0,0,0,0,0,0,0,0,0,0,0,0,0,0,0,0,0,0,-0.00025936198674580968,-0.00017507518985659942,0,0,0,2.2684046119270107e-05,-9.1324525237912457e-05,0,0,-2.1741468747145209e-05,0.00016795521999046949,-0.00010326684041217504,-0.00014096794166695847,3.269952879909726e-06,5.8821003704585668e-05,3.6165657617330194e-06,1.5037415277525955e-05,-0.00016582468275231361,2.380399625831193e-05,0,0,0,0,0,0,0,0,0,0,0,0,0,0,0,0,0,0,0,0,0,0,0,0,0,0,0,0,0,0,0,2250,2250,400,400,400,500,300,300,500,3000,3000,40,60,60,750,750,40,60,60,500,500,45,45,45,45,45,45,30,30,30,30,12,12,4,7,7,4,7,7,4,12,12,2,4.5,4.5,7.5,7.5,2,4.5,4.5,5,5,3,3,3,3,3,3,3,3,3,3
101,2.02,READY_TRANSITION,404,0,-0.24609999999999999,-0.24609999999999999,0,0.0055999999999999999,-0.0055999999999999999,0,-0.034799999999999998,0.034799999999999998,0,0.44679999999999997,0.44679999999999997,0,0.29998962552053016,0.29999299699240572,-0.18540000000000001,-0.18540000000000001,0,0.12000090736184477,-0.12000365298100951,-0.0077999999999999996,0.0077999999999999996,-8.696587498858084e-07,6.7182087996187793e-06,0.79999586932638356,0.79999436128233337,1.3079811519638903e-07,2.3528401481834268e-06,1.4466263046932077e-07,6.0149661110103819e-07,-6.6329873100925449e-06,9.5215985033247728e-07,0,0,0,0,0,0,0,0,0,0,0,0,-0.002049937630481391,-0.0013837541281688792,0,0,0,0.00017928949548294548,-0.00072180809231152387,0,0,-0.00017183958021723273,0.0013274795200873871,-0.00081619741119642875,-0.0011141782646745257,2.5844957245015955e-05,0.00046490771631422129,2.8584505929748714e-05,0.0001188522798939957,-0.001310640242626431,0.0001881413244014623,0,0,0,0,0,0,0,0,0,0,0,0,0,0,0,0,0,0,0,0,0,0,0,0,0,0,0,0,0,0,0,2250,2250,400,400,400,500,300,300,500,3000,3000,40,60,60,750,750,40,60,60,500,500,45,45,45,45,45,45,30,30,30,30,12,12,4,7,7,4,7,7,4,12,12,2,4.5,4.5,7.5,7.5,2,4.5,4.5,5,5,3,3,3,3,3,3,3,3,3,3
102,2.04,READY_TRANSITION,408,0,-0.24609999999999999,-0.24609999999999999,0,0.0055999999999999999,-0.0055999999999999999,0,-0.034799999999999998,0.034799999999999998,0,0.44679999999999997,0.44679999999999997,0,0.29991800249478073,0.29994464983487323,-0.18540000000000001,-0.18540000000000001,0,0.12000717157981931,-0.12002887232369246,-0.0077999999999999996,0.0077999999999999996,-6.8735832086893093e-06,5.3099180803495488e-05,0.79996735210355219,0.79995543286941306,1.0337982898006382e-06,1.8596308652568852e-05,1.1433802371899485e-06,4.7540911957598278e-06,-5.2425609705057242e-05,7.5256529760584922e-06,0,0,0,0,0,0,0,0,0,0,0,0,-0.0065754877008702972,-0.0044386024801446045,0,0,0,0.00057509841027043873,-0.0023153095795730438,0,0,-0.00055120167045055073,0.0042580930891245559,-0.0026180777205120354,-0.0035738967698401014,8.290164342910352e-05,0.0014912624292598865,9.1689163797789049e-05,0.00038123682059517213,-0.0042040785375647479,0.000603492002015873,0,0,0,0,0,0,0,0,0,0,0,0,0,0,0,0,0,0,0,0,0,0,0,0,0,0,0,0,0,0,0,2250,2250,400,400,400,500,300,300,500,3000,3000,40,60,60,750,750,40,60,60,500,500,45,45,45,45,45,45,30,30,30,30,12,12,4,7,7,4,7,7,4,12,12,2,4.5,4.5,7.5,7.5,2,4.5,4.5,5,5,3,3,3,3,3,3,3,3,3,3
103,2.0600000000000001,READY_TRANSITION,412,0,-0.24609999999999999,-0.24609999999999999,0,0.0055999999999999999,-0.0055999999999999999,0,-0.034799999999999998,0.034799999999999998,0,0.44679999999999997,0.44679999999999997,0,0.29972660601249534,0.29981545289319994,-0.18540000000000001,-0.18540000000000001,0,0.12002391129825558,-0.12009626536419243,-0.0077999999999999996,0.0077999999999999996,-2.291772556790784e-05,0.00017704193236460101,0.79989114621756308,0.79985140541153976,3.44686385236053e-06,6.2003337318578881e-05,3.8122291823808831e-06,1.5850969434907925e-05,-0.00017479612881268248,2.50918399309674e-05,0,0,0,0,0,0,0,0,0,0,0,0,-0.013954101946068997,-0.0094193334888012514,0,0,0,0.0012204390322071573,-0.0049134098305432528,0,0,-0.0011697268175700913,0.0090362673864677646,-0.0055559260509124853,-0.0075843073760850643,0.00017592884916402889,0.0031646668525408617,0.00019457719293046355,0.00080903770217317721,-0.0089216409749641786,0.0012806941937784993,0,0,0,0,0,0,0,0,0,0,0,0,0,0,0,0,0,0,0,0,0,0,0,0,0,0,0,0,0,0,0,2250,2250,400,400,400,500,300,300,500,3000,3000,40,60,60,750,750,40,60,60,500,500,45,45,45,45,45,45,30,30,30,30,12,12,4,7,7,4,7,7,4,12,12,2,4.5,4.5,7.5,7.5,2,4.5,4.5,5,5,3,3,3,3,3,3,3,3,3,3
104,2.0800000000000001,READY_TRANSITION,416,0,-0.24609999999999999,-0.24609999999999999,0,0.0055999999999999999,-0.0055999999999999999,0,-0.034799999999999998,0.034799999999999998,0,0.44679999999999997,0.44679999999999997,0,0.29935983841693797,0.29956787649532118,-0.18540000000000001,-0.18540000000000001,0,0.1200559891411076,-0.12022540871691419,-0.0077999999999999996,0.0077999999999999996,-5.3662655911492962e-05,0.00041454987626220608,0.79974511506151569,0.79965206057436966,8.0709522563617939e-06,0.00014518298275420331,8.9264679544084914e-06,3.7115599282686917e-05,-0.00040929124870362442,5.8753420727198467e-05,0,0,0,0,0,0,0,0,0,0,0,0,-0.024040627298958783,-0.016227965560525193,0,0,0,0.0021026161359422729,-0.0084649986763503382,0,0,-0.0020152473137636674,0.01556800554069388,-0.0095719486647577456,-0.013066516760010249,0.00030309653105828555,0.0054522015548794924,0.00033522456652516241,0.0013938391695805755,-0.015370523047859496,0.0022064258893595857,0,0,0,0,0,0,0,0,0,0,0,0,0,0,0,0,0,0,0,0,0,0,0,0,0,0,0,0,0,0,0,2250,2250,400,400,400,500,300,300,500,3000,3000,40,60,60,750,750,40,60,60,500,500,45,45,45,45,45,45,30,30,30,30,12,12,4,7,7,4,7,7,4,12,12,2,4.5,4.5,7.5,7.5,2,4.5,4.5,5,5,3,3,3,3,3,3,3,3,3,3
105,2.1000000000000001,READY_TRANSITION,420,0,-0.24609999999999999,-0.24609999999999999,0,0.0055999999999999999,-0.0055999999999999999,0,-0.034799999999999998,0.034799999999999998,0,0.44679999999999997,0.44679999999999997,0,0.29876498092053699,0.29916633427077893,-0.18540000000000001,-0.18540000000000001,0,0.12010801594369327,-0.12043486531124645,-0.0077999999999999996,0.0077999999999999996,-0.00010352761811845453,0.00079976215399235617,0.79950826827097277,0.79932874474113935,1.5570725094691953e-05,0.00028009139951375855,1.7221211843387379e-05,7.1604536218130947e-05,-0.00078961705072706236,0.00011334887550535083,0,0,0,0,0,0,0,0,0,0,0,0,-0.036692329910206767,-0.024768150128265387,0,0,0,0.0032091460832162078,-0.012919817784270635,0,0,-0.0030757982463492915,0.023760877294903449,-0.014609315053359939,-0.019942946486936619,0.00046260514644355807,0.0083214957621860711,0.00051164099155931854,0.0021273657303540524,-0.023459466991068195,0.0033675871119348685,0,0,0,0,0,0,0,0,0,0,0,0,0,0,0,0,0,0,0,0,0,0,0,0,0,0,0,0,0,0,0,2250,2250,400,400,400,500,300,300,500,3000,3000,40,60,60,750,750,40,60,60,500,500,45,45,45,45,45,45,30,30,30,30,12,12,4,7,7,4,7,7,4,12,12,2,4.5,4.5,7.5,7.5,2,4.5,4.5,5,5,3,3,3,3,3,3,3,3,3,3
106,2.1200000000000001,READY_TRANSITION,424,0,-0.24609999999999999,-0.24609999999999999,0,0.0055999999999999999,-0.0055999999999999999,0,-0.034799999999999998,0.034799999999999998,0,0.44679999999999997,0.44679999999999997,0,0.2978921452205297,0.29857715049019057,-0.18540000000000001,-0.18540000000000001,0,0.12018435498443625,-0.12074220142828501,-0.0077999999999999996,0.0077999999999999996,-0.00017669458576546462,0.0013649849680583441,0.79916074245938129,0.7988543427148922,2.6575158114104114e-05,0.0004780428132416462,2.9392107616781232e-05,0.00012221022849684903,-0.0013476699283463522,0.00019345690520459319,0,0,0,0,0,0,0,0,0,0,0,0,-0.051768895148264493,-0.034945171651527829,0,0,0,0.004527756822858206,-0.018228460657728623,0,0,-0.0043396174977751844,0.033524019006720772,-0.020612157936991671,-0.028137333010908039,0.00065268565337472332,0.011740727357558867,0.00072186990879040934,0.0030014821546144213,-0.033098761781190568,0.0047512999181855836,0,0,0,0,0,0,0,0,0,0,0,0,0,0,0,0,0,0,0,0,0,0,0,0,0,0,0,0,0,0,0,2250,2250,400,400,400,500,300,300,500,3000,3000,40,60,60,750,750,40,60,60,500,500,45,45,45,45,45,45,30,30,30,30,12,12,4,7,7,4,7,7,4,12,12,2,4.5,4.5,7.5,7.5,2,4.5,4.5,5,5,3,3,3,3,3,3,3,3,3,3
107,2.1400000000000001,READY_TRANSITION,428,0,-0.24609999999999999,-0.24609999999999999,0,0.0055999999999999999,-0.0055999999999999999,0,-0.034799999999999998,0.034799999999999998,0,0.44679999999999997,0.44679999999999997,0,0.29669422511460641,0.29776852740471782,-0.18540000000000001,-0.18540000000000001,0,0.1202891262166076,-0.12116400373755559,-0.0077999999999999996,0.0077999999999999996,-0.00027711231802946191,0.002140722914261187,0.7986837819534931,0.79820325142070303,4.1678151229680888e-05,0.00074972049381611327,4.6096008195003751e-05,0.00019166382240270779,-0.0021135675219746851,0.00030340087223277418,0,0,0,0,0,0,0,0,0,0,0,0,-0.069132427599369328,-0.046665947616381098,0,0,0,0.0060463878907849461,-0.024342372636295545,0,0,-0.0057951457456197697,0.044768133648293892,-0.027525573264888803,-0.037574727674699604,0.00087159951062985082,0.015678622881284115,0.00096398849275595576,0.004008193475066619,-0.044200243136609654,0.0063449083982984678,0,0,0,0,0,0,0,0,0,0,0,0,0,0,0,0,0,0,0,0,0,0,0,0,0,0,0,0,0,0,0,2250,2250,400,400,400,500,300,300,500,3000,3000,40,60,60,750,750,40,60,60,500,500,45,45,45,45,45,45,30,30,30,30,12,12,4,7,7,4,7,7,4,12,12,2,4.5,4.5,7.5,7.5,2,4.5,4.5,5,5,3,3,3,3,3,3,3,3,3,3
108,2.1600000000000001,READY_TRANSITION,432,0,-0.24609999999999999,-0.24609999999999999,0,0.0055999999999999999,-0.0055999999999999999,0,-0.034799999999999998,0.034799999999999998,0,0.44679999999999997,0.44679999999999997,0,0.29512684811655493,0.29671051258553532,-0.18540000000000001,-0.18540000000000001,0,0.12042621050006765,-0.12171589633373683,-0.0077999999999999996,0.0077999999999999996,-0.00040850041559025541,0.0031557103139900999,0.79805971952878574,0.79735135360790421,6.1439138539298149e-05,0.0011051877284930108,6.7951647327019462e-05,0.0002825379674995138,-0.0031156796538107383,0.00044725324113653191,0,0,0,0,0,0,0,0,0,0,0,0,-0.08864745106754307,-0.059839028535452199,0,0,0,0.0077531904100043569,-0.031213850895691828,0,0,-0.0074310264625916632,0.057405490806294479,-0.035295620215244905,-0.048181496709795435,0.0011176386777101992,0.020104457530835972,0.0012361076517735199,0.0051396449869997012,-0.056677293517491158,0.0081359786759657368,0,0,0,0,0,0,0,0,0,0,0,0,0,0,0,0,0,0,0,0,0,0,0,0,0,0,0,0,0,0,0,2250,2250,400,400,400,500,300,300,500,3000,3000,40,60,60,750,750,40,60,60,500,500,45,45,45,45,45,45,30,30,30,30,12,12,4,7,7,4,7,7,4,12,12,2,4.5,4.5,7.5,7.5,2,4.5,4.5,5,5,3,3,3,3,3,3,3,3,3,3
109,2.1800000000000002,READY_TRANSITION,436,0,-0.24609999999999999,-0.24609999999999999,0,0.0055999999999999999,-0.0055999999999999999,0,-0.034799999999999998,0.034799999999999998,0,0.44679999999999997,0.44679999999999997,0,0.29314832707190469,0.29537496626329973,-0.18540000000000001,-0.18540000000000001,0,0.12059925383300778,-0.12241255777338327,-0.0077999999999999996,0.0077999999999999996,-0.00057435337653312846,0.0044369425465129661,0.7972719571448833,0.79627599155231121,8.6383698338088856e-05,0.0015538987950495522,9.554031426594455e-05,0.00039724962188269586,-0.0043806592626743314,0.00062884001927140368,0,0,0,0,0,0,0,0,0,0,0,0,-0.1101809085745975,-0.074374597947927945,0,0,0,0.0096365270906124956,-0.038796044447785699,0,0,-0.0092361059165297129,0.071349926681918099,-0.043869321195219579,-0.059885321236413658,0.0013891256148402232,0.024988055160876634,0.0015363720279407134,0.0063881222482868611,-0.07044484212578378,0.010112298908385133,0,0,0,0,0,0,0,0,0,0,0,0,0,0,0,0,0,0,0,0,0,0,0,0,0,0,0,0,0,0,0,2250,2250,400,400,400,500,300,300,500,3000,3000,40,60,60,750,750,40,60,60,500,500,45,45,45,45,45,45,30,30,30,30,12,12,4,7,7,4,7,7,4,12,12,2,4.5,4.5,7.5,7.5,2,4.5,4.5,5,5,3,3,3,3,3,3,3,3,3,3
110,2.2000000000000002,READY_TRANSITION,440,0,-0.24609999999999999,-0.24609999999999999,0,0.0055999999999999999,-0.0055999999999999999,0,-0.034799999999999998,0.034799999999999998,0,0.44679999999999997,0.44679999999999997,0,0.29071961177357103,0.29373552866761821,-0.18540000000000001,-0.18540000000000001,0,0.12081167158369215,-0.12326773811164826,-0.0077999999999999996,0.0077999999999999996,-0.00077794465225144397,0.0060097073812668241,0.79630494668097695,0.79495594075844767,0.00011700416313290708,0.0021047099349280761,0.000129406528444648,0.00053806285743098826,-0.0059334733388420897,0.00085174519747193724,0,0,0,0,0,0,0,0,0,0,0,0,-0.1336021623601219,-0.090184472419560513,0,0,0,0.011684972229794588,-0.047042954140592147,0,0,-0.011199433170402926,0.086516844090883796,-0.05319466184092736,-0.072615197263495301,0.0016844132829675644,0.030299788283256149,0.0018629599971351826,0.0077460510793853918,-0.085419364905218662,0.012261879286259852,0,0,0,0,0,0,0,0,0,0,0,0,0,0,0,0,0,0,0,0,0,0,0,0,0,0,0,0,0,0,0,2250,2250,400,400,400,500,300,300,500,3000,3000,40,60,60,750,750,40,60,60,500,500,45,45,45,45,45,45,30,30,30,30,12,12,4,7,7,4,7,7,4,12,12,2,4.5,4.5,7.5,7.5,2,4.5,4.5,5,5,3,3,3,3,3,3,3,3,3,3
111,2.2200000000000002,READY_TRANSITION,444,0,-0.24609999999999999,-0.24609999999999999,0,0.0055999999999999999,-0.0055999999999999999,0,-0.034799999999999998,0.034799999999999998,0,0.44679999999999997,0.44679999999999997,0,0.28780424057749981,0.29176758736651731,-0.18540000000000001,-0.18540000000000001,0,0.12106665272219956,-0.12429427593900695,-0.0077999999999999996,0.0077999999999999996,-0.0010223307033492455,0.0078976163101483182,0.79514417067124621,0.7933713836617714,0.00015376022965679143,0.0027658903263797982,0.00017005871415135186,0.00070709166505811152,-0.0077974338588830778,0.0011193151907217978,0,0,0,0,0,0,0,0,0,0,0,0,-0.15878299388149414,-0.10718210154265634,0,0,0,0.013887311711825376,-0.055909432658274305,0,0,-0.01331026008231055,0.10282321246343451,-0.063220591017448813,-0.086301435688698747,0.0020018851437630593,0.036010578067012619,0.0022140836690146236,0.0092059975633367319,-0.10151888454130986,0.014572952033798625,0,0,0,0,0,0,0,0,0,0,0,0,0,0,0,0,0,0,0,0,0,0,0,0,0,0,0,0,0,0,0,2250,2250,400,400,400,500,300,300,500,3000,3000,40,60,60,750,750,40,60,60,500,500,45,45,45,45,45,45,30,30,30,30,12,12,4,7,7,4,7,7,4,12,12,2,4.5,4.5,7.5,7.5,2,4.5,4.5,5,5,3,3,3,3,3,3,3,3,3,3
112,2.2400000000000002,READY_TRANSITION,448,0,-0.24609999999999999,-0.24609999999999999,0,0.0055999999999999999,-0.0055999999999999999,0,-0.034799999999999998,0.034799999999999998,0,0.44679999999999997,0.44679999999999997,0,0.28436829201831126,0.28944824460591195,-0.18540000000000001,-0.18540000000000001,0,0.12136716405216516,-0.12550411541797923,-0.0077999999999999996,0.0077999999999999996,-0.001310355055543866,0.010122635879804205,0.793776123040279,0.79150388333089972,0.00019707956888342945,0.0035451330576085809,0.00021796987520523295,0.00090630275996445757,-0.0099942287204944844,0.0014346632788238823,0,0,0,0,0,0,0,0,0,0,0,0,-0.1855976038138793,-0.12528256793608306,0,0,0,0.016232543008068423,-0.065351184521144148,0,0,-0.015558041305482027,0.1201875678443369,-0.073897020818827763,-0.10087566229841083,0.0023399551596207358,0.042091894338372092,0.0025879888870167771,0.010760668045766447,-0.11866297046135424,0.017033971408715664,0,0,0,0,0,0,0,0,0,0,0,0,0,0,0,0,0,0,0,0,0,0,0,0,0,0,0,0,0,0,0,2250,2250,400,400,400,500,300,300,500,3000,3000,40,60,60,750,750,40,60,60,500,500,45,45,45,45,45,45,30,30,30,30,12,12,4,7,7,4,7,7,4,12,12,2,4.5,4.5,7.5,7.5,2,4.5,4.5,5,5,3,3,3,3,3,3,3,3,3,3
113,2.2599999999999998,READY_TRANSITION,452,0,-0.24609999999999999,-0.24609999999999999,0,0.0055999999999999999,-0.0055999999999999999,0,-0.034799999999999998,0.034799999999999998,0,0.44679999999999997,0.44679999999999997,0,0.28038033642494464,0.28675628464907399,-0.18540000000000001,-0.18540000000000001,0,0.1217159544425223,-0.12690832331985272,-0.0077999999999999996,0.0077999999999999996,-0.0016446523555685266,0.012705119023921794,0.7921882898384931,0.78933635716983497,0.00024735843604162087,0.0044495660999146818,0.00027357826963202294,0.0011375183868887694,-0.012543952677337248,0.0018006740470704243,0,0,0,0,0,0,0,0,0,0,0,0,-0.21392261205022967,-0.14440258724527089,0,0,0,0.018709875176977156,-0.075324766085661105,0,0,-0.017932434288276983,0.13853001289288114,-0.08517482656805464,-0.11627081776774129,0.0026970677936578131,0.048515755580748506,0.0029829552283594206,0.012402909134884196,-0.13677273883443125,0.01963361370223066,0,0,0,0,0,0,0,0,0,0,0,0,0,0,0,0,0,0,0,0,0,0,0,0,0,0,0,0,0,0,0,2250,2250,400,400,400,500,300,300,500,3000,3000,40,60,60,750,750,40,60,60,500,500,45,45,45,45,45,45,30,30,30,30,12,12,4,7,7,4,7,7,4,12,12,2,4.5,4.5,7.5,7.5,2,4.5,4.5,5,5,3,3,3,3,3,3,3,3,3,3
114,2.2799999999999998,READY_TRANSITION,456,0,-0.24609999999999999,-0.24609999999999999,0,0.0055999999999999999,-0.0055999999999999999,0,-0.034799999999999998,0.034799999999999998,0,0.44679999999999997,0.44679999999999997,0,0.27581138753630208,0.28367214111610112,-0.18540000000000001,-0.18540000000000001,0,0.12211555905924425,-0.12851710606140568,-0.0077999999999999996,0.0077999999999999996,-0.0020276524270749453,0.015663836395519451,0.79036912997755682,0.78685305062019006,0.00030496228062974198,0.0054857632808385211,0.00033728808433960977,0.0014024191253598254,-0.015465138273871734,0.0022200078269131087,0,0,0,0,0,0,0,0,0,0,0,0,-0.24363705770127642,-0.16446050814220986,0,0,0,0.021308728864092782,-0.085787585544431361,0,0,-0.020423299274185246,0.15777221688288126,-0.097005846817091457,-0.13242115766051721,0.003071698009714699,0.055254728934743792,0.0033972960040403789,0.01412570770148378,-0.15577085257140313,0.022360777239068808,0,0,0,0,0,0,0,0,0,0,0,0,0,0,0,0,0,0,0,0,0,0,0,0,0,0,0,0,0,0,0,2250,2250,400,400,400,500,300,300,500,3000,3000,40,60,60,750,750,40,60,60,500,500,45,45,45,45,45,45,30,30,30,30,12,12,4,7,7,4,7,7,4,12,12,2,4.5,4.5,7.5,7.5,2,4.5,4.5,5,5,3,3,3,3,3,3,3,3,3,3
115,2.2999999999999998,READY_TRANSITION,460,0,-0.24609999999999999,-0.24609999999999999,0,0.0055999999999999999,-0.0055999999999999999,0,-0.034799999999999998,0.034799999999999998,0,0.44679999999999997,0.44679999999999997,0,0.27063485411689359,0.28017786432338559,-0.18540000000000001,-0.18540000000000001,0,0.12256830359708601,-0.13033982674162997,-0.0077999999999999996,0.0077999999999999996,-0.0024615843265359365,0.019016007699237045,0.78830805596580944,0.78403951086341428,0.00037022635643020884,0.0066597552573044337,0.0004094701097936381,0.0017025466949481206,-0.018774786780193373,0.0026951051366331767,0,0,0,0,0,0,0,0,0,0,0,0,-0.27462239909553654,-0.18537631232544982,0,0,0,0.024018736302046373,-0.096697902926209944,0,0,-0.023020699301826923,0.17783741570267536,-0.10934288334686348,-0.14926225242929969,0.0034623512723550029,0.062281930198148011,0.0038293582588375254,0.015922190878943164,-0.17558152132491536,0.025204582377460854,0,0,0,0,0,0,0,0,0,0,0,0,0,0,0,0,0,0,0,0,0,0,0,0,0,0,0,0,0,0,0,2250,2250,400,400,400,500,300,300,500,3000,3000,40,60,60,750,750,40,60,60,500,500,45,45,45,45,45,45,30,30,30,30,12,12,4,7,7,4,7,7,4,12,12,2,4.5,4.5,7.5,7.5,2,4.5,4.5,5,5,3,3,3,3,3,3,3,3,3,3
116,2.3199999999999998,READY_TRANSITION,464,0,-0.24609999999999999,-0.24609999999999999,0,0.0055999999999999999,-0.0055999999999999999,0,-0.034799999999999998,0.034799999999999998,0,0.44679999999999997,0.44679999999999997,0,0.26482649157248062,0.27625708862308312,-0.18540000000000001,-0.18540000000000001,0,0.1230763085113261,-0.13238502217845408,-0.0077999999999999996,0.0077999999999999996,-0.0029484803991480222,0.022777333023626466,0.78599541464368228,0.78088256052301808,0.00044345633152394209,0.0079770404887644416,0.00049046241469311079,0.002039306760517552,-0.022488399126868348,0.0032281911220115428,0,0,0,0,0,0,0,0,0,0,0,0,-0.30676251377932118,-0.20707161452009765,0,0,0,0.026829741310559208,-0.10801483009590038,0,0,-0.025714900204952259,0.19865041185512505,-0.1221397011672537,-0.16673098741536718,0.0038675635468655226,0.06957102382593898,0.0042775227713087761,0.017785626063224393,-0.19613050148939568,0.028154371509143006,0,0,0,0,0,0,0,0,0,0,0,0,0,0,0,0,0,0,0,0,0,0,0,0,0,0,0,0,0,0,0,2250,2250,400,400,400,500,300,300,500,3000,3000,40,60,60,750,750,40,60,60,500,500,45,45,45,45,45,45,30,30,30,30,12,12,4,7,7,4,7,7,4,12,12,2,4.5,4.5,7.5,7.5,2,4.5,4.5,5,5,3,3,3,3,3,3,3,3,3,3
117,2.3399999999999999,READY_TRANSITION,468,0,-0.24609999999999999,-0.24609999999999999,0,0.0055999999999999999,-0.0055999999999999999,0,-0.034799999999999998,0.034799999999999998,0,0.44679999999999997,0.44679999999999997,0,0.25836435356572074,0.27189499974258169,-0.18540000000000001,-0.18540000000000001,0,0.12364149324950838,-0.13466041994546599,-0.0077999999999999996,0.0077999999999999996,-0.0034901803347340268,0.026962024173442047,0.78342246791911929,0.77737027136679959,0.00052492889830482975,0.0094425962103419931,0.00058057102064598915,0.0024139717374770963,-0.0266200068397692,0.003821279996998897,0,0,0,0,0,0,0,0,0,0,0,0,-0.33994369851671896,-0.22946966247782419,0,0,0,0.029731799296440348,-0.11969833075455294,0,0,-0.028496370612441559,0.22013757445761423,-0.13535102851710279,-0.18476556284871826,0.0042859012992562187,0.077096222930282246,0.0047402040537920615,0.019709420912873536,-0.21734509620105349,0.031199709059356796,0,0,0,0,0,0,0,0,0,0,0,0,0,0,0,0,0,0,0,0,0,0,0,0,0,0,0,0,0,0,0,2250,2250,400,400,400,500,300,300,500,3000,3000,40,60,60,750,750,40,60,60,500,500,45,45,45,45,45,45,30,30,30,30,12,12,4,7,7,4,7,7,4,12,12,2,4.5,4.5,7.5,7.5,2,4.5,4.5,5,5,3,3,3,3,3,3,3,3,3,3
118,2.3599999999999999,READY_TRANSITION,472,0,-0.24609999999999999,-0.24609999999999999,0,0.0055999999999999999,-0.0055999999999999999,0,-0.034799999999999998,0.034799999999999998,0,0.44679999999999997,0.44679999999999997,0,0.25122874363181186,0.26707830212397016,-0.18540000000000001,-0.18540000000000001,0,0.12426558048318372,-0.13717295540863619,-0.0077999999999999996,0.0077999999999999996,-0.0040883352236456847,0.031582836001931035,0.78058137350299817,0.77349193800906935,0.00061489238349419085,0.011060889405975731,0.00068007057684479324,0.0028276835970324934,-0.031182202974910488,0.0044761794843858147,0,0,0,0,0,0,0,0,0,0,0,0,-0.37405466928960363,-0.2524953369768615,0,0,0,0.032715177253588371,-0.13170922043936606,0,0,-0.031355781948305662,0.24222683924205335,-0.14893255686421469,-0.20330549384808272,0.0047159614962603014,0.084832289280531992,0.0052158503524054088,0.021687123349021044,-0.23915415533788381,0.034330381486849589,0,0,0,0,0,0,0,0,0,0,0,0,0,0,0,0,0,0,0,0,0,0,0,0,0,0,0,0,0,0,0,2250,2250,400,400,400,500,300,300,500,3000,3000,40,60,60,750,750,40,60,60,500,500,45,45,45,45,45,45,30,30,30,30,12,12,4,7,7,4,7,7,4,12,12,2,4.5,4.5,7.5,7.5,2,4.5,4.5,5,5,3,3,3,3,3,3,3,3,3,3
119,2.3799999999999999,READY_TRANSITION,476,0,-0.24609999999999999,-0.24609999999999999,0,0.0055999999999999999,-0.0055999999999999999,0,-0.034799999999999998,0.034799999999999998,0,0.44679999999999997,0.44679999999999997,0,0.24340216679413659,0.26179518626350723,-0.18540000000000001,-0.18540000000000001,0,0.12495010033965191,-0.13992878876304063,-0.0077999999999999996,0.0077999999999999996,-0.0047444116126662533,0.036651097743124181,0.7774651656445507,0.76923805161287628,0.00071356735815524181,0.012835887781563273,0.00078920503474220549,0.0032814566714379381,-0.036186173053284552,0.0051944952564728806,0,0,0,0,0,0,0,0,0,0,0,0,-0.40898656129763689,-0.27607515182199865,0,0,0,0.035770353762991022,-0.14400916652368631,0,0,-0.034284008431685477,0.26484770855487538,-0.16284094090535384,-0.22229161042090495,0.0051563716053341455,0.092754533303230149,0.0057029436470468703,0.023712421555381353,-0.26148807551966263,0.037536397283874132,0,0,0,0,0,0,0,0,0,0,0,0,0,0,0,0,0,0,0,0,0,0,0,0,0,0,0,0,0,0,0,2250,2250,400,400,400,500,300,300,500,3000,3000,40,60,60,750,750,40,60,60,500,500,45,45,45,45,45,45,30,30,30,30,12,12,4,7,7,4,7,7,4,12,12,2,4.5,4.5,7.5,7.5,2,4.5,4.5,5,5,3,3,3,3,3,3,3,3,3,3
120,2.3999999999999999,READY_TRANSITION,480,0,-0.24609999999999999,-0.24609999999999999,0,0.0055999999999999999,-0.0055999999999999999,0,-0.034799999999999998,0.034799999999999998,0,0.44679999999999997,0.44679999999999997,0,0.23486928117990638,0.25603529605109021,-0.18540000000000001,-0.18540000000000001,0,0.12569639463370336,-0.14293332206958365,-0.0077999999999999996,0.0077999999999999996,-0.0054596955609131038,0.042176744344126049,0.77406773586678401,0.76460027359223315,0.00082114724770755666,0.014771070738104937,0.00090818832272666807,0.0037761804592477475,-0.041641725995696995,0.0059776353757407799,0,0,0,0,0,0,0,0,0,0,0,0,-0.44463292895826484,-0.30013725384458595,0,0,0,0.038888018992725218,-0.15656068821700633,0,0,-0.037272127076851777,0.28793125135703446,-0.17703379856624513,-0.24166605746335779,0.0056057895946572634,0.10083881408210568,0.0061999996513944847,0.025779143978252803,-0.28427880010794671,0.040807986976188294,0,0,0,0,0,0,0,0,0,0,0,0,0,0,0,0,0,0,0,0,0,0,0,0,0,0,0,0,0,0,0,2250,2250,400,400,400,500,300,300,500,3000,3000,40,60,60,750,750,40,60,60,500,500,45,45,45,45,45,45,30,30,30,30,12,12,4,7,7,4,7,7,4,12,12,2,4.5,4.5,7.5,7.5,2,4.5,4.5,5,5,3,3,3,3,3,3,3,3,3,3
121,2.4199999999999999,READY_TRANSITION,484,0,-0.24609999999999999,-0.24609999999999999,0,0.0055999999999999999,-0.0055999999999999999,0,-0.034799999999999998,0.034799999999999998,0,0.44679999999999997,0.44679999999999997,0,0.225616849635806,0.24978969610972379,-0.18540000000000001,-0.18540000000000001,0,0.12650562109936092,-0.14619121629172088,-0.0077999999999999996,0.0077999999999999996,-0.0062352966957403243,0.048168347797405558,0.7703838137019009,0.75957140931434197,0.00093779894194153236,0.016869440344847501,0.0010372050207979849,0.0043126224305680503,-0.04755732505760242,0.0068268147355204124,0,0,0,0,0,0,0,0,0,0,0,0,-0.48088974590671935,-0.32461142290253275,0,0,0,0.042059074697958082,-0.16932715656496969,0,0,-0.040311417693205946,0.31141010322401141,-0.19146971100157673,-0.26137229476033974,0.0060629039331324365,0.10906153935807653,0.0067055678129063941,0.027881259326518148,-0.30745981920607884,0.044135603123055887,0,0,0,0,0,0,0,0,0,0,0,0,0,0,0,0,0,0,0,0,0,0,0,0,0,0,0,0,0,0,0,2250,2250,400,400,400,500,300,300,500,3000,3000,40,60,60,750,750,40,60,60,500,500,45,45,45,45,45,45,30,30,30,30,12,12,4,7,7,4,7,7,4,12,12,2,4.5,4.5,7.5,7.5,2,4.5,4.5,5,5,3,3,3,3,3,3,3,3,3,3
122,2.4399999999999999,READY_TRANSITION,488,0,-0.24609999999999999,-0.24609999999999999,0,0.0055999999999999999,-0.0055999999999999999,0,-0.034799999999999998,0.034799999999999998,0,0.44679999999999997,0.44679999999999997,0,0.21563369134363761,0.2430508391349889,-0.18540000000000001,-0.18540000000000001,0,0.12737875762162168,-0.14970640833218243,-0.0077999999999999996,0.0077999999999999996,-0.0070721522686413418,0.054633148473086507,0.76640894742672094,0.75414538180181956,0.0010636634050328541,0.019133532312427998,0.0011764110352429239,0.0048914308323084734,-0.053940118763940149,0.0077430595006630154,0,0,0,0,0,0,0,0,0,0,0,0,-0.51765540499601881,-0.34942907188031253,0,0,0,0.045274634220943827,-0.18227279444936739,0,0,-0.043393362885279674,0.33521846634581193,-0.20610822259499173,-0.28135509698546946,0.0065264335903856396,0.11739966552924887,0.0072182313128208156,0.030012876571644337,-0.33096616965918452,0.047509920317246289,0,0,0,0,0,0,0,0,0,0,0,0,0,0,0,0,0,0,0,0,0,0,0,0,0,0,0,0,0,0,0,2250,2250,400,400,400,500,300,300,500,3000,3000,40,60,60,750,750,40,60,60,500,500,45,45,45,45,45,45,30,30,30,30,12,12,4,7,7,4,7,7,4,12,12,2,4.5,4.5,7.5,7.5,2,4.5,4.5,5,5,3,3,3,3,3,3,3,3,3,3
123,2.46,READY_TRANSITION,492,0,-0.24609999999999999,-0.24609999999999999,0,0.0055999999999999999,-0.0055999999999999999,0,-0.034799999999999998,0.034799999999999998,0,0.44679999999999997,0.44679999999999997,0,0.20491063343596524,0.23581253323451129,-0.18540000000000001,-0.18540000000000001,0,0.12831660646819867,-0.15348212806969558,-0.0077999999999999996,0.0077999999999999996,-0.0079710312111515112,0.061577086451238036,0.76213948479810123,0.74831720543492319,0.001198856285556958,0.021565426966017456,0.0013259342733108175,0.0055131374934338237,-0.060795971843969801,0.008727211548210264,0,0,0,0,0,0,0,0,0,0,0,0,-0.55483071829696351,-0.37452324668895626,0,0,0,0.048526022491026527,-0.19536267658813514,0,0,-0.046509648052734484,0.35929210952696244,-0.22090984095910204,-0.30156055370108847,0.0069951280367659867,0.12583069765091606,0.0077366070661559492,0.032168244947682209,-0.35473443505417024,0.050921835185033994,0,0,0,0,0,0,0,0,0,0,0,0,0,0,0,0,0,0,0,0,0,0,0,0,0,0,0,0,0,0,0,2250,2250,400,400,400,500,300,300,500,3000,3000,40,60,60,750,750,40,60,60,500,500,45,45,45,45,45,45,30,30,30,30,12,12,4,7,7,4,7,7,4,12,12,2,4.5,4.5,7.5,7.5,2,4.5,4.5,5,5,3,3,3,3,3,3,3,3,3,3
124,2.48,READY_TRANSITION,496,0,-0.24609999999999999,-0.24609999999999999,0,0.0055999999999999999,-0.0055999999999999999,0,-0.034799999999999998,0.034799999999999998,0,0.44679999999999997,0.44679999999999997,0,0.19344046261175907,0.22806990926743065,-0.18540000000000001,-0.18540000000000001,0,0.12931979852126274,-0.15752091539570784,-0.0077999999999999996,0.0077999999999999996,-0.0089325381907507211,0.069004832854165005,0.75757255378835686,0.74208295965377602,0.0013434685265034936,0.024166760218464641,0.0014858753178891618,0.0061781606302157618,-0.068129496166106959,0.0097799329080643753,0,0,0,0,0,0,0,0,0,0,0,0,-0.59231891709814188,-0.39982862626605425,0,0,0,0.051804776024641508,-0.20856272953535884,0,0,-0.049652161390362125,0.3835683681865133,-0.2358360369354745,-0.32193606935826125,0.0074677672433457864,0.13433268943555937,0.0082593457217100177,0.034341753951266735,-0.37870274571972506,0.054362466386199133,0,0,0,0,0,0,0,0,0,0,0,0,0,0,0,0,0,0,0,0,0,0,0,0,0,0,0,0,0,0,0,2250,2250,400,400,400,500,300,300,500,3000,3000,40,60,60,750,750,40,60,60,500,500,45,45,45,45,45,45,30,30,30,30,12,12,4,7,7,4,7,7,4,12,12,2,4.5,4.5,7.5,7.5,2,4.5,4.5,5,5,3,3,3,3,3,3,3,3,3,3
125,2.5,READY_TRANSITION,500,0,-0.24609999999999999,-0.24609999999999999,0,0.0055999999999999999,-0.0055999999999999999,0,-0.034799999999999998,0.034799999999999998,0,0.44679999999999997,0.44679999999999997,0,0.18121787675203957,0.21981938818386912,-0.18540000000000001,-0.18540000000000001,0,0.13038879750918433,-0.16182463725110993,-0.0077999999999999996,0.0077999999999999996,-0.0099571176667659963,0.076919821178698569,0.75270604332068225,0.73543976266059274,0.0014975669752907894,0.02693873454343983,0.0016563081021792182,0.0068868076514844931,-0.075944081672758804,0.010901710203658229,0,0,0,0,0,0,0,0,0,0,0,0,-0.63002565190592652,-0.42528152257575791,0,0,0,0.055102642925310141,-0.22183973168127258,0,0,-0.052812993888084761,0.40798614435803987,-0.25084924459463365,-0.34243036329677512,0.007943161681920571,0.14288424325284832,0.0087851316620613414,0.03652793334161708,-0.40281077872632126,0.057823154614027344,0,0,0,0,0,0,0,0,0,0,0,0,0,0,0,0,0,0,0,0,0,0,0,0,0,0,0,0,0,0,0,2250,2250,400,400,400,500,300,300,500,3000,3000,40,60,60,750,750,40,60,60,500,500,45,45,45,45,45,45,30,30,30,30,12,12,4,7,7,4,7,7,4,12,12,2,4.5,4.5,7.5,7.5,2,4.5,4.5,5,5,3,3,3,3,3,3,3,3,3,3
126,2.52,READY_TRANSITION,504,0,-0.24609999999999999,-0.24609999999999999,0,0.0055999999999999999,-0.0055999999999999999,0,-0.034799999999999998,0.034799999999999998,0,0.44679999999999997,0.44679999999999997,0,0.16823943653552201,0.21105864836440033,-0.18540000000000001,-0.18540000000000001,0,0.13152390423827515,-0.16639450466295874,-0.0077999999999999996,0.0077999999999999996,-0.011045057946274112,0.085324278628486599,0.74753858400457152,0.72838574512190501,0.0016611949937803165,0.029882129948578574,0.0018372805843716155,0.007639277963880445,-0.084241927315159809,0.012092859092625469,0,0,0,0,0,0,0,0,0,0,0,0,-0.66785899244447489,-0.45081988060877848,0,0,0,0.058411582883644703,-0.23516131325225786,0,0,-0.05598443933095467,0.43248590668964088,-0.26591286123607838,-0.3629934697451459,0.0084201523250090615,0.15146451012964046,0.009312683003568278,0.03872145314053653,-0.42699975788621469,0.061295462595309769,0,0,0,0,0,0,0,0,0,0,0,0,0,0,0,0,0,0,0,0,0,0,0,0,0,0,0,0,0,0,0,2250,2250,400,400,400,500,300,300,500,3000,3000,40,60,60,750,750,40,60,60,500,500,45,45,45,45,45,45,30,30,30,30,12,12,4,7,7,4,7,7,4,12,12,2,4.5,4.5,7.5,7.5,2,4.5,4.5,5,5,3,3,3,3,3,3,3,3,3,3
127,2.54,READY_TRANSITION,508,0,-0.24609999999999999,-0.24609999999999999,0,0.0055999999999999999,-0.0055999999999999999,0,-0.034799999999999998,0.034799999999999998,0,0.44679999999999997,0.44679999999999997,0,0.15450351705426058,0.20178659295951798,-0.18540000000000001,-0.18540000000000001,0,0.13272526082453012,-0.17123108978120025,-0.0077999999999999996,0.0077999999999999996,-0.012196495240004183,0.094219257446284205,0.74206952887123911,0.72092002387078691,0.0018343730682911518,0.032997314948625449,0.0020288154223219493,0.0084356657771059544,-0.093024071988207391,0.01335352870747062,0,0,0,0,0,0,0,0,0,0,0,0,-0.70572942765573521,-0.47638327838239108,0,0,0,0.061723767177346289,-0.24849595631084506,0,0,-0.059158994299154596,0.4570096904439408,-0.28099124738825698,-0.38357673782060953,0.0088976106458531871,0.16005318974998189,0.0098407515963692457,0.04091712363241274,-0.45121245375344537,0.064771175090343497,0,0,0,0,0,0,0,0,0,0,0,0,0,0,0,0,0,0,0,0,0,0,0,0,0,0,0,0,0,0,0,2250,2250,400,400,400,500,300,300,500,3000,3000,40,60,60,750,750,40,60,60,500,500,45,45,45,45,45,45,30,30,30,30,12,12,4,7,7,4,7,7,4,12,12,2,4.5,4.5,7.5,7.5,2,4.5,4.5,5,5,3,3,3,3,3,3,3,3,3,3
128,2.5600000000000001,READY_TRANSITION,512,0,-0.24609999999999999,-0.24609999999999999,0,0.0055999999999999999,-0.0055999999999999999,0,-0.034799999999999998,0.034799999999999998,0,0.44679999999999997,0.44679999999999997,0,0.1400102594292926,0.19200331722910469,-0.18540000000000001,-0.18540000000000001,0,0.133992854925369,-0.17633434291539254,-0.0077999999999999996,0.0077999999999999996,-0.013411417718240295,0.10360466624624423,0.73629893410904124,0.71304267560908063,0.0020170994196144439,0.036284257538577849,0.0022309106482263853,0.0092759629091769547,-0.10229042546529762,0.014683706096239209,0,0,0,0,0,0,0,0,0,0,0,0,-0.74354986569943016,-0.50191292694042533,0,0,0,0.065031578671205514,-0.26181299475570852,0,0,-0.062329358167996896,0.48150109749808268,-0.29604972680857822,-0.40413283152912483,0.0093744386184180049,0.16863053045510534,0.010368123024382638,0.043109895364216999,-0.47539318362383209,0.068242298892930153,0,0,0,0,0,0,0,0,0,0,0,0,0,0,0,0,0,0,0,0,0,0,0,0,0,0,0,0,0,0,0,2250,2250,400,400,400,500,300,300,500,3000,3000,40,60,60,750,750,40,60,60,500,500,45,45,45,45,45,45,30,30,30,30,12,12,4,7,7,4,7,7,4,12,12,2,4.5,4.5,7.5,7.5,2,4.5,4.5,5,5,3,3,3,3,3,3,3,3,3,3
129,2.5800000000000001,READY_TRANSITION,516,0,-0.24609999999999999,-0.24609999999999999,0,0.0055999999999999999,-0.0055999999999999999,0,-0.034799999999999998,0.034799999999999998,0,0.44679999999999997,0.44679999999999997,0,0.12476152242628337,0.18171007588190097,-0.18540000000000001,-0.18540000000000001,0,0.13532652397137834,-0.18170360957142859,-0.0077999999999999996,0.0077999999999999996,-0.014689669566724059,0.11347930134620751,0.73022753979889599,0.70475471060962191,0.0022093506130278721,0.039742536166829663,0.0024435403432972549,0.010160061591674634,-0.11203979933316068,0.016083220663187826,0,0,0,0,0,0,0,0,0,0,0,0,-0.78123563395307227,-0.52735167035327235,0,0,0,0.068327611817101813,-0.27508261432167347,0,0,-0.065488433107924265,0.5059052963437356,-0.31105458648341133,-0.42461572976537076,0.0098495687173917688,0.17717732924343155,0.010893616605306898,0.045294859145504761,-0.49948781153497657,0.071701062830377152,0,0,0,0,0,0,0,0,0,0,0,0,0,0,0,0,0,0,0,0,0,0,0,0,0,0,0,0,0,0,0,2250,2250,400,400,400,500,300,300,500,3000,3000,40,60,60,750,750,40,60,60,500,500,45,45,45,45,45,45,30,30,30,30,12,12,4,7,7,4,7,7,4,12,12,2,4.5,4.5,7.5,7.5,2,4.5,4.5,5,5,3,3,3,3,3,3,3,3,3,3
130,2.6000000000000001,READY_TRANSITION,520,0,-0.24609999999999999,-0.24609999999999999,0,0.0055999999999999999,-0.0055999999999999999,0,-0.034799999999999998,0.034799999999999998,0,0.44679999999999997,0.44679999999999997,0,0.10876083407116971,0.17090925041497379,-0.18540000000000001,-0.18540000000000001,0,0.13672595939805307,-0.18733764748825948,-0.0077999999999999996,0.0077999999999999996,-0.016030955042557266,0.12384087809999365,0.72385675064970478,0.6960580464184658,0.0024110821683101147,0.043371350708315111,0.0026666553124386613,0.011087757274997145,-0.12226993792669669,0.017551748609454295,0,0,0,0,0,0,0,0,0,0,0,0,-0.8187044790119693,-0.55264398571788909,0,0,0,0.071604672654002749,-0.28827585257971478,0,0,-0.068629324084510349,0.53016902208709715,-0.32597307662809438,-0.44498072631275476,0.010321963918186053,0.18567493177057121,0.011416085390620624,0.047467246048416317,-0.52344374826626994,0.075139917763498376,0,0,0,0,0,0,0,0,0,0,0,0,0,0,0,0,0,0,0,0,0,0,0,0,0,0,0,0,0,0,0,2250,2250,400,400,400,500,300,300,500,3000,3000,40,60,60,750,750,40,60,60,500,500,45,45,45,45,45,45,30,30,30,30,12,12,4,7,7,4,7,7,4,12,12,2,4.5,4.5,7.5,7.5,2,4.5,4.5,5,5,3,3,3,3,3,3,3,3,3,3
131,2.6200000000000001,READY_TRANSITION,524,0,-0.24609999999999999,-0.24609999999999999,0,0.0055999999999999999,-0.0055999999999999999,0,-0.034799999999999998,0.034799999999999998,0,0.44679999999999997,0.44679999999999997,0,0.092013343265804598,0.1596043164531854,-0.18540000000000001,-0.18540000000000001,0,0.13819071087753845,-0.19323464367461718,-0.0077999999999999996,0.0077999999999999996,-0.017434842530104473,0.1346860622296914,0.71718861673377221,0.68695548155711172,0.0026222291697553142,0.047169533437652511,0.0029001837589220799,0.012058751433611287,-0.13297754926381147,0.019088817373727762,0,0,0,0,0,0,0,0,0,0,0,0,-0.85587656668920131,-0.57773598315778574,0,0,0,0.074855778807966789,-0.30136459893695189,0,0,-0.071745338858458185,0.55424057644888303,-0.3407734106869259,-0.46518442984340713,0.01079061769693548,0.19410523234932117,0.011934416165582367,0.049622427407675432,-0.5472099513388784,0.078551536586612083,0,0,0,0,0,0,0,0,0,0,0,0,0,0,0,0,0,0,0,0,0,0,0,0,0,0,0,0,0,0,0,2250,2250,400,400,400,500,300,300,500,3000,3000,40,60,60,750,750,40,60,60,500,500,45,45,45,45,45,45,30,30,30,30,12,12,4,7,7,4,7,7,4,12,12,2,4.5,4.5,7.5,7.5,2,4.5,4.5,5,5,3,3,3,3,3,3,3,3,3,3
132,2.6400000000000001,READY_TRANSITION,528,0,-0.24609999999999999,-0.24609999999999999,0,0.0055999999999999999,-0.0055999999999999999,0,-0.034799999999999998,0.034799999999999998,0,0.44679999999999997,0.44679999999999997,0,0.074525771403601657,0.14779981108866236,-0.18540000000000001,-0.18540000000000001,0,0.13972019055037174,-0.19939223144573756,-0.0077999999999999996,0.0077999999999999996,-0.018900768596895594,0.14601050115794897,0.71022581422222775,0.67745066922472952,0.002842706876187534,0.051135560002287958,0.003144031959061956,0.013072654371304162,-0.14415833598025182,0.020693810072918779,0,0,0,0,0,0,0,0,0,0,0,0,-0.89267448201563648,-0.60257540582303448,0,0,0,0.078074159492141221,-0.31432159463665382,0,0,-0.074829987985601268,0.57806982776433191,-0.35542476533315381,-0.48518476391818111,0.011254554030497884,0.20245067394966623,0.012447529449230693,0.051755914820589839,-0.57073692501575302,0.081928814227542363,0,0,0,0,0,0,0,0,0,0,0,0,0,0,0,0,0,0,0,0,0,0,0,0,0,0,0,0,0,0,0,2250,2250,400,400,400,500,300,300,500,3000,3000,40,60,60,750,750,40,60,60,500,500,45,45,45,45,45,45,30,30,30,30,12,12,4,7,7,4,7,7,4,12,12,2,4.5,4.5,7.5,7.5,2,4.5,4.5,5,5,3,3,3,3,3,3,3,3,3,3
133,2.6600000000000001,READY_TRANSITION,532,0,-0.24609999999999999,-0.24609999999999999,0,0.0055999999999999999,-0.0055999999999999999,0,-0.034799999999999998,0.034799999999999998,0,0.44679999999999997,0.44679999999999997,0,0.056306363985179138,0.13550130022026402,-0.18540000000000001,-0.18540000000000001,0,0.1413136772572241,-0.20580750746008333,-0.0077999999999999996,0.0077999999999999996,-0.020428042049528524,0.15780885534026468,0.70297162612044606,0.66754809100038448,0.0030724113309752296,0.055267560395639161,0.0033980849368913076,0.014128988026434881,-0.15580702626444159,0.022365969942829456,0,0,0,0,0,0,0,0,0,0,0,0,-0.92902322923993697,-0.62711162989027291,0,0,0,0.081253255506762156,-0.32712043275823705,0,0,-0.077876984816903527,0.60160821098321282,-0.36989728046899484,-0.50494096698665281,0.011712827396454396,0.21069424819878044,0.012954379494384315,0.053863360147052154,-0.59397672030163318,0.085264867647619202,0,0,0,0,0,0,0,0,0,0,0,0,0,0,0,0,0,0,0,0,0,0,0,0,0,0,0,0,0,0,0,2250,2250,400,400,400,500,300,300,500,3000,3000,40,60,60,750,750,40,60,60,500,500,45,45,45,45,45,45,30,30,30,30,12,12,4,7,7,4,7,7,4,12,12,2,4.5,4.5,7.5,7.5,2,4.5,4.5,5,5,3,3,3,3,3,3,3,3,3,3
134,2.6800000000000002,READY_TRANSITION,536,0,-0.24609999999999999,-0.24609999999999999,0,0.0055999999999999999,-0.0055999999999999999,0,-0.034799999999999998,0.034799999999999998,0,0.44679999999999997,0.44679999999999997,0,0.037364842234004179,0.12271534589305144,-0.18540000000000001,-0.18540000000000001,0,0.14297032077064223,-0.21247704875606704,-0.0077999999999999996,0.0077999999999999996,-0.022015847989571735,0.17007482959727749,0.69542992300346795,0.65725303054526341,0.0033112199720457098,0.059563329930239176,0.0036622071388373286,0.015227188777186249,-0.16791740479231715,0.024104404778823547,0,0,0,0,0,0,0,0,0,0,0,0,-0.96485023182853424,-0.6512956645626885,0,0,0,0.084386719239153835,-0.33973555821726409,0,0,-0.080880245498458209,0.6248087276698101,-0.38416205922562341,-0.52441359238711571,0.012164522773109166,0.21881949538102349,0.013453954287641822,0.055940555509538178,-0.61688293494302904,0.088553035841677008,0,0,0,0,0,0,0,0,0,0,0,0,0,0,0,0,0,0,0,0,0,0,0,0,0,0,0,0,0,0,0,2250,2250,400,400,400,500,300,300,500,3000,3000,40,60,60,750,750,40,60,60,500,500,45,45,45,45,45,45,30,30,30,30,12,12,4,7,7,4,7,7,4,12,12,2,4.5,4.5,7.5,7.5,2,4.5,4.5,5,5,3,3,3,3,3,3,3,3,3,3
135,2.7000000000000002,READY_TRANSITION,540,0,-0.24609999999999999,-0.24609999999999999,0,0.0055999999999999999,-0.0055999999999999999,0,-0.034799999999999998,0.034799999999999998,0,0.44679999999999997,0.44679999999999997,0,0.017712354712037765,0.10944947363775648,-0.18540000000000001,-0.18540000000000001,0,0.14468914602679026,-0.2193969297887739,-0.0077999999999999996,0.0077999999999999996,-0.023663251869466852,0.18280120444705708,0.68760514375142112,0.64657154730489985,0.0035589922418995962,0.0640203402108801,0.0039362431083969805,0.016366610246816408,-0.18048234366216276,0.025908091376496536,0,0,0,0,0,0,0,0,0,0,0,0,-1.0000853324656538,-0.67508015207003447,0,0,0,0.087468414663730704,-0.35214226776544705,0,0,-0.083833888971489468,0.64762594600293322,-0.39819116796317999,-0.54356450834659731,0.012608755639489619,0.22681050443794473,0.01394527554938196,0.05798343329310824,-0.63941071342824141,0.091786879838056348,0,0,0,0,0,0,0,0,0,0,0,0,0,0,0,0,0,0,0,0,0,0,0,0,0,0,0,0,0,0,0,2250,2250,400,400,400,500,300,300,500,3000,3000,40,60,60,750,750,40,60,60,500,500,45,45,45,45,45,45,30,30,30,30,12,12,4,7,7,4,7,7,4,12,12,2,4.5,4.5,7.5,7.5,2,4.5,4.5,5,5,3,3,3,3,3,3,3,3,3,3
136,2.7200000000000002,READY_TRANSITION,544,0,-0.24609999999999999,-0.24609999999999999,0,0.0055999999999999999,-0.0055999999999999999,0,-0.034799999999999998,0.034799999999999998,0,0.44679999999999997,0.44679999999999997,0,-0.0026385710646219702,0.095712139810250063,-0.18540000000000001,-0.18540000000000001,0,0.14646905735719146,-0.22656273946668493,-0.0077999999999999996,0.0077999999999999996,-0.025369203548431314,0.19597986743739482,0.67950227628494075,0.63551045021139951,0.0038155701976252945,0.068635750107756965,0.004220018160812607,0.017546526108910578,-0.19349383332944681,0.027775879972345801,0,0,0,0,0,0,0,0,0,0,0,0,-1.0346607930533209,-0.69841936766863522,0,0,0,0.090492417341997422,-0.36431670999065091,0,0,-0.08673223697235298,0.67001600077592827,-0.41195763627076554,-0.56235689798085076,0.013044671975346558,0.23465191296828355,0.014427398733763731,0.059988066145407692,-0.66151674698736307,0.094960182698604692,0,0,0,0,0,0,0,0,0,0,0,0,0,0,0,0,0,0,0,0,0,0,0,0,0,0,0,0,0,0,0,2250,2250,400,400,400,500,300,300,500,3000,3000,40,60,60,750,750,40,60,60,500,500,45,45,45,45,45,45,30,30,30,30,12,12,4,7,7,4,7,7,4,12,12,2,4.5,4.5,7.5,7.5,2,4.5,4.5,5,5,3,3,3,3,3,3,3,3,3,3
137,2.7400000000000002,READY_TRANSITION,548,0,-0.24609999999999999,-0.24609999999999999,0,0.0055999999999999999,-0.0055999999999999999,0,-0.034799999999999998,0.034799999999999998,0,0.44679999999999997,0.44679999999999997,0,-0.023674077010095069,0.081512698931011068,-0.18540000000000001,-0.18540000000000001,0,0.14830884272047015,-0.23396959818839994,-0.0077999999999999996,0.0077999999999999996,-0.027132541348360972,0.20960184447809421,0.6711268383005905,0.62407727138566582,0.0040807791209134586,0.073406416729611443,0.0045133390577475297,0.018766132892632716,-0.20694301354165728,0.029706498684440724,0,0,0,0,0,0,0,0,0,0,0,0,-1.068511294711322,-0.72126921964135793,0,0,0,0.093453014422546776,-0.37623588531687857,0,0,-0.089569814032532113,0.69193659339664915,-0.42543545696643037,-0.58075525929433269,0.013471448261153707,0.24232890722796321,0.01489941302872577,0.061950666976664633,-0.68315927359225148,0.098066949518672758,0,0,0,0,0,0,0,0,0,0,0,0,0,0,0,0,0,0,0,0,0,0,0,0,0,0,0,0,0,0,0,2250,2250,400,400,400,500,300,300,500,3000,3000,40,60,60,750,750,40,60,60,500,500,45,45,45,45,45,45,30,30,30,30,12,12,4,7,7,4,7,7,4,12,12,2,4.5,4.5,7.5,7.5,2,4.5,4.5,5,5,3,3,3,3,3,3,3,3,3,3
138,2.7599999999999998,READY_TRANSITION,552,0,-0.24609999999999999,-0.24609999999999999,0,0.0055999999999999999,-0.0055999999999999999,0,-0.034799999999999998,0.034799999999999998,0,0.44679999999999997,0.44679999999999997,0,-0.045379022853074852,0.066861371024595745,-0.18540000000000001,-0.18540000000000001,0,0.15020717793409333,-0.24161217487936007,-0.0077999999999999996,0.0077999999999999996,-0.028951996109732599,0.22365733117326078,0.66248485800628354,0.61228023983962621,0.0043544281280714428,0.078328906396875494,0.0048159946819616379,0.020024552787977164,-0.22082020427313687,0.031698557953092711,0,0,0,0,0,0,0,0,0,0,0,0,-1.1015739377772376,-0.74358724929763298,0,0,0,0.096344704641058293,-0.38787764600428443,0,0,-0.092341347478641297,0.71334699188747508,-0.43859958609719918,-0.59872540518023654,0.013888291478107977,0.24982722213009628,0.015360441355986897,0.063867588959691787,-0.70429807795655341,0.10110140742711701,0,0,0,0,0,0,0,0,0,0,0,0,0,0,0,0,0,0,0,0,0,0,0,0,0,0,0,0,0,0,0,2250,2250,400,400,400,500,300,300,500,3000,3000,40,60,60,750,750,40,60,60,500,500,45,45,45,45,45,45,30,30,30,30,12,12,4,7,7,4,7,7,4,12,12,2,4.5,4.5,7.5,7.5,2,4.5,4.5,5,5,3,3,3,3,3,3,3,3,3,3
139,2.7799999999999998,READY_TRANSITION,556,0,-0.24609999999999999,-0.24609999999999999,0,0.0055999999999999999,-0.0055999999999999999,0,-0.034799999999999998,0.034799999999999998,0,0.44679999999999997,0.44679999999999997,0,-0.067737034521184569,0.05176920895910575,-0.18540000000000001,-0.18540000000000001,0,0.15216263090611248,-0.24948470402857131,-0.0077999999999999996,0.0077999999999999996,-0.030826195247506624,0.23813572415359321,0.65358285485670253,0.60012825517845636,0.0046363107800377777,0.083399505614815295,0.0051277567119870056,0.021320836451020387,-0.23511493665991942,0.033750554981525405,0,0,0,0,0,0,0,0,0,0,0,0,-1.133788241806444,-0.76533263097346493,0,0,0,0.099162198320305872,-0.39922069614917799,0,0,-0.095041767432426677,0.73420803088532283,-0.45142594293905713,-0.61623446342048971,0.014294439108129787,0.25713314124498621,0.015809640371046235,0.065735325529886479,-0.72489449153570962,0.10405800558630166,0,0,0,0,0,0,0,0,0,0,0,0,0,0,0,0,0,0,0,0,0,0,0,0,0,0,0,0,0,0,0,2250,2250,400,400,400,500,300,300,500,3000,3000,40,60,60,750,750,40,60,60,500,500,45,45,45,45,45,45,30,30,30,30,12,12,4,7,7,4,7,7,4,12,12,2,4.5,4.5,7.5,7.5,2,4.5,4.5,5,5,3,3,3,3,3,3,3,3,3,3
140,2.7999999999999998,READY_TRANSITION,560,0,-0.24609999999999999,-0.24609999999999999,0,0.0055999999999999999,-0.0055999999999999999,0,-0.034799999999999998,0.034799999999999998,0,0.44679999999999997,0.44679999999999997,0,-0.090730552525332617,0.036248065785657146,-0.18540000000000001,-0.18540000000000001,0,0.15417366586690556,-0.25758100272532719,-0.0077999999999999996,0.0077999999999999996,-0.032753666807029666,0.2530256524086737,0.64442782028872125,0.58763086130280662,0.0049262056923966343,0.088614232046674943,0.0054483802968034872,0.022653965809172623,-0.24981598393456525,0.035860878176544778,0,0,0,0,0,0,0,0,0,0,0,0,-1.1650961455720754,-0.78646617203139702,0,0,0,0.10190041737014738,-0.41024459168400446,0,0,-0.097666206810761727,0.75448211164160994,-0.46389140999693323,-0.63325087668571756,0.014689159133862293,0.26423349680011787,0.01624620046318246,0.067550510385228774,-0.74491139252691951,0.1069314151920929,0,0,0,0,0,0,0,0,0,0,0,0,0,0,0,0,0,0,0,0,0,0,0,0,0,0,0,0,0,0,0,2250,2250,400,400,400,500,300,300,500,3000,3000,40,60,60,750,750,40,60,60,500,500,45,45,45,45,45,45,30,30,30,30,12,12,4,7,7,4,7,7,4,12,12,2,4.5,4.5,7.5,7.5,2,4.5,4.5,5,5,3,3,3,3,3,3,3,3,3,3
141,2.8199999999999998,READY_TRANSITION,564,0,-0.24609999999999999,-0.24609999999999999,0,0.0055999999999999999,-0.0055999999999999999,0,-0.034799999999999998,0.034799999999999998,0,0.44679999999999997,0.44679999999999997,0,-0.11434088034406759,0.02031056207784987,-0.18540000000000001,-0.18540000000000001,0,0.15623864760091838,-0.26589448769593149,-0.0077999999999999996,0.0077999999999999996,-0.034732843519937093,0.26831500861925761,0.6350271984568252,0.57479822011102766,0.0052238771453922694,0.09396884548682001,0.005777604730514304,0.024022856866429538,-0.2649113923609962,0.038027811589209121,0,0,0,0,0,0,0,0,0,0,0,0,-1.1954420070650842,-0.8069503128605493,0,0,0,0.10455449528753297,-0.42092974037736403,0,0,-0.10021000132565283,0.77413320202229796,-0.47597383300473917,-0.64974440253529053,0.015071750038672171,0.27111566968016987,0.016669345755454708,0.06930991748628447,-0.7643132058691875,0.1097165294738649,0,0,0,0,0,0,0,0,0,0,0,0,0,0,0,0,0,0,0,0,0,0,0,0,0,0,0,0,0,0,0,2250,2250,400,400,400,500,300,300,500,3000,3000,40,60,60,750,750,40,60,60,500,500,45,45,45,45,45,45,30,30,30,30,12,12,4,7,7,4,7,7,4,12,12,2,4.5,4.5,7.5,7.5,2,4.5,4.5,5,5,3,3,3,3,3,3,3,3,3,3
142,2.8399999999999999,READY_TRANSITION,568,0,-0.24609999999999999,-0.24609999999999999,0,0.0055999999999999999,-0.0055999999999999999,0,-0.034799999999999998,0.034799999999999998,0,0.44679999999999997,0.44679999999999997,0,-0.13854823280793599,0.0039700532712351744,-0.18540000000000001,-0.18540000000000001,0,0.15835584567840688,-0.27441819234042175,-0.0077999999999999996,0.0077999999999999996,-0.03676206686005578,0.28399098048956561,0.62538886696853169,0.561641085201395,0.0055290756939435212,0.099458858833881739,0.0061151541270216755,0.025426362508624002,-0.28038851216933275,0.040249539355499374,0,0,0,0,0,0,0,0,0,0,0,0,-1.2247726034941939,-0.82674912687659974,0,0,0,0.10711977715650231,-0.43125740183400652,0,0,-0.10266868948423535,0.79312683650786808,-0.48765202092533322,-0.66568611341729367,0.015441540806649268,0.27776758942700819,0.017078334104702057,0.071010461056202928,-0.78306590324329484,0.1124084636944975,0,0,0,0,0,0,0,0,0,0,0,0,0,0,0,0,0,0,0,0,0,0,0,0,0,0,0,0,0,0,0,2250,2250,400,400,400,500,300,300,500,3000,3000,40,60,60,750,750,40,60,60,500,500,45,45,45,45,45,45,30,30,30,30,12,12,4,7,7,4,7,7,4,12,12,2,4.5,4.5,7.5,7.5,2,4.5,4.5,5,5,3,3,3,3,3,3,3,3,3,3
143,2.8599999999999999,READY_TRANSITION,572,0,-0.24609999999999999,-0.24609999999999999,0,0.0055999999999999999,-0.0055999999999999999,0,-0.034799999999999998,0.034799999999999998,0,0.44679999999999997,0.44679999999999997,0,-0.16333178448383534,-0.01275940299721412,-0.18540000000000001,-0.18540000000000001,0,0.16052343868717847,-0.28314478376929175,-0.0077999999999999996,0.0077999999999999996,-0.038839591099306507,0.30004008207957233,0.61552111761981187,0.54817077557433591,0.0058415387776582402,0.10507954906390034,0.0064607380947023863,0.026863275308677655,-0.296234028490728,0.042524150136989021,0,0,0,0,0,0,0,0,0,0,0,0,-1.2530371312859092,-0.84582832052178258,0,0,0,0.10959181964818182,-0.4412096874948257,0,0,-0.10503801258877499,0.81143011619331795,-0.49890574595053416,-0.68104839666854045,0.015797890922606556,0.2841777342396854,0.017472457101543611,0.072649195580717571,-0.80113700307180147,0.11500255515037514,0,0,0,0,0,0,0,0,0,0,0,0,0,0,0,0,0,0,0,0,0,0,0,0,0,0,0,0,0,0,0,2250,2250,400,400,400,500,300,300,500,3000,3000,40,60,60,750,750,40,60,60,500,500,45,45,45,45,45,45,30,30,30,30,12,12,4,7,7,4,7,7,4,12,12,2,4.5,4.5,7.5,7.5,2,4.5,4.5,5,5,3,3,3,3,3,3,3,3,3,3
144,2.8799999999999999,READY_TRANSITION,576,0,-0.24609999999999999,-0.24609999999999999,0,0.0055999999999999999,-0.0055999999999999999,0,-0.034799999999999998,0.034799999999999998,0,0.44679999999999997,0.44679999999999997,0,-0.18866971805937235,-0.029863079549636129,-0.18540000000000001,-0.18540000000000001,0,0.16273951846433415,-0.29206657984021478,-0.0077999999999999996,0.0077999999999999996,-0.040963587363606779,0.31644818513729833,0.60543263713051032,0.53439914933465338,0.0061609913308477834,0.11082596820346916,0.00681405241108342,0.028332330331852704,-0.31243399229220481,0.044849641561514379,0,0,0,0,0,0,0,0,0,0,0,0,-1.2801872060845327,-0.8641552332648974,0,0,0,0.11196639102078881,-0.45076956063686835,0,0,-0.10731391473666872,0.8290117087881812,-0.50971574350114346,-0.6958049545145617,0.016140190372080265,0.29033513097444369,0.01785104007037859,0.074223315808146215,-0.81849557051905941,0.11749436317138838,0,0,0,0,0,0,0,0,0,0,0,0,0,0,0,0,0,0,0,0,0,0,0,0,0,0,0,0,0,0,0,2250,2250,400,400,400,500,300,300,500,3000,3000,40,60,60,750,750,40,60,60,500,500,45,45,45,45,45,45,30,30,30,30,12,12,4,7,7,4,7,7,4,12,12,2,4.5,4.5,7.5,7.5,2,4.5,4.5,5,5,3,3,3,3,3,3,3,3,3,3
145,2.8999999999999999,READY_TRANSITION,580,0,-0.24609999999999999,-0.24609999999999999,0,0.0055999999999999999,-0.0055999999999999999,0,-0.034799999999999998,0.034799999999999998,0,0.44679999999999997,0.44679999999999997,0,-0.21453927272721665,-0.047325612327810018,-0.18540000000000001,-0.18540000000000001,0,0.16500209432801002,-0.30117556619476649,-0.0077999999999999996,0.0077999999999999996,-0.043132147688773256,0.33320055043109958,0.59513248787976614,0.52033857739375344,0.0064871463925414508,0.11669295430287809,0.0071747796975175299,0.029832207941003504,-0.32897385131149037,0.047223924663844556,0,0,0,0,0,0,0,0,0,0,0,0,-1.3061768627521266,-0.88169883760128986,0,0,0,0.11423947111962804,-0.4599208363733176,0,0,-0.10949254282044095,0.84584184861649503,-0.52006371222689252,-0.7099308040696084,0.016467859641329498,0.29622935514470838,0.018213442069385868,0.075730156749389668,-0.83511221749118369,0.11987966912093122,0,0,0,0,0,0,0,0,0,0,0,0,0,0,0,0,0,0,0,0,0,0,0,0,0,0,0,0,0,0,0,2250,2250,400,400,400,500,300,300,500,3000,3000,40,60,60,750,750,40,60,60,500,500,45,45,45,45,45,45,30,30,30,30,12,12,4,7,7,4,7,7,4,12,12,2,4.5,4.5,7.5,7.5,2,4.5,4.5,5,5,3,3,3,3,3,3,3,3,3,3
146,2.9199999999999999,READY_TRANSITION,584,0,-0.24609999999999999,-0.24609999999999999,0,0.0055999999999999999,-0.0055999999999999999,0,-0.034799999999999998,0.034799999999999998,0,0.44679999999999997,0.44679999999999997,0,-0.24091679256945742,-0.065131033053687726,-0.18540000000000001,-0.18540000000000001,0,0.16730909730911928,-0.31046341329514748,-0.0077999999999999996,0.0077999999999999996,-0.045343289076424417,0.35028185908195814,0.58463008864143462,0.50600191717186904,0.0068197057165009633,0.12267514240925749,0.0075425900938588548,0.031361536601828291,-0.34583848099185216,0.049644828326351628,0,0,0,0,0,0,0,0,0,0,0,0,-1.3309625553685651,-0.89842973905288193,0,0,0,0.11640725137709654,-0.46864818165351652,0,0,-0.11157024652774845,0.86189233661683595,-0.52993231400648155,-0.72340227733666274,0.016780349717336975,0.30185053092109776,0.01855905589052485,0.077167193677933968,-0.85095910263609098,0.12215447639590538,0,0,0,0,0,0,0,0,0,0,0,0,0,0,0,0,0,0,0,0,0,0,0,0,0,0,0,0,0,0,0,2250,2250,400,400,400,500,300,300,500,3000,3000,40,60,60,750,750,40,60,60,500,500,45,45,45,45,45,45,30,30,30,30,12,12,4,7,7,4,7,7,4,12,12,2,4.5,4.5,7.5,7.5,2,4.5,4.5,5,5,3,3,3,3,3,3,3,3,3,3
147,2.9399999999999999,READY_TRANSITION,588,0,-0.24609999999999999,-0.24609999999999999,0,0.0055999999999999999,-0.0055999999999999999,0,-0.034799999999999998,0.034799999999999998,0,0.44679999999999997,0.44679999999999997,0,-0.26777777494195926,-0.083262801889925298,-0.18540000000000001,-0.18540000000000001,0,0.16965838438309389,-0.31992149346090715,-0.0077999999999999996,0.0077999999999999996,-0.047594957549883195,0.36767624389577303,0.57393519531950687,0.49140248630028693,0.0071583603812349298,0.128766975539722,0.0079171419331385239,0.032918895688120862,-0.36301221541693401,0.052110103719680771,0,0,0,0,0,0,0,0,0,0,0,0,-1.3545031572314972,-0.91432017616815264,0,0,0,0.1184661348126767,-0.47693711526295146,0,0,-0.1135435783413784,0.87713654034230482,-0.5393051739475907,-0.73619702120742558,0.017077142087808465,0.30718933113141644,0.01888730805953481,0.078532042129849169,-0.86600993134347548,0.12431501042671783,0,0,0,0,0,0,0,0,0,0,0,0,0,0,0,0,0,0,0,0,0,0,0,0,0,0,0,0,0,0,0,2250,2250,400,400,400,500,300,300,500,3000,3000,40,60,60,750,750,40,60,60,500,500,45,45,45,45,45,45,30,30,30,30,12,12,4,7,7,4,7,7,4,12,12,2,4.5,4.5,7.5,7.5,2,4.5,4.5,5,5,3,3,3,3,3,3,3,3,3,3
148,2.96,READY_TRANSITION,592,0,-0.24609999999999999,-0.24609999999999999,0,0.0055999999999999999,-0.0055999999999999999,0,-0.034799999999999998,0.034799999999999998,0,0.44679999999999997,0.44679999999999997,0,-0.29509691885871731,-0.10170384010041383,-0.18540000000000001,-0.18540000000000001,0,0.17204774270162634,-0.32954089790566554,-0.0077999999999999996,0.0077999999999999996,-0.049885032210079554,0.38536732069565033,0.56305788168353099,0.47655403632357202,0.007502791400013302,0.13496271565451415,0.0082980824162402472,0.034502818287022258,-0.38047887824559118,0.054617428743420342,0,0,0,0,0,0,0,0,0,0,0,0,-1.3767599608563594,-0.92934402052213538,0,0,0,0.12041273603294322,-0.48477400782325347,0,0,-0.11540929353924742,0.89154939396052235,-0.54816688038684114,-0.74829399746233205,0.017357748741172845,0.31223697726065758,0.019197658835935032,0.079822457903789584,-0.88023995574481317,0.12635771867728074,0,0,0,0,0,0,0,0,0,0,0,0,0,0,0,0,0,0,0,0,0,0,0,0,0,0,0,0,0,0,0,2250,2250,400,400,400,500,300,300,500,3000,3000,40,60,60,750,750,40,60,60,500,500,45,45,45,45,45,45,30,30,30,30,12,12,4,7,7,4,7,7,4,12,12,2,4.5,4.5,7.5,7.5,2,4.5,4.5,5,5,3,3,3,3,3,3,3,3,3,3
149,2.98,READY_TRANSITION,596,0,-0.24609999999999999,-0.24609999999999999,0,0.0055999999999999999,-0.0055999999999999999,0,-0.034799999999999998,0.034799999999999998,0,0.44679999999999997,0.44679999999999997,0,-0.32284817337621363,-0.12043656271081071,-0.18540000000000001,-0.18540000000000001,0,0.17447489382441161,-0.33931245377383729,-0.0077999999999999996,0.0077999999999999996,-0.052211329291453092,0.40333821965419392,0.55200852010403323,0.46147072640179365,0.0078526703308818436,0.1412564546301483,0.0086850482865759252,0.036111794004272446,-0.39822181364672654,0.057164412466772001,0,0,0,0,0,0,0,0,0,0,0,0,-1.3976966779763691,-0.94347677671642594,0,0,0,0.1222438812315596,-0.49214608179221075,0,0,-0.11716435019440193,0.90510739825362951,-0.55650298488982286,-0.75967348277052316,0.01762171216658226,0.31698523945100154,0.019489602213024853,0.081036337060992961,-0.89362597471336069,0.12827927064501132,0,0,0,0,0,0,0,0,0,0,0,0,0,0,0,0,0,0,0,0,0,0,0,0,0,0,0,0,0,0,0,2250,2250,400,400,400,500,300,300,500,3000,3000,40,60,60,750,750,40,60,60,500,500,45,45,45,45,45,45,30,30,30,30,12,12,4,7,7,4,7,7,4,12,12,2,4.5,4.5,7.5,7.5,2,4.5,4.5,5,5,3,3,3,3,3,3,3,3,3,3
150,3,READY_TRANSITION,600,0,-0.24609999999999999,-0.24609999999999999,0,0.0055999999999999999,-0.0055999999999999999,0,-0.034799999999999998,0.034799999999999998,0,0.44679999999999997,0.44679999999999997,0,-0.35100478597777207,-0.13944291116907087,-0.18540000000000001,-0.18540000000000001,0,0.17693749795088873,-0.34922674117735397,-0.0077999999999999996,0.0077999999999999996,-0.054571606217855631,0.42157161662579551,0.54079776228793808,0.44616709701275109,0.0082076598866765924,0.14764212523255421,0.0090776665047612413,0.037744271769461976,-0.41622391723412561,0.059748599569220795,0,0,0,0,0,0,0,0,0,0,0,0,-1.4172794395425292,-0.95669558237918007,0,0,0,0.1239566081892754,-0.49904141146374509,0,0,-0.11880590917501925,0.91778862061829136,-0.56430000225108357,-0.77031706868987138,0.017868605353911927,0.32142643650181557,0.019762665917883587,0.082171715925281191,-0.90614633386415511,0.13007655786083216,0,0,0,0,0,0,0,0,0,0,0,0,0,0,0,0,0,0,0,0,0,0,0,0,0,0,0,0,0,0,0,2250,2250,400,400,400,500,300,300,500,3000,3000,40,60,60,750,750,40,60,60,500,500,45,45,45,45,45,45,30,30,30,30,12,12,4,7,7,4,7,7,4,12,12,2,4.5,4.5,7.5,7.5,2,4.5,4.5,5,5,3,3,3,3,3,3,3,3,3,3
151,3.02,READY_TRANSITION,604,0,-0.24609999999999999,-0.24609999999999999,0,0.0055999999999999999,-0.0055999999999999999,0,-0.034799999999999998,0.034799999999999998,0,0.44679999999999997,0.44679999999999997,0,-0.3795393509579148,-0.15870438600597792,-0.18540000000000001,-0.18540000000000001,0,0.17943315815198263,-0.35927411023238709,-0.0077999999999999996,0.0077999999999999996,-0.056963565658453862,0.44004976447892558,0.52943652001398989,0.4306580436541988,0.0085674145450383207,0.15411351209022092,0.0094755549232912687,0.039398662641283694,-0.43446766700129275,0.062367474781205287,0,0,0,0,0,0,0,0,0,0,0,0,-1.4354767957236392,-0.96897920816512018,0,0,0,0.12554816627393245,-0.50544892296793953,0,0,-0.12033133414440719,0.92957269506570706,-0.57154541049412866,-0.78020766166697753,0.018098031793760492,0.32555343586965835,0.020016411411370769,0.083226771083061424,-0.91778092555403057,0.13174669388917246,0,0,0,0,0,0,0,0,0,0,0,0,0,0,0,0,0,0,0,0,0,0,0,0,0,0,0,0,0,0,0,2250,2250,400,400,400,500,300,300,500,3000,3000,40,60,60,750,750,40,60,60,500,500,45,45,45,45,45,45,30,30,30,30,12,12,4,7,7,4,7,7,4,12,12,2,4.5,4.5,7.5,7.5,2,4.5,4.5,5,5,3,3,3,3,3,3,3,3,3,3
152,3.04,READY_TRANSITION,608,0,-0.24609999999999999,-0.24609999999999999,0,0.0055999999999999999,-0.0055999999999999999,0,-0.034799999999999998,0.034799999999999998,0,0.44679999999999997,0.44679999999999997,0,-0.40842385780671764,-0.17820207949567568,-0.18540000000000001,-0.18540000000000001,0,0.18195942460184603,-0.36944469809607156,-0.0077999999999999996,0.0077999999999999996,-0.059384859583631919,0.45875452442842379,0.51793594586817293,0.41495879054607199,0.008931581158427012,0.16066426266734055,0.0098783229612160722,0.041073342612784433,-0.45293515425628683,0.065018467324787693,0,0,0,0,0,0,0,0,0,0,0,0,-1.4522597159062609,-0.98030805775551622,0,0,0,0.12701601644046004,-0.51135839427101926,0,0,-0.12173819156100218,0.94044082222158176,-0.57822765087142958,-0.78932948303715578,0.018309625477449468,0.3293596536682708,0.020250433888125731,0.084199819383323424,-0.9285111888815839,0.13328701432796553,0,0,0,0,0,0,0,0,0,0,0,0,0,0,0,0,0,0,0,0,0,0,0,0,0,0,0,0,0,0,0,2250,2250,400,400,400,500,300,300,500,3000,3000,40,60,60,750,750,40,60,60,500,500,45,45,45,45,45,45,30,30,30,30,12,12,4,7,7,4,7,7,4,12,12,2,4.5,4.5,7.5,7.5,2,4.5,4.5,5,5,3,3,3,3,3,3,3,3,3,3
153,3.0600000000000001,READY_TRANSITION,612,0,-0.24609999999999999,-0.24609999999999999,0,0.0055999999999999999,-0.0055999999999999999,0,-0.034799999999999998,0.034799999999999998,0,0.44679999999999997,0.44679999999999997,0,-0.43762973959416523,-0.19791670831619856,-0.18540000000000001,-0.18540000000000001,0,0.18451379880960103,-0.37972844600322786,-0.0077999999999999996,0.0077999999999999996,-0.061833093320893949,0.47766739736778885,0.5063074139791327,0.39908486433271256,0.0092997995641362994,0.16728789823695175,0.010285572278816298,0.042766655416616631,-0.4716081145565561,0.067698955354323909,0,0,0,0,0,0,0,0,0,0,0,0,-1.467601588694778,-0.99066416785821698,0,0,0,0.12835783123087974,-0.51676045517536073,0,0,-0.12302425067837429,0.95037576932616852,-0.58433612786442934,-0.79766806902446108,0.018503050897024018,0.33283905466859054,0.02046436227656832,0.085089317937642878,-0.93832010968721702,0.13469507680865278,0,0,0,0,0,0,0,0,0,0,0,0,0,0,0,0,0,0,0,0,0,0,0,0,0,0,0,0,0,0,0,2250,2250,400,400,400,500,300,300,500,3000,3000,40,60,60,750,750,40,60,60,500,500,45,45,45,45,45,45,30,30,30,30,12,12,4,7,7,4,7,7,4,12,12,2,4.5,4.5,7.5,7.5,2,4.5,4.5,5,5,3,3,3,3,3,3,3,3,3,3
154,3.0800000000000001,READY_TRANSITION,616,0,-0.24609999999999999,-0.24609999999999999,0,0.0055999999999999999,-0.0055999999999999999,0,-0.034799999999999998,0.034799999999999998,0,0.44679999999999997,0.44679999999999997,0,-0.46712792135450876,-0.21782864621000436,-0.18540000000000001,-0.18540000000000001,0,0.18709373785108122,-0.39011511630308598,-0.0077999999999999996,0.0077999999999999996,-0.06430582961076689,0.49676955520147054,0.49456250075359576,0.38305206778509354,0.0096717031943079727,0.17397782485408417,0.010696897452278805,0.044476915330290148,-0.49046795864377551,0.070406270397133805,0,0,0,0,0,0,0,0,0,0,0,0,-1.4814782219113323,-1.0000312082076204,0,0,0,0.12957149477429916,-0.52164658731948255,0,0,-0.12418748354522026,0.95936187023422936,-0.58986120918351481,-0.80521027074165474,0.018678003045252255,0.33598615229873741,0.02065785923889801,0.085893864120178437,-0.94719222055309882,0.13596866099617846,0,0,0,0,0,0,0,0,0,0,0,0,0,0,0,0,0,0,0,0,0,0,0,0,0,0,0,0,0,0,0,2250,2250,400,400,400,500,300,300,500,3000,3000,40,60,60,750,750,40,60,60,500,500,45,45,45,45,45,45,30,30,30,30,12,12,4,7,7,4,7,7,4,12,12,2,4.5,4.5,7.5,7.5,2,4.5,4.5,5,5,3,3,3,3,3,3,3,3,3,3
155,3.1000000000000001,READY_TRANSITION,620,0,-0.24609999999999999,-0.24609999999999999,0,0.0055999999999999999,-0.0055999999999999999,0,-0.034799999999999998,0.034799999999999998,0,0.44679999999999997,0.44679999999999997,0,-0.49688886847061853,-0.23791795664450338,-0.18540000000000001,-0.18540000000000001,0,0.189696658600573,-0.40059430949600716,-0.0077999999999999996,0.0077999999999999996,-0.06680059266270276,0.51604187217715802,0.48271296561179211,0.36687645350304637,0.01004691968594639,0.18072734432890125,0.011111886648372218,0.046202409981423768,-0.50949580337868006,0.073137701794171048,0,0,0,0,0,0,0,0,0,0,0,0,-1.4938678425958363,-1.0083944815646699,0,0,0,0.13065510278691475,-0.52600912417805201,0,0,-0.12522606500536687,0.96738502541503646,-0.59479422576803054,-0.81194425419021798,0.018834207415625078,0.33879600864401488,0.020830621171094143,0.086612195567671926,-0.95511360080317709,0.13710576858899162,0,0,0,0,0,0,0,0,0,0,0,0,0,0,0,0,0,0,0,0,0,0,0,0,0,0,0,0,0,0,0,2250,2250,400,400,400,500,300,300,500,3000,3000,40,60,60,750,750,40,60,60,500,500,45,45,45,45,45,45,30,30,30,30,12,12,4,7,7,4,7,7,4,12,12,2,4.5,4.5,7.5,7.5,2,4.5,4.5,5,5,3,3,3,3,3,3,3,3,3,3
156,3.1200000000000001,READY_TRANSITION,624,0,-0.24609999999999999,-0.24609999999999999,0,0.0055999999999999999,-0.0055999999999999999,0,-0.034799999999999998,0.034799999999999998,0,0.44679999999999997,0.44679999999999997,0,-0.52688263505834221,-0.25816442547259116,-0.18540000000000001,-0.18540000000000001,0,0.19231994196255781,-0.41115548127020807,-0.0077999999999999996,0.0077999999999999996,-0.069314872210981565,0.535464956218072,0.47077073172287454,0.35057429761748482,0.010425071490932976,0.18752966519984476,0.011530122299122571,0.047941403152997025,-0.5286725026759026,0.07589050114069347,0,0,0,0,0,0,0,0,0,0,0,0,-1.5047510970060267,-1.0157409237168957,0,0,0,0.13160696257201315,-0.52984125106188962,0,0,-0.12613837269777467,0.97443270195240739,-0.59912747178629822,-0.81785950026037058,0.018971420002357204,0.34126423444692244,0.020982378202916541,0.087243190179451049,-0.96207187650319825,0.13810462331904985,0,0,0,0,0,0,0,0,0,0,0,0,0,0,0,0,0,0,0,0,0,0,0,0,0,0,0,0,0,0,0,2250,2250,400,400,400,500,300,300,500,3000,3000,40,60,60,750,750,40,60,60,500,500,45,45,45,45,45,45,30,30,30,30,12,12,4,7,7,4,7,7,4,12,12,2,4.5,4.5,7.5,7.5,2,4.5,4.5,5,5,3,3,3,3,3,3,3,3,3,3
157,3.1400000000000001,READY_TRANSITION,628,0,-0.24609999999999999,-0.24609999999999999,0,0.0055999999999999999,-0.0055999999999999999,0,-0.034799999999999998,0.034799999999999998,0,0.44679999999999997,0.44679999999999997,0,-0.5570789123508596,-0.27854759359317921,-0.18540000000000001,-0.18540000000000001,0,0.19496093710345352,-0.42178795953848275,-0.0077999999999999996,0.0077999999999999996,-0.071846127570613746,0.55501918025525432,0.45874786674034018,0.33416207349263155,0.010805776486040678,0.19437791370677815,0.01195118177648888,0.04969213758860181,-0.54797867843880799,0.078661886726933042,0,0,0,0,0,0,0,0,0,0,0,0,-1.5141110506173894,-1.0220591034783622,0,0,0,0.13242559301997053,-0.53313700511795348,0,0,-0.12692298705653005,0.98049393354467385,-0.60285420463558337,-0.82294680473104231,0.019089427300386087,0.34338698910714172,0.021112894197904738,0.08778586611742599,-0.96805622046066686,0.13896367095181278,0,0,0,0,0,0,0,0,0,0,0,0,0,0,0,0,0,0,0,0,0,0,0,0,0,0,0,0,0,0,0,2250,2250,400,400,400,500,300,300,500,3000,3000,40,60,60,750,750,40,60,60,500,500,45,45,45,45,45,45,30,30,30,30,12,12,4,7,7,4,7,7,4,12,12,2,4.5,4.5,7.5,7.5,2,4.5,4.5,5,5,3,3,3,3,3,3,3,3,3,3
158,3.1600000000000001,READY_TRANSITION,632,0,-0.24609999999999999,-0.24609999999999999,0,0.0055999999999999999,-0.0055999999999999999,0,-0.034799999999999998,0.034799999999999998,0,0.44679999999999997,0.44679999999999997,0,-0.58744707708303778,-0.29904678961172565,-0.18540000000000001,-0.18540000000000001,0,0.19761696568335663,-0.43248096147492621,-0.0077999999999999996,0.0077999999999999996,-0.074391791693242768,0.57468471355985895,0.4466565635374512,0.31765642542824313,0.011188648582948419,0.20126514476413043,0.01237463806703876,0.051452837797694065,-0.56739475149432927,0.081449047978765982,0,0,0,0,0,0,0,0,0,0,0,0,-1.5219331881232172,-1.0273392226897187,0,0,0,0.13310972460825257,-0.53589127532936154,0,0,-0.12757869131085237,0.98555932050469475,-0.60596864494212721,-0.82719827826989856,0.019188046305372703,0.34516098068154766,0.021221966753378608,0.088239381806092837,-0.97305735222489587,0.139681579286249,0,0,0,0,0,0,0,0,0,0,0,0,0,0,0,0,0,0,0,0,0,0,0,0,0,0,0,0,0,0,0,2250,2250,400,400,400,500,300,300,500,3000,3000,40,60,60,750,750,40,60,60,500,500,45,45,45,45,45,45,30,30,30,30,12,12,4,7,7,4,7,7,4,12,12,2,4.5,4.5,7.5,7.5,2,4.5,4.5,5,5,3,3,3,3,3,3,3,3,3,3
159,3.1800000000000002,READY_TRANSITION,636,0,-0.24609999999999999,-0.24609999999999999,0,0.0055999999999999999,-0.0055999999999999999,0,-0.034799999999999998,0.034799999999999998,0,0.44679999999999997,0.44679999999999997,0,-0.61795623987578829,-0.31964116250076796,-0.18540000000000001,-0.18540000000000001,0,0.20028532608778363,-0.44322361055165721,-0.0077999999999999996,0.0077999999999999996,-0.076949275223047842,0.59444155307544211,0.43450912094265509,0.30107414236183561,0.011573298338255586,0.20818435293404006,0.012800060446624024,0.053221712860845524,-0.58690097252780382,0.084249149898383002,0,0,0,0,0,0,0,0,0,0,0,0,-1.5282054134346024,-1.0315731162181734,0,0,0,0.13365829940141238,-0.53809980251537659,0,0,-0.12810447148509269,0.98962102975985455,-0.60846597656113166,-0.83060734643332912,0.019267124513701283,0.34658346588420097,0.021309427200438043,0.088603035932531549,-0.97706753808698421,0.14025723815483185,0,0,0,0,0,0,0,0,0,0,0,0,0,0,0,0,0,0,0,0,0,0,0,0,0,0,0,0,0,0,0,2250,2250,400,400,400,500,300,300,500,3000,3000,40,60,60,750,750,40,60,60,500,500,45,45,45,45,45,45,30,30,30,30,12,12,4,7,7,4,7,7,4,12,12,2,4.5,4.5,7.5,7.5,2,4.5,4.5,5,5,3,3,3,3,3,3,3,3,3,3
160,3.2000000000000002,READY_TRANSITION,640,0,-0.24609999999999999,-0.24609999999999999,0,0.0055999999999999999,-0.0055999999999999999,0,-0.034799999999999998,0.034799999999999998,0,0.44679999999999997,0.44679999999999997,0,-0.64857529362042188,-0.34030971426045259,-0.18540000000000001,-0.18540000000000001,0,0.20296329765941312,-0.45400495357554127,-0.0077999999999999996,0.0077999999999999996,-0.079515970552646476,0.61426955475025313,0.42231792447500593,0.28443213157090996,0.011959333563496471,0.21512848339949847,0.013227015155056282,0.054996959234995327,-0.60647745301780864,0.087059337504959255,0,0,0,0,0,0,0,0,0,0,0,0,-1.5329180496803929,-1.0347542519574731,0,0,0,0.13407047105109537,-0.53975917933140738,0,0,-0.12849951639872861,0.99267279485205917,-0.61034234657674769,-0.83316874966643251,0.019326539922478882,0.3476522500863492,0.021375140603962801,0.088876267446405186,-0.98008059107979051,0.14068975942353767,0,0,0,0,0,0,0,0,0,0,0,0,0,0,0,0,0,0,0,0,0,0,0,0,0,0,0,0,0,0,0,2250,2250,400,400,400,500,300,300,500,3000,3000,40,60,60,750,750,40,60,60,500,500,45,45,45,45,45,45,30,30,30,30,12,12,4,7,7,4,7,7,4,12,12,2,4.5,4.5,7.5,7.5,2,4.5,4.5,5,5,3,3,3,3,3,3,3,3,3,3
161,3.2200000000000002,READY_TRANSITION,644,0,-0.24609999999999999,-0.24609999999999999,0,0.0055999999999999999,-0.0055999999999999999,0,-0.034799999999999998,0.034799999999999998,0,0.44679999999999997,0.44679999999999997,0,-0.67927296186300401,-0.36103133257906689,-0.18540000000000001,-0.18540000000000001,0,0.20564814492982744,-0.46481397772491351,-0.0077999999999999996,0.0077999999999999996,-0.082089255878996986,0.63414846486952448,0.41009542707958518,0.26774739237517831,0.012346359935154741,0.22209044293749403,0.013655066070782537,0.056776763558701732,-0.62610419617099544,0.08987674027532451,0,0,0,0,0,0,0,0,0,0,0,0,-1.5360638392072272,-1.0368777308279424,0,0,0,0.134345604796033,-0.54086685026900749,0,0,-0.12876321766636944,0.99470991593773872,-0.61159486530209384,-0.83487854330304145,0.019366201029535988,0.34836568731642925,0.021419005762612776,0.089058655559961189,-0.98209187097796635,0.14097847699185115,0,0,0,0,0,0,0,0,0,0,0,0,0,0,0,0,0,0,0,0,0,0,0,0,0,0,0,0,0,0,0,2250,2250,400,400,400,500,300,300,500,3000,3000,40,60,60,750,750,40,60,60,500,500,45,45,45,45,45,45,30,30,30,30,12,12,4,7,7,4,7,7,4,12,12,2,4.5,4.5,7.5,7.5,2,4.5,4.5,5,5,3,3,3,3,3,3,3,3,3,3
162,3.2400000000000002,READY_TRANSITION,648,0,-0.24609999999999999,-0.24609999999999999,0,0.0055999999999999999,-0.0055999999999999999,0,-0.034799999999999998,0.034799999999999998,0,0.44679999999999997,0.44679999999999997,0,-0.71001784718871097,-0.38178482349357029,-0.18540000000000001,-0.18540000000000001,0,0.20833712185125444,-0.47563962758630157,-0.0077999999999999996,0.0077999999999999996,-0.084666499259301253,0.65405795138776268,0.39785412986292218,0.2510369898387883,0.01273398160467791,0.22906311089215564,0.014083775385560793,0.058559305457393775,-0.6457611278569273,0.092698476584633302,0,0,0,0,0,0,0,0,0,0,0,0,-1.5376379435795395,-1.0379402867764591,0,0,0,0.13448327746204622,-0.54142111165588336,0,0,-0.12889516969775555,0.99572925978784477,-0.61222160627924926,-0.83573409756571293,0.019386046833426211,0.34872268026006348,0.021440955208827835,0.089149919748031548,-0.98309828429795076,0.14112294679276133,0,0,0,0,0,0,0,0,0,0,0,0,0,0,0,0,0,0,0,0,0,0,0,0,0,0,0,0,0,0,0,2250,2250,400,400,400,500,300,300,500,3000,3000,40,60,60,750,750,40,60,60,500,500,45,45,45,45,45,45,30,30,30,30,12,12,4,7,7,4,7,7,4,12,12,2,4.5,4.5,7.5,7.5,2,4.5,4.5,5,5,3,3,3,3,3,3,3,3,3,3
163,3.2599999999999998,READY_TRANSITION,652,0,-0.24609999999999999,-0.24609999999999999,0,0.0055999999999999999,-0.0055999999999999999,0,-0.034799999999999998,0.034799999999999998,0,0.44679999999999997,0.44679999999999997,0,-0.74077847960618559,-0.40254894405012526,-0.18540000000000001,-0.18540000000000001,0,0.21102747602830929,-0.48647082219114884,-0.0077999999999999996,0.0077999999999999996,-0.087245062666907208,0.67397763526103827,0.38560656282841521,0.23431802847254979,0.01312180180849179,0.23603935014789656,0.01451270427913565,0.060342760348622994,-0.66542812754291347,0.095521658147034963,0,0,0,0,0,0,0,0,0,0,0,0,-1.5376379435795284,-1.0379402867764536,0,0,0,0.13448327746204553,-0.54142111165588058,0,0,-0.12889516969775486,0.99572925978783922,-0.61222160627924371,-0.83573409756570738,0.019386046833426082,0.3487226802600607,0.021440955208827661,0.089149919748031034,-0.98309828429794521,0.14112294679276027,0,0,0,0,0,0,0,0,0,0,0,0,0,0,0,0,0,0,0,0,0,0,0,0,0,0,0,0,0,0,0,2250,2250,400,400,400,500,300,300,500,3000,3000,40,60,60,750,750,40,60,60,500,500,45,45,45,45,45,45,30,30,30,30,12,12,4,7,7,4,7,7,4,12,12,2,4.5,4.5,7.5,7.5,2,4.5,4.5,5,5,3,3,3,3,3,3,3,3,3,3
164,3.2799999999999998,READY_TRANSITION,656,0,-0.24609999999999999,-0.24609999999999999,0,0.0055999999999999999,-0.0055999999999999999,0,-0.034799999999999998,0.034799999999999998,0,0.44679999999999997,0.44679999999999997,0,-0.77152336493189211,-0.42330243496462844,-0.18540000000000001,-0.18540000000000001,0,0.21371645294973626,-0.4972964720525368,-0.0077999999999999996,0.0077999999999999996,-0.089822306047211448,0.69388712177927625,0.37336526561175243,0.21760762593616001,0.013509423478014954,0.24301201810255807,0.0149414135939139,0.062125302247315016,-0.68508505922884511,0.098343394456343713,0,0,0,0,0,0,0,0,0,0,0,0,-1.5360638392072301,-1.036877730827948,0,0,0,0.13434560479603369,-0.54086685026901027,0,0,-0.12876321766637014,0.99470991593774427,-0.61159486530209528,-0.83487854330304423,0.019366201029536075,0.34836568731643064,0.021419005762612821,0.089058655559961536,-0.9820918709779719,0.14097847699185184,0,0,0,0,0,0,0,0,0,0,0,0,0,0,0,0,0,0,0,0,0,0,0,0,0,0,0,0,0,0,0,2250,2250,400,400,400,500,300,300,500,3000,3000,40,60,60,750,750,40,60,60,500,500,45,45,45,45,45,45,30,30,30,30,12,12,4,7,7,4,7,7,4,12,12,2,4.5,4.5,7.5,7.5,2,4.5,4.5,5,5,3,3,3,3,3,3,3,3,3,3
165,3.2999999999999998,READY_TRANSITION,660,0,-0.24609999999999999,-0.24609999999999999,0,0.0055999999999999999,-0.0055999999999999999,0,-0.034799999999999998,0.034799999999999998,0,0.44679999999999997,0.44679999999999997,0,-0.8022210331744748,-0.44402405328324318,-0.18540000000000001,-0.18540000000000001,0,0.21640130022015064,-0.50810549620190926,-0.0077999999999999996,0.0077999999999999996,-0.092395591373562014,0.71376603189854804,0.3611427682163314,0.20092288674042802,0.013896449849673233,0.24997397764055379,0.015369464509640163,0.063905106571021456,-0.70471180238203235,0.10116079722670904,0,0,0,0,0,0,0,0,0,0,0,0,-1.5329180496803874,-1.0347542519574731,0,0,0,0.13407047105109537,-0.53975917933140605,0,0,-0.12849951639872825,0.99267279485205917,-0.61034234657674769,-0.83316874966643251,0.019326539922478882,0.34765225008634992,0.021375140603962756,0.088876267446405005,-0.98008059107979051,0.14068975942353804,0,0,0,0,0,0,0,0,0,0,0,0,0,0,0,0,0,0,0,0,0,0,0,0,0,0,0,0,0,0,0,2250,2250,400,400,400,500,300,300,500,3000,3000,40,60,60,750,750,40,60,60,500,500,45,45,45,45,45,45,30,30,30,30,12,12,4,7,7,4,7,7,4,12,12,2,4.5,4.5,7.5,7.5,2,4.5,4.5,5,5,3,3,3,3,3,3,3,3,3,3
166,3.3199999999999998,READY_TRANSITION,664,0,-0.24609999999999999,-0.24609999999999999,0,0.0055999999999999999,-0.0055999999999999999,0,-0.034799999999999998,0.034799999999999998,0,0.44679999999999997,0.44679999999999997,0,-0.8328400869191076,-0.46469260504292736,-0.18540000000000001,-0.18540000000000001,0,0.21907927179178008,-0.51888683922579304,-0.0077999999999999996,0.0077999999999999996,-0.094962286703160578,0.73359403357335862,0.34895157174868252,0.18428087594950271,0.014282485074914109,0.25691810810601207,0.01579641921807241,0.065680352945171216,-0.72428828287203673,0.10397098483328523,0,0,0,0,0,0,0,0,0,0,0,0,-1.528205413434605,-1.0315731162181763,0,0,0,0.13365829940141308,-0.53809980251537937,0,0,-0.12810447148509305,0.9896210297598601,-0.60846597656113444,-0.83060734643333189,0.01926712451370137,0.34658346588420236,0.02130942720043813,0.088603035932531896,-0.97706753808698976,0.14025723815483218,0,0,0,0,0,0,0,0,0,0,0,0,0,0,0,0,0,0,0,0,0,0,0,0,0,0,0,0,0,0,0,2250,2250,400,400,400,500,300,300,500,3000,3000,40,60,60,750,750,40,60,60,500,500,45,45,45,45,45,45,30,30,30,30,12,12,4,7,7,4,7,7,4,12,12,2,4.5,4.5,7.5,7.5,2,4.5,4.5,5,5,3,3,3,3,3,3,3,3,3,3
167,3.3399999999999999,READY_TRANSITION,668,0,-0.24609999999999999,-0.24609999999999999,0,0.0055999999999999999,-0.0055999999999999999,0,-0.034799999999999998,0.034799999999999998,0,0.44679999999999997,0.44679999999999997,0,-0.863349249711859,-0.48528697793197023,-0.18540000000000001,-0.18540000000000001,0,0.22174763219620716,-0.52962948830252443,-0.0077999999999999996,0.0077999999999999996,-0.097519770232965736,0.75335087308894244,0.33680412915388602,0.16769859288309474,0.014667134830221288,0.26383731627592188,0.016221841597657688,0.067449228008322731,-0.74379450390551194,0.10677108675290232,0,0,0,0,0,0,0,0,0,0,0,0,-1.5219331881232478,-1.0273392226897451,0,0,0,0.13310972460825535,-0.53589127532937542,0,0,-0.1275786913108555,0.98555932050471695,-0.60596864494214109,-0.82719827826991665,0.019188046305373137,0.34516098068155532,0.021221966753379087,0.088239381806095099,-0.97305735222491807,0.13968157928625213,0,0,0,0,0,0,0,0,0,0,0,0,0,0,0,0,0,0,0,0,0,0,0,0,0,0,0,0,0,0,0,2250,2250,400,400,400,500,300,300,500,3000,3000,40,60,60,750,750,40,60,60,500,500,45,45,45,45,45,45,30,30,30,30,12,12,4,7,7,4,7,7,4,12,12,2,4.5,4.5,7.5,7.5,2,4.5,4.5,5,5,3,3,3,3,3,3,3,3,3,3
168,3.3599999999999999,READY_TRANSITION,672,0,-0.24609999999999999,-0.24609999999999999,0,0.0055999999999999999,-0.0055999999999999999,0,-0.034799999999999998,0.034799999999999998,0,0.44679999999999997,0.44679999999999997,0,-0.89371741444403752,-0.50578617395051717,-0.18540000000000001,-0.18540000000000001,0,0.22440366077611029,-0.54032249023896806,-0.0077999999999999996,0.0077999999999999996,-0.1000654343555948,0.7730164063935473,0.32471282595099688,0.15119294481870604,0.015050006927129034,0.27072454733327428,0.016645297888207573,0.06920992821741502,-0.76321057696103345,0.10955824800473532,0,0,0,0,0,0,0,0,0,0,0,0,-1.5141110506173894,-1.0220591034783664,0,0,0,0.13242559301997123,-0.53313700511795348,0,0,-0.12692298705653041,0.98049393354467385,-0.60285420463558337,-0.82294680473104509,0.019089427300386132,0.34338698910714172,0.021112894197904738,0.087785866117426337,-0.96805622046066686,0.13896367095181314,0,0,0,0,0,0,0,0,0,0,0,0,0,0,0,0,0,0,0,0,0,0,0,0,0,0,0,0,0,0,0,2250,2250,400,400,400,500,300,300,500,3000,3000,40,60,60,750,750,40,60,60,500,500,45,45,45,45,45,45,30,30,30,30,12,12,4,7,7,4,7,7,4,12,12,2,4.5,4.5,7.5,7.5,2,4.5,4.5,5,5,3,3,3,3,3,3,3,3,3,3
169,3.3799999999999999,READY_TRANSITION,676,0,-0.24609999999999999,-0.24609999999999999,0,0.0055999999999999999,-0.0055999999999999999,0,-0.034799999999999998,0.034799999999999998,0,0.44679999999999997,0.44679999999999997,0,-0.92391369173655458,-0.52616934207110488,-0.18540000000000001,-0.18540000000000001,0,0.22704465591700601,-0.55095496850724257,-0.0077999999999999996,0.0077999999999999996,-0.10259668971522695,0.79257063043072939,0.31268996096846269,0.13478072069385294,0.015430711922236733,0.27757279584020755,0.017066357365573877,0.070960662653019785,-0.78251675272393861,0.11232963359097485,0,0,0,0,0,0,0,0,0,0,0,0,-1.5047510970060045,-1.0157409237168735,0,0,0,0.13160696257201038,-0.52984125106187996,0,0,-0.12613837269777223,0.97443270195239073,-0.59912747178628711,-0.81785950026035392,0.018971420002356857,0.3412642344469155,0.020982378202916152,0.087243190179449315,-0.96207187650317882,0.13810462331904708,0,0,0,0,0,0,0,0,0,0,0,0,0,0,0,0,0,0,0,0,0,0,0,0,0,0,0,0,0,0,0,2250,2250,400,400,400,500,300,300,500,3000,3000,40,60,60,750,750,40,60,60,500,500,45,45,45,45,45,45,30,30,30,30,12,12,4,7,7,4,7,7,4,12,12,2,4.5,4.5,7.5,7.5,2,4.5,4.5,5,5,3,3,3,3,3,3,3,3,3,3
170,3.3999999999999999,READY_TRANSITION,680,0,-0.24609999999999999,-0.24609999999999999,0,0.0055999999999999999,-0.0055999999999999999,0,-0.034799999999999998,0.034799999999999998,0,0.44679999999999997,0.44679999999999997,0,-0.9539074583242777,-0.54641581089919211,-0.18540000000000001,-0.18540000000000001,0,0.22966793927899071,-0.56151614028144325,-0.0077999999999999996,0.0077999999999999996,-0.10511096926350569,0.81199371447164292,0.30074772707954539,0.11847856480829189,0.015808863727223309,0.2843751167111509,0.017484593016324219,0.072699655824592993,-0.8016934520211606,0.1150824329374972,0,0,0,0,0,0,0,0,0,0,0,0,-1.4938678425958196,-1.0083944815646562,0,0,0,0.13065510278691267,-0.52600912417804513,0,0,-0.12522606500536512,0.96738502541502125,-0.59479422576802221,-0.81194425419020555,0.018834207415624773,0.33879600864401005,0.020830621171093883,0.086612195567670539,-0.95511360080316188,0.13710576858898954,0,0,0,0,0,0,0,0,0,0,0,0,0,0,0,0,0,0,0,0,0,0,0,0,0,0,0,0,0,0,0,2250,2250,400,400,400,500,300,300,500,3000,3000,40,60,60,750,750,40,60,60,500,500,45,45,45,45,45,45,30,30,30,30,12,12,4,7,7,4,7,7,4,12,12,2,4.5,4.5,7.5,7.5,2,4.5,4.5,5,5,3,3,3,3,3,3,3,3,3,3
171,3.4199999999999999,READY_TRANSITION,684,0,-0.24609999999999999,-0.24609999999999999,0,0.0055999999999999999,-0.0055999999999999999,0,-0.034799999999999998,0.034799999999999998,0,0.44679999999999997,0.44679999999999997,0,-0.98366840544038736,-0.56650512133369113,-0.18540000000000001,-0.18540000000000001,0,0.23227086002848252,-0.57199533347436438,-0.0077999999999999996,0.0077999999999999996,-0.10760573231544156,0.83126603144733024,0.2888981919377418,0.10230295052624472,0.016184080218861724,0.29112463618596796,0.017899582212417633,0.074425150475726606,-0.82072129675606509,0.11781386433453443,0,0,0,0,0,0,0,0,0,0,0,0,-1.4814782219113198,-1.0000312082076135,0,0,0,0.12957149477429847,-0.52164658731947977,0,0,-0.1241874835452194,0.95936187023422104,-0.58986120918351059,-0.80521027074164919,0.018678003045252082,0.33598615229873535,0.020657859238897881,0.085893864120177923,-0.94719222055309471,0.13596866099617777,0,0,0,0,0,0,0,0,0,0,0,0,0,0,0,0,0,0,0,0,0,0,0,0,0,0,0,0,0,0,0,2250,2250,400,400,400,500,300,300,500,3000,3000,40,60,60,750,750,40,60,60,500,500,45,45,45,45,45,45,30,30,30,30,12,12,4,7,7,4,7,7,4,12,12,2,4.5,4.5,7.5,7.5,2,4.5,4.5,5,5,3,3,3,3,3,3,3,3,3,3
172,3.4399999999999999,READY_TRANSITION,688,0,-0.24609999999999999,-0.24609999999999999,0,0.0055999999999999999,-0.0055999999999999999,0,-0.034799999999999998,0.034799999999999998,0,0.44679999999999997,0.44679999999999997,0,-1.0131665872007305,-0.58641705922749665,-0.18540000000000001,-0.18540000000000001,0,0.23485079906996265,-0.58238200377422245,-0.0077999999999999996,0.0077999999999999996,-0.11007846860531446,0.85036818928101177,0.27715327871220496,0.086270153978625919,0.016555983849033392,0.29781456280310031,0.018310907385880135,0.07613541038940011,-0.83958114084328439,0.12052117937734431,0,0,0,0,0,0,0,0,0,0,0,0,-1.4676015886947862,-0.99066416785822398,0,0,0,0.12835783123088043,-0.51676045517536351,0,0,-0.12302425067837498,0.95037576932617829,-0.5843361278644349,-0.7976680690244653,0.018503050897024191,0.33283905466859331,0.020464362276568452,0.085089317937643572,-0.93832010968722401,0.13469507680865384,0,0,0,0,0,0,0,0,0,0,0,0,0,0,0,0,0,0,0,0,0,0,0,0,0,0,0,0,0,0,0,2250,2250,400,400,400,500,300,300,500,3000,3000,40,60,60,750,750,40,60,60,500,500,45,45,45,45,45,45,30,30,30,30,12,12,4,7,7,4,7,7,4,12,12,2,4.5,4.5,7.5,7.5,2,4.5,4.5,5,5,3,3,3,3,3,3,3,3,3,3
173,3.46,READY_TRANSITION,692,0,-0.24609999999999999,-0.24609999999999999,0,0.0055999999999999999,-0.0055999999999999999,0,-0.034799999999999998,0.034799999999999998,0,0.44679999999999997,0.44679999999999997,0,-1.0423724689881788,-0.60613168804802009,-0.18540000000000001,-0.18540000000000001,0,0.23740517327771773,-0.59266575168137892,-0.0077999999999999996,0.0077999999999999996,-0.11252670234257656,0.86928106222037738,0.2655247468231644,0.070396227765266106,0.016924202254742692,0.30443819837271169,0.018718156703480371,0.077828723193232349,-0.85825410114355405,0.12320166740688059,0,0,0,0,0,0,0,0,0,0,0,0,-1.4522597159062844,-0.98030805775553564,0,0,0,0.12701601644046281,-0.51135839427102758,0,0,-0.12173819156100461,0.94044082222159986,-0.57822765087144068,-0.7893294830371711,0.018309625477449815,0.32935965366827635,0.020250433888126165,0.084199819383324812,-0.92851118888160056,0.13328701432796761,0,0,0,0,0,0,0,0,0,0,0,0,0,0,0,0,0,0,0,0,0,0,0,0,0,0,0,0,0,0,0,2250,2250,400,400,400,500,300,300,500,3000,3000,40,60,60,750,750,40,60,60,500,500,45,45,45,45,45,45,30,30,30,30,12,12,4,7,7,4,7,7,4,12,12,2,4.5,4.5,7.5,7.5,2,4.5,4.5,5,5,3,3,3,3,3,3,3,3,3,3
174,3.48,READY_TRANSITION,696,0,-0.24609999999999999,-0.24609999999999999,0,0.0055999999999999999,-0.0055999999999999999,0,-0.034799999999999998,0.034799999999999998,0,0.44679999999999997,0.44679999999999997,0,-1.0712569758369819,-0.62562938153771808,-0.18540000000000001,-0.18540000000000001,0,0.23993143972758116,-0.60283633954506355,-0.0077999999999999996,0.0077999999999999996,-0.11494799626775465,0.88798582216987576,0.25402417267734734,0.054696974657139075,0.017288368868131385,0.31098894894983137,0.019120924741405181,0.079503403164733102,-0.87672158839854841,0.12585265995046302,0,0,0,0,0,0,0,0,0,0,0,0,-1.4354767957236281,-0.96897920816511052,0,0,0,0.12554816627393106,-0.50544892296793542,0,0,-0.12033133414440615,0.92957269506569462,-0.57154541049412311,-0.78020766166697064,0.018098031793760318,0.32555343586965491,0.020016411411370554,0.083226771083060383,-0.91778092555402369,0.1317466938891714,0,0,0,0,0,0,0,0,0,0,0,0,0,0,0,0,0,0,0,0,0,0,0,0,0,0,0,0,0,0,0,2250,2250,400,400,400,500,300,300,500,3000,3000,40,60,60,750,750,40,60,60,500,500,45,45,45,45,45,45,30,30,30,30,12,12,4,7,7,4,7,7,4,12,12,2,4.5,4.5,7.5,7.5,2,4.5,4.5,5,5,3,3,3,3,3,3,3,3,3,3
175,3.5,READY_TRANSITION,700,0,-0.24609999999999999,-0.24609999999999999,0,0.0055999999999999999,-0.0055999999999999999,0,-0.034799999999999998,0.034799999999999998,0,0.44679999999999997,0.44679999999999997,0,-1.0997915408171239,-0.64489085637462451,-0.18540000000000001,-0.18540000000000001,0,0.24242709992867498,-0.61288370860009633,-0.0077999999999999996,0.0077999999999999996,-0.1173399557083528,0.90646397002300516,0.24266293040339948,0.03918792129858728,0.017648123526493104,0.31746033580749788,0.019518813159935193,0.081157794036554765,-0.894965338165715,0.12847153516244744,0,0,0,0,0,0,0,0,0,0,0,0,-1.4172794395425292,-0.95669558237917451,0,0,0,0.1239566081892747,-0.4990414114637437,0,0,-0.1188059091750189,0.91778862061829003,-0.56430000225108079,-0.77031706868987138,0.017868605353911927,0.32142643650181491,0.019762665917883501,0.082171715925281191,-0.90614633386415233,0.13007655786083233,0,0,0,0,0,0,0,0,0,0,0,0,0,0,0,0,0,0,0,0,0,0,0,0,0,0,0,0,0,0,0,2250,2250,400,400,400,500,300,300,500,3000,3000,40,60,60,750,750,40,60,60,500,500,45,45,45,45,45,45,30,30,30,30,12,12,4,7,7,4,7,7,4,12,12,2,4.5,4.5,7.5,7.5,2,4.5,4.5,5,5,3,3,3,3,3,3,3,3,3,3
176,3.52,READY_TRANSITION,704,0,-0.24609999999999999,-0.24609999999999999,0,0.0055999999999999999,-0.0055999999999999999,0,-0.034799999999999998,0.034799999999999998,0,0.44679999999999997,0.44679999999999997,0,-1.127948153418683,-0.66389720483288506,-0.18540000000000001,-0.18540000000000001,0,0.24488970405515215,-0.6227979960036133,-0.0077999999999999996,0.0077999999999999996,-0.1197002326347554,0.92469736699460736,0.23145217258730411,0.02388429190954422,0.018003113082287862,0.32384600640990396,0.019911431378120521,0.08279027180174435,-0.91296744175311451,0.13105572226489631,0,0,0,0,0,0,0,0,0,0,0,0,-1.3976966779763567,-0.94347677671641761,0,0,0,0.12224388123155822,-0.4921460817922052,0,0,-0.11716435019440107,0.90510739825362396,-0.55650298488981731,-0.75967348277051761,0.017621712166582086,0.31698523945099949,0.019489602213024725,0.081036337060992267,-0.89362597471335237,0.12827927064500977,0,0,0,0,0,0,0,0,0,0,0,0,0,0,0,0,0,0,0,0,0,0,0,0,0,0,0,0,0,0,0,2250,2250,400,400,400,500,300,300,500,3000,3000,40,60,60,750,750,40,60,60,500,500,45,45,45,45,45,45,30,30,30,30,12,12,4,7,7,4,7,7,4,12,12,2,4.5,4.5,7.5,7.5,2,4.5,4.5,5,5,3,3,3,3,3,3,3,3,3,3
177,3.54,READY_TRANSITION,708,0,-0.24609999999999999,-0.24609999999999999,0,0.0055999999999999999,-0.0055999999999999999,0,-0.034799999999999998,0.034799999999999998,0,0.44679999999999997,0.44679999999999997,0,-1.1556994079361782,-0.68262992744328121,-0.18540000000000001,-0.18540000000000001,0,0.24731685517793731,-0.63256955187178454,-0.0077999999999999996,0.0077999999999999996,-0.12202652971612885,0.94266826595315012,0.22040281100780679,0.0088009819877665763,0.018352992013156388,0.33013974538553786,0.020298397248456182,0.084399247518994455,-0.93071037715424909,0.13360270598824783,0,0,0,0,0,0,0,0,0,0,0,0,-1.3767599608563663,-0.92934402052213816,0,0,0,0.12041273603294392,-0.48477400782325486,0,0,-0.11540929353924777,0.89154939396052513,-0.54816688038684391,-0.74829399746233205,0.017357748741172845,0.31223697726065897,0.019197658835935077,0.079822457903789765,-0.88023995574481595,0.12635771867728074,0,0,0,0,0,0,0,0,0,0,0,0,0,0,0,0,0,0,0,0,0,0,0,0,0,0,0,0,0,0,0,2250,2250,400,400,400,500,300,300,500,3000,3000,40,60,60,750,750,40,60,60,500,500,45,45,45,45,45,45,30,30,30,30,12,12,4,7,7,4,7,7,4,12,12,2,4.5,4.5,7.5,7.5,2,4.5,4.5,5,5,3,3,3,3,3,3,3,3,3,3
178,3.5600000000000001,READY_TRANSITION,712,0,-0.24609999999999999,-0.24609999999999999,0,0.0055999999999999999,-0.0055999999999999999,0,-0.034799999999999998,0.034799999999999998,0,0.44679999999999997,0.44679999999999997,0,-1.1830185518529377,-0.70107096565377058,-0.18540000000000001,-0.18540000000000001,0,0.2497062134964699,-0.64218895631654349,-0.0077999999999999996,0.0077999999999999996,-0.12431660437632532,0.96035934275302837,0.20952549737183035,-0.0060474679889490623,0.018697423031934775,0.33633548550033032,0.020679337731557924,0.085983170117895941,-0.94817703998290714,0.13611003101198754,0,0,0,0,0,0,0,0,0,0,0,0,-1.3545031572315069,-0.91432017616815964,0,0,0,0.11846613481267879,-0.47693711526295424,0,0,-0.11354357834137893,0.87713654034231314,-0.53930517394759625,-0.73619702120743258,0.017077142087808597,0.30718933113141889,0.018887308059534983,0.078532042129849863,-0.86600993134348103,0.12431501042671905,0,0,0,0,0,0,0,0,0,0,0,0,0,0,0,0,0,0,0,0,0,0,0,0,0,0,0,0,0,0,0,2250,2250,400,400,400,500,300,300,500,3000,3000,40,60,60,750,750,40,60,60,500,500,45,45,45,45,45,45,30,30,30,30,12,12,4,7,7,4,7,7,4,12,12,2,4.5,4.5,7.5,7.5,2,4.5,4.5,5,5,3,3,3,3,3,3,3,3,3,3
179,3.5800000000000001,READY_TRANSITION,716,0,-0.24609999999999999,-0.24609999999999999,0,0.0055999999999999999,-0.0055999999999999999,0,-0.034799999999999998,0.034799999999999998,0,0.44679999999999997,0.44679999999999997,0,-1.2098795342254385,-0.7192027344900076,-0.18540000000000001,-0.18540000000000001,0,0.25205550057044446,-0.65164703648230271,-0.0077999999999999996,0.0077999999999999996,-0.126568272849784,0.97775372756684265,0.19883060404990294,-0.020646898860530727,0.019036077696668732,0.34242731863079462,0.021053889570837581,0.08754052920418845,-0.96535077440798833,0.1385753064053166,0,0,0,0,0,0,0,0,0,0,0,0,-1.3309625553685978,-0.89842973905290835,0,0,0,0.11640725137709931,-0.46864818165353039,0,0,-0.11157024652775176,0.8618923366168596,-0.52993231400649821,-0.72340227733668216,0.016780349717337474,0.30185053092110642,0.018559055890525391,0.07716719367793605,-0.8509591026361174,0.12215447639590885,0,0,0,0,0,0,0,0,0,0,0,0,0,0,0,0,0,0,0,0,0,0,0,0,0,0,0,0,0,0,0,2250,2250,400,400,400,500,300,300,500,3000,3000,40,60,60,750,750,40,60,60,500,500,45,45,45,45,45,45,30,30,30,30,12,12,4,7,7,4,7,7,4,12,12,2,4.5,4.5,7.5,7.5,2,4.5,4.5,5,5,3,3,3,3,3,3,3,3,3,3
180,3.6000000000000001,READY_TRANSITION,720,0,-0.24609999999999999,-0.24609999999999999,0,0.0055999999999999999,-0.0055999999999999999,0,-0.034799999999999998,0.034799999999999998,0,0.44679999999999997,0.44679999999999997,0,-1.2362570540676816,-0.73700815521588692,-0.18540000000000001,-0.18540000000000001,0,0.25436250355155388,-0.66093488358268471,-0.0077999999999999996,0.0077999999999999996,-0.12877941423743539,0.99483503621770275,0.18832820481157042,-0.034983559082416349,0.019368637020628274,0.34840950673717458,0.02142169996717894,0.089069857865013383,-0.98221540408835184,0.1409962100678239,0,0,0,0,0,0,0,0,0,0,0,0,-1.3061768627521231,-0.88169883760128576,0,0,0,0.11423947111962734,-0.45992083637332037,0,0,-0.1094925428204413,0.84584184861649092,-0.52006371222688974,-0.7099308040696084,0.016467859641329519,0.29622935514470872,0.018213442069385868,0.075730156749389752,-0.83511221749118514,0.1198796691209314,0,0,0,0,0,0,0,0,0,0,0,0,0,0,0,0,0,0,0,0,0,0,0,0,0,0,0,0,0,0,0,2250,2250,400,400,400,500,300,300,500,3000,3000,40,60,60,750,750,40,60,60,500,500,45,45,45,45,45,45,30,30,30,30,12,12,4,7,7,4,7,7,4,12,12,2,4.5,4.5,7.5,7.5,2,4.5,4.5,5,5,3,3,3,3,3,3,3,3,3,3
181,3.6200000000000001,READY_TRANSITION,724,0,-0.24609999999999999,-0.24609999999999999,0,0.0055999999999999999,-0.0055999999999999999,0,-0.034799999999999998,0.034799999999999998,0,0.44679999999999997,0.44679999999999997,0,-1.2621266087355234,-0.75447068799405903,-0.18540000000000001,-0.18540000000000001,0,0.25662507941522955,-0.67004386993723553,-0.0077999999999999996,0.0077999999999999996,-0.13094797456260165,1.0115874015115023,0.17802805556082735,-0.049044131023315063,0.019694792082321912,0.35427649283658297,0.021782427253613016,0.09056973547416404,-0.99875526310763574,0.14337049317015385,0,0,0,0,0,0,0,0,0,0,0,0,-1.2801872060845043,-0.86415523326487387,0,0,0,0.11196639102078604,-0.45076956063685725,0,0,-0.10731391473666613,0.82901170878815766,-0.50971574350112958,-0.69580495451454505,0.016140190372079897,0.29033513097443675,0.01785104007037807,0.074223315808144216,-0.81849557051903721,0.11749436317138526,0,0,0,0,0,0,0,0,0,0,0,0,0,0,0,0,0,0,0,0,0,0,0,0,0,0,0,0,0,0,0,2250,2250,400,400,400,500,300,300,500,3000,3000,40,60,60,750,750,40,60,60,500,500,45,45,45,45,45,45,30,30,30,30,12,12,4,7,7,4,7,7,4,12,12,2,4.5,4.5,7.5,7.5,2,4.5,4.5,5,5,3,3,3,3,3,3,3,3,3,3
182,3.6400000000000001,READY_TRANSITION,728,0,-0.24609999999999999,-0.24609999999999999,0,0.0055999999999999999,-0.0055999999999999999,0,-0.034799999999999998,0.034799999999999998,0,0.44679999999999997,0.44679999999999997,0,-1.2874645423110618,-0.77157436454648187,-0.18540000000000001,-0.18540000000000001,0,0.25884115919238532,-0.678965666008159,-0.0077999999999999996,0.0077999999999999996,-0.13307197082690203,1.0279955045692291,0.16793957507152524,-0.062815757262998151,0.02001424463551147,0.36002291197615205,0.022135741569994063,0.092038790497339151,-1.0149552269091133,0.14569598459467931,0,0,0,0,0,0,0,0,0,0,0,0,-1.2530371312859556,-0.84582832052181312,0,0,0,0.1095918196481846,-0.44120968749484235,0,0,-0.10503801258877898,0.81143011619335126,-0.49890574595055637,-0.68104839666856543,0.015797890922607076,0.28417773423969478,0.017472457101544263,0.072649195580720347,-0.80113700307183344,0.1150025551503793,0,0,0,0,0,0,0,0,0,0,0,0,0,0,0,0,0,0,0,0,0,0,0,0,0,0,0,0,0,0,0,2250,2250,400,400,400,500,300,300,500,3000,3000,40,60,60,750,750,40,60,60,500,500,45,45,45,45,45,45,30,30,30,30,12,12,4,7,7,4,7,7,4,12,12,2,4.5,4.5,7.5,7.5,2,4.5,4.5,5,5,3,3,3,3,3,3,3,3,3,3
183,3.6600000000000001,READY_TRANSITION,732,0,-0.24609999999999999,-0.24609999999999999,0,0.0055999999999999999,-0.0055999999999999999,0,-0.034799999999999998,0.034799999999999998,0,0.44679999999999997,0.44679999999999997,0,-1.3122480939869616,-0.78830382081493156,-0.18540000000000001,-0.18540000000000001,0,0.26100875220115693,-0.68769225743702922,-0.0077999999999999996,0.0077999999999999996,-0.13514949506615281,1.0440446061592363,0.15807182572280509,-0.07628606689005768,0.020326707719226195,0.36564360220617076,0.022481325537674787,0.093475703297392854,-1.0308007432305091,0.14797059537616902,0,0,0,0,0,0,0,0,0,0,0,0,-1.2247726034941842,-0.82674912687659696,0,0,0,0.10711977715650162,-0.43125740183400374,0,0,-0.10266868948423449,0.79312683650786808,-0.48765202092533044,-0.66568611341729089,0.015441540806649182,0.2777675894270068,0.017078334104702036,0.071010461056202762,-0.78306590324329073,0.11240846369449733,0,0,0,0,0,0,0,0,0,0,0,0,0,0,0,0,0,0,0,0,0,0,0,0,0,0,0,0,0,0,0,2250,2250,400,400,400,500,300,300,500,3000,3000,40,60,60,750,750,40,60,60,500,500,45,45,45,45,45,45,30,30,30,30,12,12,4,7,7,4,7,7,4,12,12,2,4.5,4.5,7.5,7.5,2,4.5,4.5,5,5,3,3,3,3,3,3,3,3,3,3
184,3.6800000000000002,READY_TRANSITION,736,0,-0.24609999999999999,-0.24609999999999999,0,0.0055999999999999999,-0.0055999999999999999,0,-0.034799999999999998,0.034799999999999998,0,0.44679999999999997,0.44679999999999997,0,-1.3364554464508291,-0.80464432962154575,-0.18540000000000001,-0.18540000000000001,0,0.26312595027864538,-0.69621596208151915,-0.0077999999999999996,0.0077999999999999996,-0.13717871840627141,1.0597205780295438,0.14843349423451202,-0.089443201799689787,0.020631906267777438,0.37113361555323232,0.022818874934182144,0.094879208939587262,-1.046277863038845,0.1501923231424592,0,0,0,0,0,0,0,0,0,0,0,0,-1.1954420070650285,-0.80695031286051044,0,0,0,0.1045544952875288,-0.42092974037734321,0,0,-0.10021000132564781,0.7741332020222591,-0.47597383300471419,-0.64974440253526,0.015071750038671457,0.2711156696801581,0.016669345755453927,0.069309917486281084,-0.7643132058691493,0.10971652947385988,0,0,0,0,0,0,0,0,0,0,0,0,0,0,0,0,0,0,0,0,0,0,0,0,0,0,0,0,0,0,0,2250,2250,400,400,400,500,300,300,500,3000,3000,40,60,60,750,750,40,60,60,500,500,45,45,45,45,45,45,30,30,30,30,12,12,4,7,7,4,7,7,4,12,12,2,4.5,4.5,7.5,7.5,2,4.5,4.5,5,5,3,3,3,3,3,3,3,3,3,3
185,3.7000000000000002,READY_TRANSITION,740,0,-0.24609999999999999,-0.24609999999999999,0,0.0055999999999999999,-0.0055999999999999999,0,-0.034799999999999998,0.034799999999999998,0,0.44679999999999997,0.44679999999999997,0,-1.3600657742695628,-0.82058183332935197,-0.18540000000000001,-0.18540000000000001,0,0.26519093201265809,-0.70452944705212295,-0.0077999999999999996,0.0077999999999999996,-0.13915789511917873,1.0750099342401267,0.13903287240261653,-0.10227584299146808,0.020929577720773054,0.37648822899337708,0.023148099367892944,0.096248099996844097,-1.061373271465275,0.15235925655512342,0,0,0,0,0,0,0,0,0,0,0,0,-1.1650961455720699,-0.78646617203139146,0,0,0,0.10190041737014599,-0.41024459168400029,0,0,-0.097666206810761297,0.75448211164160228,-0.46389140999692768,-0.63325087668571478,0.014689159133862185,0.26423349680011476,0.016246200463182307,0.06755051038522808,-0.74491139252691463,0.10693141519209221,0,0,0,0,0,0,0,0,0,0,0,0,0,0,0,0,0,0,0,0,0,0,0,0,0,0,0,0,0,0,0,2250,2250,400,400,400,500,300,300,500,3000,3000,40,60,60,750,750,40,60,60,500,500,45,45,45,45,45,45,30,30,30,30,12,12,4,7,7,4,7,7,4,12,12,2,4.5,4.5,7.5,7.5,2,4.5,4.5,5,5,3,3,3,3,3,3,3,3,3,3
186,3.7200000000000002,READY_TRANSITION,744,0,-0.24609999999999999,-0.24609999999999999,0,0.0055999999999999999,-0.0055999999999999999,0,-0.034799999999999998,0.034799999999999998,0,0.44679999999999997,0.44679999999999997,0,-1.3830592922737119,-0.83610297650280141,-0.18540000000000001,-0.18540000000000001,0,0.26720196697345122,-0.71262574574887916,-0.0077999999999999996,0.0077999999999999996,-0.14108536667870186,1.0898998624952079,0.12987783783463491,-0.11477323686711838,0.021219472633131925,0.38170295542523691,0.023468722952709437,0.097581229354996385,-1.0760743187399215,0.15446957975014289,0,0,0,0,0,0,0,0,0,0,0,0,-1.1337882418064715,-0.76533263097348647,0,0,0,0.099162198320308648,-0.39922069614918565,0,0,-0.095041767432428592,0.73420803088534159,-0.45142594293906546,-0.61623446342050359,0.014294439108130177,0.25713314124499176,0.015809640371046516,0.065735325529887867,-0.72489449153572694,0.10405800558630357,0,0,0,0,0,0,0,0,0,0,0,0,0,0,0,0,0,0,0,0,0,0,0,0,0,0,0,0,0,0,0,2250,2250,400,400,400,500,300,300,500,3000,3000,40,60,60,750,750,40,60,60,500,500,45,45,45,45,45,45,30,30,30,30,12,12,4,7,7,4,7,7,4,12,12,2,4.5,4.5,7.5,7.5,2,4.5,4.5,5,5,3,3,3,3,3,3,3,3,3,3
187,3.7400000000000002,READY_TRANSITION,748,0,-0.24609999999999999,-0.24609999999999999,0,0.0055999999999999999,-0.0055999999999999999,0,-0.034799999999999998,0.034799999999999998,0,0.44679999999999997,0.44679999999999997,0,-1.4054173039418216,-0.85119513856829143,-0.18540000000000001,-0.18540000000000001,0,0.26915741994547043,-0.72049827489809037,-0.0077999999999999996,0.0077999999999999996,-0.14295956581647587,1.1043782554755404,0.12097583468505391,-0.12692522152828822,0.021501355285098261,0.38677355464317675,0.023780484982734804,0.098877513018039612,-1.0903690511267041,0.15652157677857556,0,0,0,0,0,0,0,0,0,0,0,0,-1.1015739377772393,-0.74358724929763365,0,0,0,0.096344704641060375,-0.38787764600428654,0,0,-0.092341347478641644,0.7133469918874813,-0.43859958609720473,-0.59872540518023931,0.013888291478108064,0.24982722213009873,0.015360441355987027,0.063867588959692217,-0.70429807795655552,0.10110140742711701,0,0,0,0,0,0,0,0,0,0,0,0,0,0,0,0,0,0,0,0,0,0,0,0,0,0,0,0,0,0,0,2250,2250,400,400,400,500,300,300,500,3000,3000,40,60,60,750,750,40,60,60,500,500,45,45,45,45,45,45,30,30,30,30,12,12,4,7,7,4,7,7,4,12,12,2,4.5,4.5,7.5,7.5,2,4.5,4.5,5,5,3,3,3,3,3,3,3,3,3,3
188,3.7599999999999998,READY_TRANSITION,752,0,-0.24609999999999999,-0.24609999999999999,0,0.0055999999999999999,-0.0055999999999999999,0,-0.034799999999999998,0.034799999999999998,0,0.44679999999999997,0.44679999999999997,0,-1.4271222497848015,-0.86584646647470676,-0.18540000000000001,-0.18540000000000001,0,0.27105575515909364,-0.72814085158905062,-0.0077999999999999996,0.0077999999999999996,-0.14477902057784753,1.1184337421707071,0.11233385439074672,-0.13872225307432795,0.021775004292256248,0.39169604431044086,0.024083140606948918,0.10013593291338407,-1.1042462418581838,0.15851363604722757,0,0,0,0,0,0,0,0,0,0,0,0,-1.0685112947113162,-0.72126921964135171,0,0,0,0.093453014422545388,-0.37623588531687513,0,0,-0.08956981403253142,0.69193659339664149,-0.42543545696642759,-0.58075525929432437,0.013471448261153512,0.2423289072279608,0.014899413028725619,0.061950666976664029,-0.68315927359224315,0.098066949518672147,0,0,0,0,0,0,0,0,0,0,0,0,0,0,0,0,0,0,0,0,0,0,0,0,0,0,0,0,0,0,0,2250,2250,400,400,400,500,300,300,500,3000,3000,40,60,60,750,750,40,60,60,500,500,45,45,45,45,45,45,30,30,30,30,12,12,4,7,7,4,7,7,4,12,12,2,4.5,4.5,7.5,7.5,2,4.5,4.5,5,5,3,3,3,3,3,3,3,3,3,3
189,3.7799999999999998,READY_TRANSITION,756,0,-0.24609999999999999,-0.24609999999999999,0,0.0055999999999999999,-0.0055999999999999999,0,-0.034799999999999998,0.034799999999999998,0,0.44679999999999997,0.44679999999999997,0,-1.4481577557302743,-0.8800459073539455,-0.18540000000000001,-0.18540000000000001,0,0.27289554052237225,-0.73554771031076538,-0.0077999999999999996,0.0077999999999999996,-0.14654235837777713,1.132055719211406,0.1039584164063968,-0.1501554319000612,0.022040213215544401,0.39646671093229519,0.024376461503883829,0.10135553969710617,-1.1176954220703939,0.16044425475932245,0,0,0,0,0,0,0,0,0,0,0,0,-1.0346607930533436,-0.6984193676686512,0,0,0,0.09049241734199881,-0.36431670999065857,0,0,-0.086732236972354715,0.67001600077593593,-0.41195763627077109,-0.56235689798085908,0.013044671975346797,0.23465191296828669,0.014427398733763992,0.05998806614540865,-0.66151674698737284,0.094960182698606427,0,0,0,0,0,0,0,0,0,0,0,0,0,0,0,0,0,0,0,0,0,0,0,0,0,0,0,0,0,0,0,2250,2250,400,400,400,500,300,300,500,3000,3000,40,60,60,750,750,40,60,60,500,500,45,45,45,45,45,45,30,30,30,30,12,12,4,7,7,4,7,7,4,12,12,2,4.5,4.5,7.5,7.5,2,4.5,4.5,5,5,3,3,3,3,3,3,3,3,3,3
190,3.7999999999999998,READY_TRANSITION,760,0,-0.24609999999999999,-0.24609999999999999,0,0.0055999999999999999,-0.0055999999999999999,0,-0.034799999999999998,0.034799999999999998,0,0.44679999999999997,0.44679999999999997,0,-1.4685086815069353,-0.8937832411814528,-0.18540000000000001,-0.18540000000000001,0,0.27467545185277359,-0.74271351998867696,-0.0077999999999999996,0.0077999999999999996,-0.14824831005674172,1.1452343822017446,0.09585554893991588,-0.16121652899356231,0.022296791171270119,0.40108212082917233,0.024660236556299477,0.10253545555920042,-1.1307069117376787,0.16231204335517183,0,0,0,0,0,0,0,0,0,0,0,0,-1.00008533246565,-0.67508015207002892,0,0,0,0.087468414663731398,-0.35214226776544566,0,0,-0.083833888971489301,0.64762594600293322,-0.39819116796317999,-0.54356450834659731,0.012608755639489586,0.22681050443794371,0.013945275549381939,0.057983433293107983,-0.63941071342824007,0.091786879838055835,0,0,0,0,0,0,0,0,0,0,0,0,0,0,0,0,0,0,0,0,0,0,0,0,0,0,0,0,0,0,0,2250,2250,400,400,400,500,300,300,500,3000,3000,40,60,60,750,750,40,60,60,500,500,45,45,45,45,45,45,30,30,30,30,12,12,4,7,7,4,7,7,4,12,12,2,4.5,4.5,7.5,7.5,2,4.5,4.5,5,5,3,3,3,3,3,3,3,3,3,3
191,3.8199999999999998,READY_TRANSITION,764,0,-0.24609999999999999,-0.24609999999999999,0,0.0055999999999999999,-0.0055999999999999999,0,-0.034799999999999998,0.034799999999999998,0,0.44679999999999997,0.44679999999999997,0,-1.4881611690289003,-0.90704911343674666,-0.18540000000000001,-0.18540000000000001,0,0.2763942771089215,-0.74963340102138321,-0.0077999999999999996,0.0077999999999999996,-0.1498957139366367,1.1579607570515233,0.088030769687869603,-0.17189801223392509,0.022544563441123985,0.40553913110981293,0.024934272525859107,0.10367487702883049,-1.1432718506075235,0.16411572995284468,0,0,0,0,0,0,0,0,0,0,0,0,-0.96485023182851792,-0.65129566456267884,0,0,0,0.084386719239153141,-0.33973555821725787,0,0,-0.080880245498456821,0.62480872766980111,-0.38416205922561786,-0.52441359238711016,0.012164522773108928,0.21881949538102158,0.013453954287641606,0.055940555509537485,-0.61688293494302493,0.088553035841675704,0,0,0,0,0,0,0,0,0,0,0,0,0,0,0,0,0,0,0,0,0,0,0,0,0,0,0,0,0,0,0,2250,2250,400,400,400,500,300,300,500,3000,3000,40,60,60,750,750,40,60,60,500,500,45,45,45,45,45,45,30,30,30,30,12,12,4,7,7,4,7,7,4,12,12,2,4.5,4.5,7.5,7.5,2,4.5,4.5,5,5,3,3,3,3,3,3,3,3,3,3
192,3.8399999999999999,READY_TRANSITION,768,0,-0.24609999999999999,-0.24609999999999999,0,0.0055999999999999999,-0.0055999999999999999,0,-0.034799999999999998,0.034799999999999998,0,0.44679999999999997,0.44679999999999997,0,-1.507102690780076,-0.91983506776395996,-0.18540000000000001,-0.18540000000000001,0,0.27805092062233971,-0.75630294231736728,-0.0077999999999999996,0.0077999999999999996,-0.15148351987667999,1.1702267313085366,0.080489066570891166,-0.18219307268904672,0.022783372082194477,0.40983490064441319,0.025198394727805142,0.10477307777958192,-1.1553822291353997,0.16585416478883885,0,0,0,0,0,0,0,0,0,0,0,0,-0.92902322923992808,-0.62711162989027014,0,0,0,0.081253255506760769,-0.32712043275823777,0,0,-0.077876984816903361,0.6016082109832066,-0.36989728046899206,-0.50494096698665003,0.011712827396454396,0.21069424819877974,0.012954379494384272,0.053863360147051939,-0.59397672030163107,0.085264867647619202,0,0,0,0,0,0,0,0,0,0,0,0,0,0,0,0,0,0,0,0,0,0,0,0,0,0,0,0,0,0,0,2250,2250,400,400,400,500,300,300,500,3000,3000,40,60,60,750,750,40,60,60,500,500,45,45,45,45,45,45,30,30,30,30,12,12,4,7,7,4,7,7,4,12,12,2,4.5,4.5,7.5,7.5,2,4.5,4.5,5,5,3,3,3,3,3,3,3,3,3,3
193,3.8599999999999999,READY_TRANSITION,772,0,-0.24609999999999999,-0.24609999999999999,0,0.0055999999999999999,-0.0055999999999999999,0,-0.034799999999999998,0.034799999999999998,0,0.44679999999999997,0.44679999999999997,0,-1.5253220981984974,-0.93213357863235746,-0.18540000000000001,-0.18540000000000001,0,0.27964440732919194,-0.76271821833171272,-0.0077999999999999996,0.0077999999999999996,-0.15301079332931283,1.1820250854908516,0.073234878469109921,-0.19209565091339109,0.02301307653698216,0.41396690103776412,0.025452447705634478,0.10582941143471257,-1.1670309194195887,0.16752632465874945,0,0,0,0,0,0,0,0,0,0,0,0,-0.89267448201563182,-0.60257540582303037,0,0,0,0.078074159492139139,-0.31432159463665177,0,0,-0.074829987985600838,0.57806982776432703,-0.35542476533314826,-0.48518476391817555,0.011254554030497819,0.20245067394966398,0.01244752944923053,0.051755914820589277,-0.5707369250157468,0.081928814227541502,0,0,0,0,0,0,0,0,0,0,0,0,0,0,0,0,0,0,0,0,0,0,0,0,0,0,0,0,0,0,0,2250,2250,400,400,400,500,300,300,500,3000,3000,40,60,60,750,750,40,60,60,500,500,45,45,45,45,45,45,30,30,30,30,12,12,4,7,7,4,7,7,4,12,12,2,4.5,4.5,7.5,7.5,2,4.5,4.5,5,5,3,3,3,3,3,3,3,3,3,3
194,3.8799999999999999,READY_TRANSITION,776,0,-0.24609999999999999,-0.24609999999999999,0,0.0055999999999999999,-0.0055999999999999999,0,-0.034799999999999998,0.034799999999999998,0,0.44679999999999997,0.44679999999999997,0,-1.5428096700607012,-0.94393808399688117,-0.18540000000000001,-0.18540000000000001,0,0.28117388700202528,-0.76887580610283335,-0.0077999999999999996,0.0077999999999999996,-0.15447671939610402,1.1933495244191097,0.066272075957565235,-0.20160046324577374,0.023233554243414389,0.41793292760239975,0.025696295905774363,0.10684331437240549,-1.1782117061360295,0.16913131735794051,0,0,0,0,0,0,0,0,0,0,0,0,-0.85587656668925649,-0.57773598315782326,0,0,0,0.07485577880797234,-0.30136459893697065,0,0,-0.071745338858462959,0.55424057644892222,-0.34077341068694811,-0.46518442984344044,0.010790617696936153,0.19410523234933419,0.011934416165583148,0.049622427407678554,-0.5472099513389117,0.078551536586617121,0,0,0,0,0,0,0,0,0,0,0,0,0,0,0,0,0,0,0,0,0,0,0,0,0,0,0,0,0,0,0,2250,2250,400,400,400,500,300,300,500,3000,3000,40,60,60,750,750,40,60,60,500,500,45,45,45,45,45,45,30,30,30,30,12,12,4,7,7,4,7,7,4,12,12,2,4.5,4.5,7.5,7.5,2,4.5,4.5,5,5,3,3,3,3,3,3,3,3,3,3
195,3.8999999999999999,READY_TRANSITION,780,0,-0.24609999999999999,-0.24609999999999999,0,0.0055999999999999999,-0.0055999999999999999,0,-0.034799999999999998,0.034799999999999998,0,0.44679999999999997,0.44679999999999997,0,-1.5595571608660677,-0.95524301795867039,-0.18540000000000001,-0.18540000000000001,0,0.28263863848151083,-0.77477280228919154,-0.0077999999999999996,0.0077999999999999996,-0.15588060688365135,1.2041947085488085,0.059603942041631996,-0.21070302810712871,0.023444701244859607,0.42173111033173749,0.025929824352257803,0.10781430853101971,-1.1889193174731452,0.17066838612221413,0,0,0,0,0,0,0,0,0,0,0,0,-0.81870447901196686,-0.55264398571788775,0,0,0,0.071604672654003443,-0.28827585257971411,0,0,-0.068629324084510529,0.53016902208710137,-0.32597307662809993,-0.44498072631275476,0.010321963918186097,0.18567493177057137,0.011416085390620733,0.047467246048416706,-0.52344374826627238,0.075139917763498987,0,0,0,0,0,0,0,0,0,0,0,0,0,0,0,0,0,0,0,0,0,0,0,0,0,0,0,0,0,0,0,2250,2250,400,400,400,500,300,300,500,3000,3000,40,60,60,750,750,40,60,60,500,500,45,45,45,45,45,45,30,30,30,30,12,12,4,7,7,4,7,7,4,12,12,2,4.5,4.5,7.5,7.5,2,4.5,4.5,5,5,3,3,3,3,3,3,3,3,3,3
196,3.9199999999999999,READY_TRANSITION,784,0,-0.24609999999999999,-0.24609999999999999,0,0.0055999999999999999,-0.0055999999999999999,0,-0.034799999999999998,0.034799999999999998,0,0.44679999999999997,0.44679999999999997,0,-1.5755578492211799,-0.96604384342559668,-0.18540000000000001,-0.18540000000000001,0,0.28403807390818542,-0.78040684020602191,-0.0077999999999999996,0.0077999999999999996,-0.15722189235948444,1.2145562853025937,0.053233152892441238,-0.21939969229828393,0.023646432800141833,0.42535992487322261,0.026152939321399192,0.10874200421434216,-1.1991494560666804,0.17213691406848047,0,0,0,0,0,0,0,0,0,0,0,0,-0.78123563395302575,-0.52735167035324326,0,0,0,0.068327611817096956,-0.27508261432165892,0,0,-0.065488433107920019,0.50590529634370607,-0.3110545864833919,-0.42461572976534301,0.009849568717391205,0.17717732924342061,0.010893616605306237,0.0452948591455022,-0.49948781153494881,0.071701062830373252,0,0,0,0,0,0,0,0,0,0,0,0,0,0,0,0,0,0,0,0,0,0,0,0,0,0,0,0,0,0,0,2250,2250,400,400,400,500,300,300,500,3000,3000,40,60,60,750,750,40,60,60,500,500,45,45,45,45,45,45,30,30,30,30,12,12,4,7,7,4,7,7,4,12,12,2,4.5,4.5,7.5,7.5,2,4.5,4.5,5,5,3,3,3,3,3,3,3,3,3,3
197,3.9399999999999999,READY_TRANSITION,788,0,-0.24609999999999999,-0.24609999999999999,0,0.0055999999999999999,-0.0055999999999999999,0,-0.034799999999999998,0.034799999999999998,0,0.44679999999999997,0.44679999999999997,0,-1.5908065862241887,-0.97633708477280012,-0.18540000000000001,-0.18540000000000001,0,0.28537174295419471,-0.7857761068620579,-0.0077999999999999996,0.0077999999999999996,-0.15850014420796815,1.2244309204025567,0.04716175858229632,-0.22768765729774243,0.023838683993555255,0.42881820350147432,0.026365569016470053,0.1096261028968398,-1.2088988299345431,0.17353642863542906,0,0,0,0,0,0,0,0,0,0,0,0,-0.74354986569945547,-0.50191292694043987,0,0,0,0.06503157867120829,-0.26181299475571684,0,0,-0.062329358167998589,0.48150109749809933,-0.29604972680858654,-0.40413283152913593,0.0093744386184182495,0.16863053045511056,0.010368123024382964,0.04310989536421804,-0.47539318362384564,0.068242298892932235,0,0,0,0,0,0,0,0,0,0,0,0,0,0,0,0,0,0,0,0,0,0,0,0,0,0,0,0,0,0,0,2250,2250,400,400,400,500,300,300,500,3000,3000,40,60,60,750,750,40,60,60,500,500,45,45,45,45,45,45,30,30,30,30,12,12,4,7,7,4,7,7,4,12,12,2,4.5,4.5,7.5,7.5,2,4.5,4.5,5,5,3,3,3,3,3,3,3,3,3,3
198,3.96,READY_TRANSITION,792,0,-0.24609999999999999,-0.24609999999999999,0,0.0055999999999999999,-0.0055999999999999999,0,-0.034799999999999998,0.034799999999999998,0,0.44679999999999997,0.44679999999999997,0,-1.6052998438491581,-0.98612036050321428,-0.18540000000000001,-0.18540000000000001,0,0.28663933705503375,-0.79087935999625059,-0.0077999999999999996,0.0077999999999999996,-0.15971506668620439,1.2338163292025177,0.041391163820097776,-0.23556500555944937,0.024021410344878563,0.43210514609142703,0.026567664242374511,0.11046640002891088,-1.2181651834116343,0.17486660602419776,0,0,0,0,0,0,0,0,0,0,0,0,-0.70572942765577129,-0.47638327838241401,0,0,0,0.061723767177350453,-0.24849595631085408,0,0,-0.059158994299157719,0.45700969044396023,-0.28099124738827086,-0.38357673782062895,0.0088976106458535723,0.16005318974998961,0.0098407515963697123,0.040917123632414759,-0.45121245375346897,0.064771175090345967,0,0,0,0,0,0,0,0,0,0,0,0,0,0,0,0,0,0,0,0,0,0,0,0,0,0,0,0,0,0,0,2250,2250,400,400,400,500,300,300,500,3000,3000,40,60,60,750,750,40,60,60,500,500,45,45,45,45,45,45,30,30,30,30,12,12,4,7,7,4,7,7,4,12,12,2,4.5,4.5,7.5,7.5,2,4.5,4.5,5,5,3,3,3,3,3,3,3,3,3,3
199,3.98,READY_TRANSITION,796,0,-0.24609999999999999,-0.24609999999999999,0,0.0055999999999999999,-0.0055999999999999999,0,-0.034799999999999998,0.034799999999999998,0,0.44679999999999997,0.44679999999999997,0,-1.6190357633304195,-0.99539241590809668,-0.18540000000000001,-0.18540000000000001,0,0.28784069364128873,-0.79571594511449206,-0.0077999999999999996,0.0077999999999999996,-0.16086650397993446,1.2427113080203152,0.035922108686765486,-0.24303072681056759,0.024194588419389398,0.4352203310914739,0.026759199080324841,0.11126278784213639,-1.2269473280846819,0.1761272756390429,0,0,0,0,0,0,0,0,0,0,0,0,-0.66785899244447555,-0.45081988060878264,0,0,0,0.058411582883644009,-0.23516131325225786,0,0,-0.055984439330954844,0.43248590668963915,-0.26591286123607838,-0.36299346974514868,0.0084201523250090719,0.15146451012964107,0.0093126830035682347,0.038721453140536793,-0.42699975788621503,0.061295462595310074,0,0,0,0,0,0,0,0,0,0,0,0,0,0,0,0,0,0,0,0,0,0,0,0,0,0,0,0,0,0,0,2250,2250,400,400,400,500,300,300,500,3000,3000,40,60,60,750,750,40,60,60,500,500,45,45,45,45,45,45,30,30,30,30,12,12,4,7,7,4,7,7,4,12,12,2,4.5,4.5,7.5,7.5,2,4.5,4.5,5,5,3,3,3,3,3,3,3,3,3,3
200,4,READY_TRANSITION,800,0,-0.24609999999999999,-0.24609999999999999,0,0.0055999999999999999,-0.0055999999999999999,0,-0.034799999999999998,0.034799999999999998,0,0.44679999999999997,0.44679999999999997,0,-1.6320142035469372,-1.0041531557275656,-0.18540000000000001,-0.18540000000000001,0,0.28897580037037951,-0.8002858125263409,-0.0077999999999999996,0.0077999999999999996,-0.16195444425944258,1.2511157654701033,0.030754649370654641,-0.25008474434925532,0.024358216437878926,0.43816372649661267,0.02694017156251724,0.11201525815453235,-1.2352451737270829,0.17731842452801017,0,0,0,0,0,0,0,0,0,0,0,0,-0.63002565190590776,-0.42528152257573781,0,0,0,0.055102642925305978,-0.22183973168126425,0,0,-0.052812993888082249,0.4079861443580246,-0.25084924459462532,-0.34243036329675847,0.0079431616819202952,0.14288424325284155,0.008785131662060984,0.03652793334161554,-0.40281077872630355,0.057823154614024957,0,0,0,0,0,0,0,0,0,0,0,0,0,0,0,0,0,0,0,0,0,0,0,0,0,0,0,0,0,0,0,2250,2250,400,400,400,500,300,300,500,3000,3000,40,60,60,750,750,40,60,60,500,500,45,45,45,45,45,45,30,30,30,30,12,12,4,7,7,4,7,7,4,12,12,2,4.5,4.5,7.5,7.5,2,4.5,4.5,5,5,3,3,3,3,3,3,3,3,3,3
201,4.0199999999999996,READY_TRANSITION,804,0,-0.24609999999999999,-0.24609999999999999,0,0.0055999999999999999,-0.0055999999999999999,0,-0.034799999999999998,0.034799999999999998,0,0.44679999999999997,0.44679999999999997,0,-1.6442367894066559,-1.0124036768111262,-0.18540000000000001,-0.18540000000000001,0,0.29004479935830096,-0.80458953438174263,-0.0077999999999999996,0.0077999999999999996,-0.16297902373545775,1.2590307537946361,0.025888138902980473,-0.25672794134243793,0.02451231488666621,0.44093570082158756,0.027110604346807281,0.11272390517580101,-1.243059759233734,0.1784402018236039,0,0,0,0,0,0,0,0,0,0,0,0,-0.59231891709815021,-0.39982862626605775,0,0,0,0.051804776024642896,-0.2085627295353637,0,0,-0.049652161390362909,0.38356836818652096,-0.23583603693547728,-0.32193606935826402,0.0074677672433459165,0.13433268943556093,0.0082593457217101582,0.034341753951267276,-0.37870274571973339,0.054362466386199959,0,0,0,0,0,0,0,0,0,0,0,0,0,0,0,0,0,0,0,0,0,0,0,0,0,0,0,0,0,0,0,2250,2250,400,400,400,500,300,300,500,3000,3000,40,60,60,750,750,40,60,60,500,500,45,45,45,45,45,45,30,30,30,30,12,12,4,7,7,4,7,7,4,12,12,2,4.5,4.5,7.5,7.5,2,4.5,4.5,5,5,3,3,3,3,3,3,3,3,3,3
202,4.04,READY_TRANSITION,808,0,-0.24609999999999999,-0.24609999999999999,0,0.0055999999999999999,-0.0055999999999999999,0,-0.034799999999999998,0.034799999999999998,0,0.44679999999999997,0.44679999999999997,0,-1.6557069602308632,-1.0201463007782079,-0.18540000000000001,-0.18540000000000001,0,0.29104799141136523,-0.80862832170775545,-0.0077999999999999996,0.0077999999999999996,-0.1639405307150571,1.2664585001975641,0.02132120789323555,-0.26296218712358588,0.024656927127612763,0.44353703407403511,0.027270545391385646,0.11338892831258304,-1.2503932835558722,0.17949292318345816,0,0,0,0,0,0,0,0,0,0,0,0,-0.5548307182969614,-0.37452324668896253,0,0,0,0.048526022491028609,-0.19536267658813722,0,0,-0.04650964805273522,0.35929210952696522,-0.22090984095910482,-0.30156055370109125,0.0069951280367660899,0.12583069765091798,0.0077366070661560524,0.03216824494768275,-0.35473443505417146,0.050921835185034625,0,0,0,0,0,0,0,0,0,0,0,0,0,0,0,0,0,0,0,0,0,0,0,0,0,0,0,0,0,0,0,2250,2250,400,400,400,500,300,300,500,3000,3000,40,60,60,750,750,40,60,60,500,500,45,45,45,45,45,45,30,30,30,30,12,12,4,7,7,4,7,7,4,12,12,2,4.5,4.5,7.5,7.5,2,4.5,4.5,5,5,3,3,3,3,3,3,3,3,3,3
203,4.0599999999999996,READY_TRANSITION,812,0,-0.24609999999999999,-0.24609999999999999,0,0.0055999999999999999,-0.0055999999999999999,0,-0.034799999999999998,0.034799999999999998,0,0.44679999999999997,0.44679999999999997,0,-1.6664300181385343,-1.0273846066786847,-0.18540000000000001,-0.18540000000000001,0,0.29198584025794211,-0.81240404144526812,-0.0077999999999999996,0.0077999999999999996,-0.16483940965756716,1.2734024381757147,0.01705174526461628,-0.26879036349048158,0.024792120008136853,0.44596892872762428,0.027420068629453523,0.11401063497370832,-1.2572491366359009,0.18047707523100529,0,0,0,0,0,0,0,0,0,0,0,0,-0.51765540499603135,-0.34942907188032502,0,0,0,0.045274634220944521,-0.18227279444937294,0,0,-0.043393362885280756,0.33521846634582131,-0.20610822259499728,-0.28135509698548056,0.0065264335903858321,0.11739966552925252,0.0072182313128210489,0.030012876571645225,-0.33096616965919146,0.047509920317247156,0,0,0,0,0,0,0,0,0,0,0,0,0,0,0,0,0,0,0,0,0,0,0,0,0,0,0,0,0,0,0,2250,2250,400,400,400,500,300,300,500,3000,3000,40,60,60,750,750,40,60,60,500,500,45,45,45,45,45,45,30,30,30,30,12,12,4,7,7,4,7,7,4,12,12,2,4.5,4.5,7.5,7.5,2,4.5,4.5,5,5,3,3,3,3,3,3,3,3,3,3
204,4.0800000000000001,READY_TRANSITION,816,0,-0.24609999999999999,-0.24609999999999999,0,0.0055999999999999999,-0.0055999999999999999,0,-0.034799999999999998,0.034799999999999998,0,0.44679999999999997,0.44679999999999997,0,-1.6764131764307044,-1.0341234636534209,-0.18540000000000001,-0.18540000000000001,0,0.29285897678020301,-0.81591923348573037,-0.0077999999999999996,0.0077999999999999996,-0.16567626523046833,1.279867238851397,0.013076878989435659,-0.2742163910030051,0.024917984471228196,0.44823302069520521,0.027559274643898488,0.11458944337544885,-1.2636319303422399,0.18139331999614805,0,0,0,0,0,0,0,0,0,0,0,0,-0.48088974590667632,-0.32461142290250433,0,0,0,0.042059074697954613,-0.16932715656495512,0,0,-0.040311417693202067,0.31141010322398577,-0.1914697110015573,-0.26137229476032031,0.0060629039331318128,0.10906153935806712,0.0067055678129058008,0.027881259326515556,-0.30745981920605181,0.044135603123052203,0,0,0,0,0,0,0,0,0,0,0,0,0,0,0,0,0,0,0,0,0,0,0,0,0,0,0,0,0,0,0,2250,2250,400,400,400,500,300,300,500,3000,3000,40,60,60,750,750,40,60,60,500,500,45,45,45,45,45,45,30,30,30,30,12,12,4,7,7,4,7,7,4,12,12,2,4.5,4.5,7.5,7.5,2,4.5,4.5,5,5,3,3,3,3,3,3,3,3,3,3
205,4.0999999999999996,READY_TRANSITION,820,0,-0.24609999999999999,-0.24609999999999999,0,0.0055999999999999999,-0.0055999999999999999,0,-0.034799999999999998,0.034799999999999998,0,0.44679999999999997,0.44679999999999997,0,-1.6856656079748014,-1.0403690635947849,-0.18540000000000001,-0.18540000000000001,0,0.29366820324586029,-0.81917712770786633,-0.0077999999999999996,0.0077999999999999996,-0.16645186636529524,1.2858588423046742,0.0093929568245539885,-0.27924525528089439,0.025034636165462126,0.45033139030194697,0.027688291341969755,0.11512588534676894,-1.2695475294041429,0.18224249935592737,0,0,0,0,0,0,0,0,0,0,0,0,-0.44463292895814965,-0.30013725384449574,0,0,0,0.038888018992713769,-0.15656068821695845,0,0,-0.037272127076840716,0.28793125135694875,-0.17703379856619239,-0.24166605746328562,0.005605789594655651,0.10083881408207568,0.0061999996513926146,0.025779143978245031,-0.28427880010786222,0.040807986976176824,0,0,0,0,0,0,0,0,0,0,0,0,0,0,0,0,0,0,0,0,0,0,0,0,0,0,0,0,0,0,0,2250,2250,400,400,400,500,300,300,500,3000,3000,40,60,60,750,750,40,60,60,500,500,45,45,45,45,45,45,30,30,30,30,12,12,4,7,7,4,7,7,4,12,12,2,4.5,4.5,7.5,7.5,2,4.5,4.5,5,5,3,3,3,3,3,3,3,3,3,3
206,4.1200000000000001,READY_TRANSITION,824,0,-0.24609999999999999,-0.24609999999999999,0,0.0055999999999999999,-0.0055999999999999999,0,-0.034799999999999998,0.034799999999999998,0,0.44679999999999997,0.44679999999999997,0,-1.6941984935890304,-1.0461289538072007,-0.18540000000000001,-0.18540000000000001,0,0.29441449753991156,-0.8221816610144087,-0.0077999999999999996,0.0077999999999999996,-0.16716715031354196,1.2913844889056749,0.0059955270467879629,-0.28388303330153652,0.025142216055014422,0.45226657325848824,0.027807274629954193,0.11562060913457865,-1.2750030823465544,0.18302563947519512,0,0,0,0,0,0,0,0,0,0,0,0,-0.40898656129764177,-0.27607515182199727,0,0,0,0.035770353762989981,-0.144009166523687,0,0,-0.034284008431685609,0.26484770855487172,-0.16284094090535384,-0.2222916104208994,0.005156371605334175,0.092754533303229802,0.0057029436470468382,0.023712421555381266,-0.26148807551966136,0.037536397283873674,0,0,0,0,0,0,0,0,0,0,0,0,0,0,0,0,0,0,0,0,0,0,0,0,0,0,0,0,0,0,0,2250,2250,400,400,400,500,300,300,500,3000,3000,40,60,60,750,750,40,60,60,500,500,45,45,45,45,45,45,30,30,30,30,12,12,4,7,7,4,7,7,4,12,12,2,4.5,4.5,7.5,7.5,2,4.5,4.5,5,5,3,3,3,3,3,3,3,3,3,3
207,4.1399999999999997,READY_TRANSITION,828,0,-0.24609999999999999,-0.24609999999999999,0,0.0055999999999999999,-0.0055999999999999999,0,-0.034799999999999998,0.034799999999999998,0,0.44679999999999997,0.44679999999999997,0,-1.702025070426707,-1.0514120696676648,-0.18540000000000001,-0.18540000000000001,0,0.29509901739637989,-0.82493749436881381,-0.0077999999999999996,0.0077999999999999996,-0.16782322670256267,1.296452750646869,0.002879319188339835,-0.28813691969773036,0.025240891029675493,0.45404157163407616,0.027916409087851628,0.11607438220898419,-1.2800070524249294,0.18374395524728232,0,0,0,0,0,0,0,0,0,0,0,0,-0.37405466928964182,-0.25249533697689341,0,0,0,0.032715177253592187,-0.13170922043938271,0,0,-0.031355781948309847,0.24222683924208233,-0.14893255686423412,-0.20330549384811047,0.0047159614962608357,0.084832289280543927,0.0052158503524061053,0.021687123349023799,-0.23915415533791728,0.034330381486853689,0,0,0,0,0,0,0,0,0,0,0,0,0,0,0,0,0,0,0,0,0,0,0,0,0,0,0,0,0,0,0,2250,2250,400,400,400,500,300,300,500,3000,3000,40,60,60,750,750,40,60,60,500,500,45,45,45,45,45,45,30,30,30,30,12,12,4,7,7,4,7,7,4,12,12,2,4.5,4.5,7.5,7.5,2,4.5,4.5,5,5,3,3,3,3,3,3,3,3,3,3
208,4.1600000000000001,READY_TRANSITION,832,0,-0.24609999999999999,-0.24609999999999999,0,0.0055999999999999999,-0.0055999999999999999,0,-0.034799999999999998,0.034799999999999998,0,0.44679999999999997,0.44679999999999997,0,-1.7091606803606161,-1.0562287672862765,-0.18540000000000001,-0.18540000000000001,0,0.29572310463005524,-0.82745002983198401,-0.0077999999999999996,0.0077999999999999996,-0.16842138159147435,1.3010735624753582,3.8224772218597991e-05,-0.29201525305546094,0.025330854514864855,0.45565986482970999,0.028015908644050437,0.1164880940685396,-1.284569248560071,0.18439885473466927,0,0,0,0,0,0,0,0,0,0,0,0,-0.33994369851676476,-0.22946966247786582,0,0,0,0.029731799296445205,-0.11969833075457237,0,0,-0.028496370612446364,0.2201375744576517,-0.13535102851712499,-0.18476556284875434,0.0042859012992568953,0.077096222930295166,0.0047402040537929124,0.019709420912876821,-0.21734509620109366,0.031199709059362424,0,0,0,0,0,0,0,0,0,0,0,0,0,0,0,0,0,0,0,0,0,0,0,0,0,0,0,0,0,0,0,2250,2250,400,400,400,500,300,300,500,3000,3000,40,60,60,750,750,40,60,60,500,500,45,45,45,45,45,45,30,30,30,30,12,12,4,7,7,4,7,7,4,12,12,2,4.5,4.5,7.5,7.5,2,4.5,4.5,5,5,3,3,3,3,3,3,3,3,3,3
209,4.1799999999999997,READY_TRANSITION,836,0,-0.24609999999999999,-0.24609999999999999,0,0.0055999999999999999,-0.0055999999999999999,0,-0.034799999999999998,0.034799999999999998,0,0.44679999999999997,0.44679999999999997,0,-1.7156228183673776,-1.0605908561667794,-0.18540000000000001,-0.18540000000000001,0,0.2962882893682377,-0.8297254275989967,-0.0077999999999999996,0.0077999999999999996,-0.16896308152706052,1.3052582536251751,-0.0025347219523451647,-0.29552754221168054,0.025412327081645768,0.45712542055128796,0.028106017250003345,0.11686275904549927,-1.2887008562729731,0.18499194360965682,0,0,0,0,0,0,0,0,0,0,0,0,-0.30676251377930175,-0.20707161452008793,0,0,0,0.02682974131055782,-0.10801483009589552,0,0,-0.025714900204951152,0.19865041185511689,-0.12213970116724815,-0.16673098741535886,0.003867563546865356,0.069571023825934497,0.0042775227713085472,0.017785626063223509,-0.19613050148938327,0.028154371509141879,0,0,0,0,0,0,0,0,0,0,0,0,0,0,0,0,0,0,0,0,0,0,0,0,0,0,0,0,0,0,0,2250,2250,400,400,400,500,300,300,500,3000,3000,40,60,60,750,750,40,60,60,500,500,45,45,45,45,45,45,30,30,30,30,12,12,4,7,7,4,7,7,4,12,12,2,4.5,4.5,7.5,7.5,2,4.5,4.5,5,5,3,3,3,3,3,3,3,3,3,3
210,4.2000000000000002,READY_TRANSITION,840,0,-0.24609999999999999,-0.24609999999999999,0,0.0055999999999999999,-0.0055999999999999999,0,-0.034799999999999998,0.034799999999999998,0,0.44679999999999997,0.44679999999999997,0,-1.7214311809117882,-1.06451163186708,-0.18540000000000001,-0.18540000000000001,0,0.29679629428247756,-0.83177062303581983,-0.0077999999999999996,0.0077999999999999996,-0.1694499775996724,1.3090195789495629,-0.004847363274471328,-0.2986844925520753,0.02548555705673947,0.45844270578274737,0.028187009554902779,0.11719951911106855,-1.2924144686196464,0.18552502959503495,0,0,0,0,0,0,0,0,0,0,0,0,-0.27462239909555319,-0.18537631232545815,0,0,0,0.024018736302047761,-0.096697902926215495,0,0,-0.023020699301828235,0.1778374157026863,-0.10934288334687181,-0.14926225242930524,0.0034623512723552102,0.06228193019815198,0.0038293582588376854,0.015922190878944059,-0.17558152132492455,0.025204582377462426,0,0,0,0,0,0,0,0,0,0,0,0,0,0,0,0,0,0,0,0,0,0,0,0,0,0,0,0,0,0,0,2250,2250,400,400,400,500,300,300,500,3000,3000,40,60,60,750,750,40,60,60,500,500,45,45,45,45,45,45,30,30,30,30,12,12,4,7,7,4,7,7,4,12,12,2,4.5,4.5,7.5,7.5,2,4.5,4.5,5,5,3,3,3,3,3,3,3,3,3,3
211,4.2199999999999998,READY_TRANSITION,844,0,-0.24609999999999999,-0.24609999999999999,0,0.0055999999999999999,-0.0055999999999999999,0,-0.034799999999999998,0.034799999999999998,0,0.44679999999999997,0.44679999999999997,0,-1.7266077143311997,-1.0680059086597977,-0.18540000000000001,-0.18540000000000001,0,0.29724903882031961,-0.83359334371604532,-0.0077999999999999996,0.0077999999999999996,-0.16988390949913365,1.3123717502532826,-0.0069084372862200372,-0.30149803230885275,0.025550821132539977,0.45961669775921404,0.028259191580356852,0.11749964668065703,-1.2957241171259701,0.18600012690475531,0,0,0,0,0,0,0,0,0,0,0,0,-0.2436370577013236,-0.16446050814224455,0,0,0,0.021308728864097293,-0.08578758554444732,0,0,-0.020423299274188733,0.1577722168829121,-0.097005846817110886,-0.13242115766053941,0.0030716980097152818,0.055254728934754638,0.0033972960040410186,0.014125707701486551,-0.15577085257143519,0.022360777239072843,0,0,0,0,0,0,0,0,0,0,0,0,0,0,0,0,0,0,0,0,0,0,0,0,0,0,0,0,0,0,0,2250,2250,400,400,400,500,300,300,500,3000,3000,40,60,60,750,750,40,60,60,500,500,45,45,45,45,45,45,30,30,30,30,12,12,4,7,7,4,7,7,4,12,12,2,4.5,4.5,7.5,7.5,2,4.5,4.5,5,5,3,3,3,3,3,3,3,3,3,3
212,4.2400000000000002,READY_TRANSITION,848,0,-0.24609999999999999,-0.24609999999999999,0,0.0055999999999999999,-0.0055999999999999999,0,-0.034799999999999998,0.034799999999999998,0,0.44679999999999997,0.44679999999999997,0,-1.7311766632198411,-1.0710900521927698,-0.18540000000000001,-0.18540000000000001,0,0.29764864343704145,-0.83520212645759773,-0.0077999999999999996,0.0077999999999999996,-0.17026690957063995,1.3153304676248794,-0.0087275971471557634,-0.30398133885849687,0.025608424977128081,0.46065289494013756,0.02832290139506442,0.11776454741912801,-1.2986453027225038,0.18641946068459786,0,0,0,0,0,0,0,0,0,0,0,0,-0.21392261205027685,-0.14440258724530142,0,0,0,0.018709875176980972,-0.075324766085677064,0,0,-0.017932434288280702,0.13853001289291234,-0.085174826568071293,-0.11627081776776627,0.0026970677936583899,0.048515755580758047,0.0029829552283600243,0.012402909134886717,-0.1367727388344564,0.01963361370223432,0,0,0,0,0,0,0,0,0,0,0,0,0,0,0,0,0,0,0,0,0,0,0,0,0,0,0,0,0,0,0,2250,2250,400,400,400,500,300,300,500,3000,3000,40,60,60,750,750,40,60,60,500,500,45,45,45,45,45,45,30,30,30,30,12,12,4,7,7,4,7,7,4,12,12,2,4.5,4.5,7.5,7.5,2,4.5,4.5,5,5,3,3,3,3,3,3,3,3,3,3
213,4.2599999999999998,READY_TRANSITION,852,0,-0.24609999999999999,-0.24609999999999999,0,0.0055999999999999999,-0.0055999999999999999,0,-0.034799999999999998,0.034799999999999998,0,0.44679999999999997,0.44679999999999997,0,-1.7351646188132108,-1.0737820121496098,-0.18540000000000001,-0.18540000000000001,0,0.29799743382739885,-0.8366063343594724,-0.0077999999999999996,0.0077999999999999996,-0.17060120687066488,1.3179129507689991,-0.010315430348942889,-0.3061488650195634,0.025658703844286312,0.46155732798244437,0.028378509789491253,0.1179957630460525,-1.3011950266793484,0.18678547145284469,0,0,0,0,0,0,0,0,0,0,0,0,-0.18559760381389734,-0.12528256793609693,0,0,0,0.016232543008071199,-0.065351184521153516,0,0,-0.015558041305484271,0.1201875678443487,-0.073897020818833314,-0.10087566229842193,0.0023399551596210016,0.042091894338376623,0.002587988887017053,0.010760668045767599,-0.11866297046136398,0.01703397140871768,0,0,0,0,0,0,0,0,0,0,0,0,0,0,0,0,0,0,0,0,0,0,0,0,0,0,0,0,0,0,0,2250,2250,400,400,400,500,300,300,500,3000,3000,40,60,60,750,750,40,60,60,500,500,45,45,45,45,45,45,30,30,30,30,12,12,4,7,7,4,7,7,4,12,12,2,4.5,4.5,7.5,7.5,2,4.5,4.5,5,5,3,3,3,3,3,3,3,3,3,3
214,4.2800000000000002,READY_TRANSITION,856,0,-0.24609999999999999,-0.24609999999999999,0,0.0055999999999999999,-0.0055999999999999999,0,-0.034799999999999998,0.034799999999999998,0,0.44679999999999997,0.44679999999999997,0,-1.738600567372397,-1.0761013549102136,-0.18540000000000001,-0.18540000000000001,0,0.2982979451573643,-0.83781617383844387,-0.0077999999999999996,0.0077999999999999996,-0.17088923122285932,1.3201379703386533,-0.011683477979909096,-0.30801636535043375,0.025702023183512921,0.46233657071367262,0.028426420950545102,0.11819497414095871,-1.3033918215409583,0.18710081954094657,0,0,0,0,0,0,0,0,0,0,0,0,-0.15878299388140671,-0.10718210154259111,0,0,0,0.013887311711817396,-0.055909432658240998,0,0,-0.013310260082302627,0.10282321246337101,-0.063220591017412731,-0.086301435688646011,0.0020018851437618446,0.036010578066991705,0.002214083669013333,0.0092059975633312224,-0.1015188845412518,0.014572952033790193,0,0,0,0,0,0,0,0,0,0,0,0,0,0,0,0,0,0,0,0,0,0,0,0,0,0,0,0,0,0,0,2250,2250,400,400,400,500,300,300,500,3000,3000,40,60,60,750,750,40,60,60,500,500,45,45,45,45,45,45,30,30,30,30,12,12,4,7,7,4,7,7,4,12,12,2,4.5,4.5,7.5,7.5,2,4.5,4.5,5,5,3,3,3,3,3,3,3,3,3,3
215,4.2999999999999998,READY_TRANSITION,860,0,-0.24609999999999999,-0.24609999999999999,0,0.0055999999999999999,-0.0055999999999999999,0,-0.034799999999999998,0.034799999999999998,0,0.44679999999999997,0.44679999999999997,0,-1.7415159385684671,-1.0780692962113134,-0.18540000000000001,-0.18540000000000001,0,0.29855292629587155,-0.83884271166580204,-0.0077999999999999996,0.0077999999999999996,-0.17113361727395698,1.3220258792675339,-0.012844253989639398,-0.30960092244710924,0.025738779250036786,0.46299775110512403,0.028467073136251787,0.11836400294858575,-1.3052557820609985,0.18736838953419629,0,0,0,0,0,0,0,0,0,0,0,0,-0.13360216236015243,-0.090184472419579942,0,0,0,0.011684972229797363,-0.047042954140602555,0,0,-0.011199433170405726,0.086516844090905876,-0.053194661840941238,-0.07261519726351473,0.0016844132829679781,0.030299788283263962,0.0018629599971356492,0.0077460510793873893,-0.085419364905242601,0.012261879286262767,0,0,0,0,0,0,0,0,0,0,0,0,0,0,0,0,0,0,0,0,0,0,0,0,0,0,0,0,0,0,0,2250,2250,400,400,400,500,300,300,500,3000,3000,40,60,60,750,750,40,60,60,500,500,45,45,45,45,45,45,30,30,30,30,12,12,4,7,7,4,7,7,4,12,12,2,4.5,4.5,7.5,7.5,2,4.5,4.5,5,5,3,3,3,3,3,3,3,3,3,3
216,4.3200000000000003,READY_TRANSITION,864,0,-0.24609999999999999,-0.24609999999999999,0,0.0055999999999999999,-0.0055999999999999999,0,-0.034799999999999998,0.034799999999999998,0,0.44679999999999997,0.44679999999999997,0,-1.7439446538668031,-1.0797087338069968,-0.18540000000000001,-0.18540000000000001,0,0.29876534404655619,-0.83969789200406797,-0.0077999999999999996,0.0077999999999999996,-0.17133720854967555,1.3235986441022896,-0.013811264453546745,-0.31092097324097434,0.02576939971483164,0.46354856224500318,0.028500939350430528,0.11850481618413421,-1.306808596137168,0.18759129471239708,0,0,0,0,0,0,0,0,0,0,0,0,-0.1101809085745642,-0.07437459794791268,0,0,0,0.0096365270906104139,-0.038796044447775291,0,0,-0.0092361059165275983,0.071349926681901765,-0.043869321195208477,-0.059885321236402556,0.0013891256148399617,0.024988055160871103,0.0015363720279403838,0.0063881222482853328,-0.070444842125766405,0.010112298908382389,0,0,0,0,0,0,0,0,0,0,0,0,0,0,0,0,0,0,0,0,0,0,0,0,0,0,0,0,0,0,0,2250,2250,400,400,400,500,300,300,500,3000,3000,40,60,60,750,750,40,60,60,500,500,45,45,45,45,45,45,30,30,30,30,12,12,4,7,7,4,7,7,4,12,12,2,4.5,4.5,7.5,7.5,2,4.5,4.5,5,5,3,3,3,3,3,3,3,3,3,3
217,4.3399999999999999,READY_TRANSITION,868,0,-0.24609999999999999,-0.24609999999999999,0,0.0055999999999999999,-0.0055999999999999999,0,-0.034799999999999998,0.034799999999999998,0,0.44679999999999997,0.44679999999999997,0,-1.7459231749114497,-1.0810442801292299,-0.18540000000000001,-0.18540000000000001,0,0.29893838737949596,-0.84039455344371305,-0.0077999999999999996,0.0077999999999999996,-0.17150306151061809,1.32487987633481,-0.014599026837447737,-0.31199633529656534,0.025794344274630385,0.46399727331155888,0.028528528017369402,0.11861952783851716,-1.3080735757460291,0.18777288149053159,0,0,0,0,0,0,0,0,0,0,0,0,-0.088647451067486172,-0.059839028535413341,0,0,0,0.0077531904099981119,-0.031213850895672746,0,0,-0.0074310264625863931,0.05740549080625601,-0.035295620215222701,-0.048181496709764904,0.0011176386777094621,0.020104457530822906,0.0012361076517727713,0.005139644986996289,-0.056677293517454208,0.008135978675960498,0,0,0,0,0,0,0,0,0,0,0,0,0,0,0,0,0,0,0,0,0,0,0,0,0,0,0,0,0,0,0,2250,2250,400,400,400,500,300,300,500,3000,3000,40,60,60,750,750,40,60,60,500,500,45,45,45,45,45,45,30,30,30,30,12,12,4,7,7,4,7,7,4,12,12,2,4.5,4.5,7.5,7.5,2,4.5,4.5,5,5,3,3,3,3,3,3,3,3,3,3
218,4.3600000000000003,READY_TRANSITION,872,0,-0.24609999999999999,-0.24609999999999999,0,0.0055999999999999999,-0.0055999999999999999,0,-0.034799999999999998,0.034799999999999998,0,0.44679999999999997,0.44679999999999997,0,-1.7474905519095025,-1.0821022949484134,-0.18540000000000001,-0.18540000000000001,0,0.29907547166295612,-0.84094644603989488,-0.0077999999999999996,0.0077999999999999996,-0.171634449608179,1.3258948637345398,-0.015223089262155654,-0.31284823310936494,0.025814105261940019,0.4643527405462361,0.028550383656501439,0.11871040198361406,-1.3090756878778662,0.1879167338594355,0,0,0,0,0,0,0,0,0,0,0,0,-0.069132427599516433,-0.046665947616475467,0,0,0,0.0060463878907970892,-0.024342372636346199,0,0,-0.0057951457456316413,0.044768133648387387,-0.027525573264944314,-0.03757472767477732,0.000871599510631621,0.015678622881315496,0.0009639884927578786,0.0040081934750749865,-0.044200243136699457,0.0063449083983119214,0,0,0,0,0,0,0,0,0,0,0,0,0,0,0,0,0,0,0,0,0,0,0,0,0,0,0,0,0,0,0,2250,2250,400,400,400,500,300,300,500,3000,3000,40,60,60,750,750,40,60,60,500,500,45,45,45,45,45,45,30,30,30,30,12,12,4,7,7,4,7,7,4,12,12,2,4.5,4.5,7.5,7.5,2,4.5,4.5,5,5,3,3,3,3,3,3,3,3,3,3
219,4.3799999999999999,READY_TRANSITION,876,0,-0.24609999999999999,-0.24609999999999999,0,0.0055999999999999999,-0.0055999999999999999,0,-0.034799999999999998,0.034799999999999998,0,0.44679999999999997,0.44679999999999997,0,-1.7486884720154303,-1.0829109180338889,-0.18540000000000001,-0.18540000000000001,0,0.29918024289512785,-0.8413682483491669,-0.0077999999999999996,0.0077999999999999996,-0.17173486734044335,1.3266706016807455,-0.01570004976804551,-0.31349932440355643,0.02582920825505565,0.4646244182268115,0.028567087557079717,0.11877985557752016,-1.3098415854714971,0.18802667782646407,0,0,0,0,0,0,0,0,0,0,0,0,-0.051768895148290861,-0.034945171651540319,0,0,0,0.0045277568228613285,-0.018228460657734868,0,0,-0.0043396174977769486,0.033524019006736516,-0.020612157936999997,-0.028137333010919141,0.00065268565337499307,0.01174072735756343,0.00072186990879062954,0.003001482154615584,-0.033098761781202857,0.0047512999181875681,0,0,0,0,0,0,0,0,0,0,0,0,0,0,0,0,0,0,0,0,0,0,0,0,0,0,0,0,0,0,0,2250,2250,400,400,400,500,300,300,500,3000,3000,40,60,60,750,750,40,60,60,500,500,45,45,45,45,45,45,30,30,30,30,12,12,4,7,7,4,7,7,4,12,12,2,4.5,4.5,7.5,7.5,2,4.5,4.5,5,5,3,3,3,3,3,3,3,3,3,3
220,4.4000000000000004,READY_TRANSITION,880,0,-0.24609999999999999,-0.24609999999999999,0,0.0055999999999999999,-0.0055999999999999999,0,-0.034799999999999998,0.034799999999999998,0,0.44679999999999997,0.44679999999999997,0,-1.7495613077154342,-1.083500101814475,-0.18540000000000001,-0.18540000000000001,0,0.29925658193587057,-0.84167558446620427,-0.0077999999999999996,0.0077999999999999996,-0.17180803430809008,1.3272358244948093,-0.016047575579635653,-0.3139737264298017,0.025840212688075018,0.46482236964053864,0.028579258452853064,0.11883046126979868,-1.3103996383491143,0.188106785856163,0,0,0,0,0,0,0,0,0,0,0,0,-0.036692329910131827,-0.024768150128218203,0,0,0,0.0032091460832106566,-0.012919817784246002,0,0,-0.0030757982463436306,0.023760877294853877,-0.014609315053332184,-0.019942946486894986,0.00046260514644262327,0.0083214957621702279,0.00051164099155835696,0.0021273657303498561,-0.023459466991027078,0.0033675871119284717,0,0,0,0,0,0,0,0,0,0,0,0,0,0,0,0,0,0,0,0,0,0,0,0,0,0,0,0,0,0,0,2250,2250,400,400,400,500,300,300,500,3000,3000,40,60,60,750,750,40,60,60,500,500,45,45,45,45,45,45,30,30,30,30,12,12,4,7,7,4,7,7,4,12,12,2,4.5,4.5,7.5,7.5,2,4.5,4.5,5,5,3,3,3,3,3,3,3,3,3,3
221,4.4199999999999999,READY_TRANSITION,884,0,-0.24609999999999999,-0.24609999999999999,0,0.0055999999999999999,-0.0055999999999999999,0,-0.034799999999999998,0.034799999999999998,0,0.44679999999999997,0.44679999999999997,0,-1.7501561652118356,-1.0839016440390177,-0.18540000000000001,-0.18540000000000001,0,0.29930860873845627,-0.84188504106053674,-0.0077999999999999996,0.0077999999999999996,-0.1718578992702971,1.3276210367725396,-0.016284422370178797,-0.31429704226303223,0.025847712460913354,0.46495727805729831,0.028587553196742051,0.11886495020673415,-1.3107799641511382,0.18816138131094121,0,0,0,0,0,0,0,0,0,0,0,0,-0.024040627298876904,-0.016227965560461355,0,0,0,0.0021026161359322115,-0.0084649986763163376,0,0,-0.0020152473137559357,0.015568005540633756,-0.0095719486647216634,-0.013066516759957514,0.00030309653105712805,0.0054522015548577607,0.00033522456652388885,0.0013938391695753755,-0.015370523047797402,0.002206425889350605,0,0,0,0,0,0,0,0,0,0,0,0,0,0,0,0,0,0,0,0,0,0,0,0,0,0,0,0,0,0,0,2250,2250,400,400,400,500,300,300,500,3000,3000,40,60,60,750,750,40,60,60,500,500,45,45,45,45,45,45,30,30,30,30,12,12,4,7,7,4,7,7,4,12,12,2,4.5,4.5,7.5,7.5,2,4.5,4.5,5,5,3,3,3,3,3,3,3,3,3,3
222,4.4400000000000004,READY_TRANSITION,888,0,-0.24609999999999999,-0.24609999999999999,0,0.0055999999999999999,-0.0055999999999999999,0,-0.034799999999999998,0.034799999999999998,0,0.44679999999999997,0.44679999999999997,0,-1.7505229328073892,-1.0841492204368934,-0.18540000000000001,-0.18540000000000001,0,0.29934068658130786,-0.84201418441325693,-0.0077999999999999996,0.0077999999999999996,-0.17188864420064032,1.3278585447164346,-0.01643045352622452,-0.3144963871002,0.025852336549317304,0.46504045770273295,0.028592667435514019,0.1188862148365817,-1.3110144592710262,0.18819504289173702,0,0,0,0,0,0,0,0,0,0,0,0,-0.01395410194601765,-0.0094193334887693325,0,0,0,0.001220439032202647,-0.0049134098305259055,0,0,-0.0011697268175660247,0.0090362673864363696,-0.0055559260508930564,-0.0075843073760573088,0.00017592884916347099,0.0031646668525300847,0.00019457719292979847,0.00080903770217043147,-0.0089216409749293124,0.0012806941937740235,0,0,0,0,0,0,0,0,0,0,0,0,0,0,0,0,0,0,0,0,0,0,0,0,0,0,0,0,0,0,0,2250,2250,400,400,400,500,300,300,500,3000,3000,40,60,60,750,750,40,60,60,500,500,45,45,45,45,45,45,30,30,30,30,12,12,4,7,7,4,7,7,4,12,12,2,4.5,4.5,7.5,7.5,2,4.5,4.5,5,5,3,3,3,3,3,3,3,3,3,3
223,4.46,READY_TRANSITION,892,0,-0.24609999999999999,-0.24609999999999999,0,0.0055999999999999999,-0.0055999999999999999,0,-0.034799999999999998,0.034799999999999998,0,0.44679999999999997,0.44679999999999997,0,-1.7507143292896763,-1.0842784173785684,-0.18540000000000001,-0.18540000000000001,0,0.29935742629974438,-0.84208157745375778,-0.0077999999999999996,0.0077999999999999996,-0.17190468834299974,1.3279824874679971,-0.016506659412214519,-0.31460041455807453,0.025854749614879893,0.46508386473139951,0.028595336284459243,0.11889731171482097,-1.3111368297901353,0.18821260907869217,0,0,0,0,0,0,0,0,0,0,0,0,-0.0065754877008827872,-0.0044386024801612578,0,0,0,0.00057509841027425512,-0.0023153095795813705,0,0,-0.00055120167045188961,0.0042580930891322755,-0.0026180777205175865,-0.0035738967698539792,8.290164342930964e-05,0.0014912624292651167,9.1689163798057416e-05,0.00038123682059611197,-0.0042040785375785372,0.0006034920020180079,0,0,0,0,0,0,0,0,0,0,0,0,0,0,0,0,0,0,0,0,0,0,0,0,0,0,0,0,0,0,0,2250,2250,400,400,400,500,300,300,500,3000,3000,40,60,60,750,750,40,60,60,500,500,45,45,45,45,45,45,30,30,30,30,12,12,4,7,7,4,7,7,4,12,12,2,4.5,4.5,7.5,7.5,2,4.5,4.5,5,5,3,3,3,3,3,3,3,3,3,3
224,4.4800000000000004,READY_TRANSITION,896,0,-0.24609999999999999,-0.24609999999999999,0,0.0055999999999999999,-0.0055999999999999999,0,-0.034799999999999998,0.034799999999999998,0,0.44679999999999997,0.44679999999999997,0,-1.7507859523154246,-1.0843267645360999,-0.18540000000000001,-0.18540000000000001,0,0.29936369051771883,-0.84210679679644018,-0.0077999999999999996,0.0077999999999999996,-0.17191069226745839,1.3280288684399999,-0.016535176635045223,-0.31463934297099416,0.025855652615054476,0.46510010819990355,0.028596335002065942,0.11890146430940554,-1.3111826224125294,0.18821918257181774,0,0,0,0,0,0,0,0,0,0,0,0,-0.0020499376305049832,-0.0013837541281813692,0,0,0,0.00017928949548468021,-0.00072180809231880971,0,0,-0.00017183958021874113,0.0013274795201023704,-0.00081619741120466868,-0.001114178264685628,2.5844957245255845e-05,0.00046490771631879646,2.8584505930035614e-05,0.00011885227989526237,-0.0013106402426410479,0.00018814132440314602,0,0,0,0,0,0,0,0,0,0,0,0,0,0,0,0,0,0,0,0,0,0,0,0,0,0,0,0,0,0,0,2250,2250,400,400,400,500,300,300,500,3000,3000,40,60,60,750,750,40,60,60,500,500,45,45,45,45,45,45,30,30,30,30,12,12,4,7,7,4,7,7,4,12,12,2,4.5,4.5,7.5,7.5,2,4.5,4.5,5,5,3,3,3,3,3,3,3,3,3,3
225,4.5,BALANCED_READY_HOLD,900,8,-0.24609999999999999,-0.24609999999999999,0,0.0055999999999999999,-0.0055999999999999999,0,-0.034799999999999998,0.034799999999999998,0,0.44679999999999997,0.44679999999999997,0,-1.7507963267948965,-1.0843337675436957,-0.18540000000000001,-0.18540000000000001,0,0.29936459787956377,-0.84211044977745053,-0.0077999999999999996,0.0077999999999999996,-0.17191156192620849,1.3280355866488012,-0.016539307308662706,-0.31464498168866195,0.025855783413169704,0.46510246104005226,0.028596479664696445,0.11890206580601678,-1.311189255399841,0.18822013473166829,0,0,0,0,0,0,0,0,0,0,0,0,-0.00025936198679854527,-0.00017507518989545723,0,0,0,2.2684046123433443e-05,-9.1324525258729139e-05,0,0,-2.1741468752417559e-05,0.00016795522003176799,-0.00010326684043706832,-0.00014096794169471405,3.269952880691207e-06,5.8821003717790532e-05,3.6165657625771008e-06,1.5037415281027311e-05,-0.00016582468279069396,2.3803996263699334e-05,0,0,0,0,0,0,0,0,0,0,0,0,0,0,0,0,0,0,0,0,0,0,0,0,0,0,0,0,0,0,0,2250,2250,400,400,400,500,300,300,500,3000,3000,40,60,60,750,750,40,60,60,500,500,45,45,45,45,45,45,30,30,30,30,12,12,4,7,7,4,7,7,4,12,12,2,4.5,4.5,7.5,7.5,2,4.5,4.5,5,5,3,3,3,3,3,3,3,3,3,3
226,4.5199999999999996,BALANCED_READY_HOLD,904,0,-0.24609999999999999,-0.24609999999999999,0,0.0055999999999999999,-0.0055999999999999999,0,-0.034799999999999998,0.034799999999999998,0,0.44679999999999997,0.44679999999999997,0,-1.7507963267948965,-1.0843337675436957,-0.18540000000000001,-0.18540000000000001,0,0.29936459787956377,-0.84211044977745053,-0.0077999999999999996,0.0077999999999999996,-0.17191156192620849,1.3280355866488012,-0.016539307308662706,-0.31464498168866195,0.025855783413169704,0.46510246104005226,0.028596479664696445,0.11890206580601678,-1.311189255399841,0.18822013473166829,0,0,0,0,0,0,0,0,0,0,0,0,0,0,0,0,0,0,0,0,0,0,0,0,0,0,0,0,0,0,0,0,0,0,0,0,0,0,0,0,0,0,0,0,0,0,0,0,0,0,0,0,0,0,0,0,0,0,0,0,0,0,2250,2250,400,400,400,500,300,300,500,3000,3000,40,60,60,750,750,40,60,60,500,500,45,45,45,45,45,45,30,30,30,30,12,12,4,7,7,4,7,7,4,12,12,2,4.5,4.5,7.5,7.5,2,4.5,4.5,5,5,3,3,3,3,3,3,3,3,3,3
227,4.54,BALANCED_READY_HOLD,908,0,-0.24609999999999999,-0.24609999999999999,0,0.0055999999999999999,-0.0055999999999999999,0,-0.034799999999999998,0.034799999999999998,0,0.44679999999999997,0.44679999999999997,0,-1.7507963267948965,-1.0843337675436957,-0.18540000000000001,-0.18540000000000001,0,0.29936459787956377,-0.84211044977745053,-0.0077999999999999996,0.0077999999999999996,-0.17191156192620849,1.3280355866488012,-0.016539307308662706,-0.31464498168866195,0.025855783413169704,0.46510246104005226,0.028596479664696445,0.11890206580601678,-1.311189255399841,0.18822013473166829,0,0,0,0,0,0,0,0,0,0,0,0,0,0,0,0,0,0,0,0,0,0,0,0,0,0,0,0,0,0,0,0,0,0,0,0,0,0,0,0,0,0,0,0,0,0,0,0,0,0,0,0,0,0,0,0,0,0,0,0,0,0,2250,2250,400,400,400,500,300,300,500,3000,3000,40,60,60,750,750,40,60,60,500,500,45,45,45,45,45,45,30,30,30,30,12,12,4,7,7,4,7,7,4,12,12,2,4.5,4.5,7.5,7.5,2,4.5,4.5,5,5,3,3,3,3,3,3,3,3,3,3
228,4.5599999999999996,BALANCED_READY_HOLD,912,0,-0.24609999999999999,-0.24609999999999999,0,0.0055999999999999999,-0.0055999999999999999,0,-0.034799999999999998,0.034799999999999998,0,0.44679999999999997,0.44679999999999997,0,-1.7507963267948965,-1.0843337675436957,-0.18540000000000001,-0.18540000000000001,0,0.29936459787956377,-0.84211044977745053,-0.0077999999999999996,0.0077999999999999996,-0.17191156192620849,1.3280355866488012,-0.016539307308662706,-0.31464498168866195,0.025855783413169704,0.46510246104005226,0.028596479664696445,0.11890206580601678,-1.311189255399841,0.18822013473166829,0,0,0,0,0,0,0,0,0,0,0,0,0,0,0,0,0,0,0,0,0,0,0,0,0,0,0,0,0,0,0,0,0,0,0,0,0,0,0,0,0,0,0,0,0,0,0,0,0,0,0,0,0,0,0,0,0,0,0,0,0,0,2250,2250,400,400,400,500,300,300,500,3000,3000,40,60,60,750,750,40,60,60,500,500,45,45,45,45,45,45,30,30,30,30,12,12,4,7,7,4,7,7,4,12,12,2,4.5,4.5,7.5,7.5,2,4.5,4.5,5,5,3,3,3,3,3,3,3,3,3,3
229,4.5800000000000001,BALANCED_READY_HOLD,916,0,-0.24609999999999999,-0.24609999999999999,0,0.0055999999999999999,-0.0055999999999999999,0,-0.034799999999999998,0.034799999999999998,0,0.44679999999999997,0.44679999999999997,0,-1.7507963267948965,-1.0843337675436957,-0.18540000000000001,-0.18540000000000001,0,0.29936459787956377,-0.84211044977745053,-0.0077999999999999996,0.0077999999999999996,-0.17191156192620849,1.3280355866488012,-0.016539307308662706,-0.31464498168866195,0.025855783413169704,0.46510246104005226,0.028596479664696445,0.11890206580601678,-1.311189255399841,0.18822013473166829,0,0,0,0,0,0,0,0,0,0,0,0,0,0,0,0,0,0,0,0,0,0,0,0,0,0,0,0,0,0,0,0,0,0,0,0,0,0,0,0,0,0,0,0,0,0,0,0,0,0,0,0,0,0,0,0,0,0,0,0,0,0,2250,2250,400,400,400,500,300,300,500,3000,3000,40,60,60,750,750,40,60,60,500,500,45,45,45,45,45,45,30,30,30,30,12,12,4,7,7,4,7,7,4,12,12,2,4.5,4.5,7.5,7.5,2,4.5,4.5,5,5,3,3,3,3,3,3,3,3,3,3
230,4.5999999999999996,BALANCED_READY_HOLD,920,0,-0.24609999999999999,-0.24609999999999999,0,0.0055999999999999999,-0.0055999999999999999,0,-0.034799999999999998,0.034799999999999998,0,0.44679999999999997,0.44679999999999997,0,-1.7507963267948965,-1.0843337675436957,-0.18540000000000001,-0.18540000000000001,0,0.29936459787956377,-0.84211044977745053,-0.0077999999999999996,0.0077999999999999996,-0.17191156192620849,1.3280355866488012,-0.016539307308662706,-0.31464498168866195,0.025855783413169704,0.46510246104005226,0.028596479664696445,0.11890206580601678,-1.311189255399841,0.18822013473166829,0,0,0,0,0,0,0,0,0,0,0,0,0,0,0,0,0,0,0,0,0,0,0,0,0,0,0,0,0,0,0,0,0,0,0,0,0,0,0,0,0,0,0,0,0,0,0,0,0,0,0,0,0,0,0,0,0,0,0,0,0,0,2250,2250,400,400,400,500,300,300,500,3000,3000,40,60,60,750,750,40,60,60,500,500,45,45,45,45,45,45,30,30,30,30,12,12,4,7,7,4,7,7,4,12,12,2,4.5,4.5,7.5,7.5,2,4.5,4.5,5,5,3,3,3,3,3,3,3,3,3,3
231,4.6200000000000001,BALANCED_READY_HOLD,924,0,-0.24609999999999999,-0.24609999999999999,0,0.0055999999999999999,-0.0055999999999999999,0,-0.034799999999999998,0.034799999999999998,0,0.44679999999999997,0.44679999999999997,0,-1.7507963267948965,-1.0843337675436957,-0.18540000000000001,-0.18540000000000001,0,0.29936459787956377,-0.84211044977745053,-0.0077999999999999996,0.0077999999999999996,-0.17191156192620849,1.3280355866488012,-0.016539307308662706,-0.31464498168866195,0.025855783413169704,0.46510246104005226,0.028596479664696445,0.11890206580601678,-1.311189255399841,0.18822013473166829,0,0,0,0,0,0,0,0,0,0,0,0,0,0,0,0,0,0,0,0,0,0,0,0,0,0,0,0,0,0,0,0,0,0,0,0,0,0,0,0,0,0,0,0,0,0,0,0,0,0,0,0,0,0,0,0,0,0,0,0,0,0,2250,2250,400,400,400,500,300,300,500,3000,3000,40,60,60,750,750,40,60,60,500,500,45,45,45,45,45,45,30,30,30,30,12,12,4,7,7,4,7,7,4,12,12,2,4.5,4.5,7.5,7.5,2,4.5,4.5,5,5,3,3,3,3,3,3,3,3,3,3
232,4.6399999999999997,BALANCED_READY_HOLD,928,0,-0.24609999999999999,-0.24609999999999999,0,0.0055999999999999999,-0.0055999999999999999,0,-0.034799999999999998,0.034799999999999998,0,0.44679999999999997,0.44679999999999997,0,-1.7507963267948965,-1.0843337675436957,-0.18540000000000001,-0.18540000000000001,0,0.29936459787956377,-0.84211044977745053,-0.0077999999999999996,0.0077999999999999996,-0.17191156192620849,1.3280355866488012,-0.016539307308662706,-0.31464498168866195,0.025855783413169704,0.46510246104005226,0.028596479664696445,0.11890206580601678,-1.311189255399841,0.18822013473166829,0,0,0,0,0,0,0,0,0,0,0,0,0,0,0,0,0,0,0,0,0,0,0,0,0,0,0,0,0,0,0,0,0,0,0,0,0,0,0,0,0,0,0,0,0,0,0,0,0,0,0,0,0,0,0,0,0,0,0,0,0,0,2250,2250,400,400,400,500,300,300,500,3000,3000,40,60,60,750,750,40,60,60,500,500,45,45,45,45,45,45,30,30,30,30,12,12,4,7,7,4,7,7,4,12,12,2,4.5,4.5,7.5,7.5,2,4.5,4.5,5,5,3,3,3,3,3,3,3,3,3,3
233,4.6600000000000001,BALANCED_READY_HOLD,932,0,-0.24609999999999999,-0.24609999999999999,0,0.0055999999999999999,-0.0055999999999999999,0,-0.034799999999999998,0.034799999999999998,0,0.44679999999999997,0.44679999999999997,0,-1.7507963267948965,-1.0843337675436957,-0.18540000000000001,-0.18540000000000001,0,0.29936459787956377,-0.84211044977745053,-0.0077999999999999996,0.0077999999999999996,-0.17191156192620849,1.3280355866488012,-0.016539307308662706,-0.31464498168866195,0.025855783413169704,0.46510246104005226,0.028596479664696445,0.11890206580601678,-1.311189255399841,0.18822013473166829,0,0,0,0,0,0,0,0,0,0,0,0,0,0,0,0,0,0,0,0,0,0,0,0,0,0,0,0,0,0,0,0,0,0,0,0,0,0,0,0,0,0,0,0,0,0,0,0,0,0,0,0,0,0,0,0,0,0,0,0,0,0,2250,2250,400,400,400,500,300,300,500,3000,3000,40,60,60,750,750,40,60,60,500,500,45,45,45,45,45,45,30,30,30,30,12,12,4,7,7,4,7,7,4,12,12,2,4.5,4.5,7.5,7.5,2,4.5,4.5,5,5,3,3,3,3,3,3,3,3,3,3
234,4.6799999999999997,BALANCED_READY_HOLD,936,0,-0.24609999999999999,-0.24609999999999999,0,0.0055999999999999999,-0.0055999999999999999,0,-0.034799999999999998,0.034799999999999998,0,0.44679999999999997,0.44679999999999997,0,-1.7507963267948965,-1.0843337675436957,-0.18540000000000001,-0.18540000000000001,0,0.29936459787956377,-0.84211044977745053,-0.0077999999999999996,0.0077999999999999996,-0.17191156192620849,1.3280355866488012,-0.016539307308662706,-0.31464498168866195,0.025855783413169704,0.46510246104005226,0.028596479664696445,0.11890206580601678,-1.311189255399841,0.18822013473166829,0,0,0,0,0,0,0,0,0,0,0,0,0,0,0,0,0,0,0,0,0,0,0,0,0,0,0,0,0,0,0,0,0,0,0,0,0,0,0,0,0,0,0,0,0,0,0,0,0,0,0,0,0,0,0,0,0,0,0,0,0,0,2250,2250,400,400,400,500,300,300,500,3000,3000,40,60,60,750,750,40,60,60,500,500,45,45,45,45,45,45,30,30,30,30,12,12,4,7,7,4,7,7,4,12,12,2,4.5,4.5,7.5,7.5,2,4.5,4.5,5,5,3,3,3,3,3,3,3,3,3,3
235,4.7000000000000002,BALANCED_READY_HOLD,940,0,-0.24609999999999999,-0.24609999999999999,0,0.0055999999999999999,-0.0055999999999999999,0,-0.034799999999999998,0.034799999999999998,0,0.44679999999999997,0.44679999999999997,0,-1.7507963267948965,-1.0843337675436957,-0.18540000000000001,-0.18540000000000001,0,0.29936459787956377,-0.84211044977745053,-0.0077999999999999996,0.0077999999999999996,-0.17191156192620849,1.3280355866488012,-0.016539307308662706,-0.31464498168866195,0.025855783413169704,0.46510246104005226,0.028596479664696445,0.11890206580601678,-1.311189255399841,0.18822013473166829,0,0,0,0,0,0,0,0,0,0,0,0,0,0,0,0,0,0,0,0,0,0,0,0,0,0,0,0,0,0,0,0,0,0,0,0,0,0,0,0,0,0,0,0,0,0,0,0,0,0,0,0,0,0,0,0,0,0,0,0,0,0,2250,2250,400,400,400,500,300,300,500,3000,3000,40,60,60,750,750,40,60,60,500,500,45,45,45,45,45,45,30,30,30,30,12,12,4,7,7,4,7,7,4,12,12,2,4.5,4.5,7.5,7.5,2,4.5,4.5,5,5,3,3,3,3,3,3,3,3,3,3
236,4.7199999999999998,BALANCED_READY_HOLD,944,0,-0.24609999999999999,-0.24609999999999999,0,0.0055999999999999999,-0.0055999999999999999,0,-0.034799999999999998,0.034799999999999998,0,0.44679999999999997,0.44679999999999997,0,-1.7507963267948965,-1.0843337675436957,-0.18540000000000001,-0.18540000000000001,0,0.29936459787956377,-0.84211044977745053,-0.0077999999999999996,0.0077999999999999996,-0.17191156192620849,1.3280355866488012,-0.016539307308662706,-0.31464498168866195,0.025855783413169704,0.46510246104005226,0.028596479664696445,0.11890206580601678,-1.311189255399841,0.18822013473166829,0,0,0,0,0,0,0,0,0,0,0,0,0,0,0,0,0,0,0,0,0,0,0,0,0,0,0,0,0,0,0,0,0,0,0,0,0,0,0,0,0,0,0,0,0,0,0,0,0,0,0,0,0,0,0,0,0,0,0,0,0,0,2250,2250,400,400,400,500,300,300,500,3000,3000,40,60,60,750,750,40,60,60,500,500,45,45,45,45,45,45,30,30,30,30,12,12,4,7,7,4,7,7,4,12,12,2,4.5,4.5,7.5,7.5,2,4.5,4.5,5,5,3,3,3,3,3,3,3,3,3,3
237,4.7400000000000002,BALANCED_READY_HOLD,948,0,-0.24609999999999999,-0.24609999999999999,0,0.0055999999999999999,-0.0055999999999999999,0,-0.034799999999999998,0.034799999999999998,0,0.44679999999999997,0.44679999999999997,0,-1.7507963267948965,-1.0843337675436957,-0.18540000000000001,-0.18540000000000001,0,0.29936459787956377,-0.84211044977745053,-0.0077999999999999996,0.0077999999999999996,-0.17191156192620849,1.3280355866488012,-0.016539307308662706,-0.31464498168866195,0.025855783413169704,0.46510246104005226,0.028596479664696445,0.11890206580601678,-1.311189255399841,0.18822013473166829,0,0,0,0,0,0,0,0,0,0,0,0,0,0,0,0,0,0,0,0,0,0,0,0,0,0,0,0,0,0,0,0,0,0,0,0,0,0,0,0,0,0,0,0,0,0,0,0,0,0,0,0,0,0,0,0,0,0,0,0,0,0,2250,2250,400,400,400,500,300,300,500,3000,3000,40,60,60,750,750,40,60,60,500,500,45,45,45,45,45,45,30,30,30,30,12,12,4,7,7,4,7,7,4,12,12,2,4.5,4.5,7.5,7.5,2,4.5,4.5,5,5,3,3,3,3,3,3,3,3,3,3
238,4.7599999999999998,BALANCED_READY_HOLD,952,0,-0.24609999999999999,-0.24609999999999999,0,0.0055999999999999999,-0.0055999999999999999,0,-0.034799999999999998,0.034799999999999998,0,0.44679999999999997,0.44679999999999997,0,-1.7507963267948965,-1.0843337675436957,-0.18540000000000001,-0.18540000000000001,0,0.29936459787956377,-0.84211044977745053,-0.0077999999999999996,0.0077999999999999996,-0.17191156192620849,1.3280355866488012,-0.016539307308662706,-0.31464498168866195,0.025855783413169704,0.46510246104005226,0.028596479664696445,0.11890206580601678,-1.311189255399841,0.18822013473166829,0,0,0,0,0,0,0,0,0,0,0,0,0,0,0,0,0,0,0,0,0,0,0,0,0,0,0,0,0,0,0,0,0,0,0,0,0,0,0,0,0,0,0,0,0,0,0,0,0,0,0,0,0,0,0,0,0,0,0,0,0,0,2250,2250,400,400,400,500,300,300,500,3000,3000,40,60,60,750,750,40,60,60,500,500,45,45,45,45,45,45,30,30,30,30,12,12,4,7,7,4,7,7,4,12,12,2,4.5,4.5,7.5,7.5,2,4.5,4.5,5,5,3,3,3,3,3,3,3,3,3,3
239,4.7800000000000002,BALANCED_READY_HOLD,956,0,-0.24609999999999999,-0.24609999999999999,0,0.0055999999999999999,-0.0055999999999999999,0,-0.034799999999999998,0.034799999999999998,0,0.44679999999999997,0.44679999999999997,0,-1.7507963267948965,-1.0843337675436957,-0.18540000000000001,-0.18540000000000001,0,0.29936459787956377,-0.84211044977745053,-0.0077999999999999996,0.0077999999999999996,-0.17191156192620849,1.3280355866488012,-0.016539307308662706,-0.31464498168866195,0.025855783413169704,0.46510246104005226,0.028596479664696445,0.11890206580601678,-1.311189255399841,0.18822013473166829,0,0,0,0,0,0,0,0,0,0,0,0,0,0,0,0,0,0,0,0,0,0,0,0,0,0,0,0,0,0,0,0,0,0,0,0,0,0,0,0,0,0,0,0,0,0,0,0,0,0,0,0,0,0,0,0,0,0,0,0,0,0,2250,2250,400,400,400,500,300,300,500,3000,3000,40,60,60,750,750,40,60,60,500,500,45,45,45,45,45,45,30,30,30,30,12,12,4,7,7,4,7,7,4,12,12,2,4.5,4.5,7.5,7.5,2,4.5,4.5,5,5,3,3,3,3,3,3,3,3,3,3
240,4.7999999999999998,BALANCED_READY_HOLD,960,0,-0.24609999999999999,-0.24609999999999999,0,0.0055999999999999999,-0.0055999999999999999,0,-0.034799999999999998,0.034799999999999998,0,0.44679999999999997,0.44679999999999997,0,-1.7507963267948965,-1.0843337675436957,-0.18540000000000001,-0.18540000000000001,0,0.29936459787956377,-0.84211044977745053,-0.0077999999999999996,0.0077999999999999996,-0.17191156192620849,1.3280355866488012,-0.016539307308662706,-0.31464498168866195,0.025855783413169704,0.46510246104005226,0.028596479664696445,0.11890206580601678,-1.311189255399841,0.18822013473166829,0,0,0,0,0,0,0,0,0,0,0,0,0,0,0,0,0,0,0,0,0,0,0,0,0,0,0,0,0,0,0,0,0,0,0,0,0,0,0,0,0,0,0,0,0,0,0,0,0,0,0,0,0,0,0,0,0,0,0,0,0,0,2250,2250,400,400,400,500,300,300,500,3000,3000,40,60,60,750,750,40,60,60,500,500,45,45,45,45,45,45,30,30,30,30,12,12,4,7,7,4,7,7,4,12,12,2,4.5,4.5,7.5,7.5,2,4.5,4.5,5,5,3,3,3,3,3,3,3,3,3,3
241,4.8200000000000003,BALANCED_READY_HOLD,964,0,-0.24609999999999999,-0.24609999999999999,0,0.0055999999999999999,-0.0055999999999999999,0,-0.034799999999999998,0.034799999999999998,0,0.44679999999999997,0.44679999999999997,0,-1.7507963267948965,-1.0843337675436957,-0.18540000000000001,-0.18540000000000001,0,0.29936459787956377,-0.84211044977745053,-0.0077999999999999996,0.0077999999999999996,-0.17191156192620849,1.3280355866488012,-0.016539307308662706,-0.31464498168866195,0.025855783413169704,0.46510246104005226,0.028596479664696445,0.11890206580601678,-1.311189255399841,0.18822013473166829,0,0,0,0,0,0,0,0,0,0,0,0,0,0,0,0,0,0,0,0,0,0,0,0,0,0,0,0,0,0,0,0,0,0,0,0,0,0,0,0,0,0,0,0,0,0,0,0,0,0,0,0,0,0,0,0,0,0,0,0,0,0,2250,2250,400,400,400,500,300,300,500,3000,3000,40,60,60,750,750,40,60,60,500,500,45,45,45,45,45,45,30,30,30,30,12,12,4,7,7,4,7,7,4,12,12,2,4.5,4.5,7.5,7.5,2,4.5,4.5,5,5,3,3,3,3,3,3,3,3,3,3
242,4.8399999999999999,BALANCED_READY_HOLD,968,0,-0.24609999999999999,-0.24609999999999999,0,0.0055999999999999999,-0.0055999999999999999,0,-0.034799999999999998,0.034799999999999998,0,0.44679999999999997,0.44679999999999997,0,-1.7507963267948965,-1.0843337675436957,-0.18540000000000001,-0.18540000000000001,0,0.29936459787956377,-0.84211044977745053,-0.0077999999999999996,0.0077999999999999996,-0.17191156192620849,1.3280355866488012,-0.016539307308662706,-0.31464498168866195,0.025855783413169704,0.46510246104005226,0.028596479664696445,0.11890206580601678,-1.311189255399841,0.18822013473166829,0,0,0,0,0,0,0,0,0,0,0,0,0,0,0,0,0,0,0,0,0,0,0,0,0,0,0,0,0,0,0,0,0,0,0,0,0,0,0,0,0,0,0,0,0,0,0,0,0,0,0,0,0,0,0,0,0,0,0,0,0,0,2250,2250,400,400,400,500,300,300,500,3000,3000,40,60,60,750,750,40,60,60,500,500,45,45,45,45,45,45,30,30,30,30,12,12,4,7,7,4,7,7,4,12,12,2,4.5,4.5,7.5,7.5,2,4.5,4.5,5,5,3,3,3,3,3,3,3,3,3,3
243,4.8600000000000003,BALANCED_READY_HOLD,972,0,-0.24609999999999999,-0.24609999999999999,0,0.0055999999999999999,-0.0055999999999999999,0,-0.034799999999999998,0.034799999999999998,0,0.44679999999999997,0.44679999999999997,0,-1.7507963267948965,-1.0843337675436957,-0.18540000000000001,-0.18540000000000001,0,0.29936459787956377,-0.84211044977745053,-0.0077999999999999996,0.0077999999999999996,-0.17191156192620849,1.3280355866488012,-0.016539307308662706,-0.31464498168866195,0.025855783413169704,0.46510246104005226,0.028596479664696445,0.11890206580601678,-1.311189255399841,0.18822013473166829,0,0,0,0,0,0,0,0,0,0,0,0,0,0,0,0,0,0,0,0,0,0,0,0,0,0,0,0,0,0,0,0,0,0,0,0,0,0,0,0,0,0,0,0,0,0,0,0,0,0,0,0,0,0,0,0,0,0,0,0,0,0,2250,2250,400,400,400,500,300,300,500,3000,3000,40,60,60,750,750,40,60,60,500,500,45,45,45,45,45,45,30,30,30,30,12,12,4,7,7,4,7,7,4,12,12,2,4.5,4.5,7.5,7.5,2,4.5,4.5,5,5,3,3,3,3,3,3,3,3,3,3
244,4.8799999999999999,BALANCED_READY_HOLD,976,0,-0.24609999999999999,-0.24609999999999999,0,0.0055999999999999999,-0.0055999999999999999,0,-0.034799999999999998,0.034799999999999998,0,0.44679999999999997,0.44679999999999997,0,-1.7507963267948965,-1.0843337675436957,-0.18540000000000001,-0.18540000000000001,0,0.29936459787956377,-0.84211044977745053,-0.0077999999999999996,0.0077999999999999996,-0.17191156192620849,1.3280355866488012,-0.016539307308662706,-0.31464498168866195,0.025855783413169704,0.46510246104005226,0.028596479664696445,0.11890206580601678,-1.311189255399841,0.18822013473166829,0,0,0,0,0,0,0,0,0,0,0,0,0,0,0,0,0,0,0,0,0,0,0,0,0,0,0,0,0,0,0,0,0,0,0,0,0,0,0,0,0,0,0,0,0,0,0,0,0,0,0,0,0,0,0,0,0,0,0,0,0,0,2250,2250,400,400,400,500,300,300,500,3000,3000,40,60,60,750,750,40,60,60,500,500,45,45,45,45,45,45,30,30,30,30,12,12,4,7,7,4,7,7,4,12,12,2,4.5,4.5,7.5,7.5,2,4.5,4.5,5,5,3,3,3,3,3,3,3,3,3,3
245,4.9000000000000004,BALANCED_READY_HOLD,980,0,-0.24609999999999999,-0.24609999999999999,0,0.0055999999999999999,-0.0055999999999999999,0,-0.034799999999999998,0.034799999999999998,0,0.44679999999999997,0.44679999999999997,0,-1.7507963267948965,-1.0843337675436957,-0.18540000000000001,-0.18540000000000001,0,0.29936459787956377,-0.84211044977745053,-0.0077999999999999996,0.0077999999999999996,-0.17191156192620849,1.3280355866488012,-0.016539307308662706,-0.31464498168866195,0.025855783413169704,0.46510246104005226,0.028596479664696445,0.11890206580601678,-1.311189255399841,0.18822013473166829,0,0,0,0,0,0,0,0,0,0,0,0,0,0,0,0,0,0,0,0,0,0,0,0,0,0,0,0,0,0,0,0,0,0,0,0,0,0,0,0,0,0,0,0,0,0,0,0,0,0,0,0,0,0,0,0,0,0,0,0,0,0,2250,2250,400,400,400,500,300,300,500,3000,3000,40,60,60,750,750,40,60,60,500,500,45,45,45,45,45,45,30,30,30,30,12,12,4,7,7,4,7,7,4,12,12,2,4.5,4.5,7.5,7.5,2,4.5,4.5,5,5,3,3,3,3,3,3,3,3,3,3
246,4.9199999999999999,BALANCED_READY_HOLD,984,0,-0.24609999999999999,-0.24609999999999999,0,0.0055999999999999999,-0.0055999999999999999,0,-0.034799999999999998,0.034799999999999998,0,0.44679999999999997,0.44679999999999997,0,-1.7507963267948965,-1.0843337675436957,-0.18540000000000001,-0.18540000000000001,0,0.29936459787956377,-0.84211044977745053,-0.0077999999999999996,0.0077999999999999996,-0.17191156192620849,1.3280355866488012,-0.016539307308662706,-0.31464498168866195,0.025855783413169704,0.46510246104005226,0.028596479664696445,0.11890206580601678,-1.311189255399841,0.18822013473166829,0,0,0,0,0,0,0,0,0,0,0,0,0,0,0,0,0,0,0,0,0,0,0,0,0,0,0,0,0,0,0,0,0,0,0,0,0,0,0,0,0,0,0,0,0,0,0,0,0,0,0,0,0,0,0,0,0,0,0,0,0,0,2250,2250,400,400,400,500,300,300,500,3000,3000,40,60,60,750,750,40,60,60,500,500,45,45,45,45,45,45,30,30,30,30,12,12,4,7,7,4,7,7,4,12,12,2,4.5,4.5,7.5,7.5,2,4.5,4.5,5,5,3,3,3,3,3,3,3,3,3,3
247,4.9400000000000004,BALANCED_READY_HOLD,988,0,-0.24609999999999999,-0.24609999999999999,0,0.0055999999999999999,-0.0055999999999999999,0,-0.034799999999999998,0.034799999999999998,0,0.44679999999999997,0.44679999999999997,0,-1.7507963267948965,-1.0843337675436957,-0.18540000000000001,-0.18540000000000001,0,0.29936459787956377,-0.84211044977745053,-0.0077999999999999996,0.0077999999999999996,-0.17191156192620849,1.3280355866488012,-0.016539307308662706,-0.31464498168866195,0.025855783413169704,0.46510246104005226,0.028596479664696445,0.11890206580601678,-1.311189255399841,0.18822013473166829,0,0,0,0,0,0,0,0,0,0,0,0,0,0,0,0,0,0,0,0,0,0,0,0,0,0,0,0,0,0,0,0,0,0,0,0,0,0,0,0,0,0,0,0,0,0,0,0,0,0,0,0,0,0,0,0,0,0,0,0,0,0,2250,2250,400,400,400,500,300,300,500,3000,3000,40,60,60,750,750,40,60,60,500,500,45,45,45,45,45,45,30,30,30,30,12,12,4,7,7,4,7,7,4,12,12,2,4.5,4.5,7.5,7.5,2,4.5,4.5,5,5,3,3,3,3,3,3,3,3,3,3
248,4.96,BALANCED_READY_HOLD,992,0,-0.24609999999999999,-0.24609999999999999,0,0.0055999999999999999,-0.0055999999999999999,0,-0.034799999999999998,0.034799999999999998,0,0.44679999999999997,0.44679999999999997,0,-1.7507963267948965,-1.0843337675436957,-0.18540000000000001,-0.18540000000000001,0,0.29936459787956377,-0.84211044977745053,-0.0077999999999999996,0.0077999999999999996,-0.17191156192620849,1.3280355866488012,-0.016539307308662706,-0.31464498168866195,0.025855783413169704,0.46510246104005226,0.028596479664696445,0.11890206580601678,-1.311189255399841,0.18822013473166829,0,0,0,0,0,0,0,0,0,0,0,0,0,0,0,0,0,0,0,0,0,0,0,0,0,0,0,0,0,0,0,0,0,0,0,0,0,0,0,0,0,0,0,0,0,0,0,0,0,0,0,0,0,0,0,0,0,0,0,0,0,0,2250,2250,400,400,400,500,300,300,500,3000,3000,40,60,60,750,750,40,60,60,500,500,45,45,45,45,45,45,30,30,30,30,12,12,4,7,7,4,7,7,4,12,12,2,4.5,4.5,7.5,7.5,2,4.5,4.5,5,5,3,3,3,3,3,3,3,3,3,3
249,4.9800000000000004,BALANCED_READY_HOLD,996,16,-0.24609999999999999,-0.24609999999999999,0,0.0055999999999999999,-0.0055999999999999999,0,-0.034799999999999998,0.034799999999999998,0,0.44679999999999997,0.44679999999999997,0,-1.7507963267948965,-1.0843337675436957,-0.18540000000000001,-0.18540000000000001,0,0.29936459787956377,-0.84211044977745053,-0.0077999999999999996,0.0077999999999999996,-0.17191156192620849,1.3280355866488012,-0.016539307308662706,-0.31464498168866195,0.025855783413169704,0.46510246104005226,0.028596479664696445,0.11890206580601678,-1.311189255399841,0.18822013473166829,0,0,0,0,0,0,0,0,0,0,0,0,0,0,0,0,0,0,0,0,0,0,0,0,0,0,0,0,0,0,0,0,0,0,0,0,0,0,0,0,0,0,0,0,0,0,0,0,0,0,0,0,0,0,0,0,0,0,0,0,0,0,2250,2250,400,400,400,500,300,300,500,3000,3000,40,60,60,750,750,40,60,60,500,500,45,45,45,45,45,45,30,30,30,30,12,12,4,7,7,4,7,7,4,12,12,2,4.5,4.5,7.5,7.5,2,4.5,4.5,5,5,3,3,3,3,3,3,3,3,3,3
