sequence_index,row_kind,event,action_tick,frame_index,time_s,phase,source_time_s,q_rad::waist_yaw_joint,q_rad::waist_roll_joint,q_rad::waist_pitch_joint,q_rad::head_yaw_joint,q_rad::head_pitch_joint,q_rad::left_shoulder_pitch_joint,q_rad::left_shoulder_roll_joint,q_rad::left_shoulder_yaw_joint,q_rad::left_elbow_joint,q_rad::left_wrist_roll_joint,q_rad::left_wrist_pitch_joint,q_rad::left_wrist_yaw_joint,q_rad::right_shoulder_pitch_joint,q_rad::right_shoulder_roll_joint,q_rad::right_shoulder_yaw_joint,q_rad::right_elbow_joint,q_rad::right_wrist_roll_joint,q_rad::right_wrist_pitch_joint,q_rad::right_wrist_yaw_joint,q_rad::left_hip_pitch_joint,q_rad::left_hip_roll_joint,q_rad::left_hip_yaw_joint,q_rad::left_knee_joint,q_rad::left_ankle_pitch_joint,q_rad::left_ankle_roll_joint,q_rad::right_hip_pitch_joint,q_rad::right_hip_roll_joint,q_rad::right_hip_yaw_joint,q_rad::right_knee_joint,q_rad::right_ankle_pitch_joint,q_rad::right_ankle_roll_joint,qd_rad_s::waist_yaw_joint,qd_rad_s::waist_roll_joint,qd_rad_s::waist_pitch_joint,qd_rad_s::head_yaw_joint,qd_rad_s::head_pitch_joint,qd_rad_s::left_shoulder_pitch_joint,qd_rad_s::left_shoulder_roll_joint,qd_rad_s::left_shoulder_yaw_joint,qd_rad_s::left_elbow_joint,qd_rad_s::left_wrist_roll_joint,qd_rad_s::left_wrist_pitch_joint,qd_rad_s::left_wrist_yaw_joint,qd_rad_s::right_shoulder_pitch_joint,qd_rad_s::right_shoulder_roll_joint,qd_rad_s::right_shoulder_yaw_joint,qd_rad_s::right_elbow_joint,qd_rad_s::right_wrist_roll_joint,qd_rad_s::right_wrist_pitch_joint,qd_rad_s::right_wrist_yaw_joint,qd_rad_s::left_hip_pitch_joint,qd_rad_s::left_hip_roll_joint,qd_rad_s::left_hip_yaw_joint,qd_rad_s::left_knee_joint,qd_rad_s::left_ankle_pitch_joint,qd_rad_s::left_ankle_roll_joint,qd_rad_s::right_hip_pitch_joint,qd_rad_s::right_hip_roll_joint,qd_rad_s::right_hip_yaw_joint,qd_rad_s::right_knee_joint,qd_rad_s::right_ankle_pitch_joint,qd_rad_s::right_ankle_roll_joint,qdd_rad_s2::waist_yaw_joint,qdd_rad_s2::waist_roll_joint,qdd_rad_s2::waist_pitch_joint,qdd_rad_s2::head_yaw_joint,qdd_rad_s2::head_pitch_joint,qdd_rad_s2::left_shoulder_pitch_joint,qdd_rad_s2::left_shoulder_roll_joint,qdd_rad_s2::left_shoulder_yaw_joint,qdd_rad_s2::left_elbow_joint,qdd_rad_s2::left_wrist_roll_joint,qdd_rad_s2::left_wrist_pitch_joint,qdd_rad_s2::left_wrist_yaw_joint,qdd_rad_s2::right_shoulder_pitch_joint,qdd_rad_s2::right_shoulder_roll_joint,qdd_rad_s2::right_shoulder_yaw_joint,qdd_rad_s2::right_elbow_joint,qdd_rad_s2::right_wrist_roll_joint,qdd_rad_s2::right_wrist_pitch_joint,qdd_rad_s2::right_wrist_yaw_joint,qdd_rad_s2::left_hip_pitch_joint,qdd_rad_s2::left_hip_roll_joint,qdd_rad_s2::left_hip_yaw_joint,qdd_rad_s2::left_knee_joint,qdd_rad_s2::left_ankle_pitch_joint,qdd_rad_s2::left_ankle_roll_joint,qdd_rad_s2::right_hip_pitch_joint,qdd_rad_s2::right_hip_roll_joint,qdd_rad_s2::right_hip_yaw_joint,qdd_rad_s2::right_knee_joint,qdd_rad_s2::right_ankle_pitch_joint,qdd_rad_s2::right_ankle_roll_joint
0,PREAMBLE,WAIT_LOAD_CLEAR,,,,,,,,,,,,,,,,,,,,,,,,,,,,,,,,,,,,,,,,,,,,,,,,,,,,,,,,,,,,,,,,,,,,,,,,,,,,,,,,,,,,,,,,,,,,,,,,,,
1,PREAMBLE,GRAB,,,,,,,,,,,,,,,,,,,,,,,,,,,,,,,,,,,,,,,,,,,,,,,,,,,,,,,,,,,,,,,,,,,,,,,,,,,,,,,,,,,,,,,,,,,,,,,,,,
2,PREAMBLE,WAIT_GRAB_ACK,,,,,,,,,,,,,,,,,,,,,,,,,,,,,,,,,,,,,,,,,,,,,,,,,,,,,,,,,,,,,,,,,,,,,,,,,,,,,,,,,,,,,,,,,,,,,,,,,,
3,PREAMBLE,WAIT_SECURE_CLEAR,,,,,,,,,,,,,,,,,,,,,,,,,,,,,,,,,,,,,,,,,,,,,,,,,,,,,,,,,,,,,,,,,,,,,,,,,,,,,,,,,,,,,,,,,,,,,,,,,,
4,PREAMBLE,WAIT_SPACE,,,,,,,,,,,,,,,,,,,,,,,,,,,,,,,,,,,,,,,,,,,,,,,,,,,,,,,,,,,,,,,,,,,,,,,,,,,,,,,,,,,,,,,,,,,,,,,,,,
5,FRAME,SPACE,0,0,0,READY,-0.5,0,0,0,0,0,-1.40463927513,0.33585055564,-0.155997071966,-0.433739725807,0.0186527213242,0.28070492316,-1.29296430372,-1.10982116994,-0.8029900386,1.38132064118,-0.552813438425,0.582642250889,0.259332437311,0.227364706825,-0.1511,0.0356,-0.0348,0.2868,-0.0954,-0.0378,-0.1511,-0.0356,0.0348,0.2868,-0.0954,0.0378,0,0,0,0,0,0,0,0,0,0,0,0,0,0,0,0,0,0,0,0,0,0,0,0,0,0,0,0,0,0,0,0,0,0,0,0,0,0,0,0,0,0,0,0,0,0,0,0,0,0,0,0,0,0,0,0,0,0,0,0,0,0
6,FRAME,NONE,1,1,0.01,READY,-0.48999999999999999,0,0,0,0,0,-1.40463927513,0.33585055564,-0.155997071966,-0.433739725807,0.0186527213242,0.28070492316,-1.29296430372,-1.10982099009,-0.802990013593,1.38132041064,-0.55281345839,0.582642157827,0.259332545565,0.227364841334,-0.1511,0.0356,-0.0348,0.2868,-0.0954,-0.0378,-0.1511,-0.0356,0.0348,0.2868,-0.0954,0.0378,0,0,0,0,0,0,0,0,0,0,0,0,8.99250000019e-06,1.25034999576e-06,-1.1526999999e-05,-9.98249999329e-07,-4.65309999975e-06,5.41270000209e-06,6.72544999969e-06,0,0,0,0,0,0,0,0,0,0,0,0,0,0,0,0,0,0,0,0,0,0,0,0,-0.000899250000019,-0.000125034999576,0.0011526999999,9.98249999329e-05,0.000465309999975,-0.000541270000209,-0.000672544999969,0,0,0,0,0,0,0,0,0,0,0,0
7,FRAME,NONE,2,2,0.02,READY,-0.47999999999999998,0,0,0,0,0,-1.40463927513,0.33585055564,-0.155997071966,-0.433739725807,0.0186527213242,0.28070492316,-1.29296430372,-1.10982099009,-0.802990013593,1.38132041064,-0.55281345839,0.582642157827,0.259332545565,0.227364841334,-0.1511,0.0356,-0.0348,0.2868,-0.0954,-0.0378,-0.1511,-0.0356,0.0348,0.2868,-0.0954,0.0378,0,0,0,0,0,0,0,0,0,0,0,0,0,0,0,0,0,0,0,0,0,0,0,0,0,0,0,0,0,0,0,0,0,0,0,0,0,0,0,0,0,0,0,-0.00044962500001,-6.25174997881e-05,0.000576349999948,4.99124999664e-05,0.000232654999988,-0.000270635000105,-0.000336272499984,0,0,0,0,0,0,0,0,0,0,0,0
8,FRAME,NONE,3,3,0.029999999999999999,READY,-0.46999999999999997,0,0,0,0,0,-1.40463927513,0.33585055564,-0.155997071966,-0.433739725807,0.0186527213242,0.28070492316,-1.29296430372,-1.10982099009,-0.802990013593,1.38132041064,-0.55281345839,0.582642157827,0.259332545565,0.227364841334,-0.1511,0.0356,-0.0348,0.2868,-0.0954,-0.0378,-0.1511,-0.0356,0.0348,0.2868,-0.0954,0.0378,0,0,0,0,0,0,0,0,0,0,0,0,0,0,0,0,0,0,0,0,0,0,0,0,0,0,0,0,0,0,0,0,0,0,0,0,0,0,0,0,0,0,0,0,0,0,0,0,0,0,0,0,0,0,0,0,0,0,0,0,0,0
9,FRAME,NONE,4,4,0.040000000000000001,READY,-0.46000000000000002,0,0,0,0,0,-1.40463927513,0.33585055564,-0.155997071966,-0.433739725807,0.0186527213242,0.28070492316,-1.29296430372,-1.10982099009,-0.802990013593,1.38132041064,-0.55281345839,0.582642157827,0.259332545565,0.227364841334,-0.1511,0.0356,-0.0348,0.2868,-0.0954,-0.0378,-0.1511,-0.0356,0.0348,0.2868,-0.0954,0.0378,0,0,0,0,0,0,0,0,0,0,0,0,0,0,0,0,0,0,0,0,0,0,0,0,0,0,0,0,0,0,0,0,0,0,0,0,0,0,0,0,0,0,0,0,0,0,0,0,0,0,0,0,0,0,0,0,0,0,0,0,0,0
10,FRAME,NONE,5,5,0.050000000000000003,READY,-0.45000000000000001,0,0,0,0,0,-1.40463927513,0.33585055564,-0.155997071966,-0.433739725807,0.0186527213242,0.28070492316,-1.29296430372,-1.10982099009,-0.802990013593,1.38132041064,-0.55281345839,0.582642157827,0.259332545565,0.227364841334,-0.1511,0.0356,-0.0348,0.2868,-0.0954,-0.0378,-0.1511,-0.0356,0.0348,0.2868,-0.0954,0.0378,0,0,0,0,0,0,0,0,0,0,0,0,0,0,0,0,0,0,0,0,0,0,0,0,0,0,0,0,0,0,0,0,0,0,0,0,0,0,0,0,0,0,0,0,0,0,0,0,0,0,0,0,0,0,0,0,0,0,0,0,0,0
11,FRAME,NONE,6,6,0.059999999999999998,READY,-0.44,0,0,0,0,0,-1.40463927513,0.33585055564,-0.155997071966,-0.433739725807,0.0186527213242,0.28070492316,-1.29296430372,-1.10982099009,-0.802990013593,1.38132041064,-0.55281345839,0.582642157827,0.259332545565,0.227364841334,-0.1511,0.0356,-0.0348,0.2868,-0.0954,-0.0378,-0.1511,-0.0356,0.0348,0.2868,-0.0954,0.0378,0,0,0,0,0,0,0,0,0,0,0,0,0,0,0,0,0,0,0,0,0,0,0,0,0,0,0,0,0,0,0,0,0,0,0,0,0,0,0,0,0,0,0,0,0,0,0,0,0,0,0,0,0,0,0,0,0,0,0,0,0,0
12,FRAME,NONE,7,7,0.070000000000000007,READY,-0.42999999999999999,0,0,0,0,0,-1.40463927513,0.33585055564,-0.155997071966,-0.433739725807,0.0186527213242,0.28070492316,-1.29296430372,-1.10982099009,-0.802990013593,1.38132041064,-0.55281345839,0.582642157827,0.259332545565,0.227364841334,-0.1511,0.0356,-0.0348,0.2868,-0.0954,-0.0378,-0.1511,-0.0356,0.0348,0.2868,-0.0954,0.0378,0,0,0,0,0,0,0,0,0,0,0,0,0,0,0,0,0,0,0,0,0,0,0,0,0,0,0,0,0,0,0,0,0,0,0,0,0,0,0,0,0,0,0,0,0,0,0,0,0,0,0,0,0,0,0,0,0,0,0,0,0,0
13,FRAME,NONE,8,8,0.080000000000000002,READY,-0.41999999999999998,0,0,0,0,0,-1.40463927513,0.33585055564,-0.155997071966,-0.433739725807,0.0186527213242,0.28070492316,-1.29296430372,-1.10982099009,-0.802990013593,1.38132041064,-0.55281345839,0.582642157827,0.259332545565,0.227364841334,-0.1511,0.0356,-0.0348,0.2868,-0.0954,-0.0378,-0.1511,-0.0356,0.0348,0.2868,-0.0954,0.0378,0,0,0,0,0,0,0,0,0,0,0,0,0,0,0,0,0,0,0,0,0,0,0,0,0,0,0,0,0,0,0,0,0,0,0,0,0,0,0,0,0,0,0,0,0,0,0,0,0,0,0,0,0,0,0,0,0,0,0,0,0,0
14,FRAME,NONE,9,9,0.089999999999999997,READY,-0.40999999999999998,0,0,0,0,0,-1.40463927513,0.33585055564,-0.155997071966,-0.433739725807,0.0186527213242,0.28070492316,-1.29296430372,-1.10982099009,-0.802990013593,1.38132041064,-0.55281345839,0.582642157827,0.259332545565,0.227364841334,-0.1511,0.0356,-0.0348,0.2868,-0.0954,-0.0378,-0.1511,-0.0356,0.0348,0.2868,-0.0954,0.0378,0,0,0,0,0,0,0,0,0,0,0,0,0,0,0,0,0,0,0,0,0,0,0,0,0,0,0,0,0,0,0,0,0,0,0,0,0,0,0,0,0,0,0,0,0,0,0,0,0,0,0,0,0,0,0,0,0,0,0,0,0,0
15,FRAME,NONE,10,10,0.10000000000000001,READY,-0.40000000000000002,0,0,0,0,0,-1.40463927513,0.33585055564,-0.155997071966,-0.433739725807,0.0186527213242,0.28070492316,-1.29296430372,-1.10982099009,-0.802990013593,1.38132041064,-0.55281345839,0.582642157827,0.259332545565,0.227364841334,-0.1511,0.0356,-0.0348,0.2868,-0.0954,-0.0378,-0.1511,-0.0356,0.0348,0.2868,-0.0954,0.0378,0,0,0,0,0,0,0,0,0,0,0,0,0,0,0,0,0,0,0,0,0,0,0,0,0,0,0,0,0,0,0,0,0,0,0,0,0,0,0,0,0,0,0,0,0,0,0,0,0,0,0,0,0,0,0,0,0,0,0,0,0,0
16,FRAME,NONE,11,11,0.11,READY,-0.39000000000000001,0,0,0,0,0,-1.40463927513,0.33585055564,-0.155997071966,-0.433739725807,0.0186527213242,0.28070492316,-1.29296430372,-1.10982099009,-0.802990013593,1.38132041064,-0.55281345839,0.582642157827,0.259332545565,0.227364841334,-0.1511,0.0356,-0.0348,0.2868,-0.0954,-0.0378,-0.1511,-0.0356,0.0348,0.2868,-0.0954,0.0378,0,0,0,0,0,0,0,0,0,0,0,0,0,0,0,0,0,0,0,0,0,0,0,0,0,0,0,0,0,0,0,0,0,0,0,0,0,0,0,0,0,0,0,0,0,0,0,0,0,0,0,0,0,0,0,0,0,0,0,0,0,0
17,FRAME,NONE,12,12,0.12,READY,-0.38,0,0,0,0,0,-1.40463927513,0.33585055564,-0.155997071966,-0.433739725807,0.0186527213242,0.28070492316,-1.29296430372,-1.10982099009,-0.802990013593,1.38132041064,-0.55281345839,0.582642157827,0.259332545565,0.227364841334,-0.1511,0.0356,-0.0348,0.2868,-0.0954,-0.0378,-0.1511,-0.0356,0.0348,0.2868,-0.0954,0.0378,0,0,0,0,0,0,0,0,0,0,0,0,0,0,0,0,0,0,0,0,0,0,0,0,0,0,0,0,0,0,0,0,0,0,0,0,0,0,0,0,0,0,0,0,0,0,0,0,0,0,0,0,0,0,0,0,0,0,0,0,0,0
18,FRAME,NONE,13,13,0.13,READY,-0.37,0,0,0,0,0,-1.40463927513,0.33585055564,-0.155997071966,-0.433739725807,0.0186527213242,0.28070492316,-1.29296430372,-1.10982099009,-0.802990013593,1.38132041064,-0.55281345839,0.582642157827,0.259332545565,0.227364841334,-0.1511,0.0356,-0.0348,0.2868,-0.0954,-0.0378,-0.1511,-0.0356,0.0348,0.2868,-0.0954,0.0378,0,0,0,0,0,0,0,0,0,0,0,0,0,0,0,0,0,0,0,0,0,0,0,0,0,0,0,0,0,0,0,0,0,0,0,0,0,0,0,0,0,0,0,0,0,0,0,0,0,0,0,0,0,0,0,0,0,0,0,0,0,0
19,FRAME,NONE,14,14,0.14000000000000001,READY,-0.35999999999999999,0,0,0,0,0,-1.40463927513,0.33585055564,-0.155997071966,-0.433739725807,0.0186527213242,0.28070492316,-1.29296430372,-1.10982099009,-0.802990013593,1.38132041064,-0.55281345839,0.582642157827,0.259332545565,0.227364841334,-0.1511,0.0356,-0.0348,0.2868,-0.0954,-0.0378,-0.1511,-0.0356,0.0348,0.2868,-0.0954,0.0378,0,0,0,0,0,0,0,0,0,0,0,0,0,0,0,0,0,0,0,0,0,0,0,0,0,0,0,0,0,0,0,0,0,0,0,0,0,0,0,0,0,0,0,0,0,0,0,0,0,0,0,0,0,0,0,0,0,0,0,0,0,0
20,FRAME,NONE,15,15,0.14999999999999999,READY,-0.34999999999999998,0,0,0,0,0,-1.40463927513,0.33585055564,-0.155997071966,-0.433739725807,0.0186527213242,0.28070492316,-1.29296430372,-1.10982099009,-0.802990013593,1.38132041064,-0.55281345839,0.582642157827,0.259332545565,0.227364841334,-0.1511,0.0356,-0.0348,0.2868,-0.0954,-0.0378,-0.1511,-0.0356,0.0348,0.2868,-0.0954,0.0378,0,0,0,0,0,0,0,0,0,0,0,0,0,0,0,0,0,0,0,0,0,0,0,0,0,0,0,0,0,0,0,0,0,0,0,0,0,0,0,0,0,0,0,0,0,0,0,0,0,0,0,0,0,0,0,0,0,0,0,0,0,0
21,FRAME,NONE,16,16,0.16,READY,-0.34000000000000002,0,0,0,0,0,-1.40463927513,0.33585055564,-0.155997071966,-0.433739725807,0.0186527213242,0.28070492316,-1.29296430372,-1.10982099009,-0.802990013593,1.38132041064,-0.55281345839,0.582642157827,0.259332545565,0.227364841334,-0.1511,0.0356,-0.0348,0.2868,-0.0954,-0.0378,-0.1511,-0.0356,0.0348,0.2868,-0.0954,0.0378,0,0,0,0,0,0,0,0,0,0,0,0,0,0,0,0,0,0,0,0,0,0,0,0,0,0,0,0,0,0,0,0,0,0,0,0,0,0,0,0,0,0,0,0,0,0,0,0,0,0,0,0,0,0,0,0,0,0,0,0,0,0
22,FRAME,NONE,17,17,0.17000000000000001,READY,-0.33000000000000002,0,0,0,0,0,-1.40463927513,0.33585055564,-0.155997071966,-0.433739725807,0.0186527213242,0.28070492316,-1.29296430372,-1.10982099009,-0.802990013593,1.38132041064,-0.55281345839,0.582642157827,0.259332545565,0.227364841334,-0.1511,0.0356,-0.0348,0.2868,-0.0954,-0.0378,-0.1511,-0.0356,0.0348,0.2868,-0.0954,0.0378,0,0,0,0,0,0,0,0,0,0,0,0,0,0,0,0,0,0,0,0,0,0,0,0,0,0,0,0,0,0,0,0,0,0,0,0,0,0,0,0,0,0,0,0,0,0,0,0,0,0,0,0,0,0,0,0,0,0,0,0,0,0
23,FRAME,NONE,18,18,0.17999999999999999,READY,-0.32000000000000001,0,0,0,0,0,-1.40463927513,0.33585055564,-0.155997071966,-0.433739725807,0.0186527213242,0.28070492316,-1.29296430372,-1.10982099009,-0.802990013593,1.38132041064,-0.55281345839,0.582642157827,0.259332545565,0.227364841334,-0.1511,0.0356,-0.0348,0.2868,-0.0954,-0.0378,-0.1511,-0.0356,0.0348,0.2868,-0.0954,0.0378,0,0,0,0,0,0,0,0,0,0,0,0,0,0,0,0,0,0,0,0,0,0,0,0,0,0,0,0,0,0,0,0,0,0,0,0,0,0,0,0,0,0,0,0,0,0,0,0,0,0,0,0,0,0,0,0,0,0,0,0,0,0
24,FRAME,NONE,19,19,0.19,READY,-0.31,0,0,0,0,0,-1.40463927513,0.33585055564,-0.155997071966,-0.433739725807,0.0186527213242,0.28070492316,-1.29296430372,-1.10982099009,-0.802990013593,1.38132041064,-0.55281345839,0.582642157827,0.259332545565,0.227364841334,-0.1511,0.0356,-0.0348,0.2868,-0.0954,-0.0378,-0.1511,-0.0356,0.0348,0.2868,-0.0954,0.0378,0,0,0,0,0,0,0,0,0,0,0,0,0,0,0,0,0,0,0,0,0,0,0,0,0,0,0,0,0,0,0,0,0,0,0,0,0,0,0,0,0,0,0,0,0,0,0,0,0,0,0,0,0,0,0,0,0,0,0,0,0,0
25,FRAME,NONE,20,20,0.20000000000000001,READY,-0.29999999999999999,0,0,0,0,0,-1.40463927513,0.33585055564,-0.155997071966,-0.433739725807,0.0186527213242,0.28070492316,-1.29296430372,-1.10982099009,-0.802990013593,1.38132041064,-0.55281345839,0.582642157827,0.259332545565,0.227364841334,-0.1511,0.0356,-0.0348,0.2868,-0.0954,-0.0378,-0.1511,-0.0356,0.0348,0.2868,-0.0954,0.0378,0,0,0,0,0,0,0,0,0,0,0,0,0,0,0,0,0,0,0,0,0,0,0,0,0,0,0,0,0,0,0,0,0,0,0,0,0,0,0,0,0,0,0,0,0,0,0,0,0,0,0,0,0,0,0,0,0,0,0,0,0,0
26,FRAME,NONE,21,21,0.20999999999999999,READY,-0.28999999999999998,0,0,0,0,0,-1.40463927513,0.33585055564,-0.155997071966,-0.433739725807,0.0186527213242,0.28070492316,-1.29296430372,-1.10982099009,-0.802990013593,1.38132041064,-0.55281345839,0.582642157827,0.259332545565,0.227364841334,-0.1511,0.0356,-0.0348,0.2868,-0.0954,-0.0378,-0.1511,-0.0356,0.0348,0.2868,-0.0954,0.0378,0,0,0,0,0,0,0,0,0,0,0,0,0,0,0,0,0,0,0,0,0,0,0,0,0,0,0,0,0,0,0,0,0,0,0,0,0,0,0,0,0,0,0,0,0,0,0,0,0,0,0,0,0,0,0,0,0,0,0,0,0,0
27,FRAME,NONE,22,22,0.22,READY,-0.28000000000000003,0,0,0,0,0,-1.40463927513,0.33585055564,-0.155997071966,-0.433739725807,0.0186527213242,0.28070492316,-1.29296430372,-1.10982099009,-0.802990013593,1.38132041064,-0.55281345839,0.582642157827,0.259332545565,0.227364841334,-0.1511,0.0356,-0.0348,0.2868,-0.0954,-0.0378,-0.1511,-0.0356,0.0348,0.2868,-0.0954,0.0378,0,0,0,0,0,0,0,0,0,0,0,0,0,0,0,0,0,0,0,0,0,0,0,0,0,0,0,0,0,0,0,0,0,0,0,0,0,0,0,0,0,0,0,0,0,0,0,0,0,0,0,0,0,0,0,0,0,0,0,0,0,0
28,FRAME,NONE,23,23,0.23000000000000001,READY,-0.27000000000000002,0,0,0,0,0,-1.40463927513,0.33585055564,-0.155997071966,-0.433739725807,0.0186527213242,0.28070492316,-1.29296430372,-1.10982099009,-0.802990013593,1.38132041064,-0.55281345839,0.582642157827,0.259332545565,0.227364841334,-0.1511,0.0356,-0.0348,0.2868,-0.0954,-0.0378,-0.1511,-0.0356,0.0348,0.2868,-0.0954,0.0378,0,0,0,0,0,0,0,0,0,0,0,0,0,0,0,0,0,0,0,0,0,0,0,0,0,0,0,0,0,0,0,0,0,0,0,0,0,0,0,0,0,0,0,0,0,0,0,0,0,0,0,0,0,0,0,0,0,0,0,0,0,0
29,FRAME,NONE,24,24,0.23999999999999999,READY,-0.26000000000000001,0,0,0,0,0,-1.40463927513,0.33585055564,-0.155997071966,-0.433739725807,0.0186527213242,0.28070492316,-1.29296430372,-1.10982099009,-0.802990013593,1.38132041064,-0.55281345839,0.582642157827,0.259332545565,0.227364841334,-0.1511,0.0356,-0.0348,0.2868,-0.0954,-0.0378,-0.1511,-0.0356,0.0348,0.2868,-0.0954,0.0378,0,0,0,0,0,0,0,0,0,0,0,0,0,0,0,0,0,0,0,0,0,0,0,0,0,0,0,0,0,0,0,0,0,0,0,0,0,0,0,0,0,0,0,0,0,0,0,0,0,0,0,0,0,0,0,0,0,0,0,0,0,0
30,FRAME,NONE,25,25,0.25,READY,-0.25,0,0,0,0,0,-1.40463927513,0.33585055564,-0.155997071966,-0.433739725807,0.0186527213242,0.28070492316,-1.29296430372,-1.10982099009,-0.802990013593,1.38132041064,-0.55281345839,0.582642157827,0.259332545565,0.227364841334,-0.1511,0.0356,-0.0348,0.2868,-0.0954,-0.0378,-0.1511,-0.0356,0.0348,0.2868,-0.0954,0.0378,0,0,0,0,0,0,0,0,0,0,0,0,0,0,0,0,0,0,0,0,0,0,0,0,0,0,0,0,0,0,0,0,0,0,0,0,0,0,0,0,0,0,0,0,0,0,0,0,0,0,0,0,0,0,0,0,0,0,0,0,0,0
31,FRAME,NONE,26,26,0.26000000000000001,READY,-0.23999999999999999,0,0,0,0,0,-1.40463927513,0.33585055564,-0.155997071966,-0.433739725807,0.0186527213242,0.28070492316,-1.29296430372,-1.10982099009,-0.802990013593,1.38132041064,-0.55281345839,0.582642157827,0.259332545565,0.227364841334,-0.1511,0.0356,-0.0348,0.2868,-0.0954,-0.0378,-0.1511,-0.0356,0.0348,0.2868,-0.0954,0.0378,0,0,0,0,0,0,0,0,0,0,0,0,0,0,0,0,0,0,0,0,0,0,0,0,0,0,0,0,0,0,0,0,0,0,0,0,0,0,0,0,0,0,0,0,0,0,0,0,0,0,0,0,0,0,0,0,0,0,0,0,0,0
32,FRAME,NONE,27,27,0.27000000000000002,READY,-0.23000000000000001,0,0,0,0,0,-1.40463927513,0.33585055564,-0.155997071966,-0.433739725807,0.0186527213242,0.28070492316,-1.29296430372,-1.10982099009,-0.802990013593,1.38132041064,-0.55281345839,0.582642157827,0.259332545565,0.227364841334,-0.1511,0.0356,-0.0348,0.2868,-0.0954,-0.0378,-0.1511,-0.0356,0.0348,0.2868,-0.0954,0.0378,0,0,0,0,0,0,0,0,0,0,0,0,0,0,0,0,0,0,0,0,0,0,0,0,0,0,0,0,0,0,0,0,0,0,0,0,0,0,0,0,0,0,0,0,0,0,0,0,0,0,0,0,0,0,0,0,0,0,0,0,0,0
33,FRAME,NONE,28,28,0.28000000000000003,READY,-0.22,0,0,0,0,0,-1.40463927513,0.33585055564,-0.155997071966,-0.433739725807,0.0186527213242,0.28070492316,-1.29296430372,-1.10982099009,-0.802990013593,1.38132041064,-0.55281345839,0.582642157827,0.259332545565,0.227364841334,-0.1511,0.0356,-0.0348,0.2868,-0.0954,-0.0378,-0.1511,-0.0356,0.0348,0.2868,-0.0954,0.0378,0,0,0,0,0,0,0,0,0,0,0,0,0,0,0,0,0,0,0,0,0,0,0,0,0,0,0,0,0,0,0,0,0,0,0,0,0,0,0,0,0,0,0,0,0,0,0,0,0,0,0,0,0,0,0,0,0,0,0,0,0,0
34,FRAME,NONE,29,29,0.28999999999999998,READY,-0.20999999999999999,0,0,0,0,0,-1.40463927513,0.33585055564,-0.155997071966,-0.433739725807,0.0186527213242,0.28070492316,-1.29296430372,-1.10982099009,-0.802990013593,1.38132041064,-0.55281345839,0.582642157827,0.259332545565,0.227364841334,-0.1511,0.0356,-0.0348,0.2868,-0.0954,-0.0378,-0.1511,-0.0356,0.0348,0.2868,-0.0954,0.0378,0,0,0,0,0,0,0,0,0,0,0,0,0,0,0,0,0,0,0,0,0,0,0,0,0,0,0,0,0,0,0,0,0,0,0,0,0,0,0,0,0,0,0,0,0,0,0,0,0,0,0,0,0,0,0,0,0,0,0,0,0,0
35,FRAME,NONE,30,30,0.29999999999999999,READY,-0.20000000000000001,0,0,0,0,0,-1.40463927513,0.33585055564,-0.155997071966,-0.433739725807,0.0186527213242,0.28070492316,-1.29296430372,-1.10982099009,-0.802990013593,1.38132041064,-0.55281345839,0.582642157827,0.259332545565,0.227364841334,-0.1511,0.0356,-0.0348,0.2868,-0.0954,-0.0378,-0.1511,-0.0356,0.0348,0.2868,-0.0954,0.0378,0,0,0,0,0,0,0,0,0,0,0,0,0,0,0,0,0,0,0,0,0,0,0,0,0,0,0,0,0,0,0,0,0,0,0,0,0,0,0,0,0,0,0,0,0,0,0,0,0,0,0,0,0,0,0,0,0,0,0,0,0,0
36,FRAME,NONE,31,31,0.31,READY,-0.19,0,0,0,0,0,-1.40463927513,0.33585055564,-0.155997071966,-0.433739725807,0.0186527213242,0.28070492316,-1.29296430372,-1.10982099009,-0.802990013593,1.38132041064,-0.55281345839,0.582642157827,0.259332545565,0.227364841334,-0.1511,0.0356,-0.0348,0.2868,-0.0954,-0.0378,-0.1511,-0.0356,0.0348,0.2868,-0.0954,0.0378,0,0,0,0,0,0,0,0,0,0,0,0,0,0,0,0,0,0,0,0,0,0,0,0,0,0,0,0,0,0,0,0,0,0,0,0,0,0,0,0,0,0,0,0,0,0,0,0,0,0,0,0,0,0,0,0,0,0,0,0,0,0
37,FRAME,NONE,32,32,0.32000000000000001,READY,-0.17999999999999999,0,0,0,0,0,-1.40463927513,0.33585055564,-0.155997071966,-0.433739725807,0.0186527213242,0.28070492316,-1.29296430372,-1.10982099009,-0.802990013593,1.38132041064,-0.55281345839,0.582642157827,0.259332545565,0.227364841334,-0.1511,0.0356,-0.0348,0.2868,-0.0954,-0.0378,-0.1511,-0.0356,0.0348,0.2868,-0.0954,0.0378,0,0,0,0,0,0,0,0,0,0,0,0,0,0,0,0,0,0,0,0,0,0,0,0,0,0,0,0,0,0,0,0,0,0,0,0,0,0,0,0,0,0,0,0,0,0,0,0,0,0,0,0,0,0,0,0,0,0,0,0,0,0
38,FRAME,NONE,33,33,0.33000000000000002,READY,-0.17000000000000001,0,0,0,0,0,-1.40463927513,0.33585055564,-0.155997071966,-0.433739725807,0.0186527213242,0.28070492316,-1.29296430372,-1.10982099009,-0.802990013593,1.38132041064,-0.55281345839,0.582642157827,0.259332545565,0.227364841334,-0.1511,0.0356,-0.0348,0.2868,-0.0954,-0.0378,-0.1511,-0.0356,0.0348,0.2868,-0.0954,0.0378,0,0,0,0,0,0,0,0,0,0,0,0,0,0,0,0,0,0,0,0,0,0,0,0,0,0,0,0,0,0,0,0,0,0,0,0,0,0,0,0,0,0,0,0,0,0,0,0,0,0,0,0,0,0,0,0,0,0,0,0,0,0
39,FRAME,NONE,34,34,0.34000000000000002,READY,-0.16,0,0,0,0,0,-1.40463927513,0.33585055564,-0.155997071966,-0.433739725807,0.0186527213242,0.28070492316,-1.29296430372,-1.10982099009,-0.802990013593,1.38132041064,-0.55281345839,0.582642157827,0.259332545565,0.227364841334,-0.1511,0.0356,-0.0348,0.2868,-0.0954,-0.0378,-0.1511,-0.0356,0.0348,0.2868,-0.0954,0.0378,0,0,0,0,0,0,0,0,0,0,0,0,0,0,0,0,0,0,0,0,0,0,0,0,0,0,0,0,0,0,0,0,0,0,0,0,0,0,0,0,0,0,0,0,0,0,0,0,0,0,0,0,0,0,0,0,0,0,0,0,0,0
40,FRAME,NONE,35,35,0.34999999999999998,READY,-0.14999999999999999,0,0,0,0,0,-1.40463927513,0.33585055564,-0.155997071966,-0.433739725807,0.0186527213242,0.28070492316,-1.29296430372,-1.10982099009,-0.802990013593,1.38132041064,-0.55281345839,0.582642157827,0.259332545565,0.227364841334,-0.1511,0.0356,-0.0348,0.2868,-0.0954,-0.0378,-0.1511,-0.0356,0.0348,0.2868,-0.0954,0.0378,0,0,0,0,0,0,0,0,0,0,0,0,0,0,0,0,0,0,0,0,0,0,0,0,0,0,0,0,0,0,0,0,0,0,0,0,0,0,0,0,0,0,0,0,0,0,0,0,0,0,0,0,0,0,0,0,0,0,0,0,0,0
41,FRAME,NONE,36,36,0.35999999999999999,READY,-0.14000000000000001,0,0,0,0,0,-1.40463927513,0.33585055564,-0.155997071966,-0.433739725807,0.0186527213242,0.28070492316,-1.29296430372,-1.10982099009,-0.802990013593,1.38132041064,-0.55281345839,0.582642157827,0.259332545565,0.227364841334,-0.1511,0.0356,-0.0348,0.2868,-0.0954,-0.0378,-0.1511,-0.0356,0.0348,0.2868,-0.0954,0.0378,0,0,0,0,0,0,0,0,0,0,0,0,0,0,0,0,0,0,0,0,0,0,0,0,0,0,0,0,0,0,0,0,0,0,0,0,0,0,0,0,0,0,0,0,0,0,0,0,0,0,0,0,0,0,0,0,0,0,0,0,0,0
42,FRAME,NONE,37,37,0.37,READY,-0.13,0,0,0,0,0,-1.40463927513,0.33585055564,-0.155997071966,-0.433739725807,0.0186527213242,0.28070492316,-1.29296430372,-1.10982099009,-0.802990013593,1.38132041064,-0.55281345839,0.582642157827,0.259332545565,0.227364841334,-0.1511,0.0356,-0.0348,0.2868,-0.0954,-0.0378,-0.1511,-0.0356,0.0348,0.2868,-0.0954,0.0378,0,0,0,0,0,0,0,0,0,0,0,0,0,0,0,0,0,0,0,0,0,0,0,0,0,0,0,0,0,0,0,0,0,0,0,0,0,0,0,0,0,0,0,0,0,0,0,0,0,0,0,0,0,0,0,0,0,0,0,0,0,0
43,FRAME,NONE,38,38,0.38,READY,-0.12,0,0,0,0,0,-1.40463927513,0.33585055564,-0.155997071966,-0.433739725807,0.0186527213242,0.28070492316,-1.29296430372,-1.10982099009,-0.802990013593,1.38132041064,-0.55281345839,0.582642157827,0.259332545565,0.227364841334,-0.1511,0.0356,-0.0348,0.2868,-0.0954,-0.0378,-0.1511,-0.0356,0.0348,0.2868,-0.0954,0.0378,0,0,0,0,0,0,0,0,0,0,0,0,0,0,0,0,0,0,0,0,0,0,0,0,0,0,0,0,0,0,0,0,0,0,0,0,0,0,0,0,0,0,0,0,0,0,0,0,0,0,0,0,0,0,0,0,0,0,0,0,0,0
44,FRAME,NONE,39,39,0.39000000000000001,READY,-0.11,0,0,0,0,0,-1.40463927513,0.33585055564,-0.155997071966,-0.433739725807,0.0186527213242,0.28070492316,-1.29296430372,-1.10982099009,-0.802990013593,1.38132041064,-0.55281345839,0.582642157827,0.259332545565,0.227364841334,-0.1511,0.0356,-0.0348,0.2868,-0.0954,-0.0378,-0.1511,-0.0356,0.0348,0.2868,-0.0954,0.0378,0,0,0,0,0,0,0,0,0,0,0,0,0,0,0,0,0,0,0,0,0,0,0,0,0,0,0,0,0,0,0,0,0,0,0,0,0,0,0,0,0,0,0,0,0,0,0,0,0,0,0,0,0,0,0,0,0,0,0,0,0,0
45,FRAME,NONE,40,40,0.40000000000000002,READY,-0.10000000000000001,0,0,0,0,0,-1.40463927513,0.33585055564,-0.155997071966,-0.433739725807,0.0186527213242,0.28070492316,-1.29296430372,-1.10982099009,-0.802990013593,1.38132041064,-0.55281345839,0.582642157827,0.259332545565,0.227364841334,-0.1511,0.0356,-0.0348,0.2868,-0.0954,-0.0378,-0.1511,-0.0356,0.0348,0.2868,-0.0954,0.0378,0,0,0,0,0,0,0,0,0,0,0,0,0,0,0,0,0,0,0,0,0,0,0,0,0,0,0,0,0,0,0,0,0,0,0,0,0,0,0,0,0,0,0,0,0,0,0,0,0,0,0,0,0,0,0,0,0,0,0,0,0,0
46,FRAME,NONE,41,41,0.40999999999999998,READY,-0.089999999999999997,0,0,0,0,0,-1.40463927513,0.33585055564,-0.155997071966,-0.433739725807,0.0186527213242,0.28070492316,-1.29296430372,-1.10982099009,-0.802990013593,1.38132041064,-0.55281345839,0.582642157827,0.259332545565,0.227364841334,-0.1511,0.0356,-0.0348,0.2868,-0.0954,-0.0378,-0.1511,-0.0356,0.0348,0.2868,-0.0954,0.0378,0,0,0,0,0,0,0,0,0,0,0,0,0,0,0,0,0,0,0,0,0,0,0,0,0,0,0,0,0,0,0,0,0,0,0,0,0,0,0,0,0,0,0,0,0,0,0,0,0,0,0,0,0,0,0,0,0,0,0,0,0,0
47,FRAME,NONE,42,42,0.41999999999999998,READY,-0.080000000000000002,0,0,0,0,0,-1.40463927513,0.33585055564,-0.155997071966,-0.433739725807,0.0186527213242,0.28070492316,-1.29296430372,-1.10982099009,-0.802990013593,1.38132041064,-0.55281345839,0.582642157827,0.259332545565,0.227364841334,-0.1511,0.0356,-0.0348,0.2868,-0.0954,-0.0378,-0.1511,-0.0356,0.0348,0.2868,-0.0954,0.0378,0,0,0,0,0,0,0,0,0,0,0,0,0,0,0,0,0,0,0,0,0,0,0,0,0,0,0,0,0,0,0,0,0,0,0,0,0,0,0,0,0,0,0,0,0,0,0,0,0,0,0,0,0,0,0,0,0,0,0,0,0,0
48,FRAME,NONE,43,43,0.42999999999999999,READY,-0.070000000000000007,0,0,0,0,0,-1.40463927513,0.33585055564,-0.155997071966,-0.433739725807,0.0186527213242,0.28070492316,-1.29296430372,-1.10982099009,-0.802990013593,1.38132041064,-0.55281345839,0.582642157827,0.259332545565,0.227364841334,-0.1511,0.0356,-0.0348,0.2868,-0.0954,-0.0378,-0.1511,-0.0356,0.0348,0.2868,-0.0954,0.0378,0,0,0,0,0,0,0,0,0,0,0,0,0,0,0,0,0,0,0,0,0,0,0,0,0,0,0,0,0,0,0,0,0,0,0,0,0,0,0,0,0,0,0,0,0,0,0,0,0,0,0,0,0,0,0,0,0,0,0,0,0,0
49,FRAME,NONE,44,44,0.44,READY,-0.059999999999999998,0,0,0,0,0,-1.40463927513,0.33585055564,-0.155997071966,-0.433739725807,0.0186527213242,0.28070492316,-1.29296430372,-1.10982099009,-0.802990013593,1.38132041064,-0.55281345839,0.582642157827,0.259332545565,0.227364841334,-0.1511,0.0356,-0.0348,0.2868,-0.0954,-0.0378,-0.1511,-0.0356,0.0348,0.2868,-0.0954,0.0378,0,0,0,0,0,0,0,0,0,0,0,0,0,0,0,0,0,0,0,0,0,0,0,0,0,0,0,0,0,0,0,0,0,0,0,0,0,0,0,0,0,0,0,0,0,0,0,0,0,0,0,0,0,0,0,0,0,0,0,0,0,0
50,FRAME,NONE,45,45,0.45000000000000001,READY,-0.050000000000000003,0,0,0,0,0,-1.40463927513,0.33585055564,-0.155997071966,-0.433739725807,0.0186527213242,0.28070492316,-1.29296430372,-1.10982099009,-0.802990013593,1.38132041064,-0.55281345839,0.582642157827,0.259332545565,0.227364841334,-0.1511,0.0356,-0.0348,0.2868,-0.0954,-0.0378,-0.1511,-0.0356,0.0348,0.2868,-0.0954,0.0378,0,0,0,0,0,0,0,0,0,0,0,0,0,0,0,0,0,0,0,0,0,0,0,0,0,0,0,0,0,0,0,0,0,0,0,0,0,0,0,0,0,0,0,0,0,0,0,0,0,0,0,0,0,0,0,0,0,0,0,0,0,0
51,FRAME,NONE,46,46,0.46000000000000002,READY,-0.040000000000000001,0,0,0,0,0,-1.40463927513,0.33585055564,-0.155997071966,-0.433739725807,0.0186527213242,0.28070492316,-1.29296430372,-1.10982099009,-0.802990013593,1.38132041064,-0.55281345839,0.582642157827,0.259332545565,0.227364841334,-0.1511,0.0356,-0.0348,0.2868,-0.0954,-0.0378,-0.1511,-0.0356,0.0348,0.2868,-0.0954,0.0378,0,0,0,0,0,0,0,0,0,0,0,0,0,0,0,0,0,0,0,0,0,0,0,0,0,0,0,0,0,0,0,0,0,0,0,0,0,0,0,0,0,0,0,-0.146685584687,0.0855177259432,-0.172182249992,1.10407770844,0.0448552876764,-0.75334880207,0.715083065009,0,0,0,0,0,0,0,0,0,0,0,0
52,FRAME,NONE,47,47,0.46999999999999997,READY,-0.029999999999999999,0,0,0,0,0,-1.40463927513,0.33585055564,-0.155997071966,-0.433739725807,0.0186527213242,0.28070492316,-1.29296430372,-1.10982099009,-0.802990013593,1.38132041064,-0.55281345839,0.582642157827,0.259332545565,0.227364841334,-0.1511,0.0356,-0.0348,0.2868,-0.0954,-0.0378,-0.1511,-0.0356,0.0348,0.2868,-0.0954,0.0378,0,0,0,0,0,0,0,0,0,0,0,0,-0.00293371169373,0.00171035451886,-0.00344364499983,0.0220815541688,0.000897105753528,-0.0150669760414,0.0143016613002,0,0,0,0,0,0,0,0,0,0,0,0,0,0,0,0,0,0,0,0,0,0,0,0,0.59089233231,-1.29504388017,0.531699639377,-4.71429232137,-0.0957927756357,2.36893530429,-2.50346640503,0,0,0,0,0,0,0,0,0,0,0,0
53,FRAME,RELEASE,48,48,0.47999999999999998,READY,-0.02,0,0,0,0,0,-1.40463927513,0.33585055564,-0.155997071966,-0.433739725807,0.0186527213242,0.28070492316,-1.29296430372,-1.1097836508,-0.803172644227,1.38132276568,-0.553448357887,0.582632206787,0.259392438252,0.227265189269,-0.1511,0.0356,-0.0348,0.2868,-0.0954,-0.0378,-0.1511,-0.0356,0.0348,0.2868,-0.0954,0.0378,0,0,0,0,0,0,0,0,0,0,0,0,0.0420857420793,-0.0777565660359,0.038182236541,-0.461455532307,-0.0129706829296,0.175632339303,-0.179767666671,0,0,0,0,0,0,0,0,0,0,0,0,0,0,0,0,0,0,0,0,0,0,0,0,7.33041049589,-11.1207202592,7.40624896994,-74.3015865718,-2.23025474213,32.7506142509,-32.6908535384,0,0,0,0,0,0,0,0,0,0,0,0
54,FRAME,NONE,49,49,0.48999999999999999,READY,-0.01,0,0,0,0,0,-1.40463927513,0.33585055564,-0.155997071966,-0.433739725807,0.0186527213242,0.28070492316,-1.29296430372,-1.10897927525,-0.804545144914,1.38208405537,-0.562042569036,0.582382744168,0.262845192351,0.223769488001,-0.1511,0.0356,-0.0348,0.2868,-0.0954,-0.0378,-0.1511,-0.0356,0.0348,0.2868,-0.0954,0.0378,0,0,0,0,0,0,0,0,0,0,0,0,0.148475174572,-0.231545936897,0.148242731603,-1.51777670628,-0.0451026468575,0.658006919383,-0.658799674035,0,0,0,0,0,0,0,0,0,0,0,0,0,0,0,0,0,0,0,0,0,0,0,0,12.8276897786,-17.2501711664,14.0707263398,-103.830530825,-3.13996601333,59.8748105043,-59.1895495291,0,0,0,0,0,0,0,0,0,0,0,0
55,FRAME,NONE,50,50,0.5,READY,0,0,0,0,0,0,-1.40463927513,0.33585055564,-0.155997071966,-0.433739725807,0.0186527213242,0.28070492316,-1.29296430372,-1.10681414731,-0.807803562965,1.38428762032,-0.583803892012,0.58173015385,0.27255257664,0.214089195788,-0.1511,0.0356,-0.0348,0.2868,-0.0954,-0.0378,-0.1511,-0.0356,0.0348,0.2868,-0.0954,0.0378,0,0,0,0,0,0,0,0,0,0,0,0,0.298639537652,-0.422759989364,0.319596763338,-2.53806614882,-0.0757700031962,1.37312854939,-1.36355865725,0,0,0,0,0,0,0,0,0,0,0,0,0,0,0,0,0,0,0,0,0,0,0,0,15.200144926,-17.3811077321,19.2132554706,-69.111164686,-0.0338965226401,75.7492363879,-74.938840096,0,0,0,0,0,0,0,0,0,0,0,0
56,FRAME,NONE,51,51,0.51000000000000001,SERVE_FOLLOW,0,0,0,0,0,0,-1.40463927513,0.33585055564,-0.155997071966,-0.433739725807,0.0186527213242,0.28070492316,-1.29296430372,-1.1030064845,-0.813000344701,1.38847599064,-0.612803892012,0.580867344104,0.290307763339,0.196498314856,-0.1511,0.0356,-0.0348,0.2868,-0.0954,-0.0378,-0.1511,-0.0356,0.0348,0.2868,-0.0954,0.0378,0,0,0,0,0,0,0,0,0,0,0,0,0.452478073093,-0.579168091538,0.532507841014,-2.9,-0.0457805773103,2.17299164714,-2.15757647595,0,0,0,0,0,0,0,0,0,0,0,0,0,0,0,0,0,0,0,0,0,0,0,0,13.2939510446,-10.6635406166,21.9825496003,-63.0966925592,10.5127287353,74.0570083193,-75.6528345629,0,0,0,0,0,0,0,0,0,0,0,0
57,FRAME,DETACH_TARGET,52,52,0.52000000000000002,SERVE_FOLLOW,0,0,0,0,0,0,-1.40463927513,0.33585055564,-0.155997071966,-0.433739725807,0.0186527213242,0.28070492316,-1.29296430372,-1.09776458584,-0.819386924796,1.39493777714,-0.641803892012,0.580814542303,0.316012409583,0.170937666269,-0.1511,0.0356,-0.0348,0.2868,-0.0954,-0.0378,-0.1511,-0.0356,0.0348,0.2868,-0.0954,0.0378,0,0,0,0,0,0,0,0,0,0,0,0,0.564518558544,-0.636030801696,0.759247755344,-3.8,0.134484571509,2.85426871577,-2.87661534851,0,0,0,0,0,0,0,0,0,0,0,0,0,0,0,0,0,0,0,0,0,0,0,0,7.96888637243,0.156225181246,21.9494581067,-113.093562472,28.5685174417,52.5730748536,-61.7552055661,0,0,0,0,0,0,0,0,0,0,0,0
58,FRAME,NONE,53,53,0.53000000000000003,SERVE_FOLLOW,0,0,0,0,0,0,-1.40463927513,0.33585055564,-0.155997071966,-0.433739725807,0.0186527213242,0.28070492316,-1.29296430372,-1.09171611332,-0.825720960735,1.40366094574,-0.688803892012,0.583557035535,0.347393137654,0.138966007885,-0.1511,0.0356,-0.0348,0.2868,-0.0954,-0.0378,-0.1511,-0.0356,0.0348,0.2868,-0.0954,0.0378,0,0,0,0,0,0,0,0,0,0,0,0,0.611855800541,-0.576043587914,0.971497003148,-5.16187124944,0.525589771524,3.22445314421,-3.39268058728,0,0,0,0,0,0,0,0,0,0,0,0,0,0,0,0,0,0,0,0,0,0,0,0,2.43123558415,9.74865668611,19.387804996,-76.3514435887,47.7170403146,15.7208821762,-38.6769963332,0,0,0,0,0,0,0,0,0,0,0,0
59,FRAME,NONE,54,54,0.54000000000000004,SERVE_FOLLOW,0,0,0,0,0,0,-1.40463927513,0.33585055564,-0.155997071966,-0.433739725807,0.0186527213242,0.28070492316,-1.29296430372,-1.08552746983,-0.830907796554,1.4143677172,-0.745041317001,0.591326337734,0.380501472467,0.103084054523,-0.1511,0.0356,-0.0348,0.2868,-0.0954,-0.0378,-0.1511,-0.0356,0.0348,0.2868,-0.0954,0.0378,0,0,0,0,0,0,0,0,0,0,0,0,0.613143270227,-0.441057667974,1.14700385526,-5.32702887177,1.0888253778,3.1686863593,-3.65015527518,0,0,0,0,0,0,0,0,0,0,0,0,0,0,0,0,0,0,0,0,0,0,0,0,0.262891462361,13.5947830823,15.013032693,29.4219602185,57.8975557206,-27.0367341584,-12.9949843747,0,0,0,0,0,0,0,0,0,0,0,0
60,FRAME,NONE,55,55,0.55000000000000004,SERVE_FOLLOW,0,0,0,0,0,0,-1.40463927513,0.33585055564,-0.155997071966,-0.433739725807,0.0186527213242,0.28070492316,-1.29296430372,-1.07945324792,-0.834542114094,1.42660102285,-0.795344469448,0.605333543091,0.41076686484,0.0659629023818,-0.1511,0.0356,-0.0348,0.2868,-0.0954,-0.0378,-0.1511,-0.0356,0.0348,0.2868,-0.0954,0.0378,0,0,0,0,0,0,0,0,0,0,0,0,0.617113629788,-0.304147926268,1.27175765701,-4.57343204507,1.68354088594,2.68371846105,-3.65258027477,0,0,0,0,0,0,0,0,0,0,0,0,0,0,0,0,0,0,0,0,0,0,0,0,2.69378964692,10.8665646134,9.501793172,83.9401377459,52.8931075617,-64.941431263,11.187688527,0,0,0,0,0,0,0,0,0,0,0,0
61,FRAME,NONE,56,56,0.56000000000000005,SERVE_FOLLOW,0,0,0,0,0,0,-1.40463927513,0.33585055564,-0.155997071966,-0.433739725807,0.0186527213242,0.28070492316,-1.29296430372,-1.07318519724,-0.83699075508,1.43980287034,-0.836509957903,0.624997155453,0.434175841688,0.0300324490279,-0.1511,0.0356,-0.0348,0.2868,-0.0954,-0.0378,-0.1511,-0.0356,0.0348,0.2868,-0.0954,0.0378,0,0,0,0,0,0,0,0,0,0,0,0,0.667019063166,-0.223726375705,1.3370397187,-3.64822611686,2.14668752903,1.86985773404,-3.42640150464,0,0,0,0,0,0,0,0,0,0,0,0,0,0,0,0,0,0,0,0,0,0,0,0,7.83449689661,4.51183495677,3.29492769952,92.6391856441,34.8623789832,-89.7667364109,32.5530163799,0,0,0,0,0,0,0,0,0,0,0,0
62,FRAME,NONE,57,57,0.56999999999999995,SERVE_FOLLOW,0.01,0,0,0,0,0,-1.40463927513,0.33585055564,-0.155997071966,-0.433739725807,0.0186527213242,0.28070492316,-1.29296430372,-1.06611286666,-0.839016641608,1.45334181722,-0.868308991785,0.648267293671,0.448164019521,-0.00256512771094,-0.1511,0.0356,-0.0348,0.2868,-0.0954,-0.0378,-0.1511,-0.0356,0.0348,0.2868,-0.0954,0.0378,0,0,0,0,0,0,0,0,0,0,0,0,0.773803567721,-0.213911227132,1.337656211,-2.72064833219,2.3807884656,0.888383732828,-3.00151994717,0,0,0,0,0,0,0,0,0,0,0,0,0,0,0,0,0,0,0,0,0,0,0,0,12.6795198922,-1.22190786911,-2.97175037599,91.3825431878,11.5961331254,-98.3160865037,50.3586468287,0,0,0,0,0,0,0,0,0,0,0,0
63,FRAME,NONE,58,58,0.57999999999999996,SERVE_FOLLOW,0.02,0,0,0,0,0,-1.40463927513,0.33585055564,-0.155997071966,-0.433739725807,0.0186527213242,0.28070492316,-1.29296430372,-1.05770912588,-0.841268979622,1.46655599456,-0.890922924547,0.672612924765,0.451943516345,-0.0299979499155,-0.1511,0.0356,-0.0348,0.2868,-0.0954,-0.0378,-0.1511,-0.0356,0.0348,0.2868,-0.0954,0.0378,0,0,0,0,0,0,0,0,0,0,0,0,0.92060946101,-0.248164533087,1.27760471118,-1.8205752531,2.37861019154,-0.0964639960349,-2.41922856806,0,0,0,0,0,0,0,0,0,0,0,0,0,0,0,0,0,0,0,0,0,0,0,0,15.6177178878,-3.56810974187,-8.05522211684,87.1594264915,-9.74596662582,-92.6294881898,62.9003241978,0,0,0,0,0,0,0,0,0,0,0,0
64,FRAME,NONE,59,59,0.58999999999999997,SERVE_FOLLOW,0.029999999999999999,0,0,0,0,0,-1.40463927513,0.33585055564,-0.155997071966,-0.433739725807,0.0186527213242,0.28070492316,-1.29296430372,-1.04770067744,-0.84397993227,1.47889391145,-0.904720496847,0.695839497502,0.4462347396,-0.0509496990722,-0.1511,0.0356,-0.0348,0.2868,-0.0954,-0.0378,-0.1511,-0.0356,0.0348,0.2868,-0.0954,0.0378,0,0,0,0,0,0,0,0,0,0,0,0,1.08615792548,-0.28527342197,1.17655176866,-0.977459802362,2.18586913308,-0.964206030967,-1.74351346322,0,0,0,0,0,0,0,0,0,0,0,0,0,0,0,0,0,0,0,0,0,0,0,0,16.8771378186,-2.34403082853,-10.6527015378,79.1350669496,-26.3063512918,-77.7410480715,68.233846072,0,0,0,0,0,0,0,0,0,0,0,0
65,FRAME,STRIKE_MOTION_START,60,60,0.59999999999999998,SERVE_FOLLOW,0.040000000000000001,0,0,0,0,0,-1.40463927513,0.33585055564,-0.155997071966,-0.433739725807,0.0186527213242,0.28070492316,-1.29296430372,-1.03598596737,-0.846974448062,1.49008702993,-0.910472120594,0.716330307426,0.432659395725,-0.0648682191799,-0.1511,0.0356,-0.0348,0.2868,-0.0954,-0.0378,-0.1511,-0.0356,0.0348,0.2868,-0.0954,0.0378,0,0,0,0,0,0,0,0,0,0,0,0,1.25815221738,-0.295045149658,1.06455068043,-0.23787391411,1.85248316571,-1.65128495746,-1.05455164662,0,0,0,0,0,0,0,0,0,0,0,0,0,0,0,0,0,0,0,0,0,0,0,0,16.8338518192,0.782649776641,-10.6476182555,66.3911469109,-38.4134465247,-58.3586572258,65.7691951674,0,0,0,0,0,0,0,0,0,0,0,0
66,FRAME,NONE,61,61,0.60999999999999999,SERVE_FOLLOW,0.050000000000000003,0,0,0,0,0,-1.40463927513,0.33585055564,-0.155997071966,-0.433739725807,0.0186527213242,0.28070492316,-1.29296430372,-1.02253763309,-0.849880835263,1.50018492506,-0.909477975129,0.732889160816,0.413209040451,-0.0720407320046,-0.1511,0.0356,-0.0348,0.2868,-0.0954,-0.0378,-0.1511,-0.0356,0.0348,0.2868,-0.0954,0.0378,0,0,0,0,0,0,0,0,0,0,0,0,1.42283496186,-0.269620426437,0.963599403552,0.350363135856,1.41760020259,-2.13137917548,-0.428129559867,0,0,0,0,0,0,0,0,0,0,0,0,0,0,0,0,0,0,0,0,0,0,0,0,14.4132025923,3.72563969278,-9.74442479808,50.366946067,-45.8495738948,-37.2931018474,57.1743011611,0,0,0,0,0,0,0,0,0,0,0,0
67,FRAME,NONE,62,62,0.62,SERVE_FOLLOW,0.059999999999999998,0,0,0,0,0,-1.40463927513,0.33585055564,-0.155997071966,-0.433739725807,0.0186527213242,0.28070492316,-1.29296430372,-1.00752926814,-0.85236685659,1.509359018,-0.903464857877,0.744682311478,0.390031812216,-0.0734308103772,-0.1511,0.0356,-0.0348,0.2868,-0.0954,-0.0378,-0.1511,-0.0356,0.0348,0.2868,-0.0954,0.0378,0,0,0,0,0,0,0,0,0,0,0,0,1.54641626923,-0.220532355802,0.869662184467,0.769465007229,0.93549168781,-2.39714699441,0.0889343766005,0,0,0,0,0,0,0,0,0,0,0,0,0,0,0,0,0,0,0,0,0,0,0,0,7.44505458698,5.12410189061,-10.7465746807,35.5104365081,-46.3217413398,-16.5464787943,46.382669189,0,0,0,0,0,0,0,0,0,0,0,0
68,FRAME,NONE,63,63,0.63,SERVE_FOLLOW,0.070000000000000007,0,0,0,0,0,-1.40463927513,0.33585055564,-0.155997071966,-0.433739725807,0.0186527213242,0.28070492316,-1.29296430372,-0.991609307704,-0.854291482379,1.51757816875,-0.894088674985,0.751598994573,0.365266100563,-0.0702620444726,-0.1511,0.0356,-0.0348,0.2868,-0.0954,-0.0378,-0.1511,-0.0356,0.0348,0.2868,-0.0954,0.0378,0,0,0,0,0,0,0,0,0,0,0,0,1.5717360536,-0.167138388625,0.748667909938,1.06057186602,0.491165375796,-2.46230875137,0.499523823914,0,0,0,0,0,0,0,0,0,0,0,0,0,0,0,0,0,0,0,0,0,0,0,0,-5.19134763658,4.83393791005,-15.6648881126,26.9814712784,-38.4949840265,1.46834129971,37.9484954317,0,0,0,0,0,0,0,0,0,0,0,0
69,FRAME,NONE,64,64,0.64000000000000001,SERVE_FOLLOW,0.080000000000000002,0,0,0,0,0,-1.40463927513,0.33585055564,-0.155997071966,-0.433739725807,0.0186527213242,0.28070492316,-1.29296430372,-0.976094547064,-0.855709624363,1.5243323762,-0.882253420556,0.754505618994,0.340785637188,-0.0634403338989,-0.1511,0.0356,-0.0348,0.2868,-0.0954,-0.0378,-0.1511,-0.0356,0.0348,0.2868,-0.0954,0.0378,0,0,0,0,0,0,0,0,0,0,0,0,1.4425893165,-0.123853597601,0.556364422215,1.3090944328,0.165592007281,-2.36778016842,0.847904285234,0,0,0,0,0,0,0,0,0,0,0,0,0,0,0,0,0,0,0,0,0,0,0,0,-21.7484564747,3.61149927231,-23.9696682956,26.3446853534,-24.9690946059,14.601998065,33.9295243583,0,0,0,0,0,0,0,0,0,0,0,0
70,FRAME,NONE,65,65,0.65000000000000002,SERVE_FOLLOW,0.089999999999999997,0,0,0,0,0,-1.40463927513,0.33585055564,-0.155997071966,-0.433739725807,0.0186527213242,0.28070492316,-1.29296430372,-0.962757521374,-0.856768554331,1.52870545719,-0.867906786329,0.754910834718,0.317910497194,-0.0533039587679,-0.1511,0.0356,-0.0348,0.2868,-0.0954,-0.0378,-0.1511,-0.0356,0.0348,0.2868,-0.0954,0.0378,0,0,0,0,0,0,0,0,0,0,0,0,1.13676692411,-0.0949084031787,0.269274544027,1.58746557309,-0.00821651632257,-2.17026879007,1.17811431108,0,0,0,0,0,0,0,0,0,0,0,0,0,0,0,0,0,0,0,0,0,0,0,0,-35.9618455146,2.63291643329,-31.4870149642,29.8638666389,-12.5880936464,19.4796320948,32.4855618325,0,0,0,0,0,0,0,0,0,0,0,0
71,FRAME,NONE,66,66,0.66000000000000003,SERVE_FOLLOW,0.10000000000000001,0,0,0,0,0,-1.40463927513,0.33585055564,-0.155997071966,-0.433739725807,0.0186527213242,0.28070492316,-1.29296430372,-0.953359208582,-0.857607792426,1.52971786708,-0.850504109095,0.754341288668,0.297380261387,-0.0398780476773,-0.1511,0.0356,-0.0348,0.2868,-0.0954,-0.0378,-0.1511,-0.0356,0.0348,0.2868,-0.0954,0.0378,0,0,0,0,0,0,0,0,0,0,0,0,0.723352406206,-0.0711952689356,-0.0733758770692,1.90637176558,-0.0861698656465,-1.97818752652,1.49761552188,0,0,0,0,0,0,0,0,0,0,0,0,0,0,0,0,0,0,0,0,0,0,0,0,-40.9153234514,2.90516913309,-32.9777870683,30.9441811942,-5.12521025558,14.6617405019,29.8322346244,0,0,0,0,0,0,0,0,0,0,0,0
72,FRAME,NONE,67,67,0.67000000000000004,SERVE_FOLLOW,0.11,0,0,0,0,0,-1.40463927513,0.33585055564,-0.155997071966,-0.433739725807,0.0186527213242,0.28070492316,-1.29296430372,-0.94829047325,-0.85819245971,1.52723793965,-0.829779351017,0.753187437405,0.278346746664,-0.0233516483302,-0.1511,0.0356,-0.0348,0.2868,-0.0954,-0.0378,-0.1511,-0.0356,0.0348,0.2868,-0.0954,0.0378,0,0,0,0,0,0,0,0,0,0,0,0,0.318460455079,-0.0368050205168,-0.39028119734,2.20634919697,-0.110720721434,-1.87703398003,1.77475900357,0,0,0,0,0,0,0,0,0,0,0,0,0,0,0,0,0,0,-6.93889390391e-13,-1.5959455979e-12,-5.55111512313e-13,9.97465998687e-13,0,5.55111512313e-13,-39.2336992897,4.8058383151,-28.3890317357,27.1864775383,7.28640044854,9.14693179126,25.2294084281,0,0,0,0,0,0,0,0,0,0,0,0
73,FRAME,NONE,68,68,0.68000000000000005,SERVE_FOLLOW,0.12,0,0,0,0,0,-1.40463927513,0.33585055564,-0.155997071966,-0.433739725807,0.0186527213242,0.28070492316,-1.29296430372,-0.94698999948,-0.858343892837,1.52191224314,-0.806377125155,0.752126874239,0.259839581786,-0.00438286760599,-0.1511,0.0356,-0.0348,0.2868,-0.0954,-0.0378,-0.1511,-0.0356,0.0348,0.2868,-0.0954,0.0378,0,0,0,0,0,0,-1.38777878078e-14,-3.1918911958e-14,-1.11022302463e-14,1.99493199737e-14,0,1.11022302463e-14,-0.0613215795885,0.0249214973663,-0.641156511783,2.45010131634,0.0595581433242,-1.7952488907,2.00220369045,0,0,0,0,0,0,0,0,0,0,0,0,0,0,0,0,0,2.22044604925e-12,-5.55111512313e-13,-7.6327832943e-13,-1.11022302463e-12,8.15320033709e-13,-1.2490009027e-12,5.55111512313e-13,-43.2336853993,8.73829274942,-22.9807413968,25.1831844458,39.541383721,19.9645705788,23.1371959217,0,0,0,0,0,0,0,0,0,0,0,0
74,FRAME,NONE,69,69,0.68999999999999995,SERVE_FOLLOW,0.13500000000000001,0,0,0,0,0,-1.40463927513,0.33585055564,-0.155997071966,-0.433739725807,0.0186527213242,0.28070492316,-1.29296430372,-0.949516904842,-0.857694029763,1.51441480941,-0.78077732469,0.754378600272,0.24244176885,0.0166924254788,-0.1511,0.0356,-0.0348,0.2868,-0.0954,-0.0378,-0.1511,-0.0356,0.0348,0.2868,-0.0954,0.0378,0,0,0,0,0,4.4408920985e-14,-1.11022302463e-14,-1.52655665886e-14,-2.22044604925e-14,1.63064006742e-14,-2.49800180541e-14,1.11022302463e-14,-0.546213252907,0.137960834472,-0.849896025275,2.71001288589,0.680106952987,-1.47774256845,2.237502922,0,0,0,0,0,0,0,0,0,0,0,0,0,0,0,0,0,5.55111512313e-13,1.38777878078e-13,1.45716771982e-12,4.16333634234e-13,-2.94902990916e-13,-2.77555756156e-13,0,-63.7153329487,15.3771932733,-21.0958983551,34.0828434786,90.3284471443,63.99129627,27.4938245946,0,0,0,0,0,0,0,0,0,0,0,0
75,FRAME,NONE,70,70,0.69999999999999996,SERVE_FOLLOW,0.14499999999999999,0,0,0,0,0,-1.40463927513,0.33585055564,-0.155997071966,-0.433739725807,0.0186527213242,0.28070492316,-1.29296430372,-0.957914264538,-0.855584676147,1.50491432263,-0.752176867437,0.765729013299,0.230284730417,0.040367190834,-0.1511,0.0356,-0.0348,0.2868,-0.0954,-0.0378,-0.1511,-0.0356,0.0348,0.2868,-0.0954,0.0378,0,0,0,0,0,1.11022302463e-14,-1.11022302463e-14,-2.77555756156e-15,-2.77555756156e-15,1.40512601554e-14,-5.55111512313e-15,1.11022302463e-14,-1.33562823856,0.332465362833,-1.06307447888,3.13175818591,1.86612708621,-0.515422965298,2.55208018234,0,0,0,0,0,0,0,0,0,0,0,0,0,0,0,0,0,-2.77555756156e-12,1.38777878078e-13,-1.38777878078e-13,8.32667268469e-13,-7.8062556419e-14,2.49800180541e-12,0,-101.543820728,24.9653074878,-23.9749687924,57.4530785629,138.062656046,128.100377217,37.8046251814,0,0,0,0,0,0,0,0,0,0,0,0
76,FRAME,NONE,71,71,0.70999999999999996,SERVE_FOLLOW,0.155,0,0,0,0,0,-1.40463927513,0.33585055564,-0.155997071966,-0.433739725807,0.0186527213242,0.28070492316,-1.29296430372,-0.976229469613,-0.851044722506,1.49315331983,-0.718142160972,0.791701141996,0.232133309544,0.0677340291255,-0.1511,0.0356,-0.0348,0.2868,-0.0954,-0.0378,-0.1511,-0.0356,0.0348,0.2868,-0.0954,0.0378,0,0,0,0,0,-1.11022302463e-14,-8.32667268469e-15,-1.80411241502e-14,-5.55111512313e-15,1.47451495458e-14,2.49800180541e-14,1.11022302463e-14,-2.57708966746,0.637266984228,-1.32939540112,3.85907445714,3.4413600739,1.08426497588,2.99359542563,0,0,0,0,0,0,0,0,0,0,0,0,0,0,0,0,0,5.55111512313e-13,8.32667268469e-13,2.08166817117e-13,-5.55111512313e-13,-8.50014503229e-13,5.55111512313e-13,-5.55111512313e-13,-135.609497326,42.6880932751,-55.4548722091,98.4684859474,103.518844626,169.697085528,62.7313999043,0,0,0,0,0,0,0,0,0,0,0,0
77,FRAME,NONE,72,72,0.71999999999999997,SERVE_FOLLOW,0.16500000000000001,0,0,0,0,0,-1.40463927513,0.33585055564,-0.155997071966,-0.433739725807,0.0186527213242,0.28070492316,-1.29296430372,-1.00945605789,-0.842839336463,1.47832641461,-0.674995378295,0.834556214777,0.251970029935,0.100239099347,-0.1511,0.0356,-0.0348,0.2868,-0.0954,-0.0378,-0.1511,-0.0356,0.0348,0.2868,-0.0954,0.0378,0,0,0,0,0,2.22044604925e-14,5.55111512313e-15,1.38777878078e-15,-1.38777878078e-14,-2.94902990916e-15,5.55111512313e-15,0,-4.04781818508,1.18622722834,-2.17217192307,5.10112790486,3.93650397873,2.87851874527,3.80670818042,0,0,0,0,0,0,0,0,0,0,0,0,0,0,0,0,0,5.55111512313e-13,4.16333634234e-13,9.02056207508e-13,2.77555756156e-13,-7.3725747729e-13,-1.2490009027e-12,-5.55111512313e-13,-80.855147525,71.7688205427,-120.431429377,114.710013489,-34.7383154977,175.497625491,93.757006821,0,0,0,0,0,0,0,0,0,0,0,0
78,FRAME,NONE,73,73,0.72999999999999998,SERVE_FOLLOW,0.17499999999999999,0,0,0,0,0,-1.40463927513,0.33585055564,-0.155997071966,-0.433739725807,0.0186527213242,0.28070492316,-1.29296430372,-1.05718583331,-0.827320177939,1.44970988137,-0.616119602875,0.87043122157,0.289703684449,0.143868192734,-0.1511,0.0356,-0.0348,0.2868,-0.0954,-0.0378,-0.1511,-0.0356,0.0348,0.2868,-0.0954,0.0378,0,0,0,0,0,0,0,0,0,0,0,0,-4.19419261796,2.07264339508,-3.73802398866,6.15327472692,2.74659376394,4.5942174857,4.86873556205,0,0,0,0,0,0,0,0,0,0,0,0,0,0,0,0,0,-1.11022302463e-12,-2.77555756156e-13,-6.93889390391e-14,6.93889390391e-13,1.47451495458e-13,-2.77555756156e-13,0,48.8488786526,86.9031779251,-126.008117892,66.6572703166,-146.540856512,147.95188919,80.9994838138,0,0,0,0,0,0,0,0,0,0,0,0
79,FRAME,NONE,74,74,0.73999999999999999,SERVE_FOLLOW,0.185,0,0,0,0,0,-1.40463927513,0.33585055564,-0.155997071966,-0.433739725807,0.0186527213242,0.28070492316,-1.29296430372,-1.09333991025,-0.801386468561,1.40356593484,-0.551929883756,0.889488090055,0.343854379649,0.197613810588,-0.1511,0.0356,-0.0348,0.2868,-0.0954,-0.0378,-0.1511,-0.0356,0.0348,0.2868,-0.0954,0.0378,0,0,0,0,0,0,0,0,0,0,0,0,-3.07084061203,2.92429078684,-4.6923342809,6.43427331119,1.00568684849,5.83755652908,5.4266978567,0,0,0,0,0,0,0,0,0,0,0,0,0,0,0,0,0,-5.55111512313e-13,-2.77555756156e-13,-9.02056207508e-13,-1.38777878078e-13,4.59701721134e-13,6.93889390391e-13,1.11022302463e-12,108.785944107,76.0108177717,-36.4652108749,15.1723144843,-176.920017873,83.293888197,31.9597060979,0,0,0,0,0,0,0,0,0,0,0,0
80,FRAME,NONE,75,75,0.75,SERVE_FOLLOW,0.19500000000000001,0,0,0,0,0,-1.40463927513,0.33585055564,-0.155997071966,-0.433739725807,0.0186527213242,0.28070492316,-1.29296430372,-1.11860264556,-0.768834362203,1.35586319576,-0.487434136651,0.89054495854,0.406454815031,0.252402149868,-0.1511,0.0356,-0.0348,0.2868,-0.0954,-0.0378,-0.1511,-0.0356,0.0348,0.2868,-0.0954,0.0378,0,0,0,0,0,-1.11022302463e-14,-5.55111512313e-15,-1.80411241502e-14,-2.77555756156e-15,9.19403442268e-15,1.38777878078e-14,2.22044604925e-14,-2.01847373582,3.59285975052,-4.46732820616,6.45672101661,-0.791806593519,6.26009524964,5.50792968401,0,0,0,0,0,0,0,0,0,0,0,0,0,0,0,0,0,-5.55111512313e-13,6.93889390391e-13,9.02056207508e-13,1.2490009027e-12,-1.26634813746e-12,-5.55111512313e-13,-5.55111512313e-13,102.302723806,63.4347169935,38.8799630478,2.39715711996,-178.604412555,21.1295215989,4.54781950022,0,0,0,0,0,0,0,0,0,0,0,0
81,FRAME,NONE,76,76,0.76000000000000001,SERVE_FOLLOW,0.20499999999999999,0,0,0,0,0,-1.40463927513,0.33585055564,-0.155997071966,-0.433739725807,0.0186527213242,0.28070492316,-1.29296430372,-1.13370938496,-0.729529273551,1.31421937071,-0.422795463424,0.873651958185,0.469056284641,0.307772404268,-0.1511,0.0356,-0.0348,0.2868,-0.0954,-0.0378,-0.1511,-0.0356,0.0348,0.2868,-0.0954,0.0378,0,0,0,0,0,-1.11022302463e-14,1.38777878078e-14,1.80411241502e-14,2.49800180541e-14,-2.53269627493e-14,-1.11022302463e-14,-1.11022302463e-14,-1.0247861359,4.19298512671,-3.91473501995,6.48221645359,-2.5664014026,6.26014696105,5.51765424671,0,0,0,0,0,0,0,0,0,0,0,0,0,0,0,0,0,-5.55111512313e-13,6.93889390391e-13,2.22044604925e-12,2.22044604925e-12,-1.87350135405e-12,-1.38777878078e-12,-2.77555756156e-12,90.8912665039,42.5193617995,66.7921002277,4.67830030686,-175.560470069,-21.3868023831,-2.40127854876,0,0,0,0,0,0,0,0,0,0,0,0
82,FRAME,NONE,77,77,0.77000000000000002,SERVE_FOLLOW,0.215,0,0,0,0,0,-1.40463927513,0.33585055564,-0.155997071966,-0.433739725807,0.0186527213242,0.28070492316,-1.29296430372,-1.13909836827,-0.684974659669,1.27756849536,-0.357789807579,0.839216930488,0.531657754252,0.362755234802,-0.1511,0.0356,-0.0348,0.2868,-0.0954,-0.0378,-0.1511,-0.0356,0.0348,0.2868,-0.0954,0.0378,0,0,0,0,0,-2.22044604925e-14,8.32667268469e-15,2.63677968348e-14,4.16333634234e-14,-2.82759926584e-14,-1.38777878078e-14,-3.33066907388e-14,-0.200648405741,4.44324698651,-3.1314862016,6.55028702275,-4.3030159949,5.83235920197,5.45990411303,0,0,0,0,0,0,0,0,0,0,0,0,0,0,0,0,0,1.11022302463e-12,-1.11022302463e-12,-1.45716771982e-12,-2.63677968348e-12,2.09901540593e-12,1.94289029309e-12,1.11022302463e-12,57.1827240377,6.63057907164,99.7951848894,6.186034051,-154.198033444,-87.6076838555,-19.234600656,0,0,0,0,0,0,0,0,0,0,0,0
83,FRAME,NOMINAL_CONTACT,78,78,0.78000000000000003,SERVE_FOLLOW,0.22500000000000001,0,0,0,0,0,-1.40463927513,0.33585055564,-0.155997071966,-0.433739725807,0.0186527213242,0.28070492316,-1.29296430372,-1.13772235308,-0.640664333821,1.25158964668,-0.291789722969,0.787591638287,0.585703468681,0.416970486528,-0.1511,0.0356,-0.0348,0.2868,-0.0954,-0.0378,-0.1511,-0.0356,0.0348,0.2868,-0.0954,0.0378,0,0,0,0,0,1.11022302463e-14,-8.32667268469e-15,-1.11022302463e-14,-2.77555756156e-14,1.66533453694e-14,2.77555756156e-14,1.11022302463e-14,0.118868344851,4.32559670814,-1.91883132216,6.60593713461,-5.65036207149,4.50799328394,5.13296223359,0,0,0,0,0,0,0,0,0,0,0,0,0,0,0,0,0,1.11022302463e-12,-6.93889390391e-13,-1.52655665886e-12,-3.1918911958e-12,2.19442519711e-12,1.38777878078e-12,1.66533453694e-12,19.375047598,-17.2584183895,128.891988306,2.76237679755,-95.941266539,-156.047203849,-64.5492717193,0,0,0,0,0,0,0,0,0,0,0,0
84,FRAME,NONE,79,79,0.79000000000000004,SERVE_FOLLOW,0.23499999999999999,0,0,0,0,0,-1.40463927513,0.33585055564,-0.155997071966,-0.433739725807,0.0186527213242,0.28070492316,-1.29296430372,-1.13672100138,-0.598462725506,1.23919186891,-0.225671064887,0.726209689058,0.621817619931,0.465414479474,-0.1511,0.0356,-0.0348,0.2868,-0.0954,-0.0378,-0.1511,-0.0356,0.0348,0.2868,-0.0954,0.0378,0,0,0,0,0,0,-5.55111512313e-15,-4.16333634234e-15,-2.22044604925e-14,1.56125112838e-14,1.38777878078e-14,0,0.186852546219,4.09807861872,-0.553646435477,6.6055345587,-6.22184132568,2.71141512499,4.16891867865,0,0,0,0,0,0,0,0,0,0,0,0,0,0,0,0,0,-2.77555756156e-12,2.77555756156e-13,4.16333634234e-13,3.33066907388e-12,-1.04950770297e-12,-1.66533453694e-12,-1.11022302463e-12,16.4576779315,-21.3405080573,112.658946018,-0.613317342108,-34.6528615728,-167.512267798,-97.1007014683,0,0,0,0,0,0,0,0,0,0,0,0
85,FRAME,NONE,80,80,0.80000000000000004,SERVE_FOLLOW,0.245,0,0,0,0,0,-1.40463927513,0.33585055564,-0.155997071966,-0.433739725807,0.0186527213242,0.28070492316,-1.29296430372,-1.13398530215,-0.558702761446,1.24051671797,-0.159679031795,0.663154811774,0.639931771181,0.500348860101,-0.1511,0.0356,-0.0348,0.2868,-0.0954,-0.0378,-0.1511,-0.0356,0.0348,0.2868,-0.0954,0.0378,0,0,0,0,0,-4.4408920985e-14,-2.77555756156e-15,-2.77555756156e-15,3.88578058619e-14,-4.33680868994e-15,-5.55111512313e-15,-1.11022302463e-14,0.448021903482,3.89878654699,0.3343475982,6.59367078777,-6.34341930294,1.15774792798,3.19094820422,0,0,0,0,0,0,0,0,0,0,0,0,0,0,0,0,0,1.11022302463e-12,1.38777878078e-13,-2.77555756156e-13,8.32667268469e-13,-7.7195194681e-13,-1.38777878078e-12,1.11022302463e-12,29.1241352859,-16.9012312304,52.8034091838,-1.09956968212,-9.70542426993,-119.566853042,-70.5653739161,0,0,0,0,0,0,0,0,0,0,0,0
86,FRAME,NONE,81,81,0.81000000000000005,SERVE_FOLLOW,0.255,0,0,0,0,0,-1.40463927513,0.33585055564,-0.155997071966,-0.433739725807,0.0186527213242,0.28070492316,-1.29296430372,-1.12776056331,-0.520486994566,1.24587882088,-0.0937976491318,0.599341303,0.64497257849,0.529233443558,-0.1511,0.0356,-0.0348,0.2868,-0.0954,-0.0378,-0.1511,-0.0356,0.0348,0.2868,-0.0954,0.0378,0,0,0,0,0,2.22044604925e-14,-2.77555756156e-15,-9.71445146547e-15,-5.55111512313e-15,1.73472347598e-16,-1.38777878078e-14,2.22044604925e-14,0.769335251938,3.76005399411,0.502421748199,6.58354316505,-6.41594981107,0.320078064145,2.75761120032,0,0,0,0,0,0,0,0,0,0,0,0,0,0,0,0,0,3.33066907388e-12,1.38777878078e-13,2.77555756156e-13,-1.66533453694e-12,7.02563007771e-13,-5.55111512313e-13,5.55111512313e-13,25.2016263239,-13.2740454832,-3.89519071551,-0.854293602036,-6.55601237986,-54.3236860482,-28.0092475189,0,0,0,0,0,0,0,0,0,0,0,0
87,FRAME,NONE,82,82,0.81999999999999995,SERVE_FOLLOW,0.26500000000000001,0,0,0,0,0,-1.40463927513,0.33585055564,-0.155997071966,-0.433739725807,0.0186527213242,0.28070492316,-1.29296430372,-1.11859859711,-0.483501681564,1.25056515293,-0.028008168494,0.534835815552,0.646333332464,0.555501084108,-0.1511,0.0356,-0.0348,0.2868,-0.0954,-0.0378,-0.1511,-0.0356,0.0348,0.2868,-0.0954,0.0378,0,0,0,0,0,2.22044604925e-14,0,2.77555756156e-15,5.55111512313e-15,9.71445146547e-15,-1.66533453694e-14,0,0.952054429959,3.63330563733,0.25644378389,6.57658491573,-6.47453955054,0.0712742070178,2.63076325384,0,0,0,0,0,0,0,0,0,0,0,0,0,0,0,0,0,-2.22044604925e-12,1.2490009027e-12,1.5959455979e-12,-2.77555756156e-13,-9.36750677027e-13,1.11022302463e-12,-2.77555756156e-12,9.33070588539,-13.5566499931,-35.7680111672,-0.389853835531,-5.19168783036,-15.5486737235,-5.40815513925,0,0,0,0,0,0,0,0,0,0,0,0
88,FRAME,NONE,83,83,0.82999999999999996,SERVE_FOLLOW,0.27500000000000002,0,0,0,0,0,-1.40463927513,0.33585055564,-0.155997071966,-0.433739725807,0.0186527213242,0.28070492316,-1.29296430372,-1.10871947471,-0.447820881819,1.25100769656,0.0377340491828,0.469850511989,0.646398062631,0.581848708635,-0.1511,0.0356,-0.0348,0.2868,-0.0954,-0.0378,-0.1511,-0.0356,0.0348,0.2868,-0.0954,0.0378,0,0,0,0,0,-2.22044604925e-14,2.22044604925e-14,2.22044604925e-14,-1.11022302463e-14,-1.8561541193e-14,8.32667268469e-15,-3.33066907388e-14,0.955949369645,3.48892099425,-0.212938475145,6.57574608834,-6.51978356768,0.00910458967429,2.64944809754,0,0,0,0,0,0,0,0,0,0,0,0,0,0,0,0,0,0,8.32667268469e-13,1.38777878078e-13,-2.49800180541e-12,-1.07552855511e-12,4.16333634234e-13,5.55111512313e-13,-4.71429183834,-15.7357959069,-50.3855862421,0.34267313973,-4.57221882302,-1.21125865654,1.49191934198,0,0,0,0,0,0,0,0,0,0,0,0
89,FRAME,NONE,84,84,0.83999999999999997,SERVE_FOLLOW,0.28499999999999998,0,0,0,0,0,-1.40463927513,0.33585055564,-0.155997071966,-0.433739725807,0.0186527213242,0.28070492316,-1.29296430372,-1.09947960972,-0.413723261679,1.24630638343,0.103506753273,0.404440144198,0.646515424257,0.608490046059,-0.1511,0.0356,-0.0348,0.2868,-0.0954,-0.0378,-0.1511,-0.0356,0.0348,0.2868,-0.0954,0.0378,0,0,0,0,0,2.22044604925e-14,1.66533453694e-14,5.55111512313e-15,-4.4408920985e-14,-1.17961196366e-14,-8.32667268469e-15,1.11022302463e-14,0.857768593193,3.31858971919,-0.751267940952,6.58343837852,-6.565983927,0.047049033887,2.66060164068,0,0,0,0,0,0,0,0,0,0,0,0,0,0,0,0,0,3.33066907388e-12,-1.80411241502e-12,-1.80411241502e-12,0,1.65666091956e-12,-8.32667268469e-13,2.77555756156e-12,-10.2829968881,-16.9902738501,-54.478972141,0.968748934542,-5.74150266585,1.39285088543,-0.651007664819,0,0,0,0,0,0,0,0,0,0,0,0
90,FRAME,NONE,85,85,0.84999999999999998,SERVE_FOLLOW,0.29499999999999998,0,0,0,0,0,-1.40463927513,0.33585055564,-0.155997071966,-0.433739725807,0.0186527213242,0.28070492316,-1.29296430372,-1.09156410284,-0.381449087436,1.23598233774,0.169402816753,0.338530833449,0.647339043309,0.635060741449,-0.1511,0.0356,-0.0348,0.2868,-0.0954,-0.0378,-0.1511,-0.0356,0.0348,0.2868,-0.0954,0.0378,0,0,0,0,0,4.4408920985e-14,-1.38777878078e-14,-1.38777878078e-14,-1.11022302463e-14,1.45716771982e-14,-8.32667268469e-15,2.22044604925e-14,0.750289431884,3.14911551724,-1.30251791797,6.59512106703,-6.634613621,0.0369616073829,2.63642794424,0,0,0,0,0,0,0,0,0,0,0,0,0,0,0,0,0,-2.77555756156e-12,-2.35922392733e-12,-1.31838984174e-12,3.46944695195e-12,1.35308431126e-12,1.94289029309e-12,-5.55111512313e-13,-8.0343411549,-15.0945153973,-53.2341458925,0.910402632205,-8.51878122878,-10.8223823569,-3.33749975102,0,0,0,0,0,0,0,0,0,0,0,0
91,FRAME,NONE,86,86,0.85999999999999999,SERVE_FOLLOW,0.30499999999999999,0,0,0,0,0,-1.40463927513,0.33585055564,-0.155997071966,-0.433739725807,0.0186527213242,0.28070492316,-1.29296430372,-1.08447382108,-0.350740951334,1.22025602507,0.235409174614,0.271747871778,0.647254656405,0.661218604943,-0.1511,0.0356,-0.0348,0.2868,-0.0954,-0.0378,-0.1511,-0.0356,0.0348,0.2868,-0.0954,0.0378,0,0,0,0,0,-3.33066907388e-14,-3.05311331772e-14,-2.08166817117e-14,2.49800180541e-14,1.52655665886e-14,3.05311331772e-14,0,0.697081770095,3.01669941124,-1.8159508588,6.60164643117,-6.73635955158,-0.169398613252,2.59385164566,0,0,0,0,0,0,0,0,0,0,0,0,0,0,0,0,0,-6.10622663544e-12,1.38777878078e-13,2.77555756156e-13,3.74700270811e-12,-8.84708972748e-13,-4.16333634234e-13,-1.11022302463e-12,-3.53972188464,-10.5815275446,-46.6982308935,-0.0434972630058,-9.76699974596,-32.7805499472,-4.03769637529,0,0,0,0,0,0,0,0,0,0,0,0
92,FRAME,NONE,87,87,0.87,SERVE_FOLLOW,0.315,0,0,0,0,0,-1.40463927513,0.33585055564,-0.155997071966,-0.433739725807,0.0186527213242,0.28070492316,-1.29296430372,-1.07762246744,-0.321115099211,1.19966332056,0.301435745377,0.203803642417,0.643951071043,0.686937774362,-0.1511,0.0356,-0.0348,0.2868,-0.0954,-0.0378,-0.1511,-0.0356,0.0348,0.2868,-0.0954,0.0378,0,0,0,0,0,-7.77156117238e-14,-1.11022302463e-14,-8.32667268469e-15,6.38378239159e-14,-3.12250225676e-15,-1.66533453694e-14,0,0.679494994192,2.93748496635,-2.23648253584,6.59425112177,-6.82995361592,-0.618649391562,2.55567401674,0,0,0,0,0,0,0,0,0,0,0,0,0,0,0,0,0,1.66533453694e-12,2.35922392733e-12,2.49800180541e-12,-1.38777878078e-13,-1.69135538908e-12,-2.35922392733e-12,-1.11022302463e-12,-3.62623015997,-5.985188817,-31.5905315119,-1.79482570011,-2.64345331021,-55.5383809584,-5.72324108731,0,0,0,0,0,0,0,0,0,0,0,0
93,FRAME,NONE,88,88,0.88,SERVE_FOLLOW,0.32500000000000001,0,0,0,0,0,-1.40463927513,0.33585055564,-0.155997071966,-0.433739725807,0.0186527213242,0.28070492316,-1.29296430372,-1.0708839212,-0.291991252007,1.17552637436,0.367294197049,0.13514879946,0.634881668574,0.712332085278,-0.1511,0.0356,-0.0348,0.2868,-0.0954,-0.0378,-0.1511,-0.0356,0.0348,0.2868,-0.0954,0.0378,0,0,0,0,0,0,1.66533453694e-14,2.91433543964e-14,2.22044604925e-14,-1.8561541193e-14,-1.66533453694e-14,-2.22044604925e-14,0.624557166895,2.8969956349,-2.44776148904,6.56574991716,-6.78922861778,-1.28016623242,2.47938682391,0,0,0,0,0,0,0,0,0,0,0,0,0,0,0,0,0,4.99600361081e-12,6.93889390391e-13,6.93889390391e-13,-4.99600361081e-12,1.12757025938e-13,2.35922392733e-12,0,-12.2156598619,-5.07990448069,-2.17667718299,-4.06173687763,20.9470556526,-70.5066258382,-17.0504091034,0,0,0,0,0,0,0,0,0,0,0,0
94,FRAME,NONE,89,89,0.89000000000000001,SERVE_FOLLOW,0.33500000000000002,0,0,0,0,0,-1.40463927513,0.33585055564,-0.155997071966,-0.433739725807,0.0186527213242,0.28070492316,-1.29296430372,-1.0651313241,-0.263175186513,1.15070809078,0.43275074372,0.0680190700615,0.618347746395,0.73652551084,-0.1511,0.0356,-0.0348,0.2868,-0.0954,-0.0378,-0.1511,-0.0356,0.0348,0.2868,-0.0954,0.0378,0,0,0,0,0,2.22044604925e-14,2.77555756156e-15,5.55111512313e-15,-3.60822483003e-14,-8.67361737988e-16,3.05311331772e-14,0,0.435181796953,2.83588687674,-2.2800160795,6.51301638422,-6.41101250287,-2.02878190833,2.21466583467,0,0,0,0,0,0,0,0,0,0,0,0,0,0,0,0,0,-5.55111512313e-13,-8.32667268469e-13,-2.49800180541e-12,-1.38777878078e-12,1.2490009027e-12,1.38777878078e-13,1.66533453694e-12,-28.2372095884,-10.664369195,41.9047990082,-6.93418006871,62.9850424033,-71.0898303148,-43.9121658738,0,0,0,0,0,0,0,0,0,0,0,0
95,FRAME,NONE,90,90,0.90000000000000002,SERVE_FOLLOW,0.34499999999999997,0,0,0,0,0,-1.40463927513,0.33585055564,-0.155997071966,-0.433739725807,0.0186527213242,0.28070492316,-1.29296430372,-1.06218028526,-0.235273514473,1.12992605277,0.497554524734,0.00692854940273,0.594306030407,0.756625401972,-0.1511,0.0356,-0.0348,0.2868,-0.0954,-0.0378,-0.1511,-0.0356,0.0348,0.2868,-0.0954,0.0378,0,0,0,0,0,-1.11022302463e-14,0,-2.08166817117e-14,-5.55111512313e-15,6.41847686111e-15,-1.38777878078e-14,1.11022302463e-14,0.0598129751274,2.68370825101,-1.60966550888,6.42706631579,-5.52952776972,-2.70196283872,1.60114350644,0,0,0,0,0,0,0,0,0,0,0,0,0,0,0,0,0,0,8.32667268469e-13,2.08166817117e-13,1.94289029309e-12,-1.73472347598e-14,-2.91433543964e-12,-5.55111512313e-13,-44.0263569807,-20.6618602335,88.4117800624,-11.4650606794,111.354553031,-57.7163092475,-78.0032887542,0,0,0,0,0,0,0,0,0,0,0,0
96,FRAME,NONE,91,91,0.91000000000000003,SERVE_FOLLOW,0.35499999999999998,0,0,0,0,0,-1.40463927513,0.33585055564,-0.155997071966,-0.433739725807,0.0186527213242,0.28070492316,-1.29296430372,-1.0639350646,-0.209501021492,1.1185147806,0.561292070036,-0.0425714853328,0.564308489621,0.768548380969,-0.1511,0.0356,-0.0348,0.2868,-0.0954,-0.0378,-0.1511,-0.0356,0.0348,0.2868,-0.0954,0.0378,0,0,0,0,0,2.22044604925e-14,1.94289029309e-14,9.71445146547e-15,2.77555756156e-15,-1.21430643318e-15,-2.77555756156e-14,-1.11022302463e-14,-0.445345342661,2.42264967207,-0.511780478247,6.28371517063,-4.18392144224,-3.18310809328,0.654600059586,0,0,0,0,0,0,0,0,0,0,0,0,0,0,0,0,0,2.22044604925e-12,6.93889390391e-13,2.22044604925e-12,-1.38777878078e-12,-1.04083408559e-12,1.52655665886e-12,-5.55111512313e-13,-49.380302897,-28.1996072008,115.779213911,-18.0859819842,143.197560548,-37.6851202778,-98.7805969411,0,0,0,0,0,0,0,0,0,0,0,0
97,FRAME,NONE,92,92,0.92000000000000004,SERVE_FOLLOW,0.36499999999999999,0,0,0,0,0,-1.40463927513,0.33585055564,-0.155997071966,-0.433739725807,0.0186527213242,0.28070492316,-1.29296430372,-1.07108719211,-0.186820521031,1.1196904432,0.623228828146,-0.076749879442,0.530643868541,0.769717403163,-0.1511,0.0356,-0.0348,0.2868,-0.0954,-0.0378,-0.1511,-0.0356,0.0348,0.2868,-0.0954,0.0378,0,0,0,0,0,3.33066907388e-14,1.38777878078e-14,2.35922392733e-14,-3.33066907388e-14,-1.43982048506e-14,1.66533453694e-14,0,-0.927793082812,2.11971610699,0.705918769338,6.06534667611,-2.66557655876,-3.45566524427,-0.374468432383,0,0,0,0,0,0,0,0,0,0,0,0,0,0,0,0,0,-1.11022302463e-12,-1.2490009027e-12,0,-2.77555756156e-13,-5.20417042793e-14,1.11022302463e-12,5.55111512313e-13,-39.9803121579,-27.380277758,110.585444176,-25.1536397821,142.42891544,-20.0988585705,-91.9688701008,0,0,0,0,0,0,0,0,0,0,0,0
98,FRAME,NONE,93,93,0.93000000000000005,SERVE_FOLLOW,0.375,0,0,0,0,0,-1.40463927513,0.33585055564,-0.155997071966,-0.433739725807,0.0186527213242,0.28070492316,-1.29296430372,-1.08249092626,-0.167106699353,1.13263315599,0.682599003558,-0.095883016508,0.495195184735,0.761059012321,-0.1511,0.0356,-0.0348,0.2868,-0.0954,-0.0378,-0.1511,-0.0356,0.0348,0.2868,-0.0954,0.0378,0,0,0,0,0,0,-5.55111512313e-15,9.71445146547e-15,-2.77555756156e-15,-2.25514051877e-15,-5.55111512313e-15,0,-1.24495158582,1.87504411691,1.69992840526,5.78064237499,-1.33534313343,-3.58508526469,-1.18477734243,0,0,0,0,0,0,0,0,0,0,0,0,0,0,0,0,0,-1.66533453694e-12,-1.38777878078e-12,-1.31838984174e-12,2.22044604925e-12,1.43114686768e-12,-1.52655665886e-12,0,-21.8423453224,-19.1616632462,81.6254964411,-30.4909828685,114.931267966,-9.61403690713,-63.898158181,0,0,0,0,0,0,0,0,0,0,0,0
99,FRAME,NONE,94,94,0.93999999999999995,SERVE_FOLLOW,0.38500000000000001,0,0,0,0,0,-1.40463927513,0.33585055564,-0.155997071966,-0.433739725807,0.0186527213242,0.28070492316,-1.29296430372,-1.09598622383,-0.149319638693,1.15368901131,0.738841675646,-0.103456742111,0.458942163248,0.746021856315,-0.1511,0.0356,-0.0348,0.2868,-0.0954,-0.0378,-0.1511,-0.0356,0.0348,0.2868,-0.0954,0.0378,0,0,0,0,0,0,-1.38777878078e-14,-2.77555756156e-15,1.11022302463e-14,1.4224732503e-14,-1.38777878078e-14,0,-1.36463998926,1.73648284206,2.33842869816,5.45552701874,-0.366951199434,-3.64794598241,-1.652431596,0,0,0,0,0,0,0,0,0,0,0,0,0,0,0,0,0,-5.55111512313e-13,-4.16333634234e-13,-1.04083408559e-12,1.11022302463e-12,3.72965547335e-13,8.32667268469e-13,0,-5.72805714263,-10.2464357879,52.0278416146,-32.833319131,83.8566069641,-4.68781570218,-34.0544257211,0,0,0,0,0,0,0,0,0,0,0,0
100,FRAME,NONE,95,95,0.94999999999999996,SERVE_FOLLOW,0.39500000000000002,0,0,0,0,0,-1.40463927513,0.33585055564,-0.155997071966,-0.433739725807,0.0186527213242,0.28070492316,-1.29296430372,-1.10978372604,-0.132377042511,1.17940172995,0.791709543932,-0.103222040497,0.422236265087,0.728010380401,-0.1511,0.0356,-0.0348,0.2868,-0.0954,-0.0378,-0.1511,-0.0356,0.0348,0.2868,-0.0954,0.0378,0,0,0,0,0,-1.11022302463e-14,-1.38777878078e-14,-1.11022302463e-14,1.94289029309e-14,5.20417042793e-15,1.11022302463e-14,0,-1.35951272867,1.67011540115,2.74048523756,5.12397599237,0.341789005849,-3.67884157873,-1.86586585685,0,0,0,0,0,0,0,0,0,0,0,0,0,0,0,0,0,-1.11022302463e-12,1.66533453694e-12,1.38777878078e-13,-1.2490009027e-12,-1.44849410244e-12,1.52655665886e-12,0,1.91770010364,-7.28233273154,39.0461953559,-31.829434111,69.8077748218,-0.771776944454,-17.3225672573,0,0,0,0,0,0,0,0,0,0,0,0
101,FRAME,NONE,96,96,0.95999999999999996,SERVE_FOLLOW,0.40500000000000003,0,0,0,0,0,-1.40463927513,0.33585055564,-0.155997071966,-0.433739725807,0.0186527213242,0.28070492316,-1.29296430372,-1.1231764784,-0.11591733067,1.20849871606,0.841321195493,-0.0966209619937,0.385365331673,0.708704539178,-0.1511,0.0356,-0.0348,0.2868,-0.0954,-0.0378,-0.1511,-0.0356,0.0348,0.2868,-0.0954,0.0378,0,0,0,0,0,-2.22044604925e-14,1.94289029309e-14,0,-1.38777878078e-14,-1.47451495458e-14,1.66533453694e-14,0,-1.32628598719,1.59083618743,3.11935260528,4.81893833652,1.029204297,-3.6633815213,-1.99888294115,0,0,0,0,0,0,0,0,0,0,0,0,0,0,0,0,0,2.77555756156e-12,8.32667268469e-13,-2.08166817117e-13,-4.16333634234e-12,1.12757025938e-13,9.71445146547e-13,1.11022302463e-12,2.25362648347,-12.7942330982,43.7425423998,-28.4952038023,74.9317714885,5.74676703337,-15.4206604881,0,0,0,0,0,0,0,0,0,0,0,0
102,FRAME,NONE,97,97,0.96999999999999997,SERVE_FOLLOW,0.41499999999999998,0,0,0,0,0,-1.40463927513,0.33585055564,-0.155997071966,-0.433739725807,0.0186527213242,0.28070492316,-1.29296430372,-1.13630944579,-0.100560318763,1.24178878206,0.888088310663,-0.0826379545566,0.348968634661,0.688032721578,-0.1511,0.0356,-0.0348,0.2868,-0.0954,-0.0378,-0.1511,-0.0356,0.0348,0.2868,-0.0954,0.0378,0,0,0,0,0,4.4408920985e-14,2.77555756156e-15,-1.52655665886e-14,-6.38378239159e-14,7.4593109467e-15,3.05311331772e-14,2.22044604925e-14,-1.314440199,1.41423073918,3.61533608555,4.55407191632,1.84042443562,-3.56390623806,-2.17427906661,0,0,0,0,0,0,0,0,0,0,0,0,0,0,0,0,0,1.11022302463e-12,-2.08166817117e-12,-1.04083408559e-12,1.66533453694e-12,1.82145964978e-12,-8.32667268469e-13,5.55111512313e-13,1.10633346778,-24.338688424,55.32354098,-25.8682128302,83.7219175458,15.4138227459,-19.8818840199,0,0,0,0,0,0,0,0,0,0,0,0
103,FRAME,NONE,98,98,0.97999999999999998,SERVE_FOLLOW,0.42499999999999999,0,0,0,0,0,-1.40463927513,0.33585055564,-0.155997071966,-0.433739725807,0.0186527213242,0.28070492316,-1.29296430372,-1.14946528238,-0.0876327158864,1.28080543777,0.93240263382,-0.0598124732813,0.314087206912,0.665218957846,-0.1511,0.0356,-0.0348,0.2868,-0.0954,-0.0378,-0.1511,-0.0356,0.0348,0.2868,-0.0954,0.0378,0,0,0,0,0,0,-2.22044604925e-14,-2.08166817117e-14,1.94289029309e-14,2.16840434497e-14,0,1.11022302463e-14,-1.30415931783,1.10406241895,4.22582342488,4.30157407991,2.70364264792,-3.35510506639,-2.39652062155,0,0,0,0,0,0,0,0,0,0,0,0,0,0,0,0,0,-3.33066907388e-12,1.38777878078e-13,9.71445146547e-13,4.99600361081e-12,-3.72965547335e-13,-2.22044604925e-12,-1.66533453694e-12,4.30120084213,-35.7029317012,60.2215689995,-28.3939137764,76.3522547582,25.8443851232,-19.1547399634,0,0,0,0,0,0,0,0,0,0,0,0
104,FRAME,NONE,99,99,0.98999999999999999,SERVE_FOLLOW,0.435,0,0,0,0,0,-1.40463927513,0.33585055564,-0.155997071966,-0.433739725807,0.0186527213242,0.28070492316,-1.29296430372,-1.16239263214,-0.0784790703836,1.32630525055,0.974119792261,-0.0285651015983,0.281866533333,0.640102309147,-0.1511,0.0356,-0.0348,0.2868,-0.0954,-0.0378,-0.1511,-0.0356,0.0348,0.2868,-0.0954,0.0378,0,0,0,0,0,-2.22044604925e-14,5.55111512313e-15,4.16333634234e-15,3.60822483003e-14,0,-1.38777878078e-14,-1.11022302463e-14,-1.22841618216,0.70017210516,4.81976746554,3.9861936408,3.36746953078,-3.0470185356,-2.55737386588,0,0,0,0,0,0,0,0,0,0,0,0,0,0,0,0,0,1.11022302463e-12,8.32667268469e-13,8.32667268469e-13,-1.66533453694e-12,-9.54097911787e-13,6.93889390391e-13,-5.55111512313e-13,13.9258631048,-39.7874401825,48.5274651245,-39.335589522,42.1197147113,33.9270481154,-5.50177886324,0,0,0,0,0,0,0,0,0,0,0,0
105,FRAME,NONE,100,100,1,SERVE_FOLLOW,0.44500000000000001,0,0,0,0,0,-1.40463927513,0.33585055564,-0.155997071966,-0.433739725807,0.0186527213242,0.28070492316,-1.29296430372,-1.17403360603,-0.0736292737832,1.37720078708,1.01212650664,0.00753691733436,0.2531468362,0.614071480528,-0.1511,0.0356,-0.0348,0.2868,-0.0954,-0.0378,-0.1511,-0.0356,0.0348,0.2868,-0.0954,0.0378,0,0,0,0,0,2.22044604925e-14,-5.55111512313e-15,-4.16333634234e-15,-1.38777878078e-14,2.60208521397e-15,1.38777878078e-14,0,-1.02564205574,0.308313615304,5.19637272737,3.51486228947,3.54603694214,-2.67656410408,-2.50655619881,0,0,0,0,0,0,0,0,0,0,0,0,0,0,0,0,0,0,-1.38777878078e-13,-1.38777878078e-13,-4.16333634234e-13,-4.77048955894e-13,-2.77555756156e-13,5.55111512313e-13,26.3681963201,-33.1712307981,17.7574899479,-57.4577548514,-12.4905252369,39.0827777229,19.4705120669,0,0,0,0,0,0,0,0,0,0,0,0
106,FRAME,NONE,101,101,1.01,SERVE_FOLLOW,0.45500000000000002,0,0,0,0,0,-1.40463927513,0.33585055564,-0.155997071966,-0.433739725807,0.0186527213242,0.28070492316,-1.29296430372,-1.18290547326,-0.0723127980775,1.4302327051,1.04441703805,0.0423556372446,0.228335251252,0.589971185171,-0.1511,0.0356,-0.0348,0.2868,-0.0954,-0.0378,-0.1511,-0.0356,0.0348,0.2868,-0.0954,0.0378,0,0,0,0,0,-2.22044604925e-14,2.77555756156e-15,1.38777878078e-15,2.77555756156e-14,-9.54097911787e-15,-1.94289029309e-14,0,-0.701052255757,0.036747489197,5.1749172645,2.83703854377,3.11765902605,-2.26536298114,-2.16796362454,0,0,0,0,0,0,0,0,0,0,0,0,0,0,0,0,0,-3.33066907388e-12,1.38777878078e-13,7.6327832943e-13,3.1918911958e-12,-6.07153216592e-13,-2.35922392733e-12,-5.55111512313e-13,34.2749666564,-18.9639029629,-24.8135872726,-76.2446667868,-65.2191968557,43.6205460979,45.3091430113,0,0,0,0,0,0,0,0,0,0,0,0
107,FRAME,NONE,102,102,1.02,SERVE_FOLLOW,0.46500000000000002,0,0,0,0,0,-1.40463927513,0.33585055564,-0.155997071966,-0.433739725807,0.0186527213242,0.28070492316,-1.29296430372,-1.18805465114,-0.0728943239993,1.48069913237,1.06886727751,0.0698900978553,0.207839576577,0.570712208037,-0.1511,0.0356,-0.0348,0.2868,-0.0954,-0.0378,-0.1511,-0.0356,0.0348,0.2868,-0.0954,0.0378,0,0,0,0,0,-4.4408920985e-14,-2.77555756156e-15,1.11022302463e-14,4.99600361081e-14,-9.54097911787e-15,-3.33066907388e-14,-1.11022302463e-14,-0.340142722607,-0.0709644439533,4.70010098192,1.98996895374,2.24165300503,-1.80415318212,-1.60037333859,0,0,0,0,0,0,0,0,0,0,0,0,0,0,0,0,0,2.77555756156e-12,4.16333634234e-13,5.55111512313e-13,-4.85722573274e-12,4.16333634234e-13,1.80411241502e-12,0,31.691565278,-4.37674413109,-61.5561454175,-87.2370573577,-89.4267361702,48.4054993902,60.1392631744,0,0,0,0,0,0,0,0,0,0,0,0
108,FRAME,NONE,103,103,1.03,SERVE_FOLLOW,0.47499999999999998,0,0,0,0,0,-1.40463927513,0.33585055564,-0.155997071966,-0.433739725807,0.0186527213242,0.28070492316,-1.29296430372,-1.18970832771,-0.0737320869566,1.52423472474,1.08421641713,0.0871886973452,0.192252187609,0.557963718399,-0.1511,0.0356,-0.0348,0.2868,-0.0954,-0.0378,-0.1511,-0.0356,0.0348,0.2868,-0.0954,0.0378,0,0,0,0,0,3.33066907388e-14,1.11022302463e-14,1.2490009027e-14,-6.93889390391e-14,-1.21430643318e-15,1.66533453694e-14,0,-0.0672209501963,-0.0507873934248,3.94379435615,1.09229739661,1.32912430264,-1.29725299334,-0.965178361054,0,0,0,0,0,0,0,0,0,0,0,0,0,0,0,0,0,2.22044604925e-12,6.93889390391e-13,-4.16333634234e-13,-3.88578058619e-12,3.46944695195e-14,3.1918911958e-12,5.55111512313e-13,17.1122543736,3.76980183419,-68.2535418019,-85.7181388544,-66.8600004245,50.1533538026,56.395741301,0,0,0,0,0,0,0,0,0,0,0,0
109,FRAME,NONE,104,104,1.04,SERVE_FOLLOW,0.48499999999999999,0,0,0,0,0,-1.40463927513,0.33585055564,-0.155997071966,-0.433739725807,0.0186527213242,0.28070492316,-1.29296430372,-1.18939907015,-0.0739100718678,1.55957501949,1.09071322544,0.0964725839082,0.18189451671,0.551408640816,-0.1511,0.0356,-0.0348,0.2868,-0.0954,-0.0378,-0.1511,-0.0356,0.0348,0.2868,-0.0954,0.0378,0,0,0,0,0,0,1.11022302463e-14,2.77555756156e-15,-2.77555756156e-14,-8.84708972748e-15,3.05311331772e-14,0,0.00210236486561,0.00443159273052,3.33503014588,0.275606176647,0.90445299654,-0.801086106068,-0.472458512567,0,0,0,0,0,0,0,0,0,0,0,0,0,0,0,0,0,-3.33066907388e-12,-1.11022302463e-12,-1.04083408559e-12,7.35522753814e-12,5.20417042793e-13,-1.38777878078e-12,0,-6.53195428431,1.29434054266,-28.6641597661,-75.9163753714,0.522782351021,45.8467776278,32.1854720707,0,0,0,0,0,0,0,0,0,0,0,0
110,FRAME,NONE,105,105,1.05,SERVE_FOLLOW,0.495,0,0,0,0,0,-1.40463927513,0.33585055564,-0.155997071966,-0.433739725807,0.0186527213242,0.28070492316,-1.29296430372,-1.18966628041,-0.073643455102,1.59093532766,1.08972854066,0.105277757276,0.176230465488,0.548514548148,-0.1511,0.0356,-0.0348,0.2868,-0.0954,-0.0378,-0.1511,-0.0356,0.0348,0.2868,-0.0954,0.0378,0,0,0,0,0,-3.33066907388e-14,-1.11022302463e-14,-8.32667268469e-15,7.77156117238e-14,9.19403442268e-15,-1.11022302463e-14,0,-0.197860035882,-0.0249005825716,3.37051116083,-0.426030110814,1.33957994966,-0.380317440781,-0.321468919641,0,0,0,0,0,0,0,0,0,0,0,0,0,0,0,0,0,2.22044604925e-12,-6.93889390391e-13,-6.24500451352e-13,4.16333634234e-13,1.2056328158e-12,-2.35922392733e-12,1.11022302463e-12,-32.1265716729,-12.4933264273,44.017648568,-69.8915116843,84.1022209829,40.0311341528,-6.81422662137,0,0,0,0,0,0,0,0,0,0,0,0
111,FRAME,NONE,106,106,1.0600000000000001,SERVE_FOLLOW,0.505,0,0,0,0,0,-1.40463927513,0.33585055564,-0.155997071966,-0.433739725807,0.0186527213242,0.28070492316,-1.29296430372,-1.19335627086,-0.0744080835192,1.62698524271,1.08219262323,0.123264182901,0.174288167895,0.544979262423,-0.1511,0.0356,-0.0348,0.2868,-0.0954,-0.0378,-0.1511,-0.0356,0.0348,0.2868,-0.0954,0.0378,0,0,0,0,0,4.4408920985e-14,-2.77555756156e-15,-9.71445146547e-15,-1.94289029309e-14,1.52655665886e-14,-1.66533453694e-14,2.22044604925e-14,-0.640429068592,-0.245434935815,4.21538311724,-1.12222405704,2.5864974162,-0.00046342301111,-0.608743044994,0,0,0,0,0,0,0,0,0,0,0,0,0,0,0,0,0,1.66533453694e-12,-1.38777878078e-13,5.55111512313e-13,-4.85722573274e-12,-3.46944695195e-13,6.93889390391e-13,0,-49.9138400448,-32.8303994996,105.468500062,-77.1405162273,143.499644818,43.2932768097,-46.158876256,0,0,0,0,0,0,0,0,0,0,0,0
112,FRAME,NONE,107,107,1.0700000000000001,SERVE_FOLLOW,0.51500000000000001,0,0,0,0,0,-1.40463927513,0.33585055564,-0.155997071966,-0.433739725807,0.0186527213242,0.28070492316,-1.29296430372,-1.20247486178,-0.0785521538183,1.67524299,1.06728405952,0.1570077056,0.176221197028,0.536339687248,-0.1511,0.0356,-0.0348,0.2868,-0.0954,-0.0378,-0.1511,-0.0356,0.0348,0.2868,-0.0954,0.0378,0,0,0,0,0,0,-1.38777878078e-14,2.77555756156e-15,-1.94289029309e-14,2.25514051877e-15,2.77555756156e-15,0,-1.19613683678,-0.681508572563,5.47988116208,-1.96884043536,4.20957284603,0.485548095413,-1.24464644476,0,0,0,0,0,0,0,0,0,0,0,0,0,0,0,0,0,-3.33066907388e-12,-4.16333634234e-13,7.6327832943e-13,1.66533453694e-12,-5.46437894933e-13,6.93889390391e-13,-1.66533453694e-12,-53.5016003587,-49.9684085486,115.080534006,-96.4338770915,156.244268103,59.7133770336,-70.4451640355,0,0,0,0,0,0,0,0,0,0,0,0
113,FRAME,NONE,108,108,1.0800000000000001,SERVE_FOLLOW,0.52500000000000002,0,0,0,0,0,-1.40463927513,0.33585055564,-0.155997071966,-0.433739725807,0.0186527213242,0.28070492316,-1.29296430372,-1.2172790076,-0.0880382549705,1.73658286595,1.04281581452,0.207455639822,0.183999129803,0.520086333528,-0.1511,0.0356,-0.0348,0.2868,-0.0954,-0.0378,-0.1511,-0.0356,0.0348,0.2868,-0.0954,0.0378,0,0,0,0,0,-2.22044604925e-14,-1.11022302463e-14,5.55111512313e-15,1.38777878078e-14,4.33680868994e-15,-2.77555756156e-15,-1.11022302463e-14,-1.71046107577,-1.24480310679,6.51699379736,-3.05090159887,5.71138277825,1.19380411766,-2.0176463257,0,0,0,0,0,0,0,0,0,0,0,0,0,0,0,0,0,0,6.93889390391e-13,-1.11022302463e-12,0,3.64291929955e-13,1.11022302463e-12,0,-44.7339841361,-47.7636680206,71.0059418962,-114.123897947,118.456206566,73.5156375719,-71.6691009494,0,0,0,0,0,0,0,0,0,0,0,0
114,FRAME,NONE,109,109,1.0900000000000001,SERVE_FOLLOW,0.53500000000000003,0,0,0,0,0,-1.40463927513,0.33585055564,-0.155997071966,-0.433739725807,0.0186527213242,0.28070492316,-1.29296430372,-1.2366840833,-0.103448215954,1.80558286595,1.00626602754,0.271235361165,0.200097279381,0.495986760734,-0.1511,0.0356,-0.0348,0.2868,-0.0954,-0.0378,-0.1511,-0.0356,0.0348,0.2868,-0.0954,0.0378,0,0,0,0,0,0,0,-1.94289029309e-14,-1.94289029309e-14,9.54097911787e-15,2.49800180541e-14,0,-2.0908165195,-1.63678193298,6.9,-4.2513183943,6.57869697735,1.95586084685,-2.67802846375,0,0,0,0,0,0,0,0,0,0,0,0,0,0,0,0,0,5.55111512313e-13,1.66533453694e-12,4.85722573274e-13,-4.16333634234e-13,-1.18828558104e-12,-1.38777878078e-13,-5.55111512313e-13,-32.9960889617,-20.3411394556,19.1503101319,-109.525533857,54.021835425,62.7616097369,-59.9843423173,0,0,0,0,0,0,0,0,0,0,0,0
115,FRAME,NONE,110,110,1.1000000000000001,SERVE_FOLLOW,0.54500000000000004,0,0,0,0,0,-1.40463927513,0.33585055564,-0.155997071966,-0.433739725807,0.0186527213242,0.28070492316,-1.29296430372,-1.25909533799,-0.12077389363,1.87458286595,0.957789446634,0.339029579369,0.22311634674,0.466525764253,-0.1511,0.0356,-0.0348,0.2868,-0.0954,-0.0378,-0.1511,-0.0356,0.0348,0.2868,-0.0954,0.0378,0,0,0,0,0,-1.11022302463e-14,2.22044604925e-14,1.52655665886e-14,5.55111512313e-15,-1.94289029309e-14,-5.55111512313e-15,-2.22044604925e-14,-2.37038285485,-1.65162589592,6.9,-5.24141227622,6.79181948673,2.44903631241,-3.21733317206,0,0,0,0,0,0,0,0,0,0,0,0,0,0,0,0,0,1.11022302463e-12,5.55111512313e-13,1.94289029309e-12,1.11022302463e-12,-1.3791051634e-12,-2.08166817117e-12,0,-26.2727004791,11.5963125025,5.77315972805e-13,-78.9337154756,10.3908566464,30.8125503746,-58.1743087548,0,0,0,0,0,0,0,0,0,0,0,0
116,FRAME,NONE,111,111,1.1100000000000001,SERVE_FOLLOW,0.55500000000000005,0,0,0,0,0,-1.40463927513,0.33585055564,-0.155997071966,-0.433739725807,0.0186527213242,0.28070492316,-1.29296430372,-1.2840917404,-0.136480733872,1.94358286595,0.90143778202,0.4070717509,0.249078005629,0.431640097293,-0.1511,0.0356,-0.0348,0.2868,-0.0954,-0.0378,-0.1511,-0.0356,0.0348,0.2868,-0.0954,0.0378,0,0,0,0,0,2.22044604925e-14,1.11022302463e-14,1.94289029309e-14,2.77555756156e-15,-1.80411241502e-14,-1.66533453694e-14,0,-2.61627052911,-1.4048556829,6.9,-5.82999270376,6.78651411025,2.57211185435,-3.84151463886,0,0,0,0,0,0,0,0,0,0,0,0,0,0,0,0,0,2.22044604925e-12,-1.66533453694e-12,-1.52655665886e-12,-1.38777878078e-12,1.51788304148e-12,9.71445146547e-13,2.22044604925e-12,-23.231432059,29.1060989836,1.11022302463e-12,-43.7831862064,-2.90492771191,0.0692896112765,-70.1543065521,0,0,0,0,0,0,0,0,0,0,0,0
117,FRAME,NONE,112,112,1.1200000000000001,SERVE_FOLLOW,0.56499999999999995,0,0,0,0,0,-1.40463927513,0.33585055564,-0.155997071966,-0.433739725807,0.0186527213242,0.28070492316,-1.29296430372,-1.31142074857,-0.148871007288,2.01258286595,0.841189592559,0.474759861574,0.274558583827,0.389695471476,-0.1511,0.0356,-0.0348,0.2868,-0.0954,-0.0378,-0.1511,-0.0356,0.0348,0.2868,-0.0954,0.0378,0,0,0,0,0,3.33066907388e-14,-1.11022302463e-14,-1.52655665886e-14,-2.22044604925e-14,1.09287578987e-14,1.38777878078e-14,2.22044604925e-14,-2.83501149603,-1.06950391625,6.9,-6.11707600035,6.73372093249,2.45042210464,-4.6204193031,0,0,0,0,0,0,0,0,0,0,0,0,0,0,0,0,0,-1.11022302463e-12,-5.55111512313e-13,-9.71445146547e-13,-1.38777878078e-13,9.02056207508e-13,8.32667268469e-13,0,-19.2785588261,31.1817904971,-6.08659857308,-22.5528193817,-13.1930897176,-14.3221181982,-79.485827469,0,0,0,0,0,0,0,0,0,0,0,0
118,FRAME,NONE,113,113,1.1299999999999999,SERVE_FOLLOW,0.57499999999999996,0,0,0,0,0,-1.40463927513,0.33585055564,-0.155997071966,-0.433739725807,0.0186527213242,0.28070492316,-1.29296430372,-1.34079197032,-0.157870812197,2.08158286595,0.779096262013,0.541746169549,0.298086447722,0.339231711231,-0.1511,0.0356,-0.0348,0.2868,-0.0954,-0.0378,-0.1511,-0.0356,0.0348,0.2868,-0.0954,0.0378,0,0,0,0,0,0,0,0,0,0,0,0,-3.00184170563,-0.781219872963,6.77826802854,-6.2810490914,6.5226523159,2.28566949039,-5.43123118824,0,0,0,0,0,0,0,0,0,0,0,0,0,0,0,0,0,-1.66533453694e-12,5.55111512313e-13,7.6327832943e-13,1.11022302463e-12,-5.46437894933e-13,-6.93889390391e-13,-1.11022302463e-12,-9.59758033948,21.2873304273,-57.1731971462,-15.9629257418,-44.7758841946,-8.80115620138,-68.91409527,0,0,0,0,0,0,0,0,0,0,0,0
119,FRAME,NONE,114,114,1.1399999999999999,SERVE_FOLLOW,0.58499999999999996,0,0,0,0,0,-1.40463927513,0.33585055564,-0.155997071966,-0.433739725807,0.0186527213242,0.28070492316,-1.29296430372,-1.37145758268,-0.164495404747,2.14814822652,0.715568610731,0.605212907892,0.320271973635,0.281070847711,-0.1511,0.0356,-0.0348,0.2868,-0.0954,-0.0378,-0.1511,-0.0356,0.0348,0.2868,-0.0954,0.0378,0,0,0,0,0,0,0,0,0,0,0,0,-3.02696310282,-0.643757307705,5.75653605708,-6.43633451518,5.8382032486,2.27439898061,-5.9987012085,0,0,0,0,0,0,0,0,0,0,0,0,0,0,0,0,0,0,0,0,0,0,0,0,12.8453745954,2.08802772644,-141.086598573,-15.4596744631,-99.7423445748,13.3491367312,-30.2353735315,0,0,0,0,0,0,0,0,0,0,0,0
120,FRAME,NONE,115,115,1.1499999999999999,SERVE_FOLLOW,0.59499999999999997,0,0,0,0,0,-1.40463927513,0.33585055564,-0.155997071966,-0.433739725807,0.0186527213242,0.28070492316,-1.29296430372,-1.40133123238,-0.170745958351,2.19671358709,0.650369571709,0.658510234521,0.343574427334,0.21925768706,-0.1511,0.0356,-0.0348,0.2868,-0.0954,-0.0378,-0.1511,-0.0356,0.0348,0.2868,-0.0954,0.0378,0,0,0,0,0,0,0,0,0,0,0,0,-2.74493421373,-0.739459318434,3.95653605708,-6.59024258066,4.5278054244,2.55265222501,-6.03593865887,0,0,0,0,0,0,0,0,0,0,0,0,0,0,0,0,0,0,0,0,0,0,0,0,51.3782826381,-22.3506922192,-180,-11.7853516495,-150.429974616,42.183486367,32.5507207534,0,0,0,0,0,0,0,0,0,0,0,0
121,FRAME,NONE,116,116,1.1599999999999999,SERVE_FOLLOW,0.60499999999999998,0,0,0,0,0,-1.40463927513,0.33585055564,-0.155997071966,-0.433739725807,0.0186527213242,0.28070492316,-1.29296430372,-1.42635626696,-0.179284591116,2.22727894766,0.583763759118,0.69576901638,0.371325018135,0.160352074534,-0.1511,0.0356,-0.0348,0.2868,-0.0954,-0.0378,-0.1511,-0.0356,0.0348,0.2868,-0.0954,0.0378,0,0,0,0,0,0,0,0,0,0,0,0,-1.99939745006,-1.09077115209,2.15653605708,-6.67204154817,2.82960375627,3.11806870795,-5.34768679344,0,0,0,0,0,0,0,0,0,0,0,0,0,0,0,0,0,0,0,0,0,0,0,0,97.2047669633,-42.8052096113,-180,1.93952538851,-174.656146019,60.832509178,105.153559355,0,0,0,0,0,0,0,0,0,0,0,0
122,FRAME,NONE,117,117,1.1699999999999999,SERVE_FOLLOW,0.61499999999999999,0,0,0,0,0,-1.40463927513,0.33585055564,-0.155997071966,-0.433739725807,0.0186527213242,0.28070492316,-1.29296430372,-1.44131918138,-0.192561381393,2.23984430823,0.516928740746,0.715102309647,0.405935801493,0.112303951192,-0.1511,0.0356,-0.0348,0.2868,-0.0954,-0.0378,-0.1511,-0.0356,0.0348,0.2868,-0.0954,0.0378,0,0,0,0,0,0,0,0,0,0,0,0,-0.800838874461,-1.59556351066,0.356536057077,-6.55145207289,1.03468250402,3.76930240857,-3.93286747176,0,0,0,0,0,0,0,0,0,0,0,0,0,0,0,0,0,0,0,0,0,0,0,0,129.800872702,-46.9461283464,-180,33.1321117725,-178.827822205,52.3796104379,159.338209206,0,0,0,0,0,0,0,0,0,0,0,0
123,FRAME,NONE,118,118,1.1799999999999999,SERVE_FOLLOW,0.625,0,0,0,0,0,-1.40463927513,0.33585055564,-0.155997071966,-0.433739725807,0.0186527213242,0.28070492316,-1.29296430372,-1.44237304445,-0.211195861329,2.2344096688,0.45273471766,0.71646266646,0.446711066306,0.0816947250986,-0.1511,0.0356,-0.0348,0.2868,-0.0954,-0.0378,-0.1511,-0.0356,0.0348,0.2868,-0.0954,0.0378,0,0,0,0,0,0,0,0,0,0,0,0,0.596620003985,-2.02969371902,-1.44346394292,-6.00939931272,-0.746952687821,4.1656609167,-2.16092260931,0,0,0,0,0,0,0,0,0,0,0,0,0,0,0,0,0,0,0,0,0,0,0,0,130.841582942,-29.7232687995,-180,82.5905700956,-176.567251271,14.7426640106,178.597243122,0,0,0,0,0,0,0,0,0,0,0,0
124,FRAME,NONE,119,119,1.1899999999999999,SERVE_FOLLOW,0.63500000000000001,0,0,0,0,0,-1.40463927513,0.33585055564,-0.155997071966,-0.433739725807,0.0186527213242,0.28070492316,-1.29296430372,-1.4293867813,-0.233155255773,2.21097502937,0.396740754491,0.70016325589,0.489249019827,0.0690854990055,-0.1511,0.0356,-0.0348,0.2868,-0.0954,-0.0378,-0.1511,-0.0356,0.0348,0.2868,-0.0954,0.0378,0,0,0,0,0,0,0,0,0,0,0,0,1.81599278439,-2.19002888665,-3.24346394292,-4.89964067098,-2.49666252141,4.06415568878,-0.360922609312,0,0,0,0,0,0,0,0,0,0,0,0,0,0,0,0,0,0,0,0,0,0,0,0,100.143693846,-1.25613384141,-180,131.891065359,-171.417737926,-31.3399606745,179.453363748,0,0,0,0,0,0,0,0,0,0,0,0
125,FRAME,NONE,120,120,1.2,SERVE_FOLLOW,0.64500000000000002,0,0,0,0,0,-1.40463927513,0.33585055564,-0.155997071966,-0.433739725807,0.0186527213242,0.28070492316,-1.29296430372,-1.40605318876,-0.254996439062,2.16954038994,0.354741904241,0.666529416032,0.527994180082,0.0744762729124,-0.1511,0.0356,-0.0348,0.2868,-0.0954,-0.0378,-0.1511,-0.0356,0.0348,0.2868,-0.0954,0.0378,0,0,0,0,0,0,0,0,0,0,0,0,2.5994938809,-2.05481639584,-5.04346394292,-3.37157800554,-4.17530744634,3.53886170322,1.42814466566,0,0,0,0,0,0,0,0,0,0,0,0,0,0,0,0,0,0,0,0,0,0,0,0,56.7297684343,21.4565094307,-157.46982006,155.293270979,-155.132220057,-58.9449340653,167.271895211,0,0,0,0,0,0,0,0,0,0,0,0
126,FRAME,NONE,121,121,1.21,SERVE_FOLLOW,0.65500000000000003,0,0,0,0,0,-1.40463927513,0.33585055564,-0.155997071966,-0.433739725807,0.0186527213242,0.28070492316,-1.29296430372,-1.37739690368,-0.27425158369,2.11010575051,0.32930919438,0.616657106964,0.560026253892,0.0976483923186,-0.1511,0.0356,-0.0348,0.2868,-0.0954,-0.0378,-0.1511,-0.0356,0.0348,0.2868,-0.0954,0.0378,0,0,0,0,0,0,0,0,0,0,0,0,2.95058815307,-1.76089869804,-6.39286034412,-1.7937752514,-5.59930692254,2.88525700748,2.98451529491,0,0,0,0,0,0,0,0,0,0,0,0,0,0,0,0,0,0,0,0,0,0,0,0,22.4444200759,29.957565291,-83.3434878205,138.82899665,-114.159380012,-60.074582653,129.015198263,0,0,0,0,0,0,0,0,0,0,0,0
127,FRAME,NONE,122,122,1.22,SERVE_FOLLOW,0.66500000000000004,0,0,0,0,0,-1.40463927513,0.33585055564,-0.155997071966,-0.433739725807,0.0186527213242,0.28070492316,-1.29296430372,-1.3470414257,-0.290214413023,2.04168318306,0.318866399213,0.554543277581,0.585699320231,0.134166578811,-0.1511,0.0356,-0.0348,0.2868,-0.0954,-0.0378,-0.1511,-0.0356,0.0348,0.2868,-0.0954,0.0378,0,0,0,0,0,0,0,0,0,0,0,0,3.04838228242,-1.45566509002,-6.71033369933,-0.594998072545,-6.45849504659,2.33737005016,4.00844863092,0,0,0,0,0,0,0,0,0,0,0,0,0,0,0,0,0,0,0,0,0,0,0,0,5.49211627476,27.5594540778,4.42115351669,87.8414697287,-57.8844600718,-46.9222734194,72.6384363369,0,0,0,0,0,0,0,0,0,0,0,0
128,FRAME,NONE,123,123,1.23,SERVE_FOLLOW,0.67500000000000004,0,0,0,0,0,-1.40463927513,0.33585055564,-0.155997071966,-0.433739725807,0.0186527213242,0.28070492316,-1.29296430372,-1.31642925803,-0.303364885491,1.97589907653,0.31740923293,0.487487206032,0.606773654895,0.177817364937,-0.1511,0.0356,-0.0348,0.2868,-0.0954,-0.0378,-0.1511,-0.0356,0.0348,0.2868,-0.0954,0.0378,0,0,0,0,0,0,0,0,0,0,0,0,3.06043047857,-1.20970961648,-6.30443727378,-0.0369458568234,-6.75699612398,1.94681153909,4.43728402165,0,0,0,0,0,0,0,0,0,0,0,0,0,0,0,0,0,0,0,0,0,0,0,0,-1.43867271799,22.1492928931,48.0118156831,30.4526924477,-15.4721548796,-34.7884079117,18.6350534803,0,0,0,0,0,0,0,0,0,0,0,0
129,FRAME,NONE,124,124,1.24,SERVE_FOLLOW,0.68500000000000005,0,0,0,0,0,-1.40463927513,0.33585055564,-0.155997071966,-0.433739725807,0.0186527213242,0.28070492316,-1.29296430372,-1.28583281613,-0.314408605352,1.91559443759,0.318127482076,0.419403355102,0.624635551013,0.222912259244,-0.1511,0.0356,-0.0348,0.2868,-0.0954,-0.0378,-0.1511,-0.0356,0.0348,0.2868,-0.0954,0.0378,0,0,0,0,0,0,0,0,0,0,0,0,3.01960882806,-1.01267923216,-5.75009738567,0.0140557764084,-6.76793814418,1.64160189192,4.38114970052,0,0,0,0,0,0,0,0,0,0,0,0,0,0,0,0,0,0,0,0,0,0,0,0,-12.0800639838,19.6010411793,61.2375069926,-3.15408609029,13.7591397339,-30.9350726287,-24.5396079033,0,0,0,0,0,0,0,0,0,0,0,0
130,FRAME,NONE,125,125,1.25,SERVE_FOLLOW,0.69499999999999995,0,0,0,0,0,-1.40463927513,0.33585055564,-0.155997071966,-0.433739725807,0.0186527213242,0.28070492316,-1.29296430372,-1.25603708147,-0.323618470134,1.86089712881,0.317690348458,0.352128443148,0.639605692733,0.265440358947,-0.1511,0.0356,-0.0348,0.2868,-0.0954,-0.0378,-0.1511,-0.0356,0.0348,0.2868,-0.0954,0.0378,0,0,0,0,0,0,0,0,0,0,0,0,2.81882919889,-0.817688792895,-5.07968713393,-0.100027578629,-6.4818133293,1.32811008651,3.94649186359,0,0,0,0,0,0,0,0,0,0,0,0,0,0,0,0,0,0,0,0,0,0,0,0,-34.6277400442,20.9403013606,83.2768099371,-8.61554425762,57.8798685783,-33.9568073055,-61.5923010177,0,0,0,0,0,0,0,0,0,0,0,0
131,FRAME,NONE,126,126,1.26,SERVE_FOLLOW,0.70499999999999996,0,0,0,0,0,-1.40463927513,0.33585055564,-0.155997071966,-0.433739725807,0.0186527213242,0.28070492316,-1.29296430372,-1.22945623215,-0.33076238121,1.81400069491,0.316126930503,0.289767088516,0.651197752743,0.301842096515,-0.1511,0.0356,-0.0348,0.2868,-0.0954,-0.0378,-0.1511,-0.0356,0.0348,0.2868,-0.0954,0.0378,0,0,0,0,0,0,0,0,0,0,0,0,2.32705402718,-0.593873204952,-4.08456118693,-0.158255108744,-5.61034077262,0.962465745813,3.14930368017,0,0,0,0,0,0,0,0,0,0,0,0,0,0,0,0,0,0,0,0,0,0,0,0,-62.6623726411,23.0834172049,116.726823034,-1.4860470592,117.337047859,-37.5570111483,-93.7893066224,0,0,0,0,0,0,0,0,0,0,0,0
132,FRAME,NONE,127,127,1.27,SERVE_FOLLOW,0.71499999999999997,0,0,0,0,0,-1.40463927513,0.33585055564,-0.155997071966,-0.433739725807,0.0186527213242,0.28070492316,-1.29296430372,-1.20949600093,-0.335495934233,1.77920590508,0.314525246283,0.239921627696,0.658855007649,0.328426432551,-0.1511,0.0356,-0.0348,0.2868,-0.0954,-0.0378,-0.1511,-0.0356,0.0348,0.2868,-0.0954,0.0378,0,0,0,0,0,0,0,0,0,0,0,0,1.56558174607,-0.356020448796,-2.74515067326,-0.129748519813,-4.13507237212,0.576969863549,2.07070573114,0,0,0,0,0,0,0,0,0,0,0,0,0,0,0,0,0,0,0,0,0,0,0,0,-78.0274552028,22.0070471037,135.568901342,4.52178200052,158.836746053,-35.5139617868,-107.87359386,0,0,0,0,0,0,0,0,0,0,0,0
133,FRAME,NONE,128,128,1.28,SERVE_FOLLOW,0.72499999999999998,0,0,0,0,0,-1.40463927513,0.33585055564,-0.155997071966,-0.433739725807,0.0186527213242,0.28070492316,-1.29296430372,-1.19814459723,-0.337882790186,1.75909768144,0.313531960107,0.207065641073,0.662737150014,0.343256211138,-0.1511,0.0356,-0.0348,0.2868,-0.0954,-0.0378,-0.1511,-0.0356,0.0348,0.2868,-0.0954,0.0378,0,0,0,0,0,0,0,0,0,0,0,0,0.766504923122,-0.153732262879,-1.37318316009,-0.0678194687336,-2.43360585155,0.252186510077,0.991831802967,0,0,0,0,0,0,0,0,0,0,0,0,0,0,0,0,0,0,0,0,0,0,0,0,-68.5689869367,16.4121689899,118.911179227,5.57263598943,159.744605401,-26.3969539981,-91.7453653482,0,0,0,0,0,0,0,0,0,0,0,0
134,FRAME,NONE,129,129,1.29,SERVE_FOLLOW,0.73499999999999999,0,0,0,0,0,-1.40463927513,0.33585055564,-0.155997071966,-0.433739725807,0.0186527213242,0.28070492316,-1.29296430372,-1.19416590247,-0.338570579491,1.75174224187,0.313168856908,0.191249510665,0.663898737851,0.34826306861,-0.1511,0.0356,-0.0348,0.2868,-0.0954,-0.0378,-0.1511,-0.0356,0.0348,0.2868,-0.0954,0.0378,0,0,0,0,0,0,0,0,0,0,0,0,0.194202007334,-0.0277770689978,-0.366927088727,-0.0182958000246,-0.940180264099,0.0490307835878,0.235798424174,0,0,0,0,0,0,0,0,0,0,0,0,0,0,0,0,0,0,0,0,0,0,0,0,-41.5630344581,8.75956320123,74.1929409953,3.63345819034,121.647515997,-14.2668724449,-54.3777938207,0,0,0,0,0,0,0,0,0,0,0,0
135,FRAME,NONE,130,130,1.3,SERVE_FOLLOW,0.745,0,0,0,0,0,-1.40463927513,0.33585055564,-0.155997071966,-0.433739725807,0.0186527213242,0.28070492316,-1.29296430372,-1.19426055708,-0.338438331566,1.75175913967,0.313166044107,0.188262035791,0.663717765686,0.347972179622,-0.1511,0.0356,-0.0348,0.2868,-0.0954,-0.0378,-0.1511,-0.0356,0.0348,0.2868,-0.0954,0.0378,0,0,0,0,0,0,0,0,0,0,0,0,-0.0647557660404,0.0214590011456,0.110675659817,0.00484969507324,-0.000655531606757,-0.0331509388199,-0.0957240734465,0,0,0,0,0,0,0,0,0,0,0,0,0,0,0,0,0,0,0,0,0,0,0,0,-14.8670710095,2.59583440868,27.9776549507,1.35024110463,63.1153464838,-4.45614559635,-18.605490076,0,0,0,0,0,0,0,0,0,0,0,0
136,FRAME,NONE,131,131,1.3100000000000001,SERVE_FOLLOW,0.755,0,0,0,0,0,-1.40463927513,0.33585055564,-0.155997071966,-0.433739725807,0.0186527213242,0.28070492316,-1.29296430372,-1.19546101779,-0.338141399468,1.75395575507,0.31326585081,0.191236400033,0.663235719075,0.346348587141,-0.1511,0.0356,-0.0348,0.2868,-0.0954,-0.0378,-0.1511,-0.0356,0.0348,0.2868,-0.0954,0.0378,0,0,0,0,0,0,0,0,0,0,0,0,-0.103139412856,0.0241396191759,0.192626010287,0.00870902206808,0.322126665576,-0.0400921283391,-0.136311377345,0,0,0,0,0,0,0,0,0,0,0,0,0,0,0,0,0,0,0,0,0,0,0,0,0.309449276984,-0.463447670673,0.160261244352,0.0119835075327,13.2632396865,0.584180102817,1.11783563138,0,0,0,0,0,0,0,0,0,0,0,0
137,FRAME,NONE,132,132,1.3200000000000001,SERVE_FOLLOW,0.76500000000000001,0,0,0,0,0,-1.40463927513,0.33585055564,-0.155997071966,-0.433739725807,0.0186527213242,0.28070492316,-1.29296430372,-1.19632334534,-0.337955539182,1.75561165987,0.313340224548,0.194704569103,0.662915923119,0.345245952075,-0.1511,0.0356,-0.0348,0.2868,-0.0954,-0.0378,-0.1511,-0.0356,0.0348,0.2868,-0.0954,0.0378,0,0,0,0,0,0,0,0,0,0,0,0,-0.0585667805007,0.0121900477322,0.113880884704,0.0050893652239,0.264609262124,-0.0214673367636,-0.073367360819,0,0,0,0,0,0,0,0,0,0,0,0,0,0,0,0,0,0,0,0,0,0,0,0,4.36799238396,-1.07268039042,-8.01201464092,-0.364656824514,-10.550960706,1.73269352914,5.9358752667,0,0,0,0,0,0,0,0,0,0,0,0
138,FRAME,NONE,133,133,1.3300000000000001,SERVE_FOLLOW,0.77500000000000002,0,0,0,0,0,-1.40463927513,0.33585055564,-0.155997071966,-0.433739725807,0.0186527213242,0.28070492316,-1.29296430372,-1.1966323534,-0.337897598513,1.75623337276,0.313367638114,0.196528585275,0.662806372339,0.344881239925,-0.1511,0.0356,-0.0348,0.2868,-0.0954,-0.0378,-0.1511,-0.0356,0.0348,0.2868,-0.0954,0.0378,0,0,0,0,0,0,0,0,0,0,0,0,-0.0157795651767,0.00268601136742,0.0323857174682,0.00141588557779,0.111107451456,-0.00543825775634,-0.0175938720115,0,0,0,0,0,0,0,0,0,0,0,0,0,0,0,0,0,0,0,0,0,0,0,0,3.07284512088,-0.659110326906,-5.94047212027,-0.266206123504,-12.685241969,1.13898080808,3.92084631575,0,0,0,0,0,0,0,0,0,0,0,0
139,FRAME,NONE,134,134,1.3400000000000001,SERVE_FOLLOW,0.78500000000000003,0,0,0,0,0,-1.40463927513,0.33585055564,-0.155997071966,-0.433739725807,0.0186527213242,0.28070492316,-1.29296430372,-1.19663893664,-0.337901818955,1.75625937422,0.31336854226,0.196926718132,0.662807157964,0.344894074634,-0.1511,0.0356,-0.0348,0.2868,-0.0954,-0.0378,-0.1511,-0.0356,0.0348,0.2868,-0.0954,0.0378,0,0,0,0,0,0,0,0,0,0,0,0,0.00289012191682,-0.000992158805962,-0.00492855770149,-0.000234757246179,0.0109044227438,0.00131227939796,0.005049565496,0,0,0,0,0,0,0,0,0,0,0,0,0,0,0,0,0,0,0,0,0,0,0,0,1.05455860063,-0.195716030054,-2.14220597243,-0.0941248813857,-6.53734057416,0.375999726281,1.22964272527,0,0,0,0,0,0,0,0,0,0,0,0
140,FRAME,NONE,135,135,1.3500000000000001,SERVE_FOLLOW,0.79500000000000004,0,0,0,0,0,-1.40463927513,0.33585055564,-0.155997071966,-0.433739725807,0.0186527213242,0.28070492316,-1.29296430372,-1.19657455096,-0.337917441689,1.75613480161,0.313362942969,0.19674667373,0.662832617927,0.344982231235,-0.1511,0.0356,-0.0348,0.2868,-0.0954,-0.0378,-0.1511,-0.0356,0.0348,0.2868,-0.0954,0.0378,0,0,0,0,0,0,0,0,0,0,0,0,0.0053116068359,-0.00122830923367,-0.0104584019804,-0.000466612049921,-0.0196393600271,0.00208173676927,0.00699898249396,0,0,0,0,0,0,0,0,0,0,0,0,0,0,0,0,0,0,0,0,0,0,0,0,-0.00901621680649,0.0215821898893,-0.0300773251893,-0.000410228427755,-1.3162194964,-0.0133339731856,-0.0896230771544,0,0,0,0,0,0,0,0,0,0,0,0
141,FRAME,NONE,136,136,1.3600000000000001,SERVE_FOLLOW,0.80500000000000005,0,0,0,0,0,-1.40463927513,0.33585055564,-0.155997071966,-0.433739725807,0.0186527213242,0.28070492316,-1.29296430372,-1.1965327045,-0.33792638514,1.75605020618,0.313359210019,0.196533930931,0.6628487927,0.345034054284,-0.1511,0.0356,-0.0348,0.2868,-0.0954,-0.0378,-0.1511,-0.0356,0.0348,0.2868,-0.0954,0.0378,0,0,0,0,0,0,0,0,0,0,0,0,0.00270979758069,-0.000560515008177,-0.00553010420528,-0.000242961814734,-0.0154199671843,0.00104559993425,0.00325710395291,0,0,0,0,0,0,0,0,0,0,0,0,0,0,0,0,0,0,0,0,0,0,0,0,-0.237131290213,0.0568230145299,0.461704935114,0.02071288472,0.708542578131,-0.093271909864,-0.322591464859,0,0,0,0,0,0,0,0,0,0,0,0
142,FRAME,NONE,137,137,1.3700000000000001,SERVE_FOLLOW,0.81499999999999995,0,0,0,0,0,-1.40463927513,0.33585055564,-0.155997071966,-0.433739725807,0.0186527213242,0.28070492316,-1.29296430372,-1.19652035501,-0.337928651989,1.75602419953,0.313358083733,0.196438274386,0.662853529926,0.345047373314,-0.1511,0.0356,-0.0348,0.2868,-0.0954,-0.0378,-0.1511,-0.0356,0.0348,0.2868,-0.0954,0.0378,0,0,0,0,0,0,0,0,0,0,0,0,0.000568981031646,-9.18489430707e-05,-0.00122430327812,-5.23543555203e-05,-0.00546850846452,0.000216298571992,0.000547153196792,0,0,0,0,0,0,0,0,0,0,0,0,0,0,0,0,0,0,0,0,0,0,0,0,-0.14537052236,0.0308427341755,0.295428006096,0.0130201605006,0.765552176347,-0.0562759426753,-0.178687478986,0,0,0,0,0,0,0,0,0,0,0,0
143,FRAME,NONE,138,138,1.3799999999999999,SERVE_FOLLOW,0.82499999999999996,0,0,0,0,0,-1.40463927513,0.33585055564,-0.155997071966,-0.433739725807,0.0186527213242,0.28070492316,-1.29296430372,-1.19652132488,-0.337928222119,1.75602572012,0.313358162932,0.196424560762,0.662853118671,0.345044997348,-0.1511,0.0356,-0.0348,0.2868,-0.0954,-0.0378,-0.1511,-0.0356,0.0348,0.2868,-0.0954,0.0378,0,0,0,0,0,0,0,0,0,0,0,0,-0.000197612866515,5.63396753334e-05,0.000378455916639,1.7441395278e-05,-0.000108923657327,-7.99189192546e-05,-0.000316645626799,0,0,0,0,0,0,0,0,0,0,0,0,0,0,0,0,0,0,0,0,0,0,0,0,-0.0397685986447,0.00714220736983,0.0844096349922,0.00364613562454,0.32632749804,-0.0153282393275,-0.0418046194844,0,0,0,0,0,0,0,0,0,0,0,0
144,FRAME,NONE,139,139,1.3899999999999999,SERVE_FOLLOW,0.83499999999999996,0,0,0,0,0,-1.40463927513,0.33585055564,-0.155997071966,-0.433739725807,0.0186527213242,0.28070492316,-1.29296430372,-1.19652430726,-0.337927525196,1.75603176864,0.313358432561,0.196436095913,0.662851931548,0.345041040401,-0.1511,0.0356,-0.0348,0.2868,-0.0954,-0.0378,-0.1511,-0.0356,0.0348,0.2868,-0.0954,0.0378,0,0,0,0,0,0,0,0,0,0,0,0,-0.000226390941249,5.09952043259e-05,0.00046388942172,2.05683569704e-05,0.00105804149629,-9.02662145585e-05,-0.000288939192897,0,0,0,0,0,0,0,0,0,0,0,0,0,0,0,0,0,0,0,0,0,0,0,0,0.00519970341895,-0.00187275459515,-0.00907236794911,-0.000441671534623,0.0379306801852,0.0021184913912,0.0105299353122,0,0,0,0,0,0,0,0,0,0,0,0
145,FRAME,NONE,140,140,1.3999999999999999,SERVE_FOLLOW,0.84499999999999997,0,0,0,0,0,-1.40463927513,0.33585055564,-0.155997071966,-0.433739725807,0.0186527213242,0.28070492316,-1.29296430372,-1.1965258527,-0.337927202215,1.75603499791,0.313358574299,0.196445721592,0.662851313347,0.345039218564,-0.1511,0.0356,-0.0348,0.2868,-0.0954,-0.0378,-0.1511,-0.0356,0.0348,0.2868,-0.0954,0.0378,0,0,0,0,0,0,0,0,0,0,0,0,-9.3618798136e-05,1.88845834304e-05,0.000197008557656,8.60796458557e-06,0.000649689946378,-3.75490914306e-05,-0.000106046920556,0,0,0,0,0,0,0,0,0,0,0,0,0,0,0,0,0,0,0,0,0,0,0,0,0.0107524351306,-0.00248447332915,-0.0219114757999,-0.000975128020553,-0.044245275377,0.00428006345199,0.0141136470191,0,0,0,0,0,0,0,0,0,0,0,0
146,FRAME,NONE,141,141,1.4099999999999999,SERVE_FOLLOW,0.85499999999999998,0,0,0,0,0,-1.40463927513,0.33585055564,-0.155997071966,-0.433739725807,0.0186527213242,0.28070492316,-1.29296430372,-1.19652617964,-0.337927147504,1.75603570882,0.31335860472,0.196449089712,0.662851180566,0.345038919463,-0.1511,0.0356,-0.0348,0.2868,-0.0954,-0.0378,-0.1511,-0.0356,0.0348,0.2868,-0.0954,0.0378,0,0,0,0,0,0,0,0,0,0,0,0,-1.13422386372e-05,1.30573774293e-06,2.56599057225e-05,1.06579655934e-06,0.000173135988746,-4.66494551876e-06,-6.66625251389e-06,0,0,0,0,0,0,0,0,0,0,0,0,0,0,0,0,0,0,0,0,0,0,0,0,0.00522063637765,-0.00108081345901,-0.0109488517935,-0.000479895760214,-0.0336964674239,0.00209307785104,0.00608322621193,0,0,0,0,0,0,0,0,0,0,0,0
147,FRAME,NONE,142,142,1.4199999999999999,SERVE_FOLLOW,0.86499999999999999,0,0,0,0,0,-1.40463927513,0.33585055564,-0.155997071966,-0.433739725807,0.0186527213242,0.28070492316,-1.29296430372,-1.19652607955,-0.3379271761,1.7560355111,0.313358595615,0.196449184312,0.662851220048,0.345039085239,-0.1511,0.0356,-0.0348,0.2868,-0.0954,-0.0378,-0.1511,-0.0356,0.0348,0.2868,-0.0954,0.0378,0,0,0,0,0,0,0,0,0,0,0,0,1.07939294169e-05,-2.73168574982e-06,-2.19684782143e-05,-9.89950618702e-07,-2.42394021008e-05,4.31246559018e-06,1.56176036825e-05,0,0,0,0,0,0,0,0,0,0,0,0,0,0,0,0,0,0,0,0,0,0,0,0,0.000970813283097,-0.000153470180314,-0.00213107314406,-9.07016096952e-05,-0.0109591768104,0.000397282411968,0.000825768401019,0,0,0,0,0,0,0,0,0,0,0,0
148,FRAME,NONE,143,143,1.4299999999999999,SERVE_FOLLOW,0.875,0,0,0,0,0,-1.40463927513,0.33585055564,-0.155997071966,-0.433739725807,0.0186527213242,0.28070492316,-1.29296430372,-1.19652596376,-0.337927202138,1.75603526945,0.313358584921,0.196448604924,0.662851266815,0.345039231815,-0.1511,0.0356,-0.0348,0.2868,-0.0954,-0.0378,-0.1511,-0.0356,0.0348,0.2868,-0.0954,0.0378,0,0,0,0,0,0,0,0,0,0,0,0,8.07402702474e-06,-1.76366586335e-06,-1.69615571588e-05,-7.48235634562e-07,-4.60475474626e-05,3.2807027206e-06,9.8491155065e-06,0,0,0,0,0,0,0,0,0,0,0,0,0,0,0,0,0,0,0,0,0,0,0,0,-0.000411815943013,0.000111931175162,0.00082412223823,3.75801090247e-05,0.000141365356227,-0.000162692875005,-0.000647718274432,0,0,0,0,0,0,0,0,0,0,0,0
149,FRAME,NONE,144,144,1.4399999999999999,SERVE_FOLLOW,0.88500000000000001,0,0,0,0,0,-1.40463927513,0.33585055564,-0.155997071966,-0.433739725807,0.0186527213242,0.28070492316,-1.29296430372,-1.19652591807,-0.337927211373,1.75603517187,0.31335858065,0.196448263361,0.662851285662,0.345039282222,-0.1511,0.0356,-0.0348,0.2868,-0.0954,-0.0378,-0.1511,-0.0356,0.0348,0.2868,-0.0954,0.0378,0,0,0,0,0,0,0,0,0,0,0,0,2.55761055667e-06,-4.93062246587e-07,-5.48603344974e-06,-2.38348438208e-07,-2.14120949762e-05,1.05860809008e-06,2.66323819387e-06,0,0,0,0,0,0,0,0,0,0,0,0,0,0,0,0,0,0,0,0,0,0,0,0,-0.000403494038181,8.99658758602e-05,0.000845573578379,3.74304383322e-05,0.00212090900169,-0.000163567731859,-0.000504645342736,0,0,0,0,0,0,0,0,0,0,0,0
150,FRAME,NONE,145,145,1.45,SERVE_FOLLOW,0.89500000000000002,0,0,0,0,0,-1.40463927513,0.33585055564,-0.155997071966,-0.433739725807,0.0186527213242,0.28070492316,-1.29296430372,-1.19652591261,-0.337927211999,1.75603515973,0.313358580154,0.196448176682,0.662851287987,0.34503928508,-0.1511,0.0356,-0.0348,0.2868,-0.0954,-0.0378,-0.1511,-0.0356,0.0348,0.2868,-0.0954,0.0378,0,0,0,0,0,0,0,0,0,0,0,0,4.14626111223e-09,3.56516538513e-08,-5.008559123e-08,3.73132080789e-10,-3.62936742881e-06,9.34808341846e-09,-2.4379134822e-07,0,0,0,0,0,0,0,0,0,0,0,0,0,0,0,0,0,0,0,0,0,0,0,0,-0.000152243935791,3.03219391262e-05,0.000324795974005,1.41467224046e-05,0.00116615286663,-6.25439630642e-05,-0.000165946753838,0,0,0,0,0,0,0,0,0,0,0,0
151,FRAME,NONE,146,146,1.46,SERVE_FOLLOW,0.90500000000000003,0,0,0,0,0,-1.40463927513,0.33585055564,-0.155997071966,-0.433739725807,0.0186527213242,0.28070492316,-1.29296430372,-1.19652591798,-0.33792721066,1.75603517087,0.313358580657,0.196448190774,0.662851285849,0.345039277346,-0.1511,0.0356,-0.0348,0.2868,-0.0954,-0.0378,-0.1511,-0.0356,0.0348,0.2868,-0.0954,0.0378,0,0,0,0,0,0,0,0,0,0,0,0,-4.87268159155e-07,1.13376535937e-07,1.00988603036e-06,4.45860098841e-08,1.91096235641e-06,-1.92271171207e-07,-6.55696882901e-07,0,0,0,0,0,0,0,0,0,0,0,0,0,0,0,0,0,0,0,0,0,0,0,0,-1.60251040215e-05,1.4511310209e-06,3.48092621394e-05,1.33317773487e-06,0.000271282354983,-6.48092690625e-06,-6.9719825746e-06,0,0,0,0,0,0,0,0,0,0,0,0
152,FRAME,NONE,147,147,1.47,SERVE_FOLLOW,0.91500000000000004,0,0,0,0,0,-1.40463927513,0.33585055564,-0.155997071966,-0.433739725807,0.0186527213242,0.28070492316,-1.29296430372,-1.19652592235,-0.337927209732,1.75603517992,0.313358581046,0.196448214901,0.662851284142,0.345039271966,-0.1511,0.0356,-0.0348,0.2868,-0.0954,-0.0378,-0.1511,-0.0356,0.0348,0.2868,-0.0954,0.0378,0,0,0,0,0,0,0,0,0,0,0,0,-3.16355819319e-07,6.46742742694e-08,6.46099651558e-07,2.70366867783e-08,1.79627967084e-06,-1.20270454707e-07,-3.83230999712e-07,0,0,0,0,0,0,0,0,0,0,0,0,0,0,0,0,0,0,0,0,0,0,0,0,1.70994457482e-05,-4.37624755878e-06,-3.66866348411e-05,-1.73671840797e-06,-5.69683543394e-05,7.22522125463e-06,2.41020091385e-05,0,0,0,0,0,0,0,0,0,0,0,0
153,FRAME,NONE,148,148,1.48,SERVE_FOLLOW,0.92500000000000004,0,0,0,0,0,-1.40463927513,0.33585055564,-0.155997071966,-0.433739725807,0.0186527213242,0.28070492316,-1.29296430372,-1.19652592431,-0.337927209367,1.75603518379,0.313358581198,0.196448226699,0.662851283444,0.345039269681,-0.1511,0.0356,-0.0348,0.2868,-0.0954,-0.0378,-0.1511,-0.0356,0.0348,0.2868,-0.0954,0.0378,0,0,0,0,0,0,0,0,0,0,0,0,-1.4527924419e-07,2.58515847618e-08,2.76153333534e-07,9.85164172462e-09,7.71595269622e-07,-4.77667461141e-08,-1.73656700131e-07,0,0,0,0,0,0,0,0,0,0,0,0,0,0,0,0,0,0,0,0,0,0,0,0,1.31503802292e-05,-2.83533405088e-06,-2.78559908473e-05,-1.26674670753e-06,-8.12646000492e-05,5.37308142423e-06,1.57965340808e-05,0,0,0,0,0,0,0,0,0,0,0,0
154,FRAME,NONE,149,149,1.49,SERVE_FOLLOW,0.93500000000000005,0,0,0,0,0,-1.40463927513,0.33585055564,-0.155997071966,-0.433739725807,0.0186527213242,0.28070492316,-1.29296430372,-1.19652592526,-0.337927209215,1.75603518545,0.313358581243,0.196448230333,0.662851283186,0.345039268493,-0.1511,0.0356,-0.0348,0.2868,-0.0954,-0.0378,-0.1511,-0.0356,0.0348,0.2868,-0.0954,0.0378,0,0,0,0,0,0,0,0,0,0,0,0,-5.33482147347e-08,7.96759325183e-09,8.89798346115e-08,1.7017526277e-09,1.70987669856e-07,-1.28088262219e-08,-6.73003180962e-08,0,0,0,0,0,0,0,0,0,0,0,0,0,0,0,0,0,0,0,0,0,0,0,0,7.48354267444e-06,-1.37210520723e-06,-1.44909589883e-05,-5.46627604292e-07,-4.15438731333e-05,2.56052706815e-06,8.95954380131e-06,0,0,0,0,0,0,0,0,0,0,0,0
155,FRAME,NONE,150,150,1.5,SERVE_FOLLOW,0.94499999999999995,0,0,0,0,0,-1.40463927513,0.33585055564,-0.155997071966,-0.433739725807,0.0186527213242,0.28070492316,-1.29296430372,-1.19652592538,-0.337927209207,1.75603518557,0.313358581232,0.196448230119,0.662851283187,0.345039268335,-0.1511,0.0356,-0.0348,0.2868,-0.0954,-0.0378,-0.1511,-0.0356,0.0348,0.2868,-0.0954,0.0378,0,0,0,0,0,0,0,0,0,0,0,0,4.39160929844e-09,-1.59051938287e-09,-1.36658462324e-08,-1.08091036122e-09,-5.92821930434e-08,3.44379524897e-09,5.53417589533e-09,0,0,0,0,0,0,0,0,0,0,0,0,0,0,0,0,0,0,0,0,0,0,0,0,4.12017420182e-06,-6.23091439556e-07,-7.11374237294e-06,-1.02598485263e-08,-1.35199967888e-05,9.6682301054e-07,5.30054361514e-06,0,0,0,0,0,0,0,0,0,0,0,0
156,FRAME,NONE,151,151,1.51,SERVE_FOLLOW,0.95499999999999996,0,0,0,0,0,-1.40463927513,0.33585055564,-0.155997071966,-0.433739725807,0.0186527213242,0.28070492316,-1.29296430372,-1.19652592517,-0.337927209247,1.75603518517,0.313358581221,0.196448229148,0.662851283255,0.345039268603,-0.1511,0.0356,-0.0348,0.2868,-0.0954,-0.0378,-0.1511,-0.0356,0.0348,0.2868,-0.0954,0.0378,0,0,0,0,0,0,0,0,0,0,0,0,2.90552693016e-08,-4.49423553928e-09,-5.32950128473e-08,1.49655565718e-09,-9.94122659193e-08,6.5276339889e-09,3.87105542066e-08,0,0,0,0,0,0,0,0,0,0,0,0,0,0,0,0,0,0,0,0,0,0,0,0,1.13637266264e-06,-1.13645204358e-09,-1.69334546385e-06,5.4721505105e-07,-4.77215558736e-07,-2.05529759878e-07,1.58055804556e-06,0,0,0,0,0,0,0,0,0,0,0,0
157,FRAME,NONE,152,152,1.52,SERVE_FOLLOW,0.96499999999999997,0,0,0,0,0,-1.40463927513,0.33585055564,-0.155997071966,-0.433739725807,0.0186527213242,0.28070492316,-1.29296430372,-1.1965259248,-0.337927209297,1.75603518451,0.313358581262,0.196448228131,0.662851283318,0.345039269109,-0.1511,0.0356,-0.0348,0.2868,-0.0954,-0.0378,-0.1511,-0.0356,0.0348,0.2868,-0.0954,0.0378,0,0,0,0,0,0,0,0,0,0,0,0,2.71190625512e-08,-1.61324842374e-09,-4.75327555094e-08,9.86339065978e-09,-6.88265042181e-08,-6.6679994859e-10,3.71453368064e-08,0,0,0,0,0,0,0,0,0,0,0,0,0,0,0,0,0,0,0,0,0,0,0,0,-8.75680084e-07,3.74555664262e-07,1.7637041827e-06,7.14854425654e-07,3.99188009037e-06,-7.85100873202e-07,-1.2078711642e-06,0,0,0,0,0,0,0,0,0,0,0,0
158,FRAME,NONE,153,153,1.53,SERVE_FOLLOW,0.97499999999999998,0,0,0,0,0,-1.40463927513,0.33585055564,-0.155997071966,-0.433739725807,0.0186527213242,0.28070492316,-1.29296430372,-1.19652592463,-0.337927209279,1.75603518422,0.313358581419,0.196448227771,0.662851283242,0.345039269346,-0.1511,0.0356,-0.0348,0.2868,-0.0954,-0.0378,-0.1511,-0.0356,0.0348,0.2868,-0.0954,0.0378,0,0,0,0,0,0,0,0,0,0,0,0,1.15416676216e-08,2.99687774596e-09,-1.80209291933e-08,1.57936441703e-08,-1.95746641118e-08,-9.17438347514e-09,1.45531309226e-08,0,0,0,0,0,0,0,0,0,0,0,0,0,0,0,0,0,0,0,0,0,0,0,0,-1.02836905658e-06,-9.47689149378e-08,2.14536055587e-06,-1.12566678201e-06,3.5020829986e-06,5.01304553424e-07,-2.0407302237e-06,0,0,0,0,0,0,0,0,0,0,0,0
159,FRAME,NONE,154,154,1.54,SERVE_FOLLOW,0.98499999999999999,0,0,0,0,0,-1.40463927513,0.33585055564,-0.155997071966,-0.433739725807,0.0186527213242,0.28070492316,-1.29296430372,-1.19652592457,-0.337927209237,1.75603518415,0.313358581578,0.196448227739,0.662851283134,0.345039269401,-0.1511,0.0356,-0.0348,0.2868,-0.0954,-0.0378,-0.1511,-0.0356,0.0348,0.2868,-0.0954,0.0378,0,0,0,0,0,0,0,0,0,0,0,0,6.55168141961e-09,-3.50862672249e-09,-4.62554439196e-09,-1.26499449804e-08,1.2151557538e-09,9.35929111989e-09,-3.66926766748e-09,0,0,0,0,0,0,0,0,0,0,0,0,0,0,0,0,0,0,0,0,0,0,0,0,-2.65141242295e-07,-1.96471644509e-06,8.77246053577e-07,-7.18385378962e-06,9.86919782009e-07,5.05221725566e-06,-2.05109651485e-06,0,0,0,0,0,0,0,0,0,0,0,0
160,FRAME,NONE,155,155,1.55,SERVE_FOLLOW,0.995,0,0,0,0,0,-1.40463927513,0.33585055564,-0.155997071966,-0.433739725807,0.0186527213242,0.28070492316,-1.29296430372,-1.1965259245,-0.337927209349,1.75603518413,0.313358581166,0.196448227795,0.662851283429,0.345039269273,-0.1511,0.0356,-0.0348,0.2868,-0.0954,-0.0378,-0.1511,-0.0356,0.0348,0.2868,-0.0954,0.0378,0,0,0,0,0,0,0,0,0,0,0,0,6.23884277573e-09,-3.62974511559e-08,-4.76008121808e-10,-1.27883431622e-07,1.63731528335e-10,9.18699616381e-08,-2.64687993745e-08,0,0,0,0,0,0,0,0,0,0,0,0,0,0,0,0,0,0,0,0,0,0,0,0,-6.84892142999e-07,-4.5916619118e-06,6.50445253214e-07,-1.5716987295e-05,-1.16035743514e-06,1.12951548115e-05,-2.22794643845e-06,0,0,0,0,0,0,0,0,0,0,0,0
161,FRAME,NONE,156,156,1.5600000000000001,SERVE_FOLLOW,1.0049999999999999,0,0,0,0,0,-1.40463927513,0.33585055564,-0.155997071966,-0.433739725807,0.0186527213242,0.28070492316,-1.29296430372,-1.19652592444,-0.337927209963,1.75603518414,0.31335857902,0.196448227742,0.662851284972,0.345039268871,-0.1511,0.0356,-0.0348,0.2868,-0.0954,-0.0378,-0.1511,-0.0356,0.0348,0.2868,-0.0954,0.0378,0,0,0,0,0,0,0,0,0,0,0,0,-7.14616144037e-09,-9.53418649585e-08,8.38336067233e-09,-3.2698969088e-07,-2.19919929489e-08,2.35262387349e-07,-4.82281964365e-08,0,0,0,0,0,0,0,0,0,0,0,0,0,0,0,0,0,0,0,0,0,0,0,0,-4.66937599697e-06,-2.94125876432e-06,4.23189039367e-06,-1.0152840374e-05,5.30438193369e-07,7.03357178056e-06,-1.35660344069e-06,0,0,0,0,0,0,0,0,0,0,0,0
162,FRAME,NONE,157,157,1.5700000000000001,SERVE_FOLLOW,1.0149999999999999,0,0,0,0,0,-1.40463927513,0.33585055564,-0.155997071966,-0.433739725807,0.0186527213242,0.28070492316,-1.29296430372,-1.19652592464,-0.337927211256,1.7560351843,0.313358574626,0.196448227356,0.662851288134,0.345039268308,-0.1511,0.0356,-0.0348,0.2868,-0.0954,-0.0378,-0.1511,-0.0356,0.0348,0.2868,-0.0954,0.0378,0,0,0,0,0,0,0,0,0,0,0,0,-8.71486771636e-08,-9.51226264423e-08,8.41617997516e-08,-3.30940239102e-07,1.07724953957e-08,2.32541397249e-07,-5.36008681884e-08,0,0,0,0,0,0,0,0,0,0,0,0,0,0,0,0,0,0,0,0,0,0,0,0,-6.23403551003e-06,1.39763782492e-05,1.72035719004e-06,4.97457711135e-05,-2.34431564439e-06,-3.54462620367e-05,1.33540982439e-05,0,0,0,0,0,0,0,0,0,0,0,0
163,FRAME,NONE,158,158,1.5800000000000001,SERVE_FOLLOW,1.0249999999999999,0,0,0,0,0,-1.40463927513,0.33585055564,-0.155997071966,-0.433739725807,0.0186527213242,0.28070492316,-1.29296430372,-1.19652592618,-0.337927211866,1.75603518582,0.313358572401,0.196448227958,0.662851289623,0.345039267799,-0.1511,0.0356,-0.0348,0.2868,-0.0954,-0.0378,-0.1511,-0.0356,0.0348,0.2868,-0.0954,0.0378,0,0,0,0,0,0,0,0,0,0,0,0,-1.31826871641e-07,1.84185700025e-07,4.27905044731e-08,6.6792573139e-07,-6.88783058367e-08,-4.73662853384e-07,2.18853768441e-07,0,0,0,0,0,0,0,0,0,0,0,0,0,0,0,0,0,0,0,0,0,0,0,0,1.02535940849e-05,5.60386637094e-05,-2.54750254225e-05,0.000201208836953,-2.22230358421e-05,-0.000141244978491,5.45673370378e-05,0,0,0,0,0,0,0,0,0,0,0,0
164,FRAME,NONE,159,159,1.5900000000000001,SERVE_FOLLOW,1.0349999999999999,0,0,0,0,0,-1.40463927513,0.33585055564,-0.155997071966,-0.433739725807,0.0186527213242,0.28070492316,-1.29296430372,-1.19652592728,-0.337927207572,1.75603518515,0.313358587984,0.196448225978,0.662851278661,0.345039272685,-0.1511,0.0356,-0.0348,0.2868,-0.0954,-0.0378,-0.1511,-0.0356,0.0348,0.2868,-0.0954,0.0378,0,0,0,0,0,0,0,0,0,0,0,0,1.17923204535e-07,1.02565064775e-06,-4.25338708698e-07,3.69323649996e-06,-4.33688221446e-07,-2.59235817257e-06,1.03774587257e-06,0,0,0,0,0,0,0,0,0,0,0,0,0,0,0,0,0,0,0,0,0,0,0,0,5.4122767934e-05,0.000101410088105,-7.12629649735e-05,0.000361330443066,-3.72464208087e-05,-0.000253083997925,8.70826308286e-05,0,0,0,0,0,0,0,0,0,0,0,0
165,FRAME,NONE,160,160,1.6000000000000001,SERVE_FOLLOW,1.0449999999999999,0,0,0,0,0,-1.40463927513,0.33585055564,-0.155997071966,-0.433739725807,0.0186527213242,0.28070492316,-1.29296430372,-1.19652592382,-0.337927191353,1.75603517731,0.313358646266,0.196448219284,0.662851237775,0.345039288554,-0.1511,0.0356,-0.0348,0.2868,-0.0954,-0.0378,-0.1511,-0.0356,0.0348,0.2868,-0.0954,0.0378,0,0,0,0,0,0,0,0,0,0,0,0,9.5062848704e-07,2.21238746212e-06,-1.382468795e-06,7.89453459271e-06,-8.13806722011e-07,-5.53534281189e-06,1.96050638501e-06,0,0,0,0,0,0,0,0,0,0,0,0,0,0,0,0,0,0,0,0,0,0,0,0,0.000113857434592,3.70345949741e-05,-9.25520848849e-05,0.000124008552732,-5.65338255376e-06,-8.51931505896e-05,7.50040168862e-07,0,0,0,0,0,0,0,0,0,0,0,0
166,FRAME,NONE,161,161,1.6100000000000001,SERVE_FOLLOW,1.0549999999999999,0,0,0,0,0,-1.40463927513,0.33585055564,-0.155997071966,-0.433739725807,0.0186527213242,0.28070492316,-1.29296430372,-1.19652590827,-0.337927163324,1.7560351575,0.313358745875,0.196448209702,0.662851167954,0.345039311895,-0.1511,0.0356,-0.0348,0.2868,-0.0954,-0.0378,-0.1511,-0.0356,0.0348,0.2868,-0.0954,0.0378,0,0,0,0,0,0,0,0,0,0,0,0,2.39507189637e-06,1.76634254723e-06,-2.2763804064e-06,6.1734075546e-06,-5.46755872521e-07,-4.29622118436e-06,1.05274667594e-06,0,0,0,0,0,0,0,0,0,0,0,0,0,0,0,0,0,0,0,0,0,0,0,0,0.000103948975538,-0.000356669168644,2.29588625889e-05,-0.00128333535063,0.000112596901941,0.000908044392733,-0.000369397475664,0,0,0,0,0,0,0,0,0,0,0,0
167,FRAME,NONE,162,162,1.6200000000000001,SERVE_FOLLOW,1.0649999999999999,0,0,0,0,0,-1.40463927513,0.33585055564,-0.155997071966,-0.433739725807,0.0186527213242,0.28070492316,-1.29296430372,-1.19652587592,-0.337927156026,1.75603513179,0.313358769734,0.196448208349,0.662851151851,0.345039309609,-0.1511,0.0356,-0.0348,0.2868,-0.0954,-0.0378,-0.1511,-0.0356,0.0348,0.2868,-0.0954,0.0378,0,0,0,0,0,0,0,0,0,0,0,0,3.02960799781e-06,-4.92099591076e-06,-9.2329154322e-07,-1.77721724198e-05,1.43813131681e-06,1.26255450428e-05,-5.42744312826e-06,0,0,0,0,0,0,0,0,0,0,0,0,0,0,0,0,0,0,0,0,0,0,0,0,-0.000211719339283,-0.00121072287237,0.000484744734908,-0.00430858329278,0.000350498197618,0.00303617263664,-0.00107967709398,0,0,0,0,0,0,0,0,0,0,0,0
168,FRAME,NONE,163,163,1.6299999999999999,SERVE_FOLLOW,1.075,0,0,0,0,0,-1.40463927513,0.33585055564,-0.155997071966,-0.433739725807,0.0186527213242,0.28070492316,-1.29296430372,-1.19652584767,-0.337927261744,1.75603513904,0.313358390432,0.196448238464,0.662851420465,0.345039203347,-0.1511,0.0356,-0.0348,0.2868,-0.0954,-0.0378,-0.1511,-0.0356,0.0348,0.2868,-0.0954,0.0378,0,0,0,0,0,0,0,0,0,0,0,0,-1.83931488928e-06,-2.24481149003e-05,7.41851429176e-06,-7.99982583011e-05,6.46320807984e-06,5.64272315484e-05,-2.05407952036e-05,0,0,0,0,0,0,0,0,0,0,0,0,0,0,0,0,0,0,0,0,0,0,0,0,-0.00112209415759,-0.0020412426234,0.0014002508486,-0.00720368279514,0.000616179596791,0.00504852093741,-0.00163559774308,0,0,0,0,0,0,0,0,0,0,0,0
169,FRAME,NONE,164,164,1.6399999999999999,SERVE_FOLLOW,1.085,0,0,0,0,0,-1.40463927513,0.33585055564,-0.155997071966,-0.433739725807,0.0186527213242,0.28070492316,-1.29296430372,-1.19652591271,-0.337927604988,1.75603528016,0.313357169769,0.196448337613,0.662852280396,0.345038898793,-0.1511,0.0356,-0.0348,0.2868,-0.0954,-0.0378,-0.1511,-0.0356,0.0348,0.2868,-0.0954,0.0378,0,0,0,0,0,0,0,0,0,0,0,0,-1.9412275154e-05,-4.57458483788e-05,2.70817254289e-05,-0.000161845828323,1.37617232526e-05,0.000113595963791,-3.81393979898e-05,0,0,0,0,0,0,0,0,0,0,0,0,0,0,0,0,0,0,0,0,0,0,0,0,-0.00245539099886,-0.00114300161849,0.00219885674946,-0.00388665373732,0.000455917866238,0.00264721819104,-0.0005110947017,0,0,0,0,0,0,0,0,0,0,0,0
170,FRAME,NONE,165,165,1.6499999999999999,SERVE_FOLLOW,1.095,0,0,0,0,0,-1.40463927513,0.33585055564,-0.155997071966,-0.433739725807,0.0186527213242,0.28070492316,-1.29296430372,-1.19652623592,-0.337928176661,1.75603568067,0.313355153515,0.196448513699,0.662853692384,0.345038440559,-0.1511,0.0356,-0.0348,0.2868,-0.0954,-0.0378,-0.1511,-0.0356,0.0348,0.2868,-0.0954,0.0378,0,0,0,0,0,0,0,0,0,0,0,0,-5.09471348664e-05,-4.53081472701e-05,5.13956492809e-05,-0.000157731333048,1.55815654046e-05,0.000109371595369,-3.07626892376e-05,0,0,0,0,0,0,0,0,0,0,0,0,0,0,0,0,0,0,0,0,0,0,0,0,-0.00273384485661,0.00426524402311,0.00100485581023,0.0153999433189,-0.000972725549137,-0.0109881181576,0.00453006423026,0,0,0,0,0,0,0,0,0,0,0,0
171,FRAME,FOLLOWTHROUGH_END,166,166,1.6599999999999999,SERVE_FOLLOW,1.1000000000000001,0,0,0,0,0,-1.40463927513,0.33585055564,-0.155997071966,-0.433739725807,0.0186527213242,0.28070492316,-1.29296430372,-1.19652693165,-0.337928511151,1.75603630807,0.313354015143,0.196448649245,0.662854467828,0.345038283539,-0.1511,0.0356,-0.0348,0.2868,-0.0954,-0.0378,-0.1511,-0.0356,0.0348,0.2868,-0.0954,0.0378,0,0,0,0,0,0,0,0,0,0,0,0,-7.40891722861e-05,3.95590320834e-05,4.71788416334e-05,0.000146153038055,-5.6927877301e-06,-0.000106166399361,5.24618866155e-05,0,0,0,0,0,0,0,0,0,0,0,0,0,0,0,0,0,-0.0101056740254,-0.00269277633358,-0.00113805857301,0.0329329643653,0.000299697690163,-0.0205233545962,-0.000243542535028,0.00132644593864,0.0163730685748,-0.005314731093,0.0578573352707,-0.00447306542445,-0.040704256298,0.0147348935932,1.84260493669e-05,0,0,-3.68520987337e-05,-2.30325617259e-05,0,1.84260493669e-05,0,0,-3.68520987337e-05,-2.30325617259e-05,0
172,FRAME,RECOVERY_START,167,167,1.6699999999999999,RECOVERY,1.1000000000000014,0,0,0,0,0,-1.40463927513,0.33585055564,-0.155997071966,-0.433739725807,0.0186527213242,0.28070492316,-1.29296430372,-1.1965277177,-0.337927385481,1.75603662425,0.313358076576,0.196448399843,0.662851569056,0.345039489796,-0.1511,0.0356,-0.0348,0.2868,-0.0954,-0.0378,-0.1511,-0.0356,0.0348,0.2868,-0.0954,0.0378,0,0,0,0,0,-0.000202113480507,-5.38555266716e-05,-2.27611714601e-05,0.000658659287306,5.99395380326e-06,-0.000410467091924,-4.87085070056e-06,-2.44182160936e-05,0.000282153224226,-5.4898972579e-05,0.000999415372366,-7.38797430844e-05,-0.000704713530592,0.000263935182626,3.68520987337e-07,0,0,-7.37041974674e-07,-4.60651234518e-07,0,3.68520987337e-07,0,0,-7.37041974674e-07,-4.60651234518e-07,0,0,0,0,0,0,-0.0314323593331,-0.0114289154463,-0.00393657895476,0.134661619826,0.00133574739545,-0.0842379663651,0.00417118189988,0.0139053659148,0.0343898245662,-0.0198188191008,0.119577821282,-0.0101129897036,-0.0833355872318,0.028336668824,0.000146670617249,0,0,-0.000293341234636,-0.000183338271648,0,0.000146670617249,0,0,-0.000293341234636,-0.000183338271648,0
173,FRAME,NONE,168,168,1.6799999999999999,RECOVERY,1.1000000000000014,0,0,0,0,0,-1.4046433174,0.335849478529,-0.15599752719,-0.433726552621,0.0186528412033,0.280696713818,-1.29296440114,-1.19652742002,-0.337922868087,1.75603521009,0.31337400345,0.19644717165,0.662840373557,0.345043562243,-0.15109999263,0.0356,-0.0348,0.286799985259,-0.095400009213,-0.0378,-0.15109999263,-0.0356,0.0348,0.286799985259,-0.095400009213,0.0378,0,0,0,0,0,-0.000628647186662,-0.000228578308925,-7.87315790951e-05,0.00269323239651,2.67149479091e-05,-0.0016847593273,8.34236379976e-05,0.000204018146011,0.000727355523408,-0.000349197540384,0.0025377094637,-0.000207952581802,-0.001772878144,0.000619195263096,2.93341234497e-06,0,0,-5.86682469272e-06,-3.66676543295e-06,0,2.93341234497e-06,0,0,-5.86682469272e-06,-3.66676543295e-06,0,0,0,0,0,0,-0.0304875888929,-0.0217944838433,-0.00520977549351,0.243642657559,0.00271091152098,-0.153259061567,0.0213326658277,0.0376372298044,0.0540100192774,-0.04344380305,0.18460771628,-0.0169285182507,-0.127376464297,0.0407337950478,0.000455677901245,0,0,-0.00091135580263,-0.000569597376557,0,0.000455677901245,0,0,-0.00091135580263,-0.000569597376557,0
174,FRAME,NONE,169,169,1.6899999999999999,RECOVERY,1.1000000000000014,0,0,0,0,0,-1.40465184808,0.335845984074,-0.155998646598,-0.433685861159,0.0186532556232,0.280671227973,-1.29296263525,-1.19652363734,-0.33791283837,1.7560296403,0.313408830765,0.196444240792,0.662816111494,0.345051873702,-0.151099941332,0.0356,-0.0348,0.286799882664,-0.0954000733353,-0.0378,-0.151099941332,-0.0356,0.0348,0.286799882664,-0.0954000733353,0.0378,0,0,0,0,0,-0.000811865258366,-0.000489745203539,-0.00012695668133,0.00553151243848,6.0212184223e-05,-0.00347564832327,0.000421782465854,0.000728326379995,0.00136235360977,-0.000923775033579,0.00469156969797,-0.000412450108098,-0.00325224281654,0.00107861108358,9.48207901225e-06,0,0,-1.89641580273e-05,-1.18525987657e-05,0,9.48207901225e-06,0,0,-1.89641580273e-05,-1.18525987657e-05,0,0,0,0,0,0,0.00796724026864,-0.0280399664181,-0.00302152890153,0.292377644827,0.00374939865138,-0.185337843411,0.0488837231349,0.0715992992861,0.0702550864351,-0.0741461807852,0.235879872583,-0.0234916385858,-0.160994725059,0.0476177146444,0.00086826666669,0,0,-0.00173653333324,-0.00108533333328,0,0.00086826666669,0,0,-0.00173653333324,-0.00108533333328,0
175,FRAME,NONE,170,170,1.7,RECOVERY,1.1000000000000014,0,0,0,0,0,-1.40465955471,0.335839683625,-0.156000066323,-0.433615922372,0.018654045447,0.280627200852,-1.29295596549,-1.19651285349,-0.337895621014,1.75601673459,0.313467834844,0.196438922647,0.662775328701,0.345065134465,-0.151099802988,0.0356,-0.0348,0.286799605976,-0.095400246265,-0.0378,-0.151099802988,-0.0356,0.0348,0.286799605976,-0.095400246265,0.0378,0,0,0,0,0,-0.00046930238129,-0.000789377637286,-0.000139162157126,0.00854078529306,0.000101702920937,-0.00539151619553,0.0010610981007,0.00163600413173,0.00213245725211,-0.00183212115609,0.00725530691537,-0.000677785353517,-0.00499277264518,0.00157154955598,2.02987456788e-05,0,0,-4.05974913575e-05,-2.53734320985e-05,0,2.02987456788e-05,0,0,-4.05974913575e-05,-2.53734320985e-05,0,0,0,0,0,0,0.0599980746241,-0.0318468386339,0.000543788198984,0.30928646617,0.00453912556684,-0.197683862041,0.0786700986827,0.111839153352,0.0810504038448,-0.108170606646,0.267056946582,-0.028704160726,-0.180152792765,0.0478565531645,0.0012906962963,0,0,-0.00258139259246,-0.00161337037036,0,0.0012906962963,0,0,-0.00258139259246,-0.00161337037036,0
176,FRAME,NONE,171,171,1.71,RECOVERY,1.1000000000000014,0,0,0,0,0,-1.40466123413,0.335830196521,-0.156001429841,-0.433515045453,0.0186552896816,0.28056339765,-1.29294141328,-1.19649091726,-0.337870189225,1.75599299788,0.313553936903,0.196430685084,0.662716256041,0.345083304693,-0.151099535357,0.0356,-0.0348,0.286799070714,-0.095400580804,-0.0378,-0.151099535357,-0.0356,0.0348,0.286799070714,-0.095400580804,0.0378,0,0,0,0,0,0.000388096234116,-0.00112668197622,-0.000116080917351,0.0117172417619,0.00015099469556,-0.00742932556409,0.00199518443951,0.00296510944703,0.00298336168667,-0.00308718716651,0.0100327086296,-0.000986533322618,-0.00685529867184,0.00203574214687,3.52960049382e-05,0,0,-7.05920098765e-05,-4.41200061728e-05,0,3.52960049382e-05,0,0,-7.05920098765e-05,-4.41200061728e-05,0,0,0,0,0,0,0.110932596922,-0.0355748662632,0.00403593058348,0.325816067104,0.00530891967391,-0.209722307005,0.107839146611,0.153857706715,0.0876769445284,-0.14209088234,0.28316730272,-0.03203416607,-0.188727932131,0.0432013956797,0.00170441481484,0,0,-0.00340882962968,-0.00213051851855,0,0.00170441481484,0,0,-0.00340882962968,-0.00213051851855,0
177,FRAME,NONE,172,172,1.72,RECOVERY,1.1000000000000014,0,0,0,0,0,-1.40465179278,0.335817149986,-0.156002387942,-0.433381577537,0.0186570653409,0.28047861434,-1.2929160618,-1.1964535513,-0.337835953781,1.75595499085,0.313668489017,0.196419191981,0.662638222727,0.345105849308,-0.151099097068,0.0356,-0.0348,0.286798194136,-0.0954011286651,-0.0378,-0.151099097068,-0.0356,0.0348,0.286798194136,-0.0954011286651,0.0378,0,0,0,0,0,0.00174934955715,-0.00150087496255,-5.84435454559e-05,0.0150571066351,0.000207881314415,-0.00958596233564,0.00321788103291,0.00471315826603,0.00388599614268,-0.00467393880289,0.0129186529698,-0.00131846867492,-0.00876733128781,0.00243557746958,5.43870419756e-05,0,0,-0.000108774083951,-6.79838024695e-05,0,5.43870419756e-05,0,0,-0.000108774083951,-6.79838024695e-05,0,0,0,0,0,0,0.160767172009,-0.0392251568893,0.00745510188895,0.341970274095,0.00605740427479,-0.221445887829,0.136393423303,0.194812029587,0.0925210020217,-0.174199037431,0.292795525171,-0.0336466169287,-0.192913231988,0.0362360333837,0.00210948148151,0,0,-0.00421896296288,-0.00263685185187,0,0.00210948148151,0,0,-0.00421896296288,-0.00263685185187,0
178,FRAME,NONE,173,173,1.73,RECOVERY,1.1000000000000014,0,0,0,0,0,-1.40462624713,0.335800179022,-0.156002598712,-0.43321390332,0.0186594473079,0.280371678403,-1.29287705566,-1.19639665409,-0.337792469302,1.7558995191,0.313812309963,0.196404315711,0.662540909415,0.345132016242,-0.151098447616,0.0356,-0.0348,0.286796895232,-0.09540194048,-0.0378,-0.151098447616,-0.0356,0.0348,0.286796895232,-0.09540194048,0.0378,0,0,0,0,0,0.00360343967429,-0.001911185114,3.30211204283e-05,0.0185566472438,0.000272142781056,-0.0118582433207,0.00472305290556,0.00686135003878,0.0048337817271,-0.00657116791513,0.015888619133,-0.00165946566119,-0.0107135633116,0.00276046281455,7.74856345684e-05,0,0,-0.000154971269134,-9.68570432101e-05,0,7.74856345684e-05,0,0,-0.000154971269134,-9.68570432101e-05,0,0,0,0,0,0,0.209498080199,-0.0427989514541,0.0108014505017,0.357753734168,0.00678319842343,-0.232848061574,0.164335470104,0.234057003125,0.0971520547684,-0.20470957704,0.301694880704,-0.0345720720448,-0.196718982396,0.0290477802009,0.00250595555557,0,0,-0.00501191111099,-0.00313244444439,0,0.00250595555557,0,0,-0.00501191111099,-0.00313244444439,0
179,FRAME,NONE,174,174,1.74,RECOVERY,1.1000000000000014,0,0,0,0,0,-1.40457972399,0.335778926283,-0.156001727519,-0.433010444592,0.0186625081965,0.280241449474,-1.29282160074,-1.1963163243,-0.337739278146,1.75582356749,0.313986261399,0.196386002668,0.662423951461,0.345161058564,-0.151097547355,0.0356,-0.0348,0.28679509471,-0.095403065806,-0.0378,-0.151097547355,-0.0356,0.0348,0.28679509471,-0.095403065806,0.0378,0,0,0,0,0,0.00593931116112,-0.00235685399163,0.000157585464577,0.0222121813185,0.000343545282883,-0.0142429235671,0.00650459043499,0.00939429832852,0.00582903723804,-0.00876813034368,0.0189525505838,-0.00200991011581,-0.0127017109357,0.0030165330736,0.000104506153087,0,0,-0.000209012306171,-0.000130632691357,0,0.000104506153087,0,0,-0.000209012306171,-0.000130632691357,0,0,0,0,0,0,0.257121560298,-0.0462976112316,0.0140750753969,0.373171846037,0.00748492275767,-0.243923004465,0.191667819092,0.272268076524,0.101982141139,-0.234875131504,0.311662602188,-0.0363172753998,-0.20126469179,0.0229239971111,0.00289389629628,0,0,-0.00578779259269,-0.00361737037036,0,0.00289389629628,0,0,-0.00578779259269,-0.00361737037036,0
180,FRAME,NONE,175,175,1.75,RECOVERY,1.1000000000000014,0,0,0,0,0,-1.40450746091,0.335753041942,-0.155999447003,-0.432769659694,0.0186663182136,0.280086819931,-1.29274696385,-1.19620876812,-0.337675888557,1.75572415649,0.314191360974,0.196364117509,0.662286875196,0.345192346904,-0.151096357493,0.0356,-0.0348,0.286792714986,-0.0954045531338,-0.0378,-0.151096357493,-0.0356,0.0348,0.286792714986,-0.0954045531338,0.0378,0,0,0,0,0,0.00874587088026,-0.00283713733863,0.000314522628367,0.0260200841645,0.000421841236209,-0.01673670341,0.00855640928741,0.0123067115693,0.00687342454989,-0.0112686705452,0.0221218711768,-0.00238581116919,-0.0147388571474,0.00321894275677,0.000135363560494,0,0,-0.000270727120988,-0.000169204450617,0,0.000135363560494,0,0,-0.000270727120988,-0.000169204450617,0,0,0,0,0,0,0.30363385167,-0.0497226049549,0.0172760318461,0.388230692018,0.00816120530882,-0.254665583369,0.218392998722,0.310186021905,0.106848308607,-0.265672324348,0.322362095148,-0.039855697494,-0.206204335615,0.0183069194279,0.00327336296291,0,0,-0.00654672592609,-0.00409170370377,0,0.00327336296291,0,0,-0.00654672592609,-0.00409170370377,0
181,FRAME,NONE,176,176,1.76,RECOVERY,1.1000000000000014,0,0,0,0,0,-1.40440480657,0.335722183537,-0.155995437067,-0.432490042909,0.0186709450213,0.279906715406,-1.29265047255,-1.19607019007,-0.337601809655,1.75559819408,0.314428698823,0.196338286444,0.662129174318,0.345225437419,-0.151094840084,0.0356,-0.0348,0.286789680168,-0.095406449895,-0.0378,-0.151094840084,-0.0356,0.0348,0.286789680168,-0.095406449895,0.0378,0,0,0,0,0,0.0120119881945,-0.00335130609073,0.0005031061015,0.0299767951589,0.00050676938906,-0.0193362352345,0.0108724504094,0.0155980187666,0.00796600341018,-0.0140815768306,0.0253997924868,-0.00280702406569,-0.016825797648,0.00338267146215,0.000169973412345,0,0,-0.000339946824693,-0.000212466765433,0,0.000169973412345,0,0,-0.000339946824693,-0.000212466765433,0,0,0,0,0,0,0.349031235041,-0.0530754960469,0.0204043370813,0.402936970882,0.00881068717751,-0.265071327017,0.244513539225,0.347741939641,0.111605492517,-0.296748257428,0.333115649479,-0.0445576491613,-0.211118675013,0.0146134504246,0.00364441481479,0,0,-0.00728882962958,-0.00455551851852,0,0.00364441481479,0,0,-0.00728882962958,-0.00455551851852,0
182,FRAME,NONE,177,177,1.77,RECOVERY,1.1000000000000014,0,0,0,0,0,-1.40426722115,0.33568601582,-0.155989384881,-0.432170123791,0.0186764536013,0.279700095227,-1.29252951485,-1.19589680775,-0.337516568489,1.75544252496,0.314699356824,0.196307977027,0.661950359243,0.345260000333,-0.151092958025,0.0356,-0.0348,0.286785916049,-0.0954088024691,-0.0378,-0.151092958025,-0.0356,0.0348,0.286785916049,-0.0954088024691,0.0378,0,0,0,0,0,0.0157264955811,-0.00389864725957,0.000722609369992,0.0340788235822,0.000598054979759,-0.0220381299503,0.0134466800719,0.0192615503621,0.00910553440023,-0.0172036356938,0.0287841841664,-0.00327696415241,-0.0189612306477,0.00351121176526,0.00020825185679,0,0,-0.000416503713579,-0.000260314820988,0,0.00020825185679,0,0,-0.000416503713579,-0.000260314820988,0,0,0,0,0,0,0.393310071806,-0.0563579300564,0.0234599758572,0.417297931907,0.00943202807709,-0.27513639698,0.270031977757,0.384252607083,0.116284157859,-0.326841034766,0.343591304583,-0.0487432912537,-0.21594669408,0.0107318702791,0.00400711111112,0,0,-0.0080142222221,-0.00500888888887,0,0.00400711111112,0,0,-0.0080142222221,-0.00500888888887,0
183,FRAME,NONE,178,178,1.78,RECOVERY,1.1000000000000014,0,0,0,0,0,-1.40409027666,0.335644210591,-0.155980984879,-0.431808466437,0.0186829061209,0.279465952807,-1.29238153895,-1.19568495906,-0.337419698967,1.75525412136,0.315004382506,0.196272747161,0.661749949705,0.345295661654,-0.151090675047,0.0356,-0.0348,0.286781350094,-0.0954116561914,-0.0378,-0.151090675047,-0.0356,0.0348,0.286781350094,-0.0954116561914,0.0378,0,0,0,0,0,0.0198781896306,-0.00447846469186,0.000972305618645,0.038322753797,0.000695409950602,-0.0248389631741,0.0162730899646,0.0232830709083,0.0102916865674,-0.020618397526,0.0322716185785,-0.00378188989077,-0.0211447315296,0.00359730886774,0.000250115634567,0,0,-0.000500231269135,-0.00031264454321,0,0.000250115634567,0,0,-0.000500231269135,-0.00031264454321,0,0,0,0,0,0,0.436466841844,-0.0595716223428,0.0264429058434,0.431321310157,0.0100239118065,-0.284857558474,0.294950863375,0.419336586106,0.120930052894,-0.355297652272,0.35372865993,-0.0515717624191,-0.220735218533,0.00613879941921,0.00436151111109,0,0,-0.00872302222232,-0.00545188888888,0,0.00436151111109,0,0,-0.00872302222232,-0.00545188888888,0
184,FRAME,NONE,179,179,1.79,RECOVERY,1.1000000000000014,0,0,0,0,0,-1.40386965736,0.335596446526,-0.155969938768,-0.431403668715,0.0186903618004,0.279203315963,-1.29220405305,-1.19543114633,-0.337310734758,1.75503015701,0.315344789196,0.19623233923,0.661527464613,0.34533194651,-0.151087955712,0.0356,-0.0348,0.286775911424,-0.09541505536,-0.0378,-0.151087955712,-0.0356,0.0348,0.286775911424,-0.09541505536,0.0378,0,0,0,0,0,0.024455832418,-0.00509007970643,0.00125146748686,0.0427052497853,0.000798533215889,-0.0277352811198,0.0193456973394,0.0276482820842,0.0115241354581,-0.0243095887392,0.035858757365,-0.0043083994008,-0.0233759350183,0.00363398775365,0.000295482079012,0,0,-0.000590964158026,-0.000369352598766,0,0.000295482079012,0,0,-0.000590964158026,-0.000369352598766,0,0,0,0,0,0,0.478498179811,-0.0627183459297,0.02935306296,0.445015263154,0.0105850515303,-0.294232151051,0.319272761725,0.453195664984,0.125509458024,-0.38249390665,0.36353609971,-0.0535356721275,-0.225442627156,0.00113907400998,0.00470767407411,0,0,-0.00941534814822,-0.00588459259258,0,0.00470767407411,0,0,-0.00941534814822,-0.00588459259258,0
185,FRAME,NONE,180,180,1.8,RECOVERY,1.1000000000000014,0,0,0,0,0,-1.40360116001,0.335542408997,-0.15595595553,-0.430954361442,0.0186988767852,0.278911247184,-1.29199462501,-1.19513199342,-0.337189216258,1.75476792959,0.315721557653,0.196186579173,0.661282431005,0.345368341409,-0.151084765405,0.0356,-0.0348,0.286769530811,-0.0954190432434,-0.0378,-0.151084765405,-0.0356,0.0348,0.286769530811,-0.0954190432434,0.0378,0,0,0,0,0,0.0294481532269,-0.00573283161045,0.00155936687784,0.0472230590601,0.000907110981208,-0.0307236061951,0.0226585451991,0.032346984208,0.0128018757278,-0.028268275659,0.0395423405727,-0.00485260333332,-0.0256535840728,0.00362009034794,0.00034426911605,0,0,-0.000688538232099,-0.000430336395062,0,0.00034426911605,0,0,-0.000688538232099,-0.000430336395062,0,0,0,0,0,0,0.519400909718,-0.0657999196035,0.032190366576,0.458388309037,0.0111141948908,-0.303258059163,0.343000259462,0.486163594969,0.129966160676,-0.409025920384,0.373016200016,-0.055404396785,-0.229994995286,-0.00379978451023,0.0050456592593,0,0,-0.0100913185185,-0.00630707407405,0,0.0050456592593,0,0,-0.0100913185185,-0.00630707407405,0
186,FRAME,NONE,181,181,1.8100000000000001,RECOVERY,1.1000000000000014,0,0,0,0,0,-1.40328069429,0.335481789894,-0.155938751431,-0.430459207534,0.01870850402,0.278588843839,-1.29175088214,-1.19478420665,-0.337054697243,1.75446479149,0.316135636007,0.196135287163,0.661014392931,0.345404348317,-0.15108107033,0.0356,-0.0348,0.286762140659,-0.0954236620879,-0.0378,-0.15108107033,-0.0356,0.0348,0.286762140659,-0.0954236620879,0.0378,0,0,0,0,0,0.0348438506123,-0.0064060780985,0.00189527481838,0.051873015966,0.0010208171137,-0.0338004423031,0.0262057025286,0.0373715539836,0.0141234586716,-0.0324901071469,0.0433190813653,-0.0054164873365,-0.0279758349241,0.00355799206344,0.000396395264197,0,0,-0.000792790528395,-0.000495494080247,0,0.000396395264197,0,0,-0.000792790528395,-0.000495494080247,0,0,0,0,0,0,0.559172077732,-0.0688181963478,0.0349547245235,0.471449266333,0.0116101290112,-0.311933682681,0.366135968473,0.518376660687,0.134276513192,-0.435139043792,0.382166587908,-0.0574890723733,-0.23436240774,-0.00849307640355,0.00537552592592,0,0,-0.0107510518518,-0.00671940740743,0,0.00537552592592,0,0,-0.0107510518518,-0.00671940740743,0
187,FRAME,NONE,182,182,1.8200000000000001,RECOVERY,1.1000000000000014,0,0,0,0,0,-1.402904283,0.335414287435,-0.155918050033,-0.429916901122,0.0187192931274,0.278235238338,-1.29147051096,-1.19438456234,-0.336906747084,1.75411812744,0.316587939281,0.196078249427,0.660722914306,0.345439501251,-0.1510768375,0.0356,-0.0348,0.286753675,-0.095428953125,-0.0378,-0.1510768375,-0.0356,0.0348,0.286753675,-0.095428953125,0.0378,0,0,0,0,0,0.0406315947815,-0.00710919553741,0.00225846136832,0.0566520443867,0.00113931356143,-0.0369622798487,0.0299812645685,0.0427145174217,0.0154874059917,-0.0369710565348,0.0471856723308,-0.00600238478078,-0.0303408322276,0.00345022881987,0.000451779634568,0,0,-0.000903559269136,-0.00056472454321,0,0.000451779634568,0,0,-0.000903559269136,-0.00056472454321,0,0,0,0,0,0,0.597808983298,-0.0717750520327,0.0376460380225,0.484207195445,0.0120716852798,-0.320257907451,0.388682529804,0.549798163542,0.13844651566,-0.460775975902,0.390986023731,-0.0597085622574,-0.238556190051,-0.0129949702327,0.00569733333337,0,0,-0.0113946666666,-0.00712166666667,0,0.00569733333337,0,0,-0.0113946666666,-0.00712166666667,0
188,FRAME,NONE,183,183,1.8300000000000001,RECOVERY,1.1000000000000014,0,0,0,0,0,-1.4024680624,0.335339605983,-0.155893582203,-0.429326166646,0.0187312902912,0.277849598242,-1.29115125685,-1.1939299163,-0.336744949124,1.75372537036,0.317079349454,0.196015239467,0.660407576287,0.345473352894,-0.151072034737,0.0356,-0.0348,0.286744069474,-0.0954349565788,-0.0378,-0.151072034737,-0.0356,0.0348,0.286744069474,-0.0954349565788,0.0378,0,0,0,0,0,0.0468000302783,-0.00784157913915,0.00264819557883,0.0615571598749,0.0012622508193,-0.0402056004521,0.0339793531247,0.0483675172544,0.0168923889848,-0.0417056266649,0.0511388018399,-0.00661065858164,-0.0327469587251,0.00329809265879,0.000510341930865,0,0,-0.00102068386173,-0.00063792741358,0,0.000510341930865,0,0,-0.00102068386173,-0.00063792741358,0,0,0,0,0,0,0.635309208496,-0.0746723744047,0.0402642064593,0.496671341863,0.0124977439529,-0.328230075968,0.410642617356,0.58038470265,0.142482865862,-0.485868186428,0.399471141468,-0.0619670135568,-0.242587725285,-0.0173681965482,0.00601114074079,0,0,-0.0120222814814,-0.00751392592584,0,0.00601114074079,0,0,-0.0120222814814,-0.00751392592584,0
189,FRAME,NONE,184,184,1.8400000000000001,RECOVERY,1.1000000000000014,0,0,0,0,0,-1.4019682824,0.335257455853,-0.155865086122,-0.428685757925,0.0187445381438,0.277431126329,-1.29079092389,-1.19341721199,-0.336568899305,1.75328401491,0.317610715317,0.195946036255,0.660067975132,0.345505463104,-0.151066630661,0.0356,-0.0348,0.286733261323,-0.0954417116733,-0.0378,-0.151066630661,-0.0356,0.0348,0.286733261323,-0.0954417116733,0.0378,0,0,0,0,0,0.0533377789514,-0.0086026430255,0.0030637454975,0.066585471224,0.00138926844049,-0.0435268813681,0.0381941169156,0.0543222114747,0.0183370633089,-0.0466884202634,0.0551750951602,-0.00724172505192,-0.0351925867333,0.0031028648889,0.000572002449384,0,0,-0.00114400489876,-0.000715003061727,0,0.000572002449384,0,0,-0.00114400489876,-0.000715003061727,0,0,0,0,0,0,0.671670645559,-0.0775120524531,0.042809131986,0.50885108132,0.0128872385944,-0.335849958193,0.432018941325,0.610159081988,0.146379684382,-0.510462558744,0.407614104328,-0.0643173491986,-0.246450629668,-0.0215854434601,0.00631700740737,0,0,-0.0126340148149,-0.0078962592593,0,0.00631700740737,0,0,-0.0126340148149,-0.0078962592593,0
190,FRAME,NONE,185,185,1.8500000000000001,RECOVERY,1.1000000000000014,0,0,0,0,0,-1.40140130682,0.335167553123,-0.155832307293,-0.427994457222,0.01875907566,0.276979060615,-1.29038737451,-1.19284347207,-0.336378207857,1.75279160196,0.318182851357,0.195870404966,0.659703724552,0.345535410191,-0.151060594688,0.0356,-0.0348,0.286721189376,-0.09544925664,-0.0378,-0.151060594688,-0.0356,0.0348,0.286721189376,-0.09544925664,0.0378,0,0,0,0,0,0.0602334431895,-0.00939182018821,0.00350437821855,0.0717341815013,0.00151999559119,-0.046922599616,0.0426197319512,0.0605706988942,0.0198199826725,-0.0519148778398,0.0592910839265,-0.00789700556562,-0.0376759713184,0.00286638378958,0.000636682079012,0,0,-0.00127336415802,-0.000795852598766,0,0.000636682079012,0,0,-0.00127336415802,-0.000795852598766,0,0,0,0,0,0,0.706891522687,-0.0802959661235,0.0452807239885,0.520755866885,0.0132391603094,-0.34311772269,0.452814251421,0.639131346704,0.150132472261,-0.534583188136,0.415407203966,-0.0667835635888,-0.25014281014,-0.0256382189188,0.00661499259251,0,0,-0.0132299851853,-0.00826874074086,0,0.00661499259251,0,0,-0.0132299851853,-0.00826874074086,0
191,FRAME,NONE,186,186,1.8600000000000001,RECOVERY,1.1000000000000014,0,0,0,0,0,-1.40076361353,0.335069619449,-0.155794998557,-0.427251074295,0.0187749380557,0.276492674337,-1.28993852925,-1.19220579802,-0.336172499651,1.75224571735,0.318796536996,0.195788096144,0.659314455705,0.34556279078,-0.15105389702,0.0356,-0.0348,0.28670779404,-0.0954576287252,-0.0378,-0.15105389702,-0.0356,0.0348,0.28670779404,-0.0954576287252,0.0378,0,0,0,0,0,0.0674756094052,-0.010208562348,0.00396935997727,0.0770005885617,0.00165405164668,-0.0503892358219,0.047250401944,0.0671048384088,0.0213397127541,-0.0573800840261,0.0634832392395,-0.00857739632369,-0.0401954429361,0.00259010051052,0.000704302301234,0,0,-0.00140860460247,-0.000880377876544,0,0.000704302301234,0,0,-0.00140860460247,-0.000880377876544,0,0,0,0,0,0,0.740970428112,-0.0830259763823,0.0476789034281,0.532395177991,0.0135525617632,-0.350033908054,0.473031339829,0.667228268643,0.153752290932,-0.558108724062,0.422848059274,-0.0692030871386,-0.253684166417,-0.0296316193393,0.00690515555554,0,0,-0.0138103111111,-0.00863144444439,0,0.00690515555554,0,0,-0.0138103111111,-0.00863144444439,0
192,FRAME,NONE,187,187,1.8700000000000001,RECOVERY,1.1000000000000014,0,0,0,0,0,-1.40005179463,0.334963381876,-0.155752920094,-0.42645444545,0.018792156693,0.275971275899,-1.28944236647,-1.1915013753,-0.335951413602,1.75164400028,0.319452516142,0.19569885704,0.658899815693,0.345587212201,-0.151046508642,0.0356,-0.0348,0.286693017284,-0.0954668641975,-0.0378,-0.151046508642,-0.0356,0.0348,0.286693017284,-0.0954668641975,0.0378,0,0,0,0,0,0.0750528517517,-0.0110523397159,0.00445795628711,0.0823820850612,0.00179104682645,-0.053923277777,0.0520803587478,0.0739152642671,0.0228950284911,-0.0630770523211,0.0677480451119,-0.00928106730839,-0.0427496546468,0.0022737514028,0.000774785190123,0,0,-0.00154957038025,-0.000968481487654,0,0.000774785190123,0,0,-0.00154957038025,-0.000968481487654,0,0,0,0,0,0,0.773906332477,-0.0857039156729,0.0500036070423,0.543778471582,0.0138265609998,-0.356599394843,0.492673043955,0.694360130633,0.157254385964,-0.580889105524,0.429936217588,-0.0713766216296,-0.257097847752,-0.0336922447387,0.00718755555559,0,0,-0.0143751111109,-0.00898444444435,0,0.00718755555559,0,0,-0.0143751111109,-0.00898444444435,0
193,FRAME,NONE,188,188,1.8799999999999999,RECOVERY,1.1000000000000014,0,0,0,0,0,-1.3992625565,0.334848572654,-0.155705839431,-0.425603432594,0.0188107589922,0.275414208781,-1.28889692208,-1.19072749273,-0.335714599081,1.75098417631,0.320151497898,0.195602474798,0.658459462612,0.345608265808,-0.151038401316,0.0356,-0.0348,0.286676802632,-0.095476998355,-0.0378,-0.151038401316,-0.0356,0.0348,0.286676802632,-0.095476998355,0.0378,0,0,0,0,0,0.0829537360547,-0.0119226406614,0.00496943211812,0.0878761579933,0.00193058286667,-0.0575212237187,0.0571038628231,0.0809920410214,0.0244848004734,-0.0689978661366,0.0720819635913,-0.0100049287563,-0.0453373998911,0.00191625561575,0.000848053412346,0,0,-0.00169610682469,-0.00106006676543,0,0.000848053412346,0,0,-0.00169610682469,-0.00106006676543,0,0,0,0,0,0,0.80569860951,-0.0883315788319,0.0522547913535,0.554915135391,0.0140603451054,-0.362815378032,0.511742248959,0.720542070029,0.160634374813,-0.602956774673,0.436664536996,-0.073339386715,-0.260379315337,-0.037804272336,0.00746225185186,0,0,-0.0149245037039,-0.00932781481486,0,0.00746225185186,0,0,-0.0149245037039,-0.00932781481486,0
194,FRAME,NONE,189,189,1.8899999999999999,RECOVERY,1.1000000000000014,0,0,0,0,0,-1.39839271991,0.334724929062,-0.155653531451,-0.42469692229,0.0188307683503,0.274820851424,-1.28830028922,-1.18988153448,-0.335461717593,1.75026404295,0.320894155414,0.195498758465,0.657993067695,0.345625537314,-0.151029547574,0.0356,-0.0348,0.286659095147,-0.0954880655328,-0.0378,-0.151029547574,-0.0356,0.0348,0.286659095147,-0.0954880655328,0.0378,0,0,0,0,0,0.0911668239419,-0.0128189712925,0.00550305211418,0.093480387769,0.00207225372856,-0.0611795853377,0.062315203727,0.0883261056676,0.0261077159874,-0.0751361878145,0.0764813358519,-0.0107478550427,-0.0479572409535,0.00151766595608,0.00092403022716,0,0,-0.00184806045432,-0.00115503778395,0,0.00092403022716,0,0,-0.00184806045432,-0.00115503778395,0,0,0,0,0,0,0.836347055115,-0.0909107143961,0.0544324365594,0.565814443347,0.0142531736243,-0.368683340066,0.530241890094,0.745848205422,0.163876346725,-0.624446571912,0.443021716961,-0.0752580799494,-0.263509012854,-0.0418724552222,0.00772930370367,0,0,-0.0154586074076,-0.00966162962971,0,0.00772930370367,0,0,-0.0154586074076,-0.00966162962971,0
195,FRAME,NONE,190,190,1.8999999999999999,RECOVERY,1.1000000000000014,0,0,0,0,0,-1.39743922002,0.334592193229,-0.155595778389,-0.423733824838,0.0188522040668,0.274190617075,-1.287650618,-1.18896097062,-0.335192444762,1.74948145255,0.321681124615,0.195387517697,0.657500317793,0.345638619127,-0.151019920711,0.0356,-0.0348,0.286639841423,-0.0955000991107,-0.0378,-0.151019920711,-0.0356,0.0348,0.286639841423,-0.0955000991107,0.0378,0,0,0,0,0,0.099680677157,-0.0137408549494,0.00605808084931,0.0991924468603,0.00221564633916,-0.06489489052,0.067708700625,0.0959090051299,0.0277623274079,-0.0814867975748,0.0809423979305,-0.0115100903553,-0.0506075801482,0.00107880651131,0.00100263948642,0,0,-0.00200527897284,-0.00125329935803,0,0.00100263948642,0,0,-0.00200527897284,-0.00125329935803,0,0,0,0,0,0,0.865851904943,-0.0934430163091,0.0565365503519,0.576485513205,0.014404381738,-0.374205024704,0.54817495481,0.7703032553,0.166973524899,-0.645406755389,0.448999508628,-0.0771880765035,-0.266480607867,-0.0458692637018,0.00798877037037,0,0,-0.0159775407406,-0.00998596296296,0,0.00798877037037,0,0,-0.0159775407406,-0.00998596296296,0
196,FRAME,NONE,191,191,1.9099999999999999,RECOVERY,1.1000000000000014,0,0,0,0,0,-1.39639910636,0.334450111963,-0.155532369834,-0.422713073353,0.0188750812771,0.273522953614,-1.28694611521,-1.18796335438,-0.334906471045,1.748634307,0.322513003372,0.195268556657,0.656980916092,0.345647113444,-0.151009494784,0.0356,-0.0348,0.286618989568,-0.09551313152,-0.0378,-0.151009494784,-0.0356,0.0348,0.286618989568,-0.09551313152,0.0378,0,0,0,0,0,0.108483862041,-0.0146878316187,0.00663378312122,0.105010098033,0.00236034136332,-0.0686636858318,0.0732787028232,0.103732170774,0.0294471864854,-0.0880443229223,0.0854613260244,-0.0122916165728,-0.0532868531109,0.000600280682042,0.00108380563457,0,0,-0.00216761126914,-0.00135475704321,0,0.00108380563457,0,0,-0.00216761126914,-0.00135475704321,0,0,0,0,0,0,0.894213850473,-0.0959301161495,0.0585671715177,0.58693726635,0.0145133833355,-0.37938241164,0.565544484722,0.793895836744,0.16992593512,-0.665822343538,0.454592039937,-0.0791035100489,-0.269297350098,-0.0498164756728,0.00824071111113,0,0,-0.0164814222221,-0.0103008888888,0,0.00824071111113,0,0,-0.0164814222221,-0.0103008888888,0
197,FRAME,NONE,192,192,1.9199999999999999,RECOVERY,1.1000000000000014,0,0,0,0,0,-1.39526954278,0.334298436596,-0.155463102727,-0.421633622878,0.018899410894,0.272817343358,-1.28618504395,-1.1868863272,-0.334603501032,1.74772056609,0.323390351136,0.195141685365,0.656434580731,0.34565062474,-0.150998244599,0.0356,-0.0348,0.286596489198,-0.0955271942515,-0.0378,-0.150998244599,-0.0356,0.0348,0.286596489198,-0.0955271942515,0.0378,0,0,0,0,0,0.117564954166,-0.0156594572723,0.00722942427966,0.110931192187,0.00250591400587,-0.0724825387529,0.0790195903195,0.111786921865,0.0311608461103,-0.0948032444456,0.0900342387292,-0.0130921605563,-0.0559935271501,8.24769978508e-05,0.00116745370864,0,0,-0.00233490741728,-0.0014593171358,0,0.00116745370864,0,0,-0.00233490741728,-0.0014593171358,0,0,0,0,0,0,0.921434053684,-0.0983735757999,0.060524373433,0.597178389838,0.0145796738324,-0.384217692018,0.582353577385,0.816624465834,0.172731953503,-0.685695253497,0.45979301006,-0.0810002759123,-0.271959829712,-0.0537225483618,0.00848518518518,0,0,-0.0169703703704,-0.0106064814815,0,0.00848518518518,0,0,-0.0169703703704,-0.0106064814815,0
198,FRAME,NONE,193,193,1.9299999999999999,RECOVERY,1.1000000000000014,0,0,0,0,0,-1.39404780728,0.334136922818,-0.155387781349,-0.42049444951,0.0189251995572,0.272073302839,-1.2853657234,-1.18572761594,-0.334283254122,1.74673824211,0.324313688147,0.195006713446,0.655861045549,0.345648762984,-0.15098614571,0.0356,-0.0348,0.28657229142,-0.0955423178627,-0.0378,-0.15098614571,-0.0356,0.0348,0.28657229142,-0.0955423178627,0.0378,0,0,0,0,0,0.126912543114,-0.0166553031347,0.00784427058988,0.11695366583,0.00265193483997,-0.0763480396721,0.0849257743709,0.12006466009,0.0329018255554,-0.101758227992,0.0946571862256,-0.013911622091,-0.0587260497051,-0.000474170285195,0.00125350933827,0,0,-0.00250701867654,-0.00156688667284,0,0.00125350933827,0,0,-0.00250701867654,-0.00156688667284,0,0,0,0,0,0,0.947514160358,-0.100774880566,0.0624082674907,0.607217300764,0.0146028327617,-0.388713244974,0.598605387879,0.838485202844,0.175390272439,-0.705022340624,0.464596251717,-0.0828679109256,-0.274469453213,-0.0575998117508,0.00872225185189,0,0,-0.0174445037036,-0.0109028148148,0,0.00872225185189,0,0,-0.0174445037036,-0.0109028148148,0
199,FRAME,NONE,194,194,1.9399999999999999,RECOVERY,1.1000000000000014,0,0,0,0,0,-1.39273129192,0.333965330534,-0.155306217315,-0.419294549561,0.0189524495908,0.271290382565,-1.28448652846,-1.184485034,-0.333945464521,1.74568540153,0.32528349486,0.194863452923,0.655260059737,0.345641141335,-0.150973174412,0.0356,-0.0348,0.286546348824,-0.095558531985,-0.0378,-0.150973174412,-0.0356,0.0348,0.286546348824,-0.095558531985,0.0378,0,0,0,0,0,0.136515237374,-0.0176749548837,0.00847758962947,0.123075538203,0.00279797066111,-0.0802568036523,0.0909916980771,0.128556625922,0.0346686515591,-0.108903691258,0.0993261637636,-0.0147495187748,-0.0614829162144,-0.00106951923717,0.00134189874568,0,0,-0.00268379749136,-0.0016773734321,0,0.00134189874568,0,0,-0.00268379749136,-0.0016773734321,0,0,0,0,0,0,0.912694169306,0.299556988623,-0.291420453744,0.632332339417,-0.351151908288,-0.404079262234,1.10898886433,0.859458138596,0.177902255973,-0.723772031954,0.468996480762,-0.0846594572137,-0.27683202807,-0.0614827679471,0.0089519703704,0,0,-0.0179039407408,-0.0111899629629,0,0.0089519703704,0,0,-0.0179039407408,-0.0111899629629,0
200,FRAME,NONE,195,195,1.95,RECOVERY,1.1000000000000014,0,0,0,0,0,-1.39131750253,0.33378342372,-0.155218229556,-0.418032938745,0.0189811589704,0.270468166766,-1.28354588944,-1.18315648342,-0.333589881091,1.74456016829,0.326300211422,0.194711723071,0.654631387225,0.345627372599,-0.150959307735,0.0356,-0.0348,0.28651861547,-0.0955758653314,-0.0378,-0.150959307735,-0.0356,0.0348,0.28651861547,-0.0955758653314,0.0378,0,0,0,0,0,0.145166426501,-0.0106641633622,0.00201586151499,0.129600312618,-0.00437110332578,-0.0844296249168,0.107105551657,0.137253822862,0.0364598706749,-0.116233668631,0.104037115841,-0.0156048112353,-0.0642626902665,-0.00170382564414,0.00143254874568,0,0,-0.00286509749136,-0.0017906859321,0,0.00143254874568,0,0,-0.00286509749136,-0.0017906859321,0,0,0,0,0,0,0.936544590761,0.297104568368,-0.289932543768,0.641993748692,-0.351143186889,-0.407870733266,1.12387874781,0.879541021096,0.180266276683,-0.741943285774,0.47298751566,-0.0863670038154,-0.279048609368,-0.06538210489,0.00917439999991,0,0,-0.0183488000001,-0.0114680000001,0,0.00917439999991,0,0,-0.0183488000001,-0.0114680000001,0
201,FRAME,NONE,196,196,1.96,RECOVERY,1.1000000000000014,0,0,0,0,0,-1.38982796339,0.333752047266,-0.155265900085,-0.416702543309,0.0188650275243,0.269601790066,-1.28234441743,-1.18173995754,-0.333216267107,1.74336072816,0.327364237177,0.194551356699,0.653974805932,0.345607064822,-0.150944523437,0.0356,-0.0348,0.286489046874,-0.0955943457036,-0.0378,-0.150944523437,-0.0356,0.0348,0.286489046874,-0.0955943457036,0.0378,0,0,0,0,0,0.155246129189,-0.0117328635163,0.00267893875411,0.135915413176,-0.00422489307668,-0.0884142183177,0.113469273033,0.146147446344,0.0382739770928,-0.123742556974,0.108785914077,-0.0164768588511,-0.0670638884017,-0.00237716133497,0.00152538674568,0,0,-0.00305077349136,-0.0019067334321,0,0.00152538674568,0,0,-0.00305077349136,-0.0019067334321,0,0,0,0,0,0,1.07878612673,-0.510673703453,0.422726347404,0.620936918106,0.380268194768,-0.388914477121,0.14887120685,0.898787886359,0.182471262242,-0.759633287194,0.476560313999,-0.0881082740557,-0.281105250294,-0.0692320840298,0.00938960000002,0,0,-0.0187791999999,-0.011737,0,0.00938960000002,0,0,-0.0187791999999,-0.011737,0
202,FRAME,NONE,197,197,1.97,RECOVERY,1.1000000000000014,0,0,0,0,0,-1.38821257995,0.33354876645,-0.155164650781,-0.415314630482,0.0188966611089,0.268699882399,-1.28127650398,-1.1802335345,-0.332824401549,1.74208531715,0.328475929704,0.194382185894,0.653290109457,0.345579829373,-0.1509288,0.0356,-0.0348,0.2864576,-0.095614,-0.0378,-0.1509288,-0.0356,0.0348,0.2864576,-0.095614,0.0378,0,0,0,0,0,0.166742149035,-0.0208776374313,0.0104703884631,0.14201905098,0.00323426056957,-0.0922079144592,0.110082975794,0.155229580589,0.0401092959197,-0.131426334375,0.113568322121,-0.0173669767164,-0.0698847952724,-0.00308846732473,0.00162034074568,0,0,-0.00324068149136,-0.0020254259321,0,0.00162034074568,0,0,-0.00324068149136,-0.0020254259321,0,0,0,0,0,0,1.10028700261,-0.512748012785,0.424499293817,0.630243909509,0.379999928294,-0.392108781838,0.163225032527,0.917215283414,0.184512543039,-0.776872602067,0.479708056167,-0.0899158535416,-0.282998264478,-0.0730185588492,0.00959762962972,0,0,-0.0191952592592,-0.0119970370369,0,0.00959762962972,0,0,-0.0191952592592,-0.0119970370369,0
203,FRAME,NONE,198,198,1.98,RECOVERY,1.1000000000000014,0,0,0,0,0,-1.3864931204,0.333334494518,-0.155056492315,-0.413862162289,0.0189297127357,0.267757631777,-1.28014275791,-1.17863536593,-0.332414081189,1.74073220147,0.329635603619,0.194204017164,0.652577110026,0.345545295475,-0.150912116622,0.0356,-0.0348,0.286424233244,-0.0956348542223,-0.0378,-0.150912116622,-0.0356,0.0348,0.286424233244,-0.0956348542223,0.0378,0,0,0,0,0,0.177251869241,-0.021987823772,0.0111689246305,0.148520291367,0.00337510548919,-0.0962563939544,0.116733773684,0.164491752012,0.0419642279535,-0.139280009015,0.1183800752,-0.0182751759219,-0.0727238536913,-0.00383753251195,0.00171733933827,0,0,-0.00343467867654,-0.00214667417284,0,0.00171733933827,0,0,-0.00343467867654,-0.00214667417284,0,0,0,0,0,0,1.06090309809,-0.112117629249,0.0705979644507,0.654654660445,0.0139778790476,-0.40618566749,0.671698773395,0.934749556765,0.186400608663,-0.793532422266,0.482428942562,-0.0916187310298,-0.284748306231,-0.0768508360653,0.00979854814807,0,0,-0.0195970962964,-0.0122481851852,0,0.00979854814807,0,0,-0.0195970962964,-0.0122481851852,0
204,FRAME,NONE,199,199,1.99,RECOVERY,1.1000000000000014,0,0,0,0,0,-1.38466754256,0.333109009975,-0.154941272289,-0.412344224655,0.0189641632187,0.26677475452,-1.2789418285,-1.17694369945,-0.33198511699,1.73929971697,0.330843531208,0.194016682375,0.651835632383,0.345503078722,-0.150894453213,0.0356,-0.0348,0.286388906426,-0.0956569334835,-0.0378,-0.150894453213,-0.0356,0.0348,0.286388906426,-0.0956569334835,0.0378,0,0,0,0,0,0.187960210997,-0.0231199900163,0.0118823477521,0.155112144189,0.00351381815052,-0.100331627809,0.123516951262,0.173924571725,0.043837308093,-0.147296982821,0.123216900972,-0.019199351337,-0.075579761397,-0.00462548404604,0.00181631170864,0,0,-0.00363262341729,-0.0022703896358,0,0.00181631170864,0,0,-0.00363262341729,-0.0022703896358,0,0,0,0,0,0,1.08020686516,-0.114298862404,0.0720514821102,0.663637825845,0.0137433434422,-0.408700534731,0.684668355052,0.951370439538,0.188136913573,-0.809577182772,0.484718436353,-0.093164983471,-0.28636176495,-0.0807657429004,0.00999241481475,0,0,-0.0199848296298,-0.0124905185186,0,0.00999241481475,0,0,-0.0199848296298,-0.0124905185186,0
205,FRAME,NONE,200,200,2,RECOVERY,1.1000000000000014,0,0,0,0,0,-1.38273391618,0.332872094717,-0.15481884536,-0.410759919405,0.0189999890987,0.265750999221,-1.27767241889,-1.1751568745,-0.331537335027,1.73778626182,0.332099941639,0.193820030138,0.651065514798,0.345452785794,-0.150875790388,0.0356,-0.0348,0.286351580776,-0.095680262015,-0.0378,-0.150875790388,-0.0356,0.0348,0.286351580776,-0.095680262015,0.0378,0,0,0,0,0,0.198856006544,-0.0242738010201,0.0126099542727,0.161793047883,0.00364997235803,-0.104430404649,0.130427140785,0.183519160803,0.045726966225,-0.15547155267,0.128074443927,-0.0201384755913,-0.0784510889903,-0.00545284736996,0.00191718763457,0,0,-0.00383437526914,-0.00239648454321,0,0.00191718763457,0,0,-0.00383437526914,-0.00239648454321,0,0,0,0,0,0,1.09839664673,-0.116446948597,0.0734348909676,0.672467577849,0.0134663224283,-0.410895845819,0.697102980501,0.967134475644,0.189710316685,-0.825105827678,0.486568017168,-0.0946745093833,-0.287824484257,-0.0846958030221,0.010179288889,0,0,-0.0203585777776,-0.0127241111111,0,0.010179288889,0,0,-0.0203585777776,-0.0127241111111,0
206,FRAME,NONE,201,201,2.0099999999999998,RECOVERY,1.1000000000000014,0,0,0,0,0,-1.38069042243,0.332623533954,-0.154689073203,-0.409108363697,0.0190371626658,0.264686146427,-1.27633328569,-1.17327331624,-0.331070577666,1.73619028591,0.333405020086,0.193613912864,0.650266610604,0.345394021775,-0.150856109461,0.0356,-0.0348,0.286312218921,-0.0957048631743,-0.0378,-0.150856109461,-0.0356,0.0348,0.286312218921,-0.0957048631743,0.0378,0,0,0,0,0,0.209928143932,-0.0254489289882,0.0133510455714,0.168561495746,0.00378314459909,-0.108549544725,0.137459010872,0.193267261238,0.0476315144267,-0.163799099374,0.132948261315,-0.0210928415247,-0.0813362510821,-0.00631940010648,0.00201989748642,0,0,-0.00403979497284,-0.00252487185802,0,0.00201989748642,0,0,-0.00403979497284,-0.00252487185802,0,0,0,0,0,0,1.11547830014,-0.118562564282,0.0747487152977,0.681149161419,0.0131471329426,-0.41277478232,0.709006320852,0.982083493857,0.191112456674,-0.840190775179,0.487970243462,-0.096233312382,-0.289126449598,-0.0885940220961,0.0103592296297,0,0,-0.0207184592591,-0.0129490370369,0,0.0103592296297,0,0,-0.0207184592591,-0.0129490370369,0
207,FRAME,NONE,202,202,2.02,RECOVERY,1.1000000000000014,0,0,0,0,0,-1.37853535331,0.332363116138,-0.154551824449,-0.40738868949,0.0190756519907,0.263580008326,-1.27492323867,-1.17129152927,-0.330584704739,1.73451027983,0.334758906865,0.193398173307,0.649438789777,0.345326397792,-0.150835392438,0.0356,-0.0348,0.286270784877,-0.0957307594522,-0.0378,-0.150835392438,-0.0356,0.0348,0.286270784877,-0.0957307594522,0.0378,0,0,0,0,0,0.221165572547,-0.0266450523057,0.0141049285786,0.175416031112,0.00391291501688,-0.112685900295,0.144607267202,0.20316083068,0.0495492153585,-0.172275368174,0.137833848796,-0.022063141839,-0.0842336179823,-0.00722472781188,0.00212437222716,0,0,-0.00424874445432,-0.00265546528395,0,0.00212437222716,0,0,-0.00424874445432,-0.00265546528395,0,0,0,0,0,0,1.13145823777,-0.120646268306,0.0759935423884,0.689687331867,0.0127861898309,-0.414340558452,0.720382116325,0.996211904139,0.192342733266,-0.854820101213,0.4889205248,-0.0978196481384,-0.290270565573,-0.0924784290515,0.0105322962963,0,0,-0.0210645925927,-0.0131653703703,0,0.0105322962963,0,0,-0.0210645925927,-0.0131653703703,0
208,FRAME,NONE,203,203,2.0299999999999998,RECOVERY,1.1000000000000014,0,0,0,0,0,-1.37626711098,0.332090632908,-0.154406974632,-0.405600043075,0.0191154209662,0.262432428421,-1.27344114034,-1.16921009963,-0.330079593359,1.73274477855,0.336161697062,0.193172650027,0.648581938244,0.345249527219,-0.150813622016,0.0356,-0.0348,0.286227244032,-0.09575797248,-0.0378,-0.150813622016,-0.0356,0.0348,0.286227244032,-0.09575797248,0.0378,0,0,0,0,0,0.232557308687,-0.0278618543543,0.0148709164192,0.182355242384,0.00403886839571,-0.116836355894,0.151866653199,0.21319149932,0.051478369092,-0.180895501398,0.142726671811,-0.0230492344874,-0.0871416623936,-0.00816896868751,0.00223054341235,0,0,-0.00446108682469,-0.00278817926543,0,0.00223054341235,0,0,-0.00446108682469,-0.00278817926543,0,0,0,0,0,0,1.14634343089,-0.12269850057,0.0771700252219,0.69808634148,0.0123840070679,-0.415596410921,0.731234176405,1.00948888693,0.193404298945,-0.868936131124,0.489415834204,-0.0993537143835,-0.291266521452,-0.0964018124937,0.0106985481481,0,0,-0.0213970962964,-0.0133731851852,0,0.0106985481481,0,0,-0.0213970962964,-0.0133731851852,0
209,FRAME,NONE,204,204,2.04,RECOVERY,1.1000000000000014,0,0,0,0,0,-1.37388420713,0.33180587905,-0.154254406121,-0.403741584643,0.0191564293586,0.261243281208,-1.2718859056,-1.16702769929,-0.329555137357,1.7308923698,0.337613440301,0.192937188617,0.647695956529,0.345163018419,-0.15079078157,0.0356,-0.0348,0.28618156314,-0.0957865230375,-0.0378,-0.15079078157,-0.0356,0.0348,0.28618156314,-0.0957865230375,0.0378,0,0,0,0,0,0.244092441165,-0.0290990223171,0.0156483290831,0.189377757941,0.00416059515824,-0.120997828514,0.15923195073,0.223350608418,0.0534173013373,-0.189654090796,0.14762216548,-0.0240502161266,-0.0900589484113,-0.00915276406175,0.00233834319012,0,0,-0.00467668638025,-0.00292292898765,0,0.00233834319012,0,0,-0.00467668638025,-0.00292292898765,0,0,0,0,0,0,1.16014141282,-0.124719581233,0.0782788852087,0.706349928113,0.0119411988403,-0.416545590158,0.741566379802,1.02187560888,0.19430081197,-0.882465352876,0.489453820362,-0.100736223385,-0.292126154595,-0.10042808919,0.0108580444444,0,0,-0.0217160888889,-0.0135725555556,0,0.0108580444444,0,0,-0.0217160888889,-0.0135725555556,0
210,FRAME,NONE,205,205,2.0499999999999998,RECOVERY,1.1000000000000014,0,0,0,0,0,-1.37138526216,0.331508652462,-0.15409400805,-0.401812487916,0.0191986328693,0.260012471851,-1.27025650133,-1.16474308746,-0.329011247332,1.72895169673,0.339114140372,0.192691645704,0.646780759276,0.345066471937,-0.150766855152,0.0356,-0.0348,0.286133710304,-0.0958164310598,-0.0378,-0.150766855152,-0.0356,0.0348,0.286133710304,-0.0958164310598,0.0378,0,0,0,0,0,0.255760136944,-0.030356245979,0.0164364941234,0.196482240946,0.00427769237252,-0.125167267698,0.166697980795,0.233629011498,0.0553643853314,-0.198544808456,0.152515748219,-0.0250639589551,-0.0929841854855,-0.0101775304713,0.00244770430123,0,0,-0.00489540860247,-0.00305963037654,0,0.00244770430123,0,0,-0.00489540860247,-0.00305963037654,0,0,0,0,0,0,1.17286028159,-0.126709710573,0.079320914947,0.714481305832,0.0114584805756,-0.417191353115,0.751382674241,1.03332119685,0.195037400786,-0.895311734015,0.48903300962,-0.101839356133,-0.292864639185,-0.104637909265,0.0110108444445,0,0,-0.0220216888888,-0.0137635555555,0,0.0110108444445,0,0,-0.0220216888888,-0.0137635555555,0
211,FRAME,NONE,206,206,2.0600000000000001,RECOVERY,1.1000000000000014,0,0,0,0,0,-1.36876900439,0.331198754131,-0.153925676238,-0.399811939824,0.0192419832061,0.258739935855,-1.26855194599,-1.16235511906,-0.32844784965,1.72692147363,0.340663755266,0.192435909438,0.645836272819,0.344959467809,-0.150741827484,0.0356,-0.0348,0.286083654968,-0.095847715645,-0.0378,-0.150741827484,-0.0356,0.0348,0.286083654968,-0.095847715645,0.0378,0,0,0,0,0,0.267549646797,-0.0316332165286,0.017234747382,0.203667384058,0.00438976476976,-0.129341655576,0.174259604215,0.244017032355,0.0573180493531,-0.207560325477,0.157402825673,-0.0260870032493,-0.095916241195,-0.0112455222471,0.00255856007901,0,0,-0.00511712015802,-0.00319820009877,0,0.00255856007901,0,0,-0.00511712015802,-0.00319820009877,0,0,0,0,0,0,1.18450870199,-0.128668969516,0.0802969809961,0.722483157641,0.010936669955,-0.417536957577,0.760687075993,1.04387149811,0.195606137265,-0.907551315842,0.488146977112,-0.102752990668,-0.293471709093,-0.10898120054,0.0111570074075,0,0,-0.0223140148148,-0.0139462592592,0,0.0111570074075,0,0,-0.0223140148148,-0.0139462592592,0
212,FRAME,NONE,207,207,2.0699999999999998,RECOVERY,1.1000000000000014,0,0,0,0,0,-1.36603426922,0.330875988131,-0.153749313102,-0.397739140235,0.0192864281647,0.25742563874,-1.26677130924,-1.15986274681,-0.327864886345,1.72480049023,0.342262196885,0.192169905639,0.644862434452,0.344841561493,-0.150715683951,0.0356,-0.0348,0.286031367901,-0.0958803950617,-0.0378,-0.150715683951,-0.0356,0.0348,0.286031367901,-0.0958803950617,0.0378,0,0,0,0,0,0.279450310983,-0.0329296253693,0.0180424337433,0.210931904099,0.00449642577162,-0.133518006849,0.181911722315,0.25450644146,0.0592765080767,-0.216695834773,0.162278687761,-0.0271190187685,-0.0988536196673,-0.0123571544821,0.00267084444938,0,0,-0.00534168889877,-0.00333855556173,0,0.00267084444938,0,0,-0.00534168889877,-0.00333855556173,0,0,0,0,0,0,1.19509590712,-0.130597320839,0.0812080267328,0.730357630018,0.0103766879202,-0.417585657811,0.76948366919,1.05389670378,0.195955515667,-0.919839109605,0.486772665905,-0.104300159584,-0.29385185091,-0.112968334951,0.0112965925925,0,0,-0.0225931851852,-0.0141207407407,0,0.0112965925925,0,0,-0.0225931851852,-0.0141207407407,0
213,FRAME,NONE,208,208,2.0800000000000001,RECOVERY,1.1000000000000014,0,0,0,0,0,-1.36317999817,0.330540161623,-0.153564827563,-0.395593301742,0.0193319117215,0.256069575718,-1.26491371154,-1.15726499023,-0.327262319489,1.72258755694,0.343909329021,0.191893529063,0.643859200426,0.344712324719,-0.150688410595,0.0356,-0.0348,0.28597682119,-0.0959144867562,-0.0378,-0.150688410595,-0.0356,0.0348,0.28597682119,-0.0959144867562,0.0378,0,0,0,0,0,0.291451564939,-0.0342451629454,0.0188589079167,0.218274536658,0.00459729852816,-0.137693368732,0.189649277599,0.265094966431,0.0612371596664,-0.225957107669,0.167138278991,-0.028173006441,-0.101793278213,-0.0135048889461,0.00278449193086,0,0,-0.00556898386173,-0.00348061491358,0,0.00278449193086,0,0,-0.00556898386173,-0.00348061491358,0,0,0,0,0,0,1.20463169936,-0.132494611104,0.0820550752757,0.738106329477,0.00977955973172,-0.417340701715,0.777776604856,1.06414776129,0.195984372699,-0.93351090707,0.484868237025,-0.108165801585,-0.293810045918,-0.11559363264,0.0114296592593,0,0,-0.0228593185184,-0.014287074074,0,0.0114296592593,0,0,-0.0228593185184,-0.014287074074,0
214,FRAME,NONE,209,209,2.0899999999999999,RECOVERY,1.1000000000000014,0,0,0,0,0,-1.36020523792,0.330191084872,-0.153372134944,-0.393373649502,0.0193783741353,0.254671771365,-1.26297832369,-1.15456084748,-0.326640143151,1.72028134807,0.345604962465,0.19160644551,0.642826568887,0.344571463714,-0.150659994112,0.0356,-0.0348,0.285919988224,-0.09595000736,-0.0378,-0.150659994112,-0.0356,0.0348,0.285919988224,-0.09595000736,0.0378,0,0,0,0,0,0.303542944971,-0.0355795175914,0.0196835352488,0.225694030688,0.00469201696625,-0.141864820883,0.197467254412,0.275789396686,0.0631961955307,-0.235366052914,0.171976052501,-0.0292823348002,-0.104729820586,-0.0146690271349,0.00289943763457,0,0,-0.00579887526913,-0.00362429704321,0,0.00289943763457,0,0,-0.00579887526913,-0.00362429704321,0,0,0,0,0,0,1.21312645087,-0.134360573317,0.0828392325691,0.745730320928,0.00914641604916,-0.416805329326,0.785570099558,1.07519877213,0.195618667842,-0.949587051334,0.482402906819,-0.115635365096,-0.293199055695,-0.116091922244,0.0115562666667,0,0,-0.0231125333333,-0.0144453333334,0,0.0115562666667,0,0,-0.0231125333333,-0.0144453333334,0
215,FRAME,NONE,210,210,2.1000000000000001,RECOVERY,1.1000000000000014,0,0,0,0,0,-1.35710913927,0.329828571272,-0.153171156858,-0.391079421128,0.0194257520608,0.2532322793,-1.26096436645,-1.15174920229,-0.325998395578,1.71788023588,0.347348850071,0.191307882367,0.641764604014,0.344418944177,-0.150630421842,0.0356,-0.0348,0.285860843685,-0.0959869726971,-0.0378,-0.150630421842,-0.0356,0.0348,0.285860843685,-0.0959869726971,0.0378,0,0,0,0,0,0.315714093956,-0.0369323744117,0.020515692568,0.233189143077,0.00478022684914,-0.146029475319,0.20536067959,0.286598941874,0.0651495330232,-0.244948848695,0.176786337127,-0.0304857137429,-0.107657259327,-0.015826727391,0.0030156172642,0,0,-0.00603123452839,-0.00376952158025,0,0.0030156172642,0,0,-0.00603123452839,-0.00376952158025,0,0,0,0,0,0,1.22059110361,-0.136194830378,0.0835616906338,0.75323012778,0.0084784941513,-0.415982772607,0.792868433699,1.08620030017,0.194978509914,-0.966543278599,0.479420959884,-0.124770943258,-0.292247355428,-0.115630123603,0.011676474074,0,0,-0.0233529481483,-0.0145955925927,0,0.011676474074,0,0,-0.0233529481483,-0.0145955925927,0
216,FRAME,NONE,211,211,2.1099999999999999,RECOVERY,1.1000000000000014,0,0,0,0,0,-1.35389095605,0.329452437384,-0.152961821093,-0.38870986664,0.0194739786723,0.251751181859,-1.2588711101,-1.14882886864,-0.325337152491,1.7153823711,0.349140689207,0.190996731236,0.640673423701,0.344254929166,-0.150599681767,0.0356,-0.0348,0.285799363533,-0.0960253977916,-0.0378,-0.150599681767,-0.0356,0.0348,0.285799363533,-0.0960253977916,0.0378,0,0,0,0,0,0.327954767043,-0.0383034141989,0.0213547690615,0.240758633244,0.00486158684928,-0.150184476336,0.213324623086,0.297513402689,0.067095765729,-0.254696918486,0.181564471699,-0.0317777536653,-0.110574767694,-0.016981629607,0.00313296711605,0,0,-0.0062659342321,-0.00391620889506,0,0.00313296711605,0,0,-0.0062659342321,-0.00391620889506,0,0,0,0,0,0,1.22703716883,-0.137996899406,0.084223731008,0.760605733868,0.00777713935951,-0.414876256571,0.799675949346,1.09432916884,0.194446456595,-0.979325153945,0.476066624748,-0.129161070553,-0.291701967978,-0.118053807402,0.0117903407407,0,0,-0.0235806814815,-0.0147379259259,0,0.0117903407407,0,0,-0.0235806814815,-0.0147379259259,0
217,FRAME,NONE,212,212,2.1200000000000001,RECOVERY,1.1000000000000014,0,0,0,0,0,-1.35055004393,0.329062502988,-0.152744061477,-0.386264248463,0.0195229837978,0.250228589773,-1.25669787399,-1.14579893424,-0.324656480263,1.71278629751,0.350980139505,0.190672327294,0.63955310866,0.344079311585,-0.1505677625,0.0356,-0.0348,0.285735525,-0.096065296875,-0.0378,-0.1505677625,-0.0356,0.0348,0.285735525,-0.096065296875,0.0378,0,0,0,0,0,0.340254837333,-0.0396923123998,0.0222001671882,0.248401257754,0.00493576963633,-0.15432700045,0.221354198577,0.30848552525,0.0690384621552,-0.264535351774,0.186307669622,-0.033068935154,-0.113491298687,-0.018187803539,0.00325142407901,0,0,-0.00650284815802,-0.00406428009877,0,0.00325142407901,0,0,-0.00650284815802,-0.00406428009877,0,0,0,0,0,0,1.23247672605,-0.139766196905,0.0848267285295,0.767856587039,0.00704380663192,-0.4134890016,0.805997047477,1.097137951,0.194343532519,-0.983543480454,0.472459671995,-0.123236670606,-0.292207606453,-0.126698565655,0.011897925926,0,0,-0.0237958518517,-0.0148724074073,0,0.011897925926,0,0,-0.0237958518517,-0.0148724074073,0
218,FRAME,NONE,213,213,2.1299999999999999,RECOVERY,1.1000000000000014,0,0,0,0,0,-1.3470858593,0.328658591136,-0.152517817749,-0.383741841485,0.019572694065,0.24866464185,-1.25444402613,-1.14265915814,-0.323956383248,1.71009166406,0.3528668426,0.190335352533,0.638403597727,0.343891173095,-0.150534653285,0.0356,-0.0348,0.28566930657,-0.0961066833936,-0.0378,-0.150534653285,-0.0356,0.0348,0.28566930657,-0.0961066833936,0.0378,0,0,0,0,0,0.352604301564,-0.041098738137,0.0230513036321,0.256115764985,0.00500246298192,-0.158454256368,0.229444564035,0.319456161709,0.0709826363793,-0.274367788095,0.191013665139,-0.0342424870775,-0.116418919823,-0.0195156009201,0.00337092563457,0,0,-0.00674185126913,-0.00421365704321,0,0.00337092563457,0,0,-0.00674185126913,-0.00421365704321,0,0,0,0,0,0,1.23692242156,-0.141502044916,0.0853721554805,0.774981604282,0.00628006247941,-0.411824226795,0.81183618457,1.09631349009,0.194426265332,-0.982191298062,0.468506364717,-0.110786581869,-0.293319049034,-0.139288415703,0.0119992888889,0,0,-0.0239985777779,-0.0149991111111,0,0.0119992888889,0,0,-0.0239985777779,-0.0149991111111,0
219,FRAME,NONE,214,214,2.1400000000000001,RECOVERY,1.1000000000000014,0,0,0,0,0,-1.3434979579,0.328240528225,-0.152283035404,-0.381141933163,0.0196230330574,0.247059504646,-1.25210898271,-1.139409811,-0.323236827536,1.70729894175,0.354800412808,0.189987477552,0.637224730264,0.343688999566,-0.150500343987,0.0356,-0.0348,0.285600687975,-0.0961495700159,-0.0378,-0.150500343987,-0.0356,0.0348,0.285600687975,-0.0961495700159,0.0378,0,0,0,0,0,0.364993285764,-0.0425223532981,0.0239076102978,0.26390088984,0.00506137088592,-0.162563484986,0.237590922268,0.330411795052,0.0729269874618,-0.284179177736,0.195677796917,-0.0352846667913,-0.119357679667,-0.0209735718531,0.00349140985679,0,0,-0.00698281971358,-0.00436426232099,0,0.00349140985679,0,0,-0.00698281971358,-0.00436426232099,0,0,0,0,0,0,1.29889176249,-0.543609814214,0.450324337759,0.766554138827,0.371111423159,-0.399538332421,0.327949242034,1.09666637617,0.19403898262,-0.983845295195,0.463960151023,-0.102679857436,-0.293772810726,-0.149307472698,0.0120944888888,0,0,-0.0241889777779,-0.0151181111111,0,0.0120944888888,0,0,-0.0241889777779,-0.0151181111111,0
220,FRAME,NONE,215,215,2.1499999999999999,RECOVERY,1.1000000000000014,0,0,0,0,0,-1.33978599358,0.32780814407,-0.152039665543,-0.378463823688,0.0196739214827,0.24541337215,-1.24969220768,-1.13605092224,-0.322497843499,1.70440808051,0.356780398538,0.189629659197,0.636016444134,0.343471701658,-0.150464825088,0.0356,-0.0348,0.285529650176,-0.09619396864,-0.0378,-0.150464825088,-0.0356,0.0348,0.285529650176,-0.09619396864,0.0378,0,0,0,0,0,0.378582136814,-0.0519709344213,0.0320577903873,0.271446847761,0.0124246914451,-0.166445023016,0.236003548876,0.341389489233,0.0748634160317,-0.294044693999,0.200292868159,-0.0362960842262,-0.122294376038,-0.022501750374,0.00361281541234,0,0,-0.00722563082469,-0.00451601926543,0,0.00361281541234,0,0,-0.00722563082469,-0.00451601926543,0,0,0,0,0,0,1.30107360494,-0.543603538492,0.449994527013,0.773468309155,0.368947796209,-0.397420663808,0.33504814236,1.10057514904,0.192870044194,-0.992744083403,0.458706196627,-0.104285794176,-0.292950951423,-0.15354256612,0.0121835851852,0,0,-0.0243671703702,-0.0152294814815,0,0.0121835851852,0,0,-0.0243671703702,-0.0152294814815,0
221,FRAME,NONE,216,216,2.1600000000000001,RECOVERY,1.1000000000000014,0,0,0,0,0,-1.33592631517,0.327201109537,-0.151641879597,-0.375712996208,0.0198715268863,0.243730604185,-1.24738891173,-1.13258202122,-0.321739559215,1.70141804787,0.358806270171,0.189261555868,0.634778842743,0.343238964559,-0.150428087679,0.0356,-0.0348,0.285456175358,-0.0962398904012,-0.0378,-0.150428087679,-0.0356,0.0348,0.285456175358,-0.0962398904012,0.0378,0,0,0,0,0,0.391014757863,-0.053394424068,0.0329075008381,0.279370256023,0.0124403268101,-0.170511898262,0.244291885115,0.352423298033,0.0767843883457,-0.304034059404,0.204851920849,-0.0373703826749,-0.125216698696,-0.0240444231755,0.00373508156049,0,0,-0.00747016312099,-0.00466885195062,0,0.00373508156049,0,0,-0.00747016312099,-0.00466885195062,0,0,0,0,0,0,1.18526839875,0.257415051043,-0.279446531294,0.811106081687,-0.364628427655,-0.415733155089,1.3203776163,1.10623242788,0.191176467801,-1.00565062359,0.452842205505,-0.111492689166,-0.291337603599,-0.15446456646,0.0122666370371,0,0,-0.0245332740741,-0.0153332962964,0,0.0122666370371,0,0,-0.0245332740741,-0.0153332962964,0
222,FRAME,NONE,217,217,2.1699999999999999,RECOVERY,1.1000000000000014,0,0,0,0,0,-1.33196569843,0.326740255589,-0.151381515526,-0.372876418568,0.0199227280189,0.242003134185,-1.24480636998,-1.12900245628,-0.320962155732,1.69832739932,0.360877436955,0.188882251543,0.63351211016,0.342990813194,-0.150390123457,0.0356,-0.0348,0.285380246914,-0.096287345679,-0.0378,-0.150390123457,-0.0356,0.0348,0.285380246914,-0.096287345679,0.0378,0,0,0,0,0,0.402287504789,-0.0468226334005,0.0264688597614,0.287668969395,0.005132122892,-0.174759686118,0.262411101202,0.36351413779,0.0786869453877,-0.314157706471,0.20934971227,-0.0385259380095,-0.12812112811,-0.0255910417032,0.00385814815309,0,0,-0.00771629630617,-0.00482268519136,0,0.00385814815309,0,0,-0.00771629630617,-0.00482268519136,0,0,0,0,0,0,1.18613868522,0.254492515595,-0.27863148459,0.817672473182,-0.364445758137,-0.412907123652,1.32254652723,1.11092283511,0.189329798869,-1.01770176531,0.446506926207,-0.118125025566,-0.289652678316,-0.155777640471,0.0123437037037,0,0,-0.0246874074074,-0.0154296296296,0,0.0123437037037,0,0,-0.0246874074074,-0.0154296296296,0
223,FRAME,NONE,218,218,2.1800000000000002,RECOVERY,1.1000000000000014,0,0,0,0,0,-1.32788056507,0.326264656869,-0.151112502401,-0.36995961682,0.0199741693442,0.240235410463,-1.24214068971,-1.12531173846,-0.320165820307,1.69513489374,0.362993264416,0.188491037107,0.632216420181,0.342727143725,-0.150350924716,0.0356,-0.0348,0.285301849432,-0.096336344105,-0.0378,-0.150350924716,-0.0356,0.0348,0.285301849432,-0.096336344105,0.0378,0,0,0,0,0,0.414737531567,-0.0483045737561,0.0273348711463,0.295723705487,0.00515141164736,-0.178770040735,0.27074281566,0.374641754735,0.0805709843231,-0.32438809471,0.213782059373,-0.0397328831862,-0.131009752262,-0.0271599759849,0.00398195563457,0,0,-0.00796391126913,-0.00497744454321,0,0.00398195563457,0,0,-0.00796391126913,-0.00497744454321,0,0,0,0,0,0,1.24461243924,-0.148929365273,0.086698811356,0.808670482873,0.00145000028273,-0.399469256937,0.834845574502,1.11356756691,0.187473640163,-1.0269526128,0.439754130604,-0.121708772649,-0.288183674638,-0.158963625034,0.0124148444445,0,0,-0.0248296888888,-0.0155185555554,0,0.0124148444445,0,0,-0.0248296888888,-0.0155185555554,0
224,FRAME,NONE,219,219,2.1899999999999999,RECOVERY,1.1000000000000014,0,0,0,0,0,-1.32367094779,0.325774164114,-0.150834818103,-0.366961944458,0.0200257562519,0.23842773337,-1.23939151367,-1.12150962118,-0.319350736045,1.69183963743,0.365153078143,0.188087593879,0.630891915115,0.342447613675,-0.150310484344,0.0356,-0.0348,0.285220968688,-0.0963868945699,-0.0378,-0.150310484344,-0.0356,0.0348,0.285220968688,-0.0963868945699,0.0378,0,0,0,0,0,0.427179753573,-0.0498012207059,0.0282028359885,0.303842379052,0.00516112289766,-0.182749071256,0.279108012692,0.385785489129,0.082436418191,-0.334696758727,0.218144794882,-0.0409601134625,-0.133884801603,-0.0287703142039,0.00410644504198,0,0,-0.00821289008395,-0.00513305630247,0,0.00410644504198,0,0,-0.00821289008395,-0.00513305630247,0,0,0,0,0,0,1.24338257079,-0.150377654639,0.0868687363002,0.814991767468,0.000481076006722,-0.396208773144,0.837970921132,1.11451795242,0.185557364881,-1.03400980264,0.432567278208,-0.123008214468,-0.286842472246,-0.163561622134,0.0124801185186,0,0,-0.0249602370371,-0.0156001481482,0,0.0124801185186,0,0,-0.0249602370371,-0.0156001481482,0
225,FRAME,NONE,220,220,2.2000000000000002,RECOVERY,1.1000000000000014,0,0,0,0,0,-1.31933697,0.325268632454,-0.150548445682,-0.363882769239,0.0200773918021,0.236580429038,-1.23655852946,-1.11759602868,-0.318517091944,1.68844095856,0.367356160314,0.187671834838,0.629538724149,0.342151737441,-0.150268795815,0.0356,-0.0348,0.28513759163,-0.096439005231,-0.0378,-0.150268795815,-0.0356,0.0348,0.28513759163,-0.096439005231,0.0378,0,0,0,0,0,0.439605182983,-0.0513121268489,0.0290722458723,0.312023540836,0.00516103316749,-0.186694216198,0.287502234083,0.396932113783,0.0842821316207,-0.345068290763,0.222433404938,-0.0421930474755,-0.136746601707,-0.0304312084276,0.00423155800494,0,0,-0.00846311600988,-0.00528944750617,0,0.00423155800494,0,0,-0.00846311600988,-0.00528944750617,0,0,0,0,0,0,1.2412622765,-0.151780372184,0.0869886937391,0.82116576296,-0.000509232388479,-0.39269385045,0.840653135594,1.1144550977,0.183488445675,-1.04006867873,0.424915568186,-0.123535084583,-0.285455668689,-0.168663358644,0.0125395851851,0,0,-0.0250791703704,-0.0156744814816,0,0.0125395851851,0,0,-0.0250791703704,-0.0156744814816,0
226,FRAME,NONE,221,221,2.21,RECOVERY,1.1000000000000014,0,0,0,0,0,-1.31487884414,0.324747921577,-0.150253373186,-0.360721473641,0.0201289769152,0.234693849046,-1.23364146899,-1.11357097891,-0.317665093413,1.68493827161,0.369601746241,0.18724373293,0.628156983081,0.341838989506,-0.150225853184,0.0356,-0.0348,0.285051706368,-0.09649268352,-0.0378,-0.150225853184,-0.0356,0.0348,0.285051706368,-0.09649268352,0.0378,0,0,0,0,0,0.452004999103,-0.0528368281496,0.0299426098633,0.320265694311,0.00515093824989,-0.190602948265,0.295921075404,0.408074591083,0.0861061871045,-0.355498132301,0.226643106245,-0.0434308151541,-0.139593914976,-0.0321435813768,0.00435723674568,0,0,-0.00871447349136,-0.0054465459321,0,0.00435723674568,0,0,-0.00871447349136,-0.0054465459321,0,0,0,0,0,0,1.23826852786,-0.153135811535,0.08706046158,0.827187528934,-0.00151896812252,-0.388927938625,0.842897645446,1.11379376746,0.181213222265,-1.04584974282,0.416782639015,-0.12419770999,-0.283920995699,-0.173723562655,0.0125933037037,0,0,-0.0251866074073,-0.0157416296296,0,0.0125933037037,0,0,-0.0251866074073,-0.0157416296296,0
227,FRAME,NONE,222,222,2.2200000000000002,RECOVERY,1.1000000000000014,0,0,0,0,0,-1.31029687002,0.324211895891,-0.149949593484,-0.357477455353,0.0201804105671,0.232768370073,-1.23064010795,-1.10943453686,-0.316794968202,1.68133099592,0.371889022439,0.186803218535,0.626746845849,0.341508865813,-0.15018165108,0.0356,-0.0348,0.28496330216,-0.0965479361497,-0.0378,-0.15018165108,-0.0356,0.0348,0.28496330216,-0.0965479361497,0.0378,0,0,0,0,0,0.46437055354,-0.0543748430795,0.0308134551039,0.328567291415,0.00513065380504,-0.194472774971,0.304360186991,0.419207989132,0.087906396066,-0.365985285619,0.230769057718,-0.0446770016753,-0.142425021621,-0.0339056796807,0.00448342407901,0,0,-0.00896684815802,-0.00560428009876,0,0.00448342407901,0,0,-0.00896684815802,-0.00560428009876,0,0,0,0,0,0,1.23441880872,-0.154442183386,0.0870858760843,0.833051707485,-0.00254611648548,-0.384914554258,0.844709975844,1.11263948407,0.178722265455,-1.05152215092,0.408168035216,-0.125203635744,-0.282217914384,-0.178617725109,0.0126413333334,0,0,-0.0252826666666,-0.0158016666666,0,0.0126413333334,0,0,-0.0252826666666,-0.0158016666666,0
228,FRAME,NONE,223,223,2.23,RECOVERY,1.1000000000000014,0,0,0,0,0,-1.30559143306,0.323660424715,-0.149637104084,-0.354150127813,0.0202315899913,0.230804393547,-1.22755426525,-1.10518681912,-0.315906965492,1.6776185659,0.374217127396,0.186350192896,0.625308482648,0.341160875913,-0.150136184702,0.0356,-0.0348,0.284872369405,-0.096604769122,-0.0378,-0.150136184702,-0.0356,0.0348,0.284872369405,-0.096604769122,0.0378,0,0,0,0,0,0.476693375278,-0.0559256718173,0.031684327385,0.336926728461,0.00510001592018,-0.198301239351,0.312815274921,0.430327380764,0.0896806324136,-0.37652857532,0.23480646695,-0.045934887869,-0.145238273264,-0.035715935879,0.00461006341235,0,0,-0.00922012682469,-0.00576257926543,0,0.00461006341235,0,0,-0.00922012682469,-0.00576257926543,0,0,0,0,0,0,1.22973110529,-0.155697621561,0.0870668293999,0.83875254161,-0.00358860880938,-0.380657290379,0.84609575003,1.11102679504,0.176019805166,-1.05713074966,0.399074804588,-0.126599840267,-0.280345008521,-0.183319586433,0.0126837333333,0,0,-0.0253674666667,-0.0158546666668,0,0.0126837333333,0,0,-0.0253674666667,-0.0158546666668,0
229,FRAME,NONE,224,224,2.2400000000000002,RECOVERY,1.1000000000000014,0,0,0,0,0,-1.30076300251,0.323093382455,-0.149315906937,-0.350738920784,0.0202824108855,0.228802345286,-1.22438380245,-1.10082798925,-0.315001355553,1.67380042441,0.376585151778,0.185884520778,0.623842080384,0.340794547095,-0.150089449812,0.0356,-0.0348,0.284778899624,-0.096663187735,-0.0378,-0.150089449812,-0.0356,0.0348,0.284778899624,-0.096663187735,0.0378,0,0,0,0,0,0.488965175646,-0.0574887955108,0.0325547916919,0.345342342247,0.00505888162885,-0.202085920778,0.321282101992,0.441428525033,0.0914267921693,-0.387127900612,0.23875055381,-0.0472089984807,-0.148031921791,-0.0375720714093,0.00473709874568,0,0,-0.00947419749136,-0.0059213734321,0,0.00473709874568,0,0,-0.00947419749136,-0.0059213734321,0,0,0,0,0,0,1.22422389529,-0.156900189373,0.0870052667991,0.844283894446,-0.00464432661727,-0.37615982617,0.847060689677,1.10901963429,0.173107803134,-1.06277313261,0.389505094217,-0.128499407836,-0.2782937556,-0.187763928358,0.012720562963,0,0,-0.025441125926,-0.0159007037037,0,0.012720562963,0,0,-0.025441125926,-0.0159007037037,0
230,FRAME,NONE,225,225,2.25,RECOVERY,1.1000000000000014,0,0,0,0,0,-1.29581212955,0.322510648805,-0.14898600825,-0.347243280968,0.0203327676239,0.226762675131,-1.22112862321,-1.09635824862,-0.314078429648,1.66987600789,0.378992138472,0.185406012927,0.622347844212,0.340409434484,-0.150041442728,0.0356,-0.0348,0.284682885455,-0.0967231965906,-0.0378,-0.150041442728,-0.0356,0.0348,0.284682885455,-0.0967231965906,0.0378,0,0,0,0,0,0.501177853184,-0.0590636756048,0.0334244327209,0.35381240635,0.00500712938783,-0.205824435874,0.329756488714,0.45250777345,0.0931427884763,-0.397784037972,0.242596568834,-0.0485048760257,-0.150804148376,-0.0394712144461,0.00486447467161,0,0,-0.00972894934321,-0.00608059333951,0,0.00486447467161,0,0,-0.00972894934321,-0.00608059333951,0,0,0,0,0,0,1.21791613591,-0.15804788631,0.0869031836094,0.849639269535,-0.00571110595714,-0.371425936619,0.84761061502,1.10652528561,0.169997237204,-1.06825539447,0.37947202756,-0.130655480168,-0.276096413041,-0.192092219506,0.0127518814814,0,0,-0.025503762963,-0.0159398518518,0,0.0127518814814,0,0,-0.025503762963,-0.0159398518518,0
231,FRAME,NONE,226,226,2.2599999999999998,RECOVERY,1.1000000000000014,0,0,0,0,0,-1.29073944545,0.321912108943,-0.148647418282,-0.343662672657,0.0203825534733,0.224685856568,-1.21778867268,-1.09177783378,-0.313138499784,1.66584474365,0.381437083155,0.184914423257,0.620825997416,0.340005122807,-0.149992160319,0.0356,-0.0348,0.284584320637,-0.0967847996018,-0.0378,-0.149992160319,-0.0356,0.0348,0.284584320637,-0.0967847996018,0.0378,0,0,0,0,0,0.513323498364,-0.060649753237,0.034292855364,0.362335127638,0.00494465950971,-0.209514439511,0.338234314292,0.463559030746,0.0948267369134,-0.408493008502,0.246339994361,-0.049822108084,-0.153553850052,-0.0414139157994,0.00499213637531,0,0,-0.00998427275062,-0.00624017046914,0,0.00499213637531,0,0,-0.00998427275062,-0.00624017046914,0,0,0,0,0,0,1.21082725056,-0.159138654953,0.0867626218676,0.854811831781,-0.00678674190778,-0.366459501902,0.847751444764,1.10288391851,0.166736324778,-1.07233710456,0.369023080687,-0.131520839531,-0.273931436261,-0.197198275639,0.0127777481482,0,0,-0.0255554962962,-0.0159721851852,0,0.0127777481482,0,0,-0.0255554962962,-0.0159721851852,0
232,FRAME,NONE,227,227,2.27,RECOVERY,1.1000000000000014,0,0,0,0,0,-1.28554565958,0.32129765374,-0.148300151142,-0.339996578415,0.0204316608141,0.222572386341,-1.21436393692,-1.08708706801,-0.31218189491,1.66170614772,0.383918938359,0.184409570765,0.619276767211,0.339581156168,-0.1499416,0.0356,-0.0348,0.2844832,-0.096848,-0.0378,-0.1499416,-0.0356,0.0348,0.2844832,-0.096848,0.0378,0,0,0,0,0,0.525394398195,-0.0622464487038,0.0351596851583,0.370908642986,0.00487139454968,-0.213153625912,0.34671151761,0.47456545182,0.0964775149718,-0.419230780063,0.249977030448,-0.0511352928164,-0.156282777101,-0.0434151799589,0.00512002963457,0,0,-0.0102400592691,-0.00640003704321,0,0.00512002963457,0,0,-0.0102400592691,-0.00640003704321,0,0,0,0,0,0,1.20297711477,-0.160170388188,0.08658566666,0.859794429121,-0.00786899324353,-0.361264516517,0.847489195782,1.09673466708,0.163418425911,-1.07248551728,0.358244862799,-0.127939034297,-0.272156795545,-0.204908105831,0.0127982222223,0,0,-0.0255964444444,-0.0159977777777,0,0.0127982222223,0,0,-0.0255964444444,-0.0159977777777,0
233,FRAME,NONE,228,228,2.2799999999999998,RECOVERY,1.1000000000000014,0,0,0,0,0,-1.28023155748,0.320667179969,-0.147944224579,-0.336244499797,0.0204799813643,0.22042278405,-1.21085444232,-1.08228652474,-0.311208949484,1.65746012805,0.386436623764,0.183891717401,0.617700341874,0.339136819207,-0.149889759726,0.0356,-0.0348,0.284379519452,-0.0969128003427,-0.0378,-0.149889759726,-0.0356,0.0348,0.284379519452,-0.0969128003427,0.0378,0,0,0,0,0,0.53738304066,-0.0638531610007,0.0360245686972,0.37953101622,0.00478727964484,-0.216739729841,0.355184098208,0.485493724087,0.0980951054316,-0.429942718847,0.253504891617,-0.05238088877,-0.158996985963,-0.0455120779161,0.00524810081975,0,0,-0.0104962016395,-0.00656012602469,0,0.00524810081975,0,0,-0.0104962016395,-0.00656012602469,0,0,0,0,0,0,1.19438604064,-0.161140936634,0.0863744421882,0.864579614983,-0.00895558727262,-0.355845098096,0.846829982524,1.08721335375,0.160095126399,-1.06707728852,0.347192372472,-0.117883872734,-0.271000723644,-0.216388392026,0.012813362963,0,0,-0.025626725926,-0.0160167037037,0,0.012813362963,0,0,-0.025626725926,-0.0160167037037,0
234,FRAME,NONE,229,229,2.29,RECOVERY,1.1000000000000014,0,0,0,0,0,-1.27479799877,0.32002059052,-0.147579659769,-0.332405958091,0.020527406407,0.218237591744,-1.20726025496,-1.07737719353,-0.310219992801,1.65310729334,0.388989036192,0.18336195299,0.616096827492,0.33867091461,-0.149836637984,0.0356,-0.0348,0.284273275967,-0.0969792025205,-0.0378,-0.149836637984,-0.0356,0.0348,0.284273275967,-0.0969792025205,0.0378,0,0,0,0,0,0.549282119008,-0.0654692674365,0.0368871740021,0.388200235285,0.00469228280422,-0.220270527874,0.36364811726,0.496309718895,0.0996794174998,-0.440572325833,0.256920877897,-0.053492970271,-0.161702791574,-0.0477429477994,0.00537629689383,0,0,-0.0107525937877,-0.00672037111728,0,0.00537629689383,0,0,-0.0107525937877,-0.00672037111728,0,0,0,0,0,0,1.12906988548,0.230353026087,-0.284760524838,0.8846419027,-0.372529245875,-0.359608277552,1.32258032017,1.0763134107,0.156617634002,-1.0597434332,0.335758182285,-0.105870298784,-0.269957318154,-0.229007396733,0.0128232296297,0,0,-0.0256464592592,-0.016029037037,0,0.0128232296297,0,0,-0.0256464592592,-0.016029037037,0
235,FRAME,NONE,230,230,2.2999999999999998,RECOVERY,1.1000000000000014,0,0,0,0,0,-1.2692459151,0.31935779462,-0.147206481099,-0.328480495091,0.0205738270204,0.216017373492,-1.20358147998,-1.07236033036,-0.309215361134,1.64864868153,0.391575041322,0.182821857995,0.614466286043,0.338181960251,-0.149782233788,0.0356,-0.0348,0.284164467576,-0.097047207765,-0.0378,-0.149782233788,-0.0356,0.0348,0.284164467576,-0.097047207765,0.0378,0,0,0,0,0,0.559964438369,-0.059246100479,0.0303293582005,0.397223854274,-0.00266330527266,-0.223931895392,0.381635704612,0.507019992301,0.101227458112,-0.451137587511,0.260220055262,-0.0544982947457,-0.164396132326,-0.0500922258507,0.00550456541235,0,0,-0.0110091308247,-0.00688070676543,0,0.00550456541235,0,0,-0.0110091308247,-0.00688070676543,0,0,0,0,0,0,1.11935774759,0.228183210428,-0.284897216864,0.888989213084,-0.372804729584,-0.353674060528,1.31934366243,1.06943459095,0.152619551814,-1.06038825456,0.32365190658,-0.104227580608,-0.267652514528,-0.23560445904,0.0128278814814,0,0,-0.025655762963,-0.0160348518519,0,0.0128278814814,0,0,-0.025655762963,-0.0160348518519,0
236,FRAME,NONE,231,231,2.3100000000000001,RECOVERY,1.1000000000000014,0,0,0,0,0,-1.26359871,0.31883566851,-0.146973072605,-0.324461481005,0.0204741403015,0.213758953836,-1.19962754087,-1.06723679368,-0.308195443639,1.64408454159,0.394193437297,0.182271987095,0.612808904845,0.337669070093,-0.149726546675,0.0356,-0.0348,0.284053093351,-0.0971168166558,-0.0378,-0.149726546675,-0.0356,0.0348,0.284053093351,-0.0971168166558,0.0378,0,0,0,0,0,0.57166927396,-0.0609056032279,0.0311892296648,0.405980019547,-0.00276381178745,-0.227344009085,0.390034990509,0.517698410714,0.102731808536,-0.461780090925,0.263393916029,-0.0555775218832,-0.167055841865,-0.0524550369802,0.00563285452346,0,0,-0.0112657090469,-0.00704106815432,0,0.00563285452346,0,0,-0.0112657090469,-0.00704106815432,0,0,0,0,0,0,1.22099663723,-0.558841526345,0.456815669366,0.862147020124,0.351985847455,-0.328721188541,0.36198280075,1.0705940285,0.147862461257,-1.07638836182,0.310675052081,-0.122141398759,-0.263076496029,-0.230856895592,0.0128273777777,0,0,-0.0256547555556,-0.0160342222223,0,0.0128273777777,0,0,-0.0256547555556,-0.0160342222223,0
237,FRAME,NONE,232,232,2.3199999999999998,RECOVERY,1.1000000000000014,0,0,0,0,0,-1.25781252962,0.318139682556,-0.146582696506,-0.3203608947,0.0205185507846,0.211470493311,-1.19578078017,-1.06200636215,-0.307160724964,1.63941307971,0.396842919642,0.181710307558,0.611125169206,0.337132859512,-0.149669576698,0.0356,-0.0348,0.283939153395,-0.0971880291281,-0.0378,-0.149669576698,-0.0356,0.0348,0.283939153395,-0.0971880291281,0.0378,0,0,0,0,0,0.584384371114,-0.0704229310059,0.0394656715878,0.414466794677,0.00437641167643,-0.230506319163,0.388875360627,0.528431872871,0.104184707337,-0.472665354748,0.266433556304,-0.0569411227208,-0.169657662247,-0.0547093637625,0.0057611129679,0,0,-0.0115222259358,-0.00720139120988,0,0.0057611129679,0,0,-0.0115222259358,-0.00720139120988,0,0,0,0,0,0,1.20939292042,-0.558461909626,0.45654544603,0.866074990642,0.350282580947,-0.322523137799,0.361305445482,1.0757333042,0.142673496037,-1.100273599,0.29707937858,-0.150301906762,-0.257290314167,-0.220182009568,0.0128217777778,0,0,-0.0256435555554,-0.0160272222221,0,0.0128217777778,0,0,-0.0256435555554,-0.0160272222221,0
238,FRAME,NONE,233,233,2.3300000000000001,RECOVERY,1.1000000000000014,0,0,0,0,0,-1.25191102258,0.31742720989,-0.146183759173,-0.316172145112,0.0205616685351,0.209148827453,-1.19185003365,-1.05666815622,-0.306111749492,1.63463123449,0.399522108423,0.18113316464,0.609415751601,0.336574882818,-0.149611324416,0.0356,-0.0348,0.283822648832,-0.09726084448,-0.0378,-0.149611324416,-0.0356,0.0348,0.283822648832,-0.09726084448,0.0378,0,0,0,0,0,0.595857132368,-0.0720748414205,0.0403201385854,0.42330151936,0.00424183983149,-0.233794471841,0.397261099418,0.539213076798,0.105585278457,-0.483785562905,0.2693355036,-0.0585835600184,-0.172201648148,-0.0568586771716,0.00588929007901,0,0,-0.011778580158,-0.00736161259876,0,0.00588929007901,0,0,-0.011778580158,-0.00736161259876,0,0,0,0,0,0,1.14113282555,-0.165496090534,0.0852756759727,0.885250372776,-0.0139848000644,-0.325528022194,0.83720031356,1.07552998724,0.137704485674,-1.11487510403,0.283389755599,-0.167308437277,-0.252691475358,-0.215999335507,0.0128111407408,0,0,-0.0256222814814,-0.0160139259259,0,0.0128111407408,0,0,-0.0256222814814,-0.0160139259259,0
239,FRAME,NONE,234,234,2.3399999999999999,RECOVERY,1.1000000000000014,0,0,0,0,0,-1.24589538698,0.316698185727,-0.145776293734,-0.311894864313,0.0206033875812,0.206794603874,-1.18783555818,-1.05122210061,-0.305049019394,1.62973736846,0.402229629714,0.180538636357,0.607681136243,0.335995685968,-0.149551790896,0.0356,-0.0348,0.283703581792,-0.0973352613801,-0.0378,-0.149551790896,-0.0356,0.0348,0.283703581792,-0.0973352613801,0.0378,0,0,0,0,0,0.607207027625,-0.0737328528166,0.0411711851073,0.432171802132,0.00409671567514,-0.237016879607,0.405619366898,0.549942472616,0.10693879705,-0.494962856828,0.272101351416,-0.0602872914664,-0.174711491754,-0.0590293504727,0.00601733578272,0,0,-0.0120346715654,-0.00752166972839,0,0.00601733578272,0,0,-0.0120346715654,-0.00752166972839,0,0,0,0,0,0,1.1285463492,-0.166067837051,0.084923413893,0.888680518388,-0.0150349738563,-0.318856451226,0.834276365763,1.06620154946,0.133182847896,-1.11318668485,0.269813599059,-0.164421825429,-0.250249055452,-0.223357926055,0.0127955259259,0,0,-0.0255910518521,-0.0159944074075,0,0.0127955259259,0,0,-0.0255910518521,-0.0159944074075,0
240,FRAME,NONE,235,235,2.3500000000000001,RECOVERY,1.1000000000000014,0,0,0,0,0,-1.23976688203,0.315952552834,-0.145360335471,-0.307528709069,0.0206436028486,0.204408489861,-1.18373764631,-1.04566930677,-0.303972973551,1.62473197736,0.404964135451,0.179927418811,0.605921521765,0.335394295808,-0.1494909777,0.0356,-0.0348,0.283581955401,-0.0974112778746,-0.0378,-0.1494909777,-0.0356,0.0348,0.283581955401,-0.0974112778746,0.0378,0,0,0,0,0,0.618428059352,-0.0753961981615,0.0420186068632,0.441075129728,0.00394114035437,-0.240171600865,0.413946626734,0.560537107787,0.108248935415,-0.506049296602,0.274731775582,-0.061871996527,-0.177206629257,-0.0613258356927,0.00614520059753,0,0,-0.0122904011951,-0.00768150074691,0,0.00614520059753,0,0,-0.0122904011951,-0.00768150074691,0,0,0,0,0,0,1.11537160297,-0.166561735899,0.0845518193222,0.891854889449,-0.0160738899509,-0.311993348412,0.83100222717,1.05202817186,0.128782673186,-1.10302346932,0.256126414556,-0.151381423753,-0.248872987438,-0.236577565503,0.0127749925925,0,0,-0.0255499851853,-0.0159687407408,0,0.0127749925925,0,0,-0.0255499851853,-0.0159687407408,0
241,FRAME,NONE,236,236,2.3599999999999999,RECOVERY,1.1000000000000014,0,0,0,0,0,-1.23352682579,0.315190261764,-0.144935921597,-0.303073361719,0.0206822103883,0.201991171857,-1.17955662564,-1.04001135846,-0.302884040686,1.61961638252,0.407724265226,0.179301196427,0.604137003657,0.334769169255,-0.149428886884,0.0356,-0.0348,0.283457773768,-0.097488891395,-0.0378,-0.149428886884,-0.0356,0.0348,0.283457773768,-0.097488891395,0.0378,0,0,0,0,0,0.629514459684,-0.0770640875345,0.0428622214937,0.450008899921,0.00377523787613,-0.243256746575,0.422239411441,0.570983036053,0.109514450514,-0.517023326215,0.277223879707,-0.0633149199414,-0.179688951503,-0.0637609017827,0.00627283563457,0,0,-0.0125456712691,-0.00784104454321,0,0.00627283563457,0,0,-0.0125456712691,-0.00784104454321,0,0,0,0,0,0,1.1016316826,-0.166975513715,0.0841630835563,0.894764545964,-0.0170992681607,-0.304944054118,0.827384819991,1.03846687061,0.124128859041,-1.0943787191,0.242055427483,-0.140647708352,-0.247182294471,-0.248411134625,0.0127496,0,0,-0.0254991999998,-0.015937,0,0.0127496,0,0,-0.0254991999998,-0.015937,0
242,FRAME,NONE,237,237,2.3700000000000001,RECOVERY,1.1000000000000014,0,0,0,0,0,-1.22717659284,0.314411271083,-0.144503091041,-0.298528531071,0.0207191076061,0.199543354929,-1.17529285809,-1.03424964605,-0.301782684541,1.61439151083,0.410508613045,0.178661120412,0.602327742735,0.334119077773,-0.149365520988,0.0356,-0.0348,0.283331041975,-0.0975680987654,-0.0378,-0.149365520988,-0.0356,0.0348,0.283331041975,-0.0975680987654,0.0378,0,0,0,0,0,0.640460693004,-0.0787357084358,0.0437018685344,0.458970420647,0.00359915499115,-0.246270481947,0.430494323133,0.581306445199,0.110731512596,-0.527936870984,0.279572884131,-0.064684950694,-0.182150275146,-0.0662940583852,0.00640019259753,0,0,-0.0128003851951,-0.00800024074691,0,0.00640019259753,0,0,-0.0128003851951,-0.00800024074691,0,0,0,0,0,0,1.08734992807,-0.167306932626,0.0837593915371,0.897400472459,-0.0181088425118,-0.2977140787,0.823431139291,1.02743600567,0.119110917336,-1.09075254814,0.227524006381,-0.136585134485,-0.244704791584,-0.256321920853,0.0127194074075,0,0,-0.0254388148146,-0.0158992592592,0,0.0127194074075,0,0,-0.0254388148146,-0.0158992592592,0
243,FRAME,NONE,238,238,2.3799999999999999,RECOVERY,1.1000000000000014,0,0,0,0,0,-1.22071761193,0.313615547595,-0.144061884226,-0.293893953306,0.0207541934882,0.197065762218,-1.17094673918,-1.02838522955,-0.300669410434,1.60905764511,0.413315722908,0.178007497413,0.600493998155,0.333443288087,-0.149300883032,0.0356,-0.0348,0.283201766064,-0.0976488962099,-0.0378,-0.149300883032,-0.0356,0.0348,0.283201766064,-0.0976488962099,0.0378,0,0,0,0,0,0.651261458246,-0.0804102261871,0.0445374093245,0.46795690937,0.00341306102589,-0.249211028149,0.438708034227,0.591531756167,0.111896668861,-0.538838377177,0.281774359835,-0.0660466226311,-0.184583047334,-0.0688873401998,0.00652722378272,0,0,-0.0130544475654,-0.00815902972839,0,0.00652722378272,0,0,-0.0130544475654,-0.00815902972839,0,0,0,0,0,0,1.07254989642,-0.167553799427,0.0833429162384,0.899753602952,-0.0191003664158,-0.290309102956,0.819148248143,1.01801045163,0.113814329809,-1.09042017342,0.212604378183,-0.137038754575,-0.241693020569,-0.2615592212,0.0126844740741,0,0,-0.0253689481482,-0.0158555925925,0,0.0126844740741,0,0,-0.0253689481482,-0.0158555925925,0
244,FRAME,NONE,239,239,2.3900000000000001,RECOVERY,1.1000000000000014,0,0,0,0,0,-1.21415136367,0.31280306656,-0.143612342854,-0.289169392883,0.0207873688266,0.194559134366,-1.1665186974,-1.02241901093,-0.299544751164,1.60361474329,0.416144100242,0.17734018796,0.598636081789,0.332741330969,-0.149234976512,0.0356,-0.0348,0.283069953024,-0.09773127936,-0.0378,-0.149234976512,-0.0356,0.0348,0.283069953024,-0.09773127936,0.0378,0,0,0,0,0,0.661911690932,-0.0820867844243,0.0453687268591,0.476965492706,0.00321714766284,-0.252076664007,0.446877288096,0.601666654232,0.113007799192,-0.549745274452,0.283824971695,-0.0674257257855,-0.186984135558,-0.0715252428092,0.00665388207901,0,0,-0.013307764158,-0.00831735259876,0,0.00665388207901,0,0,-0.013307764158,-0.00831735259876,0,0,0,0,0,0,1.05725533346,-0.167713974826,0.0829158129954,0.901814845819,-0.0200716177331,-0.282734977482,0.81454327233,1.00881248085,0.108349445407,-1.09082231809,0.197389290216,-0.138809622757,-0.238512842937,-0.26597546317,0.0126448592593,0,0,-0.0252897185186,-0.0158060740741,0,0.0126448592593,0,0,-0.0252897185186,-0.0158060740741,0
245,FRAME,NONE,240,240,2.3999999999999999,RECOVERY,1.1000000000000014,0,0,0,0,0,-1.20747937811,0.311973811907,-0.143154509689,-0.284354643452,0.0208185364414,0.192024228938,-1.16200919342,-1.01635189647,-0.29840925445,1.59806273962,0.418992222342,0.176658982897,0.596754315443,0.332012783231,-0.14916780539,0.0356,-0.0348,0.282935610781,-0.0978152432619,-0.0378,-0.14916780539,-0.0356,0.0348,0.282935610781,-0.0978152432619,0.0378,0,0,0,0,0,0.672406564915,-0.0837645056836,0.0461957255844,0.485993206287,0.00301162867123,-0.254865727699,0.454998899674,0.611708005784,0.114063657769,-0.560654823539,0.285722145639,-0.0688228150863,-0.189353304193,-0.0742068494632,0.0067801209679,0,0,-0.0135602419358,-0.00847515120988,0,0.0067801209679,0,0,-0.0135602419358,-0.00847515120988,0,0,0,0,0,0,1.0414901446,-0.167785382735,0.0824802138642,0.903575108513,-0.0210204037188,-0.274997720885,0.809623394538,0.999204276916,0.10277344705,-1.09075812723,0.181932337527,-0.140392586253,-0.235341026636,-0.270437711933,0.0126006222222,0,0,-0.0252012444445,-0.0157507777778,0,0.0126006222222,0,0,-0.0252012444445,-0.0157507777778,0
246,FRAME,NONE,241,241,2.4100000000000001,RECOVERY,1.1000000000000014,0,0,0,0,0,-1.20070323237,0.311127776446,-0.142688428343,-0.279449528758,0.0208476014,0.189461819812,-1.15741871941,-1.01018485081,-0.297263478008,1.59240164682,0.421858543155,0.175963731658,0.594849015705,0.331257193979,-0.149099374093,0.0356,-0.0348,0.282798748185,-0.0979007823842,-0.0378,-0.149099374093,-0.0356,0.0348,0.282798748185,-0.0979007823842,0.0378,0,0,0,0,0,0.682741493824,-0.085442492079,0.0470183311364,0.495036994876,0.00279673958846,-0.257576618424,0.463069755987,0.62165073977,0.115063268133,-0.571560436997,0.287463618445,-0.0702335775106,-0.191690956091,-0.0769339970478,0.00690589452346,0,0,-0.0138117890469,-0.00863236815432,0,0.00690589452346,0,0,-0.0138117890469,-0.00863236815432,0,0,0,0,0,0,1.02527836471,-0.167766019493,0.0820382221007,0.905025321938,-0.0219445658647,-0.267103516844,0.804395847998,0.989172837252,0.0971007413025,-1.09017426897,0.166256614447,-0.141715799762,-0.232195796497,-0.274979738758,0.0125518222222,0,0,-0.0251036444444,-0.0156897777778,0,0.0125518222222,0,0,-0.0251036444444,-0.0156897777778,0
247,FRAME,NONE,242,242,2.4199999999999999,RECOVERY,1.1000000000000014,0,0,0,0,0,-1.19382454823,0.310264962065,-0.142214143066,-0.274453903554,0.0208744712332,0.186872696569,-1.1527477983,-1.00391888167,-0.296107989088,1.58663153088,0.424741494711,0.175254311347,0.592920496322,0.33047410329,-0.1490296875,0.0356,-0.0348,0.282659375,-0.097987890625,-0.0378,-0.1490296875,-0.0356,0.0348,0.282659375,-0.097987890625,0.0378,0,0,0,0,0,0.692912132209,-0.0871198260734,0.0478364900264,0.504093712725,0.00257273735394,-0.260207798036,0.471086816634,0.631491462529,0.116005672595,-0.582458308919,0.289047277928,-0.0716571310815,-0.193997220123,-0.0797064442384,0.00703115741234,0,0,-0.0140623148247,-0.00878894676543,0,0.00703115741234,0,0,-0.0140623148247,-0.00878894676543,0,0,0,0,0,0,1.00864412714,-0.167653963147,0.0815919066992,0.906156464594,-0.0228419844833,-0.259058710037,0.798867909625,0.978810402892,0.0913339528992,-1.08920607067,0.150382665217,-0.142947238801,-0.229068996895,-0.279492658469,0.0124985185185,0,0,-0.0249970370371,-0.0156231481482,0,0.0124985185185,0,0,-0.0249970370371,-0.0156231481482,0
248,FRAME,NONE,243,243,2.4300000000000002,RECOVERY,1.1000000000000014,0,0,0,0,0,-1.18684498973,0.309385379924,-0.141731698542,-0.269367654503,0.0208990561471,0.184257663852,-1.14799698308,-0.99755502156,-0.294943364557,1.58075248064,0.427639488713,0.174530589036,0.590969071302,0.329663065095,-0.148958750944,0.0356,-0.0348,0.282517501889,-0.0980765613195,-0.0378,-0.148958750944,-0.0356,0.0348,0.282517501889,-0.0980765613195,0.0378,0,0,0,0,0,0.702914376367,-0.088795571342,0.0486501692704,0.513160124168,0.00233989989879,-0.262757792625,0.47904711418,0.641226947828,0.116889947191,-0.59334455841,0.29047127175,-0.0730925222866,-0.196272336028,-0.0825238502172,0.00715586489383,0,0,-0.0143117297877,-0.00894483111728,0,0.00715586489383,0,0,-0.0143117297877,-0.00894483111728,0,0,0,0,0,0,0.991611632081,-0.167447382732,0.0811432971354,0.906959586265,-0.0237105830621,-0.250869800916,0.793046892608,0.968050624028,0.0854787938973,-1.08769054644,0.134341419252,-0.143887421348,-0.225992608877,-0.284076198362,0.0124407703704,0,0,-0.0248815407407,-0.015550962963,0,0.0124407703704,0,0,-0.0248815407407,-0.015550962963,0
249,FRAME,NONE,244,244,2.4399999999999999,RECOVERY,1.1000000000000014,0,0,0,0,0,-1.17976626071,0.308489050638,-0.141241139681,-0.264190701071,0.0209212692312,0.181617540717,-1.14316685602,-0.991094342715,-0.293770190144,1.57476463971,0.430550920146,0.173792460901,0.588995049601,0.328823626285,-0.148886570202,0.0356,-0.0348,0.282373140404,-0.0981667872473,-0.0378,-0.148886570202,-0.0356,0.0348,0.282373140404,-0.0981667872473,0.0378,0,0,0,0,0,0.712744364851,-0.0904687737281,0.0494593559691,0.522232904451,0.00209852569269,-0.265225194054,0.486947754486,0.650852475009,0.117715248473,-0.604212119847,0.291734106313,-0.0745348795085,-0.198517072301,-0.0853879682056,0.00727997281975,0,0,-0.0145599456395,-0.00909996602469,0,0.00727997281975,0,0,-0.0145599456395,-0.00909996602469,0,0,0,0,0,0,0.974205114182,-0.167144547503,0.0806943784113,0.907425831285,-0.0245483323545,-0.242543439347,0.786940138386,0.956790016221,0.0795432750222,-1.08539639152,0.11816597191,-0.144251311048,-0.22300784884,-0.288879274169,0.012378637037,0,0,-0.024757274074,-0.0154732962963,0,0.012378637037,0,0,-0.024757274074,-0.0154732962963,0
250,FRAME,NONE,245,245,2.4500000000000002,RECOVERY,1.1000000000000014,0,0,0,0,0,-1.17259010243,0.30757600445,-0.140742511423,-0.258922996414,0.020941026661,0.17895315997,-1.13825802799,-0.98453797206,-0.292589059587,1.56866823824,0.43347417084,0.173039891446,0.586998729856,0.327955305731,-0.148813151488,0.0356,-0.0348,0.282226302976,-0.09825856064,-0.0378,-0.148813151488,-0.0356,0.0348,0.282226302976,-0.09825856064,0.0378,0,0,0,0,0,0.722398478651,-0.092138462292,0.0502640568386,0.531308640794,0.0018489332517,-0.267608661412,0.494785916947,0.660362748152,0.118480812691,-0.61505248624,0.292834591188,-0.0759775485076,-0.200732493005,-0.0883014357006,0.00740343763457,0,0,-0.0148068752691,-0.00925429704321,0,0.00740343763457,0,0,-0.0148068752691,-0.00925429704321,0,0,0,0,0,0,0.956448809735,-0.166743836197,0.0802470863884,0.907546461311,-0.0253532540584,-0.234086417182,0.780555008059,0.945058289931,0.0735352106755,-1.08234464636,0.101881971044,-0.144063750384,-0.220122653592,-0.293875190417,0.0123121777778,0,0,-0.0246243555556,-0.0153902222222,0,0.0123121777778,0,0,-0.0246243555556,-0.0153902222222,0
251,FRAME,NONE,246,246,2.46,RECOVERY,1.1000000000000014,0,0,0,0,0,-1.16531829113,0.306646281392,-0.140235858544,-0.253564528255,0.0209582478962,0.176265367488,-1.13327113768,-0.977887087752,-0.29140057389,1.56246358998,0.43640761197,0.172272909931,0.584980399741,0.327057597571,-0.148738501449,0.0356,-0.0348,0.282077002899,-0.0983518731882,-0.0378,-0.148738501449,-0.0356,0.0348,0.282077002899,-0.0983518731882,0.0378,0,0,0,0,0,0.731873341045,-0.093803650452,0.0510642976969,0.540383833677,0.00159146061153,-0.269906922398,0.502558854647,0.669753640808,0.119185952686,-0.625859012774,0.293771745734,-0.0774161545162,-0.202919525372,-0.0912654720139,0.00752621637531,0,0,-0.0150524327506,-0.00940777046914,0,0.00752621637531,0,0,-0.0150524327506,-0.00940777046914,0,0,0,0,0,0,0.938366923315,-0.166243746296,0.0798033035766,0.907312877495,-0.0261234241012,-0.225505659706,0.77389887312,0.933012943216,0.0674632735165,-1.07879912968,0.0855087414772,-0.143648061677,-0.217313513808,-0.298868404402,0.0122414518518,0,0,-0.0244829037037,-0.0153018148148,0,0.0122414518518,0,0,-0.0244829037037,-0.0153018148148,0
252,FRAME,NONE,247,247,2.4700000000000002,RECOVERY,1.1000000000000014,0,0,0,0,0,-1.15795263561,0.305699931441,-0.139721225469,-0.248115319741,0.0209728558732,0.173555021522,-1.12820685089,-0.971142899244,-0.290205340533,1.55615105799,0.439349605754,0.171491568356,0.582940339349,0.32612999629,-0.14866262716,0.0356,-0.0348,0.281925254321,-0.0984467160494,-0.0378,-0.14866262716,-0.0356,0.0348,0.281925254321,-0.0984467160494,0.0378,0,0,0,0,0,0.741165817117,-0.095463337218,0.0518601229101,0.549454898344,0.00132646476968,-0.272118774606,0.51026389441,0.679023007017,0.119830078162,-0.636628468834,0.294544766018,-0.0788505097411,-0.205078763281,-0.0942788037887,0.0076482666716,0,0,-0.0152965333432,-0.00956033333951,0,0.0076482666716,0,0,-0.0152965333432,-0.00956033333951,0,0,0,0,0,0,0.919983594193,-0.16564290331,0.0793648554623,0.906716642015,-0.0268569754177,-0.216808216085,0.766979105521,0.920823457687,0.0613389589538,-1.07504858901,0.0690661378892,-0.143357915969,-0.214554499859,-0.303647047036,0.0121665185186,0,0,-0.024333037037,-0.0152081481482,0,0.0121665185186,0,0,-0.024333037037,-0.0152081481482,0
253,FRAME,NONE,248,248,2.48,RECOVERY,1.1000000000000014,0,0,0,0,0,-1.15049497479,0.304737014648,-0.139198656086,-0.242575430288,0.0209847771916,0.170822991996,-1.12306585979,-0.964306627612,-0.289003972327,1.54973102061,0.44229850729,0.170695899736,0.580878824475,0.325172021496,-0.148585536116,0.0356,-0.0348,0.281771072232,-0.098543079855,-0.0378,-0.148585536116,-0.0356,0.0348,0.281771072232,-0.098543079855,0.0378,0,0,0,0,0,0.750273012929,-0.0971165085182,0.0526515948061,0.558518166517,0.00105432110317,-0.274243086719,0.517898436757,0.688170109962,0.120412731865,-0.647359984555,0.295153068492,-0.0802833128355,-0.20721061537,-0.0973384129547,0.00776954674568,0,0,-0.0155390934914,-0.0097119334321,0,0.00776954674568,0,0,-0.0155390934914,-0.0097119334321,0,0,0,0,0,0,0.901322862479,-0.164940070161,0.0789335074448,0.905749499058,-0.0275521001077,-0.208001248867,0.759803067025,0.908559654246,0.0551764590086,-1.07119542297,0.0525807350298,-0.143317387042,-0.21184489442,-0.308129884548,0.0120874370371,0,0,-0.0241748740741,-0.0151092962963,0,0.0120874370371,0,0,-0.0241748740741,-0.0151092962963,0
254,FRAME,NONE,249,249,2.4900000000000002,RECOVERY,1.1000000000000014,0,0,0,0,0,-1.14294717535,0.30375760127,-0.138668193573,-0.23694495641,0.0209939422952,0.168070159788,-1.11784888216,-0.957379497045,-0.287797085896,1.5432038583,0.445252667124,0.169885902099,0.578796127042,0.324183228031,-0.148507236226,0.0356,-0.0348,0.281614472451,-0.098640954718,-0.0378,-0.148507236226,-0.0356,0.0348,0.281614472451,-0.098640954718,0.0378,0,0,0,0,0,0.759192274367,-0.0987621386212,0.053438793059,0.567569888325,0.000775422767526,-0.276278799583,0.52545995575,0.697194200102,0.120933607342,-0.658052377293,0.295596380718,-0.081716857482,-0.20931566117,-0.10044140148,0.00789001541235,0,0,-0.0157800308247,-0.00986251926543,0,0.00789001541235,0,0,-0.0157800308247,-0.00986251926543,0,0,0,0,0,0,0.882408635173,-0.164134156653,0.0785109625838,0.90440339496,-0.0282070509164,-0.199092022441,0.752378097732,0.896187953172,0.0489907858543,-1.06714748347,0.0360858230182,-0.143411195452,-0.209209680637,-0.31237095972,0.0120042666666,0,0,-0.0240085333335,-0.0150053333333,0,0.0120042666666,0,0,-0.0240085333335,-0.0150053333333,0
255,FRAME,NONE,250,250,2.5,RECOVERY,1.1000000000000014,0,0,0,0,0,-1.1353111293,0.302761771876,-0.138129880225,-0.231224032521,0.0210002856469,0.165297416005,-1.11255666067,-0.95036274361,-0.28658530018,1.53656997306,0.448210434905,0.169061562587,0.576692511252,0.323163193466,-0.148427735808,0.0356,-0.0348,0.281455471616,-0.0987403302403,-0.0378,-0.148427735808,-0.0356,0.0348,0.281455471616,-0.0987403302403,0.0378,0,0,0,0,0,0.767921185633,-0.100399191651,0.0542218140578,0.576606234416,0.000490180084844,-0.278224927168,0.532945998712,0.706093869025,0.121392547583,-0.668702934224,0.295874784952,-0.0831515367446,-0.211394808982,-0.103585832149,0.00800963207901,0,0,-0.016019264158,-0.0100120400988,0,0.00800963207901,0,0,-0.016019264158,-0.0100120400988,0,0,0,0,0,0,0.863264652399,-0.163224229126,0.0780988602813,0.902670497508,-0.0288201418565,-0.190087890704,0.744711503741,0.883664252255,0.0427968466377,-1.06279329588,0.0196158668793,-0.143500429945,-0.206676201918,-0.31643725851,0.0119170666667,0,0,-0.0238341333333,-0.0148963333333,0,0.0119170666667,0,0,-0.0238341333333,-0.0148963333333,0
256,FRAME,NONE,251,251,2.5099999999999998,RECOVERY,1.1000000000000014,0,0,0,0,0,-1.12758875164,0.301749617437,-0.137583757291,-0.225412831722,0.0210037458969,0.162505661245,-1.10718996218,-0.943257619664,-0.285369234944,1.52982979961,0.451170162823,0.168222871364,0.574568230862,0.322111511388,-0.148347043584,0.0356,-0.0348,0.281294087168,-0.09884119552,-0.0378,-0.148347043584,-0.0356,0.0348,0.281294087168,-0.09884119552,0.0378,0,0,0,0,0,0.776457567414,-0.102026623204,0.0550007702647,0.585623298275,0.000199019930395,-0.280080557397,0.540354185825,0.714867485147,0.121789544274,-0.679308243211,0.295988698056,-0.0845868660809,-0.213449185208,-0.10677014665,0.00812835674568,0,0,-0.0162567134914,-0.0101604459321,0,0.00812835674568,0,0,-0.0162567134914,-0.0101604459321,0,0,0,0,0,0,0.843914453654,-0.162209520431,0.0776987760382,0.900543214655,-0.0293897478462,-0.180996283921,0.736810543848,0.870973813715,0.0366092539913,-1.05807744065,0.0032042715746,-0.143515461099,-0.204264341215,-0.320356151133,0.0118258962963,0,0,-0.0236517925925,-0.0147823703704,0,0.0118258962963,0,0,-0.0236517925925,-0.0147823703704,0
257,FRAME,NONE,252,252,2.52,RECOVERY,1.1000000000000014,0,0,0,0,0,-1.11978197796,0.300721239412,-0.137029864819,-0.219511566556,0.0210042660455,0.159695804857,-1.10174957696,-0.936065393907,-0.284149509295,1.5229838082,0.454130208866,0.167369825265,0.572423527548,0.321027790533,-0.148265168673,0.0356,-0.0348,0.281130337346,-0.098943539159,-0.0378,-0.148265168673,-0.0356,0.0348,0.281130337346,-0.098943539159,0.0378,0,0,0,0,0,0.784799474706,-0.10364338206,0.0557757895785,0.59461709871,-9.76148720803e-05,-0.281844852846,0.547682209589,0.723513345299,0.122124732662,-0.689864483037,0.295938870384,-0.0860218459665,-0.215480095807,-0.109992955172,0.00824615000494,0,0,-0.0164923000099,-0.0103076875062,0,0.00824615000494,0,0,-0.0164923000099,-0.0103076875062,0,0,0,0,0,0,0.824381344498,-0.161089440218,0.0773122225987,0.89801421214,-0.0299143032124,-0.171824694755,0.728682415078,0.858125833917,0.0304429567556,-1.05299084528,-0.0131162308656,-0.143443918005,-0.201987983421,-0.324122487774,0.0117308148148,0,0,-0.0234616296296,-0.0146635185185,0,0.0117308148148,0,0,-0.0234616296296,-0.0146635185185,0
258,FRAME,NONE,253,253,2.5299999999999998,RECOVERY,1.1000000000000014,0,0,0,0,0,-1.11189276214,0.299676749796,-0.1364682415,-0.213520489748,0.0210017935995,0.156868764188,-1.09623631799,-0.928787352758,-0.282926740291,1.51603250995,0.457088940231,0.166502434445,0.570258628946,0.319911652285,-0.148182120584,0.0356,-0.0348,0.280964241168,-0.0990473492701,-0.0378,-0.148182120584,-0.0356,0.0348,0.280964241168,-0.0990473492701,0.0378,0,0,0,0,0,0.792945194304,-0.105248412008,0.0565470147166,0.603583582518,-0.000399266133853,-0.283517051293,0.554927834127,0.732030001825,0.12239840341,-0.700368060116,0.295726373438,-0.087455744441,-0.217488944877,-0.113252596405,0.00836297304198,0,0,-0.016725946084,-0.0104537163025,0,0.00836297304198,0,0,-0.016725946084,-0.0104537163025,0,0,0,0,0,0,0.804688363726,-0.159863585809,0.0769406526727,0.895076430273,-0.0303922987783,-0.162580663747,0.720334236961,0.845148705176,0.0243137821332,-1.04756246848,-0.029313471992,-0.143320101096,-0.199856092712,-0.327704923179,0.0116318814815,0,0,-0.023263762963,-0.0145398518518,0,0.0116318814815,0,0,-0.023263762963,-0.0145398518518,0
259,FRAME,NONE,254,254,2.54,RECOVERY,1.1000000000000014,0,0,0,0,0,-1.10392307407,0.298616271171,-0.135898924525,-0.207439894906,0.0209962807229,0.154025463831,-1.09065102028,-0.92142479387,-0.281701541226,1.50897644699,0.460044736335,0.165620710376,0.56807374865,0.318762738605,-0.148097909212,0.0356,-0.0348,0.280795818424,-0.099152613485,-0.0378,-0.148097909212,-0.0356,0.0348,0.280795818424,-0.099152613485,0.0378,0,0,0,0,0,0.80089324198,-0.106840653776,0.057314602632,0.612518627315,-0.000705460847646,-0.285096466121,0.562088894328,0.740416319403,0.122611008305,-0.710815732407,0.295352600944,-0.0888882479885,-0.219477217661,-0.116547053635,0.00847878763457,0,0,-0.0169575752691,-0.0105984845432,0,0.00847878763457,0,0,-0.0169575752691,-0.0105984845432,0,0,0,0,0,0,0.784858250987,-0.158531753848,0.0765854635406,0.891723099908,-0.0308222772858,-0.153271764094,0.711773034292,0.83206416508,0.018237834807,-1.04181011802,-0.0453544221378,-0.14316461745,-0.197878996858,-0.331079836177,0.0115291555556,0,0,-0.023058311111,-0.0144114444444,0,0.0115291555556,0,0,-0.023058311111,-0.0144114444444,0
260,FRAME,NONE,255,255,2.5499999999999998,RECOVERY,1.1000000000000014,0,0,0,0,0,-1.0958748973,0.297539936721,-0.135321949447,-0.201270117201,0.0209876843826,0.151166834865,-1.0849945401,-0.91397902637,-0.280474520125,1.5018161953,0.46299599225,0.164724669485,0.565869084593,0.317580711212,-0.148012544831,0.0356,-0.0348,0.280625089662,-0.099259318961,-0.0378,-0.148012544831,-0.0356,0.0348,0.280625089662,-0.099259318961,0.0378,0,0,0,0,0,0.808642359324,-0.108419047085,0.0580787239875,0.621418044516,-0.00101571167957,-0.286582486574,0.569163294812,0.748671285127,0.122763160106,-0.721204262477,0.294819284996,-0.09031903679,-0.221446524814,-0.119874193129,0.00859355615309,0,0,-0.0171871123062,-0.0107419451914,0,0.00859355615309,0,0,-0.0171871123062,-0.0107419451914,0,0,0,0,0,0,0.764913415415,-0.157093952876,0.0762480040036,0.887947757163,-0.0312028268301,-0.143905585907,0.703005718056,0.818886050634,0.0122315373503,-1.03573812337,-0.0612051866626,-0.142981628828,-0.196068706259,-0.334232928336,0.0114226962963,0,0,-0.0228453925925,-0.0142783703704,0,0.0114226962963,0,0,-0.0228453925925,-0.0142783703704,0
261,FRAME,NONE,256,256,2.5600000000000001,RECOVERY,1.1000000000000014,0,0,0,0,0,-1.08775022688,0.29644789023,-0.134737350045,-0.195011534015,0.0209759664893,0.148293814099,-1.07926775438,-0.906451368168,-0.279246278024,1.49455236174,0.465941122034,0.16381432964,0.563644818154,0.316365254742,-0.147926038089,0.0356,-0.0348,0.280452076178,-0.0993674523888,-0.0378,-0.147926038089,-0.0356,0.0348,0.280452076178,-0.0993674523888,0.0378,0,0,0,0,0,0.816191510289,-0.109982532834,0.0588395627121,0.630277582458,-0.00132951738425,-0.28797457784,0.576149008689,0.756794040415,0.122855639052,-0.731530494874,0.294128497211,-0.091747880565,-0.223398591786,-0.123231712202,0.00870724156049,0,0,-0.017414483121,-0.0108840519506,0,0.00870724156049,0,0,-0.017414483121,-0.0108840519506,0,0,0,0,0,0,0.744875905094,-0.155550417288,0.0759295841201,0.883744257322,-0.0315325718617,-0.13448972018,0.694039064189,0.805613523574,0.00631063798107,-1.0293238373,-0.0768306804666,-0.142742580493,-0.194440416785,-0.337168055633,0.0113125629629,0,0,-0.022625125926,-0.0141407037037,0,0.0113125629629,0,0,-0.022625125926,-0.0141407037037,0
262,FRAME,NONE,257,257,2.5699999999999998,RECOVERY,1.1000000000000014,0,0,0,0,0,-1.0795510671,0.295340286064,-0.134145158193,-0.188664565552,0.0209610940349,0.145407343309,-1.07347155993,-0.898843145562,-0.278017407344,1.48718558541,0.468878562194,0.162889711874,0.561401112757,0.315116076968,-0.1478384,0.0356,-0.0348,0.2802768,-0.099477,-0.0378,-0.1478384,-0.0356,0.0348,0.2802768,-0.099477,0.0378,0,0,0,0,0,0.823539877426,-0.111530055431,0.0595973156699,0.639092929662,-0.0016463631168,-0.289272280978,0.583044076096,0.764783555598,0.122889372865,-0.741790739223,0.293282671386,-0.0931738883998,-0.22533533315,-0.126617554242,0.00881980741235,0,0,-0.0176396148247,-0.0110247592654,0,0.00881980741235,0,0,-0.0176396148247,-0.0110247592654,0,0,0,0,0,0,0.724767377508,-0.153901623048,0.0756314883324,0.879106787607,-0.0318101612245,-0.125031742175,0.684879689649,0.79223886019,0.000490393747138,-1.02253278467,-0.0921951629081,-0.142404588281,-0.193010495112,-0.339896979596,0.0111988148149,0,0,-0.0223976296297,-0.0139985185185,0,0.0111988148149,0,0,-0.0223976296297,-0.0139985185185,0
263,FRAME,NONE,258,258,2.5800000000000001,RECOVERY,1.1000000000000014,0,0,0,0,0,-1.07127942934,0.294217289121,-0.133545403732,-0.182229675422,0.0209430392269,0.14250836848,-1.06760687286,-0.891155697056,-0.276788490567,1.47971654696,0.471806775462,0.161950851872,0.559138111491,0.313832903657,-0.147749641941,0.0356,-0.0348,0.280099283881,-0.0995879475741,-0.0378,-0.147749641941,-0.0356,0.0348,0.280099283881,-0.0995879475741,0.0378,0,0,0,0,0,0.830686857839,-0.113060565295,0.0603521924787,0.64785971821,-0.00196572060874,-0.290475212683,0.589846602482,0.772638817619,0.122865446927,-0.751981150567,0.292284593952,-0.0945959723306,-0.227258801688,-0.130029651794,0.00893121785679,0,0,-0.0178624357136,-0.011164022321,0,0.00893121785679,0,0,-0.0178624357136,-0.011164022321,0,0,0,0,0,0,0.70460907139,-0.152148305742,0.0753549927713,0.874029878775,-0.032034252516,-0.115539194587,0.67553402517,0.778778474858,-0.00521238990719,-1.01537911596,-0.107264358455,-0.141983983054,-0.191788868635,-0.342398851304,0.0110815111111,0,0,-0.0221630222223,-0.0138518888889,0,0.0110815111111,0,0,-0.0221630222223,-0.0138518888889,0
264,FRAME,NONE,259,259,2.5899999999999999,RECOVERY,1.1000000000000014,0,0,0,0,0,-1.06293732994,0.293079074758,-0.132938114343,-0.175707371188,0.0209217796227,0.139597839055,-1.06167462788,-0.88339036921,-0.275560098405,1.47214596239,0.474724254073,0.160997792427,0.556855936723,0.312515483932,-0.147659775643,0.0356,-0.0348,0.279919551286,-0.0997002804464,-0.0378,-0.147659775643,-0.0356,0.0348,0.279919551286,-0.0997002804464,0.0378,0,0,0,0,0,0.837632058854,-0.114573021546,0.0611044155253,0.656573527238,-0.00228704816712,-0.29158306487,0.5965547566,0.780359125095,0.122785125067,-0.762098321542,0.291137384217,-0.0960135680609,-0.229171110522,-0.133465531268,0.00904143763457,0,0,-0.0180828752691,-0.0113017970432,0,0.00904143763457,0,0,-0.0180828752691,-0.0113017970432,0,0,0,0,0,0,0.684421780064,-0.150291481654,0.0751013877844,0.868508415651,-0.0322034919483,-0.106019570646,0.66600828386,0.765238947991,-0.0107817616933,-1.00785944943,-0.122003465214,-0.141475901402,-0.190787197701,-0.344664664848,0.0109607111111,0,0,-0.0219214222222,-0.0137008888889,0,0.0109607111111,0,0,-0.0219214222222,-0.0137008888889,0
265,FRAME,NONE,260,260,2.6000000000000001,RECOVERY,1.1000000000000014,0,0,0,0,0,-1.05452678816,0.29192582869,-0.132323315421,-0.169098204877,0.0208972982636,0.136676707182,-1.05567577773,-0.875548514554,-0.274332788066,1.46447458053,0.477629523147,0.160030580511,0.55455468928,0.311163593032,-0.147568813188,0.0356,-0.0348,0.279737626376,-0.099813983515,-0.0378,-0.147568813188,-0.0356,0.0348,0.279737626376,-0.099813983515,0.0378,0,0,0,0,0,0.84437529344,-0.116066394928,0.0618542202344,0.665229886523,-0.0026097904477,-0.292595604096,0.603166768159,0.787943596579,0.122649811693,-0.772138339556,0.289844524648,-0.0974254903587,-0.231074545642,-0.136922945091,0.00915043207901,0,0,-0.018300864158,-0.0114380400988,0,0.00915043207901,0,0,-0.018300864158,-0.0114380400988,0,0,0,0,0,0,0.66422582641,-0.148332472876,0.074872006907,0.862537646299,-0.0323164885141,-0.0964802968323,0.656308424489,0.751615643814,-0.0162019956337,-0.999951016825,-0.136377194779,-0.140851586398,-0.190019222208,-0.346698993309,0.0108364740741,0,0,-0.0216729481479,-0.0135455925926,0,0.0108364740741,0,0,-0.0216729481479,-0.0135455925926,0
266,FRAME,NONE,261,261,2.6099999999999999,RECOVERY,1.1000000000000014,0,0,0,0,0,-1.04604982407,0.29075774686,-0.131701029939,-0.162402773457,0.0208695838137,0.133745926973,-1.04961129252,-0.867631497278,-0.273107102172,1.4567031956,0.480521144566,0.15904928262,0.55223444581,0.30977702503,-0.147476767001,0.0356,-0.0348,0.279553534003,-0.0999290412484,-0.0378,-0.147476767001,-0.0356,0.0348,0.279553534003,-0.0999290412484,0.0378,0,0,0,0,0,0.850916575382,-0.117539671003,0.0626018556634,0.673824280164,-0.0029333779374,-0.293512670806,0.609680925089,0.795391437972,0.122461085155,-0.782097341879,0.288409840322,-0.0988305997889,-0.232971494966,-0.140399511134,0.00925816711605,0,0,-0.0185163342321,-0.0115727088951,0,0.00925816711605,0,0,-0.0185163342321,-0.0115727088951,0,0,0,0,0,0,0.644041039717,-0.14627293773,0.0746682639802,0.856113189989,-0.0323717809202,-0.0869287155632,0.646440108068,0.737955224912,-0.021450751774,-0.991735885135,-0.15035398303,-0.140208301443,-0.189485764723,-0.348438160275,0.0107088592593,0,0,-0.0214177185186,-0.0133860740741,0,0.0107088592593,0,0,-0.0214177185186,-0.0133860740741,0
267,FRAME,NONE,262,262,2.6200000000000001,RECOVERY,1.1000000000000014,0,0,0,0,0,-1.03750845665,0.28957503527,-0.131071278308,-0.155621719274,0.0208386307049,0.130806453766,-1.04348215922,-0.859640685794,-0.271883566363,1.44883263369,0.483397719953,0.158053968515,0.549895259381,0.308355602809,-0.147383649846,0.0356,-0.0348,0.279367299691,-0.100045437693,-0.0378,-0.147383649846,-0.0356,0.0348,0.279367299691,-0.100045437693,0.0378,0,0,0,0,0,0.857256114234,-0.118991853682,0.063347585514,0.682352150323,-0.00325722606611,-0.294334178407,0.616095570321,0.802702701077,0.122220796658,-0.791973057259,0.286837444987,-0.100229656388,-0.234864260937,-0.143891708296,0.0093646092642,0,0,-0.0187292185284,-0.0117057615802,0,0.0093646092642,0,0,-0.0187292185284,-0.0117057615802,0,0,0,0,0,0,0.623886734819,-0.144114908101,0.0744917006975,0.849231043797,-0.0323677953857,-0.0773720679145,0.636408645683,0.724335116148,-0.0264995380449,-0.983361981938,-0.163904816587,-0.139721588612,-0.18917974878,-0.349776944973,0.0105779259259,0,0,-0.021155851852,-0.0132224074074,0,0.0105779259259,0,0,-0.021155851852,-0.0132224074074,0
268,FRAME,NONE,263,263,2.6299999999999999,RECOVERY,1.1000000000000014,0,0,0,0,0,-1.02890470179,0.288377909786,-0.130434078228,-0.148755730451,0.0208044392924,0.127859243405,-1.03728938111,-0.851577443256,-0.270662686238,1.44086373446,0.486257893466,0.157044689492,0.547537160591,0.306899190864,-0.147289474816,0.0356,-0.0348,0.279178949632,-0.10016315648,-0.0378,-0.147289474816,-0.0356,0.0348,0.279178949632,-0.10016315648,0.0378,0,0,0,0,0,0.863394310078,-0.120421969165,0.0640916896774,0.69080890104,-0.00358073384512,-0.295060112165,0.622409098003,0.809878140295,0.121931094394,-0.801764581517,0.28513174399,-0.101625031561,-0.236755089942,-0.147395050033,0.00946972563457,0,0,-0.0189394512691,-0.0118371570432,0,0.00946972563457,0,0,-0.0189394512691,-0.0118371570432,0,0,0,0,0,0,0.604052122757,-0.143938724934,0.0766093174678,0.841794814749,-0.0302209662926,-0.0677713938534,0.623725629243,0.710797951015,-0.0313220564645,-0.974912034368,-0.176998930304,-0.13948770184,-0.189101640508,-0.350654350711,0.0104437333333,0,0,-0.0208874666666,-0.0130546666666,0,0.0104437333333,0,0,-0.0208874666666,-0.0130546666666,0
269,FRAME,NONE,264,264,2.6400000000000001,RECOVERY,1.1000000000000014,0,0,0,0,0,-1.02024057045,0.287166595887,-0.129789444515,-0.141805541253,0.0207670160279,0.124905251523,-1.03103397726,-0.843443122989,-0.269444944475,1.43279734206,0.489100354833,0.156021467884,0.545160157582,0.305407701809,-0.147194255333,0.0356,-0.0348,0.278988510666,-0.100282180834,-0.0378,-0.147194255333,-0.0356,0.0348,0.278988510666,-0.100282180834,0.0378,0,0,0,0,0,0.86933715669,-0.121870628181,0.0648797718634,0.699188046618,-0.00386164539196,-0.295689606284,0.628570082906,0.816918660098,0.121594355528,-0.811471297946,0.283297466381,-0.103019410424,-0.238646293747,-0.150904795311,0.00957348393086,0,0,-0.0191469678617,-0.0119668549136,0,0.00957348393086,0,0,-0.0191469678617,-0.0119668549136,0,0,0,0,0,0,0.544490410679,0.163011373857,-0.257407922892,0.847665597615,-0.336494959031,-0.0650220333712,0.978778524832,0.697282050851,-0.0359110822354,-0.966256996418,-0.189598678736,-0.139350899687,-0.189275276765,-0.351145164221,0.0103063407408,0,0,-0.0206126814814,-0.0128829259259,0,0.0103063407408,0,0,-0.0206126814814,-0.0128829259259,0
270,FRAME,NONE,265,265,2.6499999999999999,RECOVERY,1.1000000000000014,0,0,0,0,0,-1.01151795865,0.285940497222,-0.129136482791,-0.134771969519,0.0207272063846,0.121945451279,-1.02471797945,-0.835239070054,-0.268230799128,1.4246343085,0.491923842793,0.154984301284,0.542764234717,0.303881094958,-0.147098005137,0.0356,-0.0348,0.278796010275,-0.100402493578,-0.0378,-0.147098005137,-0.0356,0.0348,0.278796010275,-0.100402493578,0.0378,0,0,0,0,0,0.874284118292,-0.117161741688,0.0589435312195,0.707762212992,-0.0103106330257,-0.296360552832,0.6419846685,0.823823781312,0.121212872749,-0.821089721446,0.281339770415,-0.104412049555,-0.240540595477,-0.154417953318,0.00967585244938,0,0,-0.0193517048988,-0.0120948155617,0,0.00967585244938,0,0,-0.0193517048988,-0.0120948155617,0,0,0,0,0,0,0.525306257761,0.160575221002,-0.253922347354,0.839243023602,-0.332600999486,-0.0553982304158,0.962340221007,0.683446600276,-0.0403141856768,-0.956693874196,-0.201647590429,-0.138472542908,-0.189788092718,-0.351690078198,0.0101658074075,0,0,-0.0203316148148,-0.0127072592593,0,0.0101658074075,0,0,-0.0203316148148,-0.0127072592593,0
271,FRAME,NONE,266,266,2.6600000000000001,RECOVERY,1.1000000000000014,0,0,0,0,0,-1.00275488808,0.284823361053,-0.12861057389,-0.127650296993,0.0205608033674,0.118978040466,-1.01819428389,-0.826966647362,-0.26702068702,1.41637554763,0.494727150241,0.153933226893,0.540349345673,0.302319342742,-0.147000738284,0.0356,-0.0348,0.278601476568,-0.100524077145,-0.0378,-0.147000738284,-0.0356,0.0348,0.278601476568,-0.100524077145,0.0378,0,0,0,0,0,0.879843281845,-0.118659123761,0.0598013249163,0.71597290709,-0.0105136653817,-0.296797570893,0.647816887326,0.830587592103,0.120788071815,-0.83060517543,0.279264514573,-0.105788861282,-0.242442055601,-0.157938596875,0.00977680007901,0,0,-0.019553600158,-0.0122210000988,0,0.00977680007901,0,0,-0.019553600158,-0.0122210000988,0,0,0,0,0,0,0.585801859878,-0.455101429547,0.421968450689,0.80280640065,0.288331509811,-0.0321143607753,0.210026696295,0.668610281072,-0.044646762991,-0.944818685751,-0.213067739813,-0.135177634973,-0.190804492656,-0.353177312934,0.0100221925926,0,0,-0.0200443851853,-0.0125277407407,0,0.0100221925926,0,0,-0.0200443851853,-0.0125277407407,0
272,FRAME,NONE,267,267,2.6699999999999999,RECOVERY,1.1000000000000014,0,0,0,0,0,-0.993921093018,0.283567314747,-0.127940456293,-0.120452511377,0.0205169330769,0.116009499861,-1.01176164171,-0.818627318212,-0.265815037692,1.40802220499,0.497509133085,0.152868524058,0.537915393604,0.300722323021,-0.146902469136,0.0356,-0.0348,0.278404938272,-0.10064691358,-0.0378,-0.146902469136,-0.0356,0.0348,0.278404938272,-0.10064691358,0.0378,0,0,0,0,0,0.88600015549,-0.126263770279,0.0673829002333,0.723818341005,-0.00454400282953,-0.297002840048,0.646185202426,0.837195986933,0.120319937489,-0.839986095161,0.277078415619,-0.107115602254,-0.24435668533,-0.161481499576,0.00987629630124,0,0,-0.0197525926025,-0.0123453703765,0,0.00987629630124,0,0,-0.0197525926025,-0.0123453703765,0,0,0,0,0,0,0.565001913811,-0.445425810047,0.416147223314,0.79382921042,0.282838263893,-0.0227812827262,0.207842429356,0.652335357424,-0.0489863664582,-0.929724535137,-0.223801383219,-0.128381752992,-0.192429513467,-0.356176453061,0.00987555555554,0,0,-0.0197511111112,-0.0123444444444,0,0.00987555555554,0,0,-0.0197511111112,-0.0123444444444,0
273,FRAME,NONE,268,268,2.6800000000000002,RECOVERY,1.1000000000000014,0,0,0,0,0,-0.985034884973,0.282298085648,-0.127262915885,-0.113173930173,0.0204699233108,0.113037983665,-1.00527057985,-0.810222727624,-0.26461428827,1.39957582573,0.500268718553,0.151790914848,0.535462211966,0.299089712751,-0.146803212358,0.0356,-0.0348,0.278206424716,-0.100770984553,-0.0378,-0.146803212358,-0.0356,0.0348,0.278206424716,-0.100770984553,0.0378,0,0,0,0,0,0.891143320121,-0.127567639962,0.0681242693826,0.731849491299,-0.00485690010382,-0.297253196547,0.651973735913,0.843634299252,0.119808344486,-0.849199666133,0.274788486908,-0.108356496342,-0.246290645871,-0.165062125936,0.00997431119012,0,0,-0.0199486223802,-0.0124678889877,0,0.00997431119012,0,0,-0.0199486223802,-0.0124678889877,0,0,0,0,0,0,0.504539793396,-0.128921047406,0.0740478716704,0.798155845326,-0.0311736027215,-0.020325924081,0.573483553312,0.635587706614,-0.0531511383889,-0.913390407253,-0.233887569264,-0.120440907495,-0.194441991523,-0.359412256766,0.00972595555551,0,0,-0.019451911111,-0.0121574444444,0,0.00972595555551,0,0,-0.019451911111,-0.0121574444444,0
274,FRAME,NONE,269,269,2.6899999999999999,RECOVERY,1.1000000000000014,0,0,0,0,0,-0.976098226616,0.281015961948,-0.126577970905,-0.105815521551,0.0204197950749,0.11006443593,-0.998722166989,-0.801754632227,-0.263418870802,1.39103821167,0.503004902823,0.150701394131,0.532989580687,0.297421080502,-0.146702982912,0.0356,-0.0348,0.278005965824,-0.10089627136,-0.0378,-0.146702982912,-0.0356,0.0348,0.278005965824,-0.10089627136,0.0378,0,0,0,0,0,0.896090951357,-0.128842191227,0.0688638576667,0.739781457912,-0.00516747488396,-0.297409358529,0.657654873492,0.849907741065,0.119256914721,-0.858253903306,0.272400664234,-0.109524420404,-0.248245525161,-0.168669744712,0.0100708154123,0,0,-0.0201416308247,-0.0125885192654,0,0.0100708154123,0,0,-0.0201416308247,-0.0125885192654,0,0,0,0,0,0,0.485063333984,-0.125939855466,0.0738737816992,0.788000633298,-0.0309193742175,-0.010929033611,0.562692562567,0.621021364514,-0.0566281495655,-0.90128216987,-0.243474419168,-0.117872782376,-0.196233793307,-0.359384488697,0.00957345185182,0,0,-0.0191469037036,-0.0119668148149,0,0.00957345185182,0,0,-0.0191469037036,-0.0119668148149,0
275,FRAME,NONE,270,270,2.7000000000000002,RECOVERY,1.1000000000000014,0,0,0,0,0,-0.967113065946,0.279721241823,-0.125885638732,-0.0983783010151,0.0203665738132,0.107089796495,-0.992117482375,-0.793224572802,-0.262229149975,1.38241074766,0.505716731838,0.14960042644,0.530497301463,0.295716317857,-0.14660179605,0.0356,-0.0348,0.277803592099,-0.101022754938,-0.0378,-0.14660179605,-0.0356,0.0348,0.277803592099,-0.101022754938,0.0378,0,0,0,0,0,0.900844586801,-0.130086437071,0.0696017450165,0.747609503965,-0.00547528758817,-0.297471777219,0.663227587164,0.856054726542,0.118675781494,-0.86722530953,0.269918998525,-0.11071395199,-0.250215321737,-0.17224981571,0.0101657802272,0,0,-0.0203315604543,-0.012707225284,0,0.0101657802272,0,0,-0.0203315604543,-0.012707225284,0,0,0,0,0,0,0.465747550342,-0.122861121839,0.0737070806062,0.77737152339,-0.0306216385273,-0.00158019253196,0.551801491029,0.610608694956,-0.0590043178077,-0.897491583227,-0.252658756608,-0.125560511548,-0.197358746886,-0.35347988262,0.00941810370372,0,0,-0.0188362074073,-0.0117726296297,0,0.00941810370372,0,0,-0.0188362074073,-0.0117726296297,0
276,FRAME,NONE,271,271,2.71,RECOVERY,1.1000000000000014,0,0,0,0,0,-0.95808133488,0.278414233206,-0.125185936005,-0.0908633314716,0.0203102893231,0.104115000386,-0.985457615246,-0.784633537697,-0.261045355172,1.37369370548,0.508403282793,0.148487115091,0.527985274252,0.293976084188,-0.146499667307,0.0356,-0.0348,0.277599334615,-0.101150415866,-0.0378,-0.146499667307,-0.0356,0.0348,0.277599334615,-0.101150415866,0.0378,0,0,0,0,0,0.905405902364,-0.131299413664,0.0703379992788,0.755328888379,-0.00577990765451,-0.29744096238,0.668690903312,0.862119914964,0.118076828365,-0.87620373497,0.267347489101,-0.112035630635,-0.252192700099,-0.175739342364,0.0102591774864,0,0,-0.0205183549728,-0.012823971858,0,0.0102591774864,0,0,-0.0205183549728,-0.012823971858,0,0,0,0,0,0,0.446605926808,-0.119687252062,0.0735465117356,0.766268307132,-0.0302813460844,0.00771486018843,0.540815677448,0.602365663389,-0.0606013040501,-0.897984841348,-0.261281591364,-0.13869021267,-0.198279402642,-0.344286584976,0.00925997037035,0,0,-0.0185199407408,-0.0115749629629,0,0.00925997037035,0,0,-0.0185199407408,-0.0115749629629,0
277,FRAME,NONE,272,272,2.7200000000000002,RECOVERY,1.1000000000000014,0,0,0,0,0,-0.949004947899,0.27709525355,-0.124478878747,-0.0832717232475,0.0202509756601,0.101140977247,-0.978743664309,-0.775982174503,-0.259867613408,1.36488667296,0.51106368162,0.147359713827,0.525453447461,0.292201531009,-0.1463966125,0.0356,-0.0348,0.277393225,-0.101279234375,-0.0378,-0.1463966125,-0.0356,0.0348,0.277393225,-0.101279234375,0.0378,0,0,0,0,0,0.909776705337,-0.132480182112,0.0710726752513,0.762934870107,-0.00608091450986,-0.297317480016,0.674043900713,0.86810203981,0.117463755413,-0.885185006357,0.264693366698,-0.113487756243,-0.25418090979,-0.179135547409,0.0103509796346,0,0,-0.0207019592691,-0.0129387245432,0,0.0103509796346,0,0,-0.0207019592691,-0.0129387245432,0,0,0,0,0,0,0.427651250276,-0.116420826672,0.0733907255987,0.754691198397,-0.0298995415404,0.0169506203515,0.529740258833,0.591724585407,-0.0622595265347,-0.893388610839,-0.269029052857,-0.146066981573,-0.200042196332,-0.337801566806,0.0090991111111,0,0,-0.0181982222223,-0.0113738888889,0,0.0090991111111,0,0,-0.0181982222223,-0.0113738888889,0
278,FRAME,NONE,273,273,2.73,RECOVERY,1.1000000000000014,0,0,0,0,0,-0.939885800773,0.275764629564,-0.1237644825,-0.0756046340694,0.0201886710329,0.0981686507857,-0.971976737231,-0.7672714969,-0.258696080064,1.35599000535,0.513697150127,0.146217359967,0.522901656057,0.29039337324,-0.146292647715,0.0356,-0.0348,0.27718529543,-0.101409190357,-0.0378,-0.146292647715,-0.0356,0.0348,0.27718529543,-0.101409190357,0.0378,0,0,0,0,0,0.91395892737,-0.133627830197,0.0718058137908,0.770422712347,-0.00637789848531,-0.297101949973,0.679285708489,0.873954406673,0.116831637834,-0.894071507187,0.261966908044,-0.114956970267,-0.256193544025,-0.1824953737,0.0104411597086,0,0,-0.0208823194173,-0.0130514496358,0,0.0104411597086,0,0,-0.0208823194173,-0.0130514496358,0,0,0,0,0,0,0.40889560365,-0.11306459836,0.0732382876651,0.742640832163,-0.0294773581257,0.0261218285215,0.518580164541,0.576760531975,-0.064362990003,-0.879731087149,-0.275763332628,-0.142939730186,-0.203080079907,-0.336554382562,0.00893558518525,0,0,-0.0178711703704,-0.0111694814815,0,0.00893558518525,0,0,-0.0178711703704,-0.0111694814815,0
279,FRAME,NONE,274,274,2.7400000000000002,RECOVERY,1.1000000000000014,0,0,0,0,0,-0.930725769351,0.274422696946,-0.123042762471,-0.0678632690005,0.0201234176904,0.0951989382477,-0.965157950139,-0.75850308637,-0.257530980651,1.34700524282,0.516303019781,0.145060574422,0.52032957658,0.288551623535,-0.146187789306,0.0356,-0.0348,0.276975578612,-0.101540263368,-0.0378,-0.146187789306,-0.0356,0.0348,0.276975578612,-0.101540263368,0.0378,0,0,0,0,0,0.91795461741,-0.13474147408,0.0725374410046,0.777787686751,-0.00667046167237,-0.296795043445,0.684415504004,0.879637250449,0.116176495613,-0.9027796281,0.259178100045,-0.116346550847,-0.258242511388,-0.185866635061,0.0105296913383,0,0,-0.0210593826765,-0.0131621141728,0,0.0105296913383,0,0,-0.0210593826765,-0.0131621141728,0,0,0,0,0,0,0.390350361167,-0.109621488858,0.073087686939,0.730118262541,-0.0290160113743,0.0352234790427,0.50734011074,0.559509031036,-0.0665528190802,-0.861185846261,-0.281594646027,-0.134287706867,-0.206919725882,-0.33786058901,0.00876945185184,0,0,-0.0175389037038,-0.0109618148148,0,0.00876945185184,0,0,-0.0175389037038,-0.0109618148148,0
280,FRAME,NONE,275,275,2.75,RECOVERY,1.1000000000000014,0,0,0,0,0,-0.921526708425,0.273069800083,-0.12231373368,-0.0600488803344,0.0200552617995,0.0922327499168,-0.958288427151,-0.749678751891,-0.256372550151,1.33793441279,0.518880712128,0.14389042895,0.517736805829,0.286676040538,-0.146082053888,0.0356,-0.0348,0.276764107776,-0.10167243264,-0.0378,-0.146082053888,-0.0356,0.0348,0.276764107776,-0.10167243264,0.0378,0,0,0,0,0,0.921765934593,-0.135820259974,0.0732675675296,0.785025077598,-0.0069582187128,-0.296397480392,0.689432510704,0.885144587293,0.115500581453,-0.911295224112,0.256335015124,-0.117642724404,-0.260331938543,-0.18925258548,0.0106165487457,0,0,-0.0212330974914,-0.0132706859321,0,0.0106165487457,0,0,-0.0212330974914,-0.0132706859321,0,0,0,0,0,0,0.372026185386,-0.106094585635,0.0729373453032,0.717124960094,-0.0285167921556,0.0442508281947,0.496024595234,0.542679278949,-0.0683154467163,-0.843340006993,-0.286672666318,-0.126783267684,-0.21093708208,-0.338140451039,0.00860077037035,0,0,-0.0172015407406,-0.010750962963,0,0.00860077037035,0,0,-0.0172015407406,-0.010750962963,0
281,FRAME,NONE,276,276,2.7599999999999998,RECOVERY,1.1000000000000014,0,0,0,0,0,-0.912290450659,0.271706291746,-0.12157741112,-0.0521627674486,0.0199842533161,0.0892709886398,-0.951369299925,-0.740800194624,-0.255220969022,1.32877933834,0.521429720083,0.142707719934,0.51512293781,0.284766571826,-0.145975458331,0.0356,-0.0348,0.276550916662,-0.101805677086,-0.0378,-0.145975458331,-0.0356,0.0348,0.276550916662,-0.101805677086,0.0378,0,0,0,0,0,0.925395141118,-0.136863365792,0.0739961879106,0.792130185952,-0.00724079751548,-0.295910026881,0.694335995909,0.890490836028,0.114810186679,-0.91964642824,0.253444646719,-0.118882216201,-0.262461253029,-0.192629444081,0.0107017067457,0,0,-0.0214034134914,-0.0133771334321,0,0.0107017067457,0,0,-0.0214034134914,-0.0133771334321,0,0,0,0,0,0,0.353933025888,-0.102487138487,0.0727856276723,0.703662808599,-0.0279810589655,0.0531994013886,0.484637892656,0.527282510288,-0.069435833927,-0.828311367292,-0.291044596669,-0.122953579147,-0.214895985046,-0.336044578506,0.00842960000004,0,0,-0.0168591999998,-0.010537,0,0.00842960000004,0,0,-0.0168591999998,-0.010537,0
282,FRAME,NONE,277,277,2.77,RECOVERY,1.1000000000000014,0,0,0,0,0,-0.903018805602,0.270332532767,-0.120833809922,-0.0442062766154,0.0199104458491,0.0863145493792,-0.944401707233,-0.731868935171,-0.254076346418,1.31954148422,0.523949605063,0.141512784626,0.512487580768,0.282823451657,-0.145868019753,0.0356,-0.0348,0.276336039506,-0.101939975309,-0.0378,-0.145868019753,-0.0356,0.0348,0.276336039506,-0.101939975309,0.0378,0,0,0,0,0,0.928844595111,-0.137870002744,0.074723280083,0.79909833377,-0.00751783989211,-0.295333492364,0.699125268557,0.895690237499,0.114111864774,-0.927861451458,0.25051412319,-0.120101795987,-0.264629858244,-0.19597347705,0.0107851407457,0,0,-0.0215702814914,-0.0134814259321,0,0.0107851407457,0,0,-0.0215702814914,-0.0134814259321,0,0,0,0,0,0,0.336080119835,-0.0988025559893,0.0726308530535,0.689734101112,-0.0274102294679,0.0620649992953,0.47318404994,0.512900288127,-0.0699684776731,-0.815280368459,-0.294674519189,-0.121813248818,-0.218883689392,-0.332106669473,0.00825599999997,0,0,-0.0165120000002,-0.01032,0,0.00825599999997,0,0,-0.0165120000002,-0.01032,0
283,FRAME,NONE,278,278,2.7799999999999998,RECOVERY,1.1000000000000014,0,0,0,0,0,-0.893713558757,0.268948891691,-0.120082945518,-0.0361808007732,0.0198338965183,0.0833643187925,-0.937386794554,-0.722886389874,-0.252938731727,1.31022210931,0.526440002547,0.140305684014,0.509830340645,0.280847102285,-0.145759755516,0.0356,-0.0348,0.276119511032,-0.102075305605,-0.0378,-0.145759755516,-0.0356,0.0348,0.276119511032,-0.102075305605,0.0378,0,0,0,0,0,0.932116743514,-0.138839416912,0.0754488049717,0.805924867975,-0.00778900210484,-0.294668726895,0.703799676907,0.900748841791,0.113410817125,-0.935952035609,0.247551156335,-0.121318481177,-0.266838926817,-0.199271577471,0.0108668267457,0,0,-0.0217336534914,-0.0135835334321,0,0.0108668267457,0,0,-0.0217336534914,-0.0135835334321,0,0,0,0,0,0,0.318475994037,-0.0950444019754,0.072471306516,0.675341535549,-0.0268057711894,0.0708437030341,0.461666882034,0.49878963291,-0.0700430284928,-0.802749477487,-0.297508977088,-0.121566687103,-0.223058716238,-0.327290876983,0.00808002962954,0,0,-0.0161600592594,-0.0101000370371,0,0.00808002962954,0,0,-0.0161600592594,-0.0101000370371,0
284,FRAME,NONE,279,279,2.79,RECOVERY,1.1000000000000014,0,0,0,0,0,-0.884376470732,0.267555744429,-0.119324833822,-0.0280877792559,0.0197546658071,0.0804211748412,-0.930325713695,-0.713853958335,-0.251808130075,1.30082244351,0.528900628189,0.139086415002,0.507150802232,0.278838020107,-0.145650683218,0.0356,-0.0348,0.275901366436,-0.102211645977,-0.0378,-0.145650683218,-0.0356,0.0348,0.275901366436,-0.102211645977,0.0378,0,0,0,0,0,0.935214114992,-0.139770890784,0.0761727062134,0.812605164481,-0.0080539553159,-0.293916618304,0.708358606198,0.905666030157,0.112711004204,-0.943916441008,0.244563943649,-0.122533129729,-0.269091032569,-0.20251929459,0.0109467413383,0,0,-0.0218934826765,-0.0136834266728,0,0.0109467413383,0,0,-0.0218934826765,-0.0136834266728,0,0,0,0,0,0,0.301128468712,-0.0912163921044,0.0723052521405,0.660488209727,-0.0261691912549,0.0795318783154,0.450089967853,0.484426687992,-0.0697655030152,-0.789657183183,-0.299507732947,-0.12094307501,-0.227527772066,-0.322275872507,0.00790174814823,0,0,-0.0158034962962,-0.00987718518509,0,0.00790174814823,0,0,-0.0158034962962,-0.00987718518509,0
285,FRAME,NONE,280,280,2.7999999999999998,RECOVERY,1.1000000000000014,0,0,0,0,0,-0.875009276457,0.266153473876,-0.118559491394,-0.0199286974835,0.019672817412,0.0774859864265,-0.92321962243,-0.704773069271,-0.250684511643,1.29134378049,0.53133128142,0.137855021419,0.504448519993,0.276796716393,-0.145540820689,0.0356,-0.0348,0.275681641378,-0.102348974138,-0.0378,-0.145540820689,-0.0356,0.0348,0.275681641378,-0.102348974138,0.0378,0,0,0,0,0,0.938139312888,-0.140663744754,0.0768949100145,0.819134632169,-0.00831238592994,-0.293078089329,0.712801476265,0.910437375551,0.112015507065,-0.951745179273,0.241561001676,-0.123737342677,-0.271389482259,-0.205717094921,0.0110248617086,0,0,-0.0220497234173,-0.0137810771358,0,0.0110248617086,0,0,-0.0220497234173,-0.0137810771358,0,0,0,0,0,0,0.284044662782,-0.0873223905602,0.0721309471158,0.645177615881,-0.0255020251523,0.0881261786151,0.43845664625,0.469558012031,-0.069200489559,-0.775491132723,-0.300647950721,-0.119330269875,-0.232334342568,-0.317385870904,0.00772121481488,0,0,-0.0154424296296,-0.00965151851853,0,0.00772121481488,0,0,-0.0154424296296,-0.00965151851853,0
286,FRAME,NONE,281,281,2.8100000000000001,RECOVERY,1.1000000000000014,0,0,0,0,0,-0.865613684474,0.264742469533,-0.117786935622,-0.0117050866125,0.0195884180885,0.0745596130547,-0.91606968417,-0.695645210824,-0.249567819934,1.28178753993,0.533731848223,0.136611668149,0.501723012587,0.274723678209,-0.145430185984,0.0356,-0.0348,0.275460371968,-0.10248726752,-0.0378,-0.145430185984,-0.0356,0.0348,0.275460371968,-0.10248726752,0.0378,0,0,0,0,0,0.940895008247,-0.141517338595,0.0776153251557,0.825508716799,-0.00856399581894,-0.292154094731,0.717127739123,0.915057190398,0.111326994413,-0.959426263662,0.238550984634,-0.124919735126,-0.27373771942,-0.208867012008,0.0111011656346,0,0,-0.0222023312691,-0.0138764570432,0,0.0111011656346,0,0,-0.0222023312691,-0.0138764570432,0,0,0,0,0,0,0.267231000659,-0.08336640708,0.0719466570189,0.629413634869,-0.0248058243175,0.0966235472947,0.426770012009,0.454209870374,-0.0683502247237,-0.760325945993,-0.300928226213,-0.116813678999,-0.237456864883,-0.31257552034,0.00753848888882,0,0,-0.0150769777778,-0.0094231111112,0,0.00753848888882,0,0,-0.0150769777778,-0.0094231111112,0
287,FRAME,NONE,282,282,2.8199999999999998,RECOVERY,1.1000000000000014,0,0,0,0,0,-0.856191376292,0.263323127104,-0.117007184891,-0.00341852314756,0.0195015374956,0.0716429045318,-0.908877067648,-0.686471925463,-0.248457971755,1.27215525522,0.536102301113,0.135356626717,0.498973765605,0.272619376153,-0.145318797377,0.0356,-0.0348,0.275237594753,-0.102626503279,-0.0378,-0.145318797377,-0.0356,0.0348,0.275237594753,-0.102626503279,0.0378,0,0,0,0,0,0.943483932902,-0.142331072896,0.0783338431549,0.831722904867,-0.00880850241629,-0.291145618383,0.721336876505,0.919521572958,0.110648502571,-0.966951698193,0.235542437152,-0.126073616257,-0.276138619556,-0.211968605328,0.0111756314864,0,0,-0.0223512629728,-0.013969539358,0,0.0111756314864,0,0,-0.0223512629728,-0.013969539358,0,0,0,0,0,0,0.250693220585,-0.079352594395,0.0717506724989,0.613200529805,-0.0240821424034,0.105021218732,0.415032911712,0.438590796599,-0.0671672882471,-0.744628467151,-0.300363161149,-0.113941926764,-0.242831284251,-0.307557132639,0.00735362962967,0,0,-0.0147072592592,-0.00919203703698,0,0.00735362962967,0,0,-0.0147072592592,-0.00919203703698,0
288,FRAME,NONE,283,283,2.8300000000000001,RECOVERY,1.1000000000000014,0,0,0,0,0,-0.846744005816,0.261895848076,-0.116220258759,0.00492937148482,0.0194122480401,0.068736700687,-0.90164294664,-0.677254779365,-0.247354849883,1.26244850596,0.538442696966,0.134090195823,0.496200240196,0.270484306102,-0.145206673354,0.0356,-0.0348,0.275013346709,-0.102766658307,-0.0378,-0.145206673354,-0.0356,0.0348,0.275013346709,-0.102766658307,0.0378,0,0,0,0,0,0.945908872659,-0.143104390483,0.0790503386057,0.837772727395,-0.00904563866701,-0.290053670357,0.725428397357,0.92382900633,0.109983648648,-0.974318833005,0.232543721411,-0.127198573662,-0.278594345105,-0.215018154661,0.0112482382272,0,0,-0.0224964764543,-0.014060297784,0,0.0112482382272,0,0,-0.0224964764543,-0.014060297784,0,0,0,0,0,0,0.234436384263,-0.0752852462378,0.0715413275819,0.596542939476,-0.0233325200816,0.113316718442,0.403247939211,0.422872948033,-0.0656087441219,-0.728795387054,-0.298967844882,-0.111178757553,-0.248400671302,-0.302090635158,0.00716669629627,0,0,-0.0143333925927,-0.00895837037034,0,0.00716669629627,0,0,-0.0143333925927,-0.00895837037034,0
289,FRAME,NONE,284,284,2.8399999999999999,RECOVERY,1.1000000000000014,0,0,0,0,0,-0.837273198839,0.260461039294,-0.115426178119,0.0133369314003,0.0193206247222,0.0658418311247,-0.894368499701,-0.667995345336,-0.246258298782,1.25266887855,0.540753175541,0.132812655244,0.493401878703,0.26831901306,-0.145093832612,0.0356,-0.0348,0.274787665224,-0.102907709235,-0.0378,-0.145093832612,-0.0356,0.0348,0.274787665224,-0.102907709235,0.0378,0,0,0,0,0,0.948172660587,-0.14383677782,0.0797646697065,0.843653763656,-0.00927515281792,-0.288879284014,0.729401835289,0.927979031919,0.109336327688,-0.981527605934,0.229563080254,-0.128297191408,-0.281106632982,-0.218010418031,0.0113189654123,0,0,-0.0226379308247,-0.0141487067654,0,0.0113189654123,0,0,-0.0226379308247,-0.0141487067654,0,0,0,0,0,0,0.218464887825,-0.0711687961712,0.0713170197929,0.579445871433,-0.0225584680574,0.121507862236,0.391417430606,0.407097035009,-0.0636634705159,-0.712948172706,-0.296751287936,-0.10866070987,-0.254136340831,-0.296110579786,0.0069777481481,0,0,-0.0139554962963,-0.00872218518518,0,0.0069777481481,0,0,-0.0139554962963,-0.00872218518518,0
290,FRAME,NONE,285,285,2.8500000000000001,RECOVERY,1.1000000000000014,0,0,0,0,0,-0.827780552605,0.259019112519,-0.114624965365,0.0218024467579,0.0192267449838,0.0629591150067,-0.887054909934,-0.658695198726,-0.245168123329,1.24281795384,0.543033958571,0.131524251995,0.490578107536,0.266124097742,-0.144980294046,0.0356,-0.0348,0.274560588092,-0.103049632442,-0.0378,-0.144980294046,-0.0356,0.0348,0.274560588092,-0.103049632442,0.0378,0,0,0,0,0,0.950278170416,-0.144527766406,0.0804766790015,0.849361644824,-0.00949680802816,-0.287623513112,0.733256745969,0.93197094703,0.108710379238,-0.988577796459,0.226608695653,-0.129371787859,-0.283677071922,-0.220940366257,0.0113877931901,0,0,-0.0227755863802,-0.0142347414877,0,0.0113877931901,0,0,-0.0227755863802,-0.0142347414877,0,0,0,0,0,0,0.202782474147,-0.0670078174239,0.0710762324894,0.561914694642,-0.0217614480321,0.129592754471,0.379543458411,0.391228207756,-0.0613401901913,-0.697049250931,-0.29372044289,-0.10633498038,-0.260025036627,-0.289652559559,0.0067868444445,0,0,-0.0135736888889,-0.00848355555555,0,0.0067868444445,0,0,-0.0135736888889,-0.00848355555555,0
291,FRAME,NONE,286,286,2.8599999999999999,RECOVERY,1.1000000000000014,0,0,0,0,0,-0.818267635431,0.257570483966,-0.113816644539,0.0303241642968,0.0191306885617,0.0600893608625,-0.879703364781,-0.649355926395,-0.244084091197,1.23289732263,0.545285349454,0.130225219487,0.487728337264,0.263900205734,-0.144866076748,0.0356,-0.0348,0.274332153496,-0.103192404065,-0.0378,-0.144866076748,-0.0356,0.0348,0.274332153496,-0.103192404065,0.0378,0,0,0,0,0,0.95222831007,-0.145176934169,0.0811861943563,0.854892057549,-0.00971038177856,-0.286287428925,0.736992704457,0.935803596074,0.108109523884,-0.995468590952,0.223688671396,-0.130423891016,-0.286307133715,-0.223803469222,0.0114547023012,0,0,-0.0229094046025,-0.0143183778765,0,0.0114547023012,0,0,-0.0229094046025,-0.0143183778765,0,0,0,0,0,0,0.187392246365,-0.0628070240026,0.0708175598493,0.54395513204,-0.0209428512333,0.137569785277,0.36762782455,0.375222424803,-0.0586535741912,-0.681039472868,-0.289884219209,-0.104123441174,-0.266054116382,-0.282765976554,0.00659404444443,0,0,-0.0131880888889,-0.00824255555563,0,0.00659404444443,0,0,-0.0131880888889,-0.00824255555563,0
292,FRAME,NONE,287,287,2.8700000000000001,RECOVERY,1.1000000000000014,0,0,0,0,0,-0.808735986403,0.256115573836,-0.113001241477,0.0389002879089,0.0190325373482,0.0572333664282,-0.872315055845,-0.639979126805,-0.243005932851,1.22290858202,0.547507731999,0.128915774175,0.484851964862,0.261648028357,-0.1447512,0.0356,-0.0348,0.2741024,-0.103336,-0.0378,-0.1447512,-0.0356,0.0348,0.2741024,-0.103336,0.0378,0,0,0,0,0,0.954026015343,-0.145783906886,0.0818930301985,0.860240747464,-0.00991566505282,-0.284872117406,0.74060930246,0.939475395526,0.107537307754,-1.00219858592,0.220811011268,-0.131454256683,-0.288998154249,-0.226595685788,0.011519674079,0,0,-0.023039348158,-0.0143995925988,0,0.011519674079,0,0,-0.023039348158,-0.0143995925988,0,0,0,0,0,0,0.172296682528,-0.0585712735142,0.0705397349895,0.525573252768,-0.0201039739615,0.145437626959,0.355672051824,0.359007985484,-0.0556344512527,-0.664792769896,-0.285251116725,-0.101871096413,-0.272216015696,-0.275540067654,0.00639940740739,0,0,-0.0127988148148,-0.00799925925925,0,0.00639940740739,0,0,-0.0127988148148,-0.00799925925925,0
293,FRAME,NONE,288,288,2.8799999999999999,RECOVERY,1.1000000000000014,0,0,0,0,0,-0.799187115124,0.254654805828,-0.112178783935,0.0475289792461,0.0189323752606,0.0543919185143,-0.864891178732,-0.630566418485,-0.241933345042,1.21285335091,0.54970156968,0.127596134353,0.481948374179,0.259368292019,-0.144635683267,0.0356,-0.0348,0.273871366533,-0.103480395917,-0.0378,-0.144635683267,-0.0356,0.0348,0.273871366533,-0.103480395917,0.0378,0,0,0,0,0,0.95567424372,-0.146348359639,0.0825969890561,0.865403522604,-0.0101124612578,-0.283378676386,0.744106145494,0.942983755784,0.106996834859,-1.00876444635,0.217983649062,-0.132461312944,-0.291751454029,-0.229314270575,0.0115826904494,0,0,-0.0231653808988,-0.0144783630617,0,0.0115826904494,0,0,-0.0231653808988,-0.0144783630617,0,0,0,0,0,0,0.15749765134,-0.0543055720972,0.070241661953,0.506775464183,-0.0192459895562,0.15319522959,0.343677373291,0.342459731462,-0.0523388528103,-0.648058497164,-0.279827462904,-0.0992781463473,-0.278514007228,-0.268139147893,0.00620299259256,0,0,-0.0124059851853,-0.00775374074072,0,0.00620299259256,0,0,-0.0124059851853,-0.00775374074072,0
294,FRAME,NONE,289,289,2.8900000000000001,RECOVERY,1.1000000000000014,0,0,0,0,0,-0.789622501529,0.253188606643,-0.111349301696,0.056208358361,0.018830288123,0.0515657929005,-0.857432932935,-0.621119451689,-0.240865996154,1.2027332931,0.55186740498,0.126266547916,0.479016935781,0.257061742946,-0.144519546191,0.0356,-0.0348,0.273639092382,-0.103625567261,-0.0378,-0.144519546191,-0.0356,0.0348,0.273639092382,-0.103625567261,0.0378,0,0,0,0,0,0.95717596837,-0.146870018328,0.0832978634376,0.870376256748,-0.0103005848439,-0.281808212815,0.747482849926,0.946324590155,0.106490530698,-1.01515975586,0.21521446201,-0.13343981961,-0.294568434394,-0.231958468746,0.0116437339309,0,0,-0.0232874678617,-0.0145546674136,0,0.0116437339309,0,0,-0.0232874678617,-0.0145546674136,0,0,0,0,0,0,0.124046130007,0.112334918482,-0.139230930555,0.496187895151,-0.205431833419,0.156636481385,0.525416603754,0.325471519453,-0.048820306124,-0.630624526842,-0.273624262793,-0.0960897781821,-0.284945561322,-0.260704398455,0.00600485925928,0,0,-0.0120097185184,-0.00750607407406,0,0.00600485925928,0,0,-0.0120097185184,-0.00750607407406,0
295,FRAME,NONE,290,290,2.8999999999999999,RECOVERY,1.1000000000000014,0,0,0,0,0,-0.780043595757,0.251717405462,-0.110512826666,0.0649365043811,0.0187263635637,0.048755754258,-0.849941521734,-0.611639926682,-0.239803534428,1.19255015579,0.55400585892,0.124927337961,0.476057005492,0.254729122644,-0.144402808588,0.0356,-0.0348,0.273405617176,-0.103771489265,-0.0378,-0.144402808588,-0.0356,0.0348,0.273405617176,-0.103771489265,0.0378,0,0,0,0,0,0.958155166321,-0.14410166127,0.079812370445,0.875327280507,-0.0142210979262,-0.280245946758,0.754614477569,0.949493186173,0.106020428737,-1.02137693689,0.212511163806,-0.134383108508,-0.297450365255,-0.234528358544,0.0117027876346,0,0,-0.0234055752691,-0.0146284845432,0,0.0117027876346,0,0,-0.0234055752691,-0.0146284845432,0,0,0,0,0,0,0.110676539074,0.110245972394,-0.132801728313,0.476311419974,-0.198395568559,0.164297883525,0.505690395687,0.308085834626,-0.0450782957512,-0.612611490549,-0.266668253428,-0.0924391829654,-0.291473299227,-0.253176790882,0.00580506666674,0,0,-0.0116101333332,-0.0072563333333,0,0.00580506666674,0,0,-0.0116101333332,-0.0072563333333,0
296,FRAME,NONE,291,291,2.9100000000000001,RECOVERY,1.1000000000000014,0,0,0,0,0,-0.770459398202,0.250306573418,-0.109753054287,0.0737149039712,0.0185458661645,0.0459608739653,-0.842340643383,-0.602129587966,-0.238745587579,1.18230575436,0.556117628256,0.123578885746,0.473067928476,0.252371175775,-0.144285490438,0.0356,-0.0348,0.273170980877,-0.103918136952,-0.0378,-0.144285490438,-0.0356,0.0348,0.273170980877,-0.103918136952,0.0378,0,0,0,0,0,0.959389499151,-0.14466509888,0.0806418288713,0.879902485148,-0.0142684962151,-0.278522255144,0.75759665784,0.952486306848,0.105588964783,-1.02741198567,0.209881096942,-0.135288603269,-0.300397900378,-0.237022004563,0.0117598352642,0,0,-0.0235196705284,-0.0146997940802,0,0.0117598352642,0,0,-0.0235196705284,-0.0146997940802,0,0,0,0,0,0,0.135482847895,-0.216359454327,0.291786497788,0.438802240885,0.182658317199,0.180256896326,0.0985873287057,0.290521630653,-0.0410428608346,-0.594540930418,-0.259003554201,-0.0889264994713,-0.298019479453,-0.245257243535,0.00560367407407,0,0,-0.0112073481483,-0.00700459259262,0,0.00560367407407,0,0,-0.0112073481483,-0.00700459259262,0
297,FRAME,NONE,292,292,2.9199999999999999,RECOVERY,1.1000000000000014,0,0,0,0,0,-0.760855805774,0.248824103484,-0.108899990089,0.082534554084,0.0184409936394,0.0431853091552,-0.834789588577,-0.592590200545,-0.237691755132,1.17200191608,0.558203480859,0.122221565895,0.470049047484,0.249988682552,-0.144167611883,0.0356,-0.0348,0.272935223765,-0.104065485147,-0.0378,-0.144167611883,-0.0356,0.0348,0.272935223765,-0.104065485147,0.0378,0,0,0,0,0,0.960864823278,-0.148428850356,0.0856481004008,0.884103325325,-0.0105679315822,-0.276640808831,0.756586224143,0.955303618786,0.10519957152,-1.0332677555,0.207331092722,-0.136161638497,-0.303410754844,-0.239433503415,0.011814861116,0,0,-0.0236297222321,-0.0147685763951,0,0.011814861116,0,0,-0.0236297222321,-0.0147685763951,0,0,0,0,0,0,0.120995426556,-0.20528704489,0.284374568446,0.418682742401,0.177191994118,0.187439072942,0.0945102544023,0.272987887448,-0.0366453630151,-0.576915086757,-0.25067483974,-0.0861291899232,-0.304508671414,-0.236660230165,0.00540074074067,0,0,-0.0108014814816,-0.00675092592588,0,0.00540074074067,0,0,-0.0108014814816,-0.00675092592588,0
298,FRAME,NONE,293,293,2.9300000000000002,RECOVERY,1.1000000000000014,0,0,0,0,0,-0.751242101737,0.24733799641,-0.108040092279,0.0913969704777,0.0183345075329,0.0404280577887,-0.827208918901,-0.58302351559,-0.236641596149,1.16164039925,0.560264250111,0.120855652976,0.466999713379,0.247582505707,-0.144049193216,0.0356,-0.0348,0.272698386432,-0.10421350848,-0.0378,-0.144049193216,-0.0356,0.0348,0.272698386432,-0.10421350848,0.0378,0,0,0,0,0,0.961809407682,-0.148770839778,0.0863293202402,0.888276139996,-0.0107246563328,-0.274773473685,0.759486862928,0.957946064597,0.104856057523,-1.03895028741,0.204867600147,-0.137011187067,-0.306488073807,-0.241755209167,0.011867850079,0,0,-0.023735700158,-0.0148348125988,0,0.011867850079,0,0,-0.023735700158,-0.0148348125988,0,0,0,0,0,0,0.0878756100503,-0.0320284898739,0.0679039039033,0.406806595811,-0.0152038322137,0.190304930782,0.283967987508,0.255402991081,-0.0319327861523,-0.559575348491,-0.241703820672,-0.0838547683069,-0.310930271346,-0.227498946073,0.00519632592587,0,0,-0.0103926518519,-0.00649540740735,0,0.00519632592587,0,0,-0.0103926518519,-0.00649540740735,0
299,FRAME,NONE,294,294,2.9399999999999999,RECOVERY,1.1000000000000014,0,0,0,0,0,-0.74161961762,0.245848686689,-0.107173403684,0.100300076884,0.0182265005128,0.0376898396815,-0.819599851318,-0.573431279253,-0.235594633982,1.15122291033,0.562300832862,0.119481342154,0.463919286008,0.245153578369,-0.143930254881,0.0356,-0.0348,0.272460509762,-0.104362181399,-0.0378,-0.143930254881,-0.0356,0.0348,0.272460509762,-0.104362181399,0.0378,0,0,0,0,0,0.962622335479,-0.149069420154,0.0870061784788,0.892239457241,-0.0108720082265,-0.272834710216,0.762265583893,0.960411678607,0.104560915797,-1.04445926247,0.202497016309,-0.137838733863,-0.309629360271,-0.243983482336,0.0119187876346,0,0,-0.0238375752691,-0.0148984845432,0,0.0119187876346,0,0,-0.0238375752691,-0.0148984845432,0,0,0,0,0,0,0.0756427216902,-0.0345751150407,0.0766648984298,0.385290851924,-0.00604233518975,0.197579823414,0.263543768793,0.237456677791,-0.027046420721,-0.541838982014,-0.232096108489,-0.0812990238631,-0.31732363744,-0.218202386011,0.00499048888894,0,0,-0.00998097777774,-0.00623811111121,0,0.00499048888894,0,0,-0.00998097777774,-0.00623811111121,0
300,FRAME,NONE,295,295,2.9500000000000002,RECOVERY,1.1000000000000014,0,0,0,0,0,-0.731989655027,0.244356608007,-0.10629996871,0.109241759622,0.0181170673683,0.0349713635844,-0.811963607223,-0.563815282018,-0.234550377833,1.140751214,0.564314190437,0.118098878299,0.460807126174,0.24270283606,-0.143810817463,0.0356,-0.0348,0.272221634927,-0.104511478171,-0.0378,-0.143810817463,-0.0356,0.0348,0.272221634927,-0.104511478171,0.0378,0,0,0,0,0,0.963322262116,-0.149462342079,0.0878626182088,0.895981957034,-0.0108455030366,-0.270821877217,0.764757738304,0.962695198153,0.104315129108,-1.04978706705,0.200225677977,-0.138637167545,-0.312834546555,-0.246119256887,0.0119676598568,0,0,-0.0239353197136,-0.014959574821,0,0.0119676598568,0,0,-0.0239353197136,-0.014959574821,0,0,0,0,0,0,0.063754818371,-0.0376311277844,0.0862230064468,0.363375680386,0.00385788288365,0.204761788945,0.242484835177,0.219007396888,-0.0220611616877,-0.523405425414,-0.221875262438,-0.0781011348098,-0.323689381738,-0.208970824489,0.004783288889,0,0,-0.00956657777773,-0.00597911111119,0,0.004783288889,0,0,-0.00956657777773,-0.00597911111119,0
301,FRAME,NONE,296,296,2.96,RECOVERY,1.1000000000000014,0,0,0,0,0,-0.722353172378,0.242859439847,-0.10541615132,0.118219716025,0.018009590452,0.0322734021371,-0.804304696552,-0.55417737529,-0.2335083314,1.13022716899,0.566305346421,0.116708598803,0.457662595077,0.240231193231,-0.143690901684,0.0356,-0.0348,0.271981803368,-0.104661372895,-0.0378,-0.143690901684,-0.0356,0.0348,0.271981803368,-0.104661372895,0.0378,0,0,0,0,0,0.963897431847,-0.149822042709,0.0887306386078,0.899506970849,-0.0107948505688,-0.268739474437,0.767115280597,0.964791826545,0.104119692563,-1.05492737097,0.19805951106,-0.13940075656,-0.316103147906,-0.248162898826,0.0120144534123,0,0,-0.0240289068247,-0.0150180667654,0,0.0120144534123,0,0,-0.0240289068247,-0.0150180667654,0,0,0,0,0,0,0.0505688807637,-0.0268038681174,0.0773266755222,0.341867821404,-0.00268103657385,0.211460245099,0.237967560268,0.200193705046,-0.0169392516142,-0.50461167674,-0.211090505142,-0.0746428164883,-0.329965383148,-0.199622265975,0.00457478518519,0,0,-0.00914957037038,-0.00571848148143,0,0.00457478518519,0,0,-0.00914957037038,-0.00571848148143,0
302,FRAME,NONE,297,297,2.9700000000000002,RECOVERY,1.1000000000000014,0,0,0,0,0,-0.71271170639,0.241360167153,-0.104525355938,0.127231899039,0.017901170357,0.0295965740957,-0.796621301611,-0.544519445487,-0.232467983982,1.11965266658,0.568275380658,0.115310863168,0.454485063216,0.237739578083,-0.143570528395,0.0356,-0.0348,0.27174105679,-0.104811839506,-0.0378,-0.143570528395,-0.0356,0.0348,0.27174105679,-0.104811839506,0.0378,0,0,0,0,0,0.964333639731,-0.149998419441,0.0894091517193,0.902819313462,-0.0108991237681,-0.266592672315,0.769517089509,0.966699072254,0.103976344076,-1.05987930058,0.196003867874,-0.140130023874,-0.319433854218,-0.250111702206,0.0120591555605,0,0,-0.024118311121,-0.0150739444506,0,0.0120591555605,0,0,-0.024118311121,-0.0150739444506,0,0,0,0,0,0,0.037546109968,-0.0148170719463,0.0666862101403,0.320086915944,-0.0107328090047,0.218015157896,0.23481629939,0.181130919309,-0.0116634357688,-0.485727232656,-0.199788942765,-0.0712318432068,-0.336094506453,-0.190012716648,0.00436503703696,0,0,-0.00873007407406,-0.00545629629627,0,0.00436503703696,0,0,-0.00873007407406,-0.00545629629627,0
303,FRAME,NONE,298,298,2.98,RECOVERY,1.1000000000000014,0,0,0,0,0,-0.703066499583,0.239859471458,-0.103627968285,0.136276102294,0.0177916079767,0.0269415486908,-0.788914354762,-0.534843393845,-0.231428804518,1.10902958298,0.570225423779,0.113905998326,0.451273917992,0.235228959187,-0.143449718573,0.0356,-0.0348,0.271499437146,-0.104962851784,-0.0378,-0.143449718573,-0.0356,0.0348,0.271499437146,-0.104962851784,0.0378,0,0,0,0,0,0.964648354046,-0.150118384148,0.0900643628106,0.905908709168,-0.0110095067489,-0.264379171279,0.771811606584,0.968414444931,0.103886423848,-1.06464191563,0.194063732205,-0.140825393424,-0.322825038035,-0.251963153159,0.0121017541531,0,0,-0.0242035083062,-0.0151271926914,0,0.0121017541531,0,0,-0.0242035083062,-0.0151271926914,0,0,0,0,0,0,0.0256047485625,-0.00976681516093,0.0651071857146,0.297595797602,-0.0106564550019,0.224647222523,0.223378784997,0.161622606573,-0.00637527904211,-0.466268334025,-0.187990289333,-0.0673096093119,-0.342087614276,-0.180442021097,0.00415410370373,0,0,-0.00830820740733,-0.00519262962961,0,0.00415410370373,0,0,-0.00830820740733,-0.00519262962961,0
304,FRAME,NONE,299,299,2.9900000000000002,RECOVERY,1.1000000000000014,0,0,0,0,0,-0.693418739309,0.23835779947,-0.102724068681,0.145350073223,0.017680980222,0.0243089906701,-0.781185069479,-0.525151156588,-0.230390255505,1.09835982827,0.572156655302,0.112494355299,0.448028562455,0.23270031502,-0.143328493312,0.0356,-0.0348,0.271256986624,-0.10511438336,-0.0378,-0.143328493312,-0.0356,0.0348,0.271256986624,-0.10511438336,0.0378,0,0,0,0,0,0.964845734703,-0.150193755745,0.0907112954335,0.908771229414,-0.0111122528681,-0.262099727865,0.773984665209,0.969931524385,0.103848838495,-1.06920466726,0.192244062088,-0.141476216061,-0.326275606504,-0.253720542628,0.0121422376346,0,0,-0.0242844752691,-0.0151777970432,0,0.0121422376346,0,0,-0.0242844752691,-0.0151777970432,0,0,0,0,0,0,0.0140104896318,-0.00531644689716,0.064254427805,0.274748872874,-0.00989855806256,0.231188608444,0.211221840928,0.141183961033,-0.00137091042948,-0.445043696193,-0.17569022465,-0.0615035901274,-0.348017364387,-0.17162533509,0.00394204444441,0,0,-0.00788408888897,-0.00492755555553,0,0.00394204444441,0,0,-0.00788408888897,-0.00492755555553,0
305,FRAME,NONE,300,300,3,RECOVERY,1.1000000000000014,0,0,0,0,0,-0.683769584889,0.236855596343,-0.101813742377,0.154451526882,0.0175693629193,0.0216995541335,-0.773434661458,-0.515444763357,-0.229351827748,1.08764548963,0.57407030502,0.111076474004,0.444748405862,0.230154548335,-0.14320687382,0.0356,-0.0348,0.27101374764,-0.105266407725,-0.0378,-0.14320687382,-0.0356,0.0348,0.27101374764,-0.105266407725,0.0378,0,0,0,0,0,0.964928563839,-0.150224713086,0.0913494513667,0.911403686625,-0.0112074779101,-0.25975539911,0.776036043403,0.971238124152,0.103859005639,-1.07354278955,0.190549927712,-0.142055465226,-0.329785385323,-0.255395659861,0.012180595042,0,0,-0.024361190084,-0.0152257438025,0,0.012180595042,0,0,-0.024361190084,-0.0152257438025,0,0,0,0,0,0,0.00269223482396,-0.000886299878766,0.0633513888489,0.251588292749,-0.00915294677667,0.23762509494,0.199042701975,0.119507263306,0.00314347121527,-0.421285337751,-0.162904172412,-0.0529241882713,-0.353917416976,-0.164030285736,0.00372891851848,0,0,-0.00745783703709,-0.00466114814818,0,0.00372891851848,0,0,-0.00745783703709,-0.00466114814818,0
306,FRAME,NONE,301,301,3.0099999999999998,RECOVERY,1.1000000000000014,0,0,0,0,0,-0.674120168033,0.235353305208,-0.100897079654,0.163578146955,0.0174568306638,0.0191138826879,-0.765664348611,-0.505726394105,-0.228313075392,1.07688897248,0.575967653856,0.109653245995,0.441432854748,0.227592401823,-0.143084881411,0.0356,-0.0348,0.270769762822,-0.105418898236,-0.0378,-0.143084881411,-0.0356,0.0348,0.270769762822,-0.105418898236,0.0378,0,0,0,0,0,0.964899579399,-0.150211481742,0.0919783232105,0.913802995269,-0.0112953118036,-0.257347225966,0.777965519248,0.972321669651,0.103911707919,-1.07763037402,0.188985978639,-0.142534699826,-0.333353954843,-0.257001148343,0.0122168160049,0,0,-0.0244336320099,-0.0152710200062,0,0.0122168160049,0,0,-0.0244336320099,-0.0152710200062,0,0,0,0,0,0,-0.00835462210996,0.00351897397242,0.0623972290566,0.228124393908,-0.00842097875158,0.243958357009,0.186841329702,0.097239715571,0.00748381013584,-0.396569873307,-0.149737649153,-0.0433676142706,-0.359617359278,-0.156755858181,0.00351478518526,0,0,-0.00702957037024,-0.00439348148151,0,0.00351478518526,0,0,-0.00702957037024,-0.00439348148151,0
307,FRAME,NONE,302,302,3.02,RECOVERY,1.1000000000000014,0,0,0,0,0,-0.664471593301,0.233851366708,-0.0999741759126,0.172727586788,0.0173434566832,0.0165526096142,-0.757875351073,-0.495998329964,-0.22727359359,1.06609288215,0.577850024593,0.108225780008,0.438081326765,0.225014525368,-0.1429625375,0.0356,-0.0348,0.270525075,-0.105571828125,-0.0378,-0.1429625375,-0.0356,0.0348,0.270525075,-0.105571828125,0.0378,0,0,0,0,0,0.964761471397,-0.150154333607,0.0925973959478,0.915966174503,-0.0113758974852,-0.25487623197,0.779772869997,0.973182918463,0.104008681842,-1.08147418702,0.187555174729,-0.142922817512,-0.336977732508,-0.258530777024,0.0122508907457,0,0,-0.0245017814914,-0.0153136134321,0,0.0122508907457,0,0,-0.0245017814914,-0.0153136134321,0,0,0,0,0,0,-0.0191350515782,0.00789476527999,0.0613912681157,0.204367776087,-0.00770389415262,0.250190194384,0.174617601619,0.0762210506519,0.0126359631916,-0.375427958306,-0.136403830033,-0.0380182844145,-0.36469557194,-0.147179318446,0.00329970370368,0,0,-0.00659940740735,-0.00412462962961,0,0.00329970370368,0,0,-0.00659940740735,-0.00412462962961,0
308,FRAME,NONE,303,303,3.0299999999999998,RECOVERY,1.1000000000000014,0,0,0,0,0,-0.654824938605,0.232350218536,-0.0990451317352,0.181897470445,0.0172293127141,0.0140163580485,-0.750068891211,-0.486262735736,-0.226232901755,1.05525948874,0.579718757351,0.106794789644,0.434693300098,0.222421786282,-0.142839863596,0.0356,-0.0348,0.270279727192,-0.105725170505,-0.0378,-0.142839863596,-0.0356,0.0348,0.270279727192,-0.105725170505,0.0378,0,0,0,0,0,0.964516878367,-0.150053586437,0.0932061485728,0.917890350791,-0.0114493896867,-0.252343422078,0.781457871281,0.973846090664,0.104164427183,-1.08513893318,0.186257902039,-0.143295065514,-0.340647866282,-0.259944734712,0.012282810079,0,0,-0.024565620158,-0.0153535125988,0,0.012282810079,0,0,-0.024565620158,-0.0153535125988,0,0,0,0,0,0,-0.0296543696807,0.012236514923,0.0603329917136,0.180329299186,-0.00700280838185,0.256322516282,0.162371321602,0.0578747827965,0.0193808451233,-0.361397587178,-0.123075326368,-0.0409272924229,-0.368823338016,-0.133262255287,0.00308373333327,0,0,-0.00616746666668,-0.00385466666662,0,0.00308373333327,0,0,-0.00616746666668,-0.00385466666662,0
309,FRAME,NONE,304,304,3.04,RECOVERY,1.1000000000000014,0,0,0,0,0,-0.645181255734,0.23085029498,-0.0981100529411,0.191085393803,0.0171144688895,0.0115057411727,-0.742246193647,-0.476521408151,-0.225190305046,1.04439010349,0.581575182634,0.105359878698,0.43126836944,0.219815630674,-0.142716881298,0.0356,-0.0348,0.270033762597,-0.105878898377,-0.0378,-0.142716881298,-0.0356,0.0348,0.270033762597,-0.105878898377,0.0378,0,0,0,0,0,0.964168384003,-0.149909603308,0.0938040557821,0.919572760487,-0.0115159536528,-0.249749781644,0.783020296429,0.974340414119,0.104396298745,-1.08870213876,0.185093668201,-0.14374136336,-0.344354199269,-0.26119602213,0.0123125654123,0,0,-0.0246251308247,-0.0153907067654,0,0.0123125654123,0,0,-0.0246251308247,-0.0153907067654,0,0,0,0,0,0,-0.0399182200883,0.0165397220103,0.0592220570662,0.15602008081,-0.00631870556305,0.262357325833,0.150102230862,0.0408111740846,0.0269552600324,-0.351091226661,-0.109673091026,-0.0482043173015,-0.372269684091,-0.117011412637,0.00286693333337,0,0,-0.00573386666675,-0.00358366666668,0,0.00286693333337,0,0,-0.00573386666675,-0.00358366666668,0
310,FRAME,NONE,305,305,3.0499999999999998,RECOVERY,1.1000000000000014,0,0,0,0,0,-0.635541570925,0.22935202647,-0.0971690506196,0.200288925655,0.016998993641,0.00902136241559,-0.734408485282,-0.466775927454,-0.22414497578,1.03348544596,0.583420630715,0.103919962377,0.427806216113,0.21719786584,-0.142593612288,0.0356,-0.0348,0.269787224576,-0.10603298464,-0.0378,-0.142593612288,-0.0356,0.0348,0.269787224576,-0.10603298464,0.0378,0,0,0,0,0,0.963718513966,-0.149722791996,0.0943905897142,0.921010752407,-0.0115757637979,-0.247096275561,0.784459915898,0.974662314146,0.104703532384,-1.09216075772,0.184064440218,-0.14425915186,-0.348093259964,-0.262284962965,0.0123401487457,0,0,-0.0246802974914,-0.0154251859321,0,0.0123401487457,0,0,-0.0246802974914,-0.0154251859321,0,0,0,0,0,0,-0.0499325562084,0.0207999522579,0.0580582971339,0.131451494357,-0.0056524330758,0.268296704118,0.137810019698,0.0218059272741,0.0335517366089,-0.336550052893,-0.0959587223176,-0.0507104299793,-0.375688643368,-0.103096558471,0.00264936296297,0,0,-0.00529872592608,-0.00331170370377,0,0.00264936296297,0,0,-0.00529872592608,-0.00331170370377,0
311,FRAME,NONE,306,306,3.0600000000000001,RECOVERY,1.1000000000000014,0,0,0,0,0,-0.625906885454,0.22785583914,-0.0962222411468,0.209505608851,0.0168829536136,0.00656381566143,-0.726556995329,-0.457028161868,-0.223096234398,1.02254688833,0.585256471438,0.10247469566,0.424306504241,0.214569931414,-0.142470078324,0.0356,-0.0348,0.269540156647,-0.106187402096,-0.0378,-0.142470078324,-0.0356,0.0348,0.269540156647,-0.106187402096,0.0378,0,0,0,0,0,0.963169732879,-0.149493604263,0.0949652217248,0.922201790374,-0.0116290023143,-0.244383847562,0.785776496823,0.974776532665,0.105067333477,-1.09543313982,0.183174493755,-0.14475557196,-0.351867972136,-0.2632579533,0.0123655526716,0,0,-0.0247311053432,-0.0154569408395,0,0.0123655526716,0,0,-0.0247311053432,-0.0154569408395,0,0,0,0,0,0,-0.0597036239278,0.0250128469779,0.0568417231196,0.106635167899,-0.00500469754187,0.274142793771,0.125494340222,-0.000425268495141,0.0383945284355,-0.314539486488,-0.0818664651328,-0.0447229603808,-0.37932206041,-0.0934213103102,0.00243108148147,0,0,-0.00486216296294,-0.00303885185182,0,0.00243108148147,0,0,-0.00486216296294,-0.00303885185182,0
312,FRAME,NONE,307,307,3.0699999999999998,RECOVERY,1.1000000000000014,0,0,0,0,0,-0.616278176267,0.226362154385,-0.0952697461851,0.218732961463,0.0167664135947,0.00413368546435,-0.718692955346,-0.4472803968,-0.222043629111,1.01157678317,0.58708412059,0.101024850938,0.42076885667,0.211932706774,-0.142346301235,0.0356,-0.0348,0.269292602469,-0.106342123457,-0.0378,-0.142346301235,-0.0356,0.0348,0.269292602469,-0.106342123457,0.0378,0,0,0,0,0,0.962524441487,-0.149222535057,0.0955274241766,0.923143455765,-0.0116758577488,-0.241613419686,0.786969802702,0.974653808776,0.105471422953,-1.09845154745,0.182427110916,-0.145153611068,-0.355679701172,-0.264153389171,0.0123887703753,0,0,-0.0247775407506,-0.0154859629691,0,0.0123887703753,0,0,-0.0247775407506,-0.0154859629691,0,0,0,0,0,0,-0.0692379447828,0.0291741329837,0.0555725247285,0.0815829836172,-0.00437606276093,0.279897782246,0.113154820348,-0.0243756399929,0.0422479337324,-0.288703521749,-0.0675736066363,-0.0344149218322,-0.382825193549,-0.0858724657737,0.0022121481482,0,0,-0.00442429629613,-0.00276518518517,0,0.0022121481482,0,0,-0.00442429629613,-0.00276518518517,0
313,FRAME,NONE,308,308,3.0800000000000001,RECOVERY,1.1000000000000014,0,0,0,0,0,-0.606656396625,0.224871388439,-0.0943116926633,0.227968477967,0.0166494364586,0.00173154726771,-0.710817599275,-0.437535085692,-0.220986805939,1.00057785738,0.588905013657,0.099571623439,0.417192910217,0.209286863631,-0.142222302916,0.0356,-0.0348,0.269044605832,-0.106497121355,-0.0378,-0.142222302916,-0.0356,0.0348,0.269044605832,-0.106497121355,0.0378,0,0,0,0,0,0.961784973983,-0.148910121603,0.0960766722193,0.923833450047,-0.0117165235695,-0.238785891917,0.78803959323,0.974289019865,0.105912292151,-1.10120721025,0.181823021622,-0.145443870396,-0.359524476007,-0.264975402615,0.0124097956346,0,0,-0.0248195912691,-0.0155122445432,0,0.0124097956346,0,0,-0.0248195912691,-0.0155122445432,0,0,0,0,0,0,-0.0785422996966,0.0332796337078,0.0542510675081,0.0563070778971,-0.00376695014056,0.285563884768,0.100791079494,-0.0481088940038,0.0461422309359,-0.263783614685,-0.0532950668861,-0.0252226272233,-0.385766224747,-0.0777018881128,0.00199262222222,0,0,-0.00398524444445,-0.00249077777782,0,0.00199262222222,0,0,-0.00398524444445,-0.00249077777782,0
314,FRAME,NONE,309,309,3.0899999999999999,RECOVERY,1.1000000000000014,0,0,0,0,0,-0.597042476787,0.223383951953,-0.0933482127407,0.237209630464,0.0165320831234,-0.000642032373994,-0.702932163481,-0.427794616403,-0.219925383268,0.98955263896,0.590720581023,0.09811597353,0.41357836715,0.206633198722,-0.142098105322,0.0356,-0.0348,0.268796210644,-0.106652368348,-0.0378,-0.142098105322,-0.0356,0.0348,0.268796210644,-0.106652368348,0.0378,0,0,0,0,0,0.960953595493,-0.148556942383,0.0966124455267,0.924269597323,-0.0117511967516,-0.235902141991,0.788985624292,0.973691630896,0.106394267571,-1.10372721974,0.181361209578,-0.145658063612,-0.363395025667,-0.265707426933,0.0124286228198,0,0,-0.0248572456395,-0.0155357785247,0,0.0124286228198,0,0,-0.0248572456395,-0.0155357785247,0,0,0,0,0,0,-0.0876237134334,0.0373252819749,0.0528778864612,0.0308198422781,-0.0031776424322,0.291143326952,0.0884027464143,-0.0709066540076,0.0504552943742,-0.241542273809,-0.0391425938179,-0.0191632191705,-0.387971140807,-0.0679053963311,0.00177256296287,0,0,-0.00354512592601,-0.00221570370371,0,0.00177256296287,0,0,-0.00354512592601,-0.00221570370371,0
315,FRAME,NONE,310,310,3.1000000000000001,RECOVERY,1.1000000000000014,0,0,0,0,0,-0.587437324715,0.221900249591,-0.0923794437528,0.246453869913,0.0164144125235,-0.00298649557211,-0.695037886789,-0.418061253074,-0.218858920588,0.978503312989,0.592532237848,0.0966584621668,0.409925009704,0.203972715092,-0.14197373046,0.0356,-0.0348,0.268547460919,-0.106807836925,-0.0378,-0.14197373046,-0.0356,0.0348,0.268547460919,-0.106807836925,0.0378,0,0,0,0,0,0.960032499715,-0.148163615964,0.0971342299485,0.924449846892,-0.0117800764182,-0.232963025378,0.789807648158,0.972870886785,0.106921398039,-1.10603805573,0.181040169746,-0.14582713478,-0.367283898823,-0.266333510542,0.0124452468938,0,0,-0.0248904937877,-0.0155565586173,0,0.0124452468938,0,0,-0.0248904937877,-0.0155565586173,0,0,0,0,0,0,-0.0964894396868,0.0413071349402,0.051453674911,0.00513392520662,-0.00260829169971,0.296638327039,0.0759894797592,-0.0931193968041,0.0549676369209,-0.221091317015,-0.0251354874162,-0.0152112695458,-0.389491521047,-0.0570248240577,0.00155202962961,0,0,-0.00310405925935,-0.00194003703703,0,0.00155202962961,0,0,-0.00310405925935,-0.00194003703703,0
316,FRAME,NONE,311,311,3.1099999999999999,RECOVERY,1.1000000000000014,0,0,0,0,0,-0.577841826793,0.220420679634,-0.0914055281417,0.255698627401,0.016296481595,-0.00530129288155,-0.687136010518,-0.408337198667,-0.217786955307,0.967431877846,0.594341384418,0.0951994308344,0.406232689173,0.201306528511,-0.141849200384,0.0356,-0.0348,0.268298400768,-0.10696349952,-0.0378,-0.141849200384,-0.0356,0.0348,0.268298400768,-0.10696349952,0.0378,0,0,0,0,0,0.959023806699,-0.147730799684,0.0976415190249,0.924372275827,-0.0118033625856,-0.22996937545,0.790505413887,0.97182924296,0.10749362031,-1.10814904608,0.180858499829,-0.145962289003,-0.371184856088,-0.266847923414,0.0124596634123,0,0,-0.0249193268247,-0.0155745792654,0,0.0124596634123,0,0,-0.0249193268247,-0.0155745792654,0,0,0,0,0,0,-0.105146947029,0.0452213917432,0.0499792673499,-0.0207377654287,-0.00205893259845,0.302051077884,0.0635509920555,-0.115367877499,0.059289765202,-0.200842032839,-0.0112665766003,-0.0115398279858,-0.390437225425,-0.0460057004864,0.00133108148156,0,0,-0.00266216296299,-0.00166385185182,0,0.00133108148156,0,0,-0.00266216296299,-0.00166385185182,0
317,FRAME,NONE,312,312,3.1200000000000001,RECOVERY,1.1000000000000014,0,0,0,0,0,-0.568256848581,0.218945633597,-0.0904266133723,0.26494131543,0.0161783452718,-0.0075858830811,-0.679227778512,-0.398624668215,-0.216709048182,0.956340332067,0.596149407845,0.0937392163867,0.402501312582,0.198635756624,-0.141724537191,0.0356,-0.0348,0.268049074383,-0.107119328511,-0.0378,-0.141724537191,-0.0356,0.0348,0.268049074383,-0.107119328511,0.0378,0,0,0,0,0,0.957929560774,-0.147259188129,0.0981338152955,0.924035091584,-0.0118212550702,-0.22692200382,0.791078667999,0.970563529235,0.108107193343,-1.11005489639,0.180814838214,-0.146057931339,-0.375092643332,-0.267253624551,0.0124718685235,0,0,-0.0249437370469,-0.0155898356543,0,0.0124718685235,0,0,-0.0249437370469,-0.0155898356543,0,0,0,0,0,0,-0.113603905652,0.0490644145828,0.0484556148661,-0.0467820587868,-0.00152950232925,0.30738372856,0.0510870778897,-0.138017278516,0.0631641627737,-0.179818528097,0.00245168443352,-0.00702681314108,-0.390866227075,-0.0354329746173,0.0011097777778,0,0,-0.00221955555546,-0.0013872222222,0,0.0011097777778,0,0,-0.00221955555546,-0.0013872222222,0
318,FRAME,NONE,313,313,3.1299999999999999,RECOVERY,1.1000000000000014,0,0,0,0,0,-0.558683235578,0.217475495871,-0.0894428518358,0.274179329233,0.0160600564936,-0.00983973295796,-0.671314437158,-0.388925928083,-0.21562481144,0.945230779918,0.597957681182,0.0922782722076,0.398730836307,0.19596145602,-0.141599763014,0.0356,-0.0348,0.267799526027,-0.107275296233,-0.0378,-0.141599763014,-0.0356,0.0348,0.267799526027,-0.107275296233,0.0378,0,0,0,0,0,0.956751728586,-0.146749511392,0.0986106313223,0.923436634651,-0.0118339526322,-0.223821700879,0.791527155445,0.96906889739,0.108756903565,-1.11174541664,0.180907533518,-0.146102825266,-0.37900218063,-0.267556582907,0.0124818589679,0,0,-0.0249637179358,-0.0156023237099,0,0.0124818589679,0,0,-0.0249637179358,-0.0156023237099,0,0,0,0,0,0,-0.121868175063,0.0528327539713,0.0468837514882,-0.0729855165335,-0.00101986881358,0.312638365628,0.0385976471287,-0.16107222395,0.0665440375189,-0.157946341794,0.0159755551477,-0.00158222037576,-0.39076258105,-0.0253675938269,0.000888177777783,0,0,-0.00177635555543,-0.00111022222221,0,0.000888177777783,0,0,-0.00177635555543,-0.00111022222221,0
319,FRAME,NONE,314,314,3.1400000000000001,RECOVERY,1.1000000000000014,0,0,0,0,0,-0.549121814009,0.216010643369,-0.0884544007458,0.283410048123,0.0159416662192,-0.0120623170987,-0.663397235403,-0.379243290267,-0.21453391011,0.934105423734,0.599767558515,0.0908171598814,0.394921268969,0.193284624966,-0.141474900012,0.0356,-0.0348,0.267549800024,-0.107431374985,-0.0378,-0.141474900012,-0.0356,0.0348,0.267549800024,-0.107431374985,0.0378,0,0,0,0,0,0.955492197273,-0.14620253305,0.0990714903253,0.922575381253,-0.0118416524464,-0.220669236508,0.791850620942,0.967342084756,0.109438074093,-1.11321382322,0.181134349317,-0.146089575747,-0.382907894953,-0.267760976428,0.012489632079,0,0,-0.024979264158,-0.0156120400988,0,0.012489632079,0,0,-0.024979264158,-0.0156120400988,0,0,0,0,0,0,-0.129947792762,0.0565231788963,0.0452647495607,-0.0993344273983,-0.000529868729024,0.317816994149,0.0260827641274,-0.184327601177,0.0695167880762,-0.135690552625,0.0292423302256,0.00426849541494,-0.390068243816,-0.0155595401023,0.000666340740779,0,0,-0.00133268148142,-0.000832925925939,0,0.000666340740779,0,0,-0.00133268148142,-0.000832925925939,0
320,FRAME,NONE,315,315,3.1499999999999999,RECOVERY,1.1000000000000014,0,0,0,0,0,-0.539573391632,0.21455144521,-0.0874614220293,0.292630836858,0.0158232234447,-0.0142531176881,-0.655477424739,-0.369579086388,-0.213436049958,0.922966503454,0.601580368168,0.0893564806927,0.391072678408,0.190606236491,-0.141349970372,0.0356,-0.0348,0.267299940744,-0.107587537035,-0.0378,-0.141349970372,-0.0356,0.0348,0.267299940744,-0.107587537035,0.0378,0,0,0,0,0,0.954152772731,-0.145619047814,0.0995159263135,0.921449946103,-0.0118445500068,-0.217465360996,0.792048810728,0.965382345366,0.110147239327,-1.11445922769,0.181492380123,-0.146017455358,-0.386803545506,-0.267867773709,0.0124951857827,0,0,-0.0249903715654,-0.0156189822284,0,0.0124951857827,0,0,-0.0249903715654,-0.0156189822284,0,0,0,0,0,0,-0.13785096393,0.0601327126551,0.0435996622476,-0.12581480043,-5.93572084366e-05,0.32292151817,0.0135426937806,-0.207581234406,0.072175488021,-0.113515833316,0.0421903288605,0.010001163922,-0.388727926675,-0.00576022434313,0.000444325925844,0,0,-0.000888651851966,-0.000555407407461,0,0.000444325925844,0,0,-0.000888651851966,-0.000555407407461,0
321,FRAME,NONE,316,316,3.1600000000000001,RECOVERY,1.1000000000000014,0,0,0,0,0,-0.530038758554,0.213098262413,-0.0864640822195,0.301839047045,0.0157047752191,-0.0164116243186,-0.647556259188,-0.35993564336,-0.212330965324,0.911816239181,0.603397406118,0.0878968107742,0.387185198059,0.187927269492,-0.141224996296,0.0356,-0.0348,0.267049992593,-0.10774375463,-0.0378,-0.141224996296,-0.0356,0.0348,0.267049992593,-0.10774375463,0.0378,0,0,0,0,0,0.952735177994,-0.144999878797,0.0999434835703,0.920059085244,-0.0118428395906,-0.214210806144,0.792121474817,0.963190460068,0.110881583854,-1.11548413989,0.181978155894,-0.145889552469,-0.390682453486,-0.267876180915,0.0124985185975,0,0,-0.0249970371951,-0.0156231482469,0,0.0124985185975,0,0,-0.0249970371951,-0.0156231482469,0,0,0,0,0,0,-0.145586052294,0.0636586749997,0.0418894512859,-0.152412357066,0.000391729021699,0.327953720921,0.000977955147141,-0.23074816059,0.0745423006745,-0.09158530617,0.0547703278286,0.0154352851206,-0.38671302821,0.0041052512275,0.000222192592519,0,0,-0.000444385185316,-0.000277740740753,0,0.000222192592519,0,0,-0.000444385185316,-0.000277740740753,0
322,FRAME,NONE,317,317,3.1699999999999999,RECOVERY,1.1000000000000014,0,0,0,0,0,-0.520518688072,0.211651447634,-0.0854625523579,0.311032018563,0.0155863666528,-0.018537333811,-0.639634995243,-0.350315277186,-0.211218418281,0.900656820656,0.605219931286,0.0864386896433,0.383259029338,0.185248712873,-0.1411,0.0356,-0.0348,0.2668,-0.1079,-0.0378,-0.1411,-0.0356,0.0348,0.2668,-0.1079,0.0378,0,0,0,0,0,0.951241051685,-0.144345874314,0.100353715339,0.918401698962,-0.0118367154263,-0.210906286577,0.792068369831,0.960767382154,0.11163808534,-1.11629093382,0.182587786679,-0.145708749655,-0.39453780607,-0.267785668684,0.0124996296346,0,0,-0.0249992592691,-0.0156245370432,0,0.0124996296346,0,0,-0.0249992592691,-0.0156245370432,0,0,0,0,0,0,-0.153161571947,0.0670987309894,0.0401348984137,-0.179112522147,0.000823293565383,0.332915244703,-0.0116106169179,-0.253840360327,0.0765766292869,-0.0698058574339,0.0669439993764,0.0206815167462,-0.384017174748,0.0139654321967,6.93889390391e-14,0,0,1.38777878078e-13,3.46944695195e-14,0,6.93889390391e-14,0,0,1.38777878078e-13,3.46944695195e-14,0
323,FRAME,NONE,318,318,3.1800000000000002,RECOVERY,1.1000000000000014,0,0,0,0,0,-0.511013937521,0.210211344927,-0.0844570079128,0.320207081024,0.0154680409105,-0.0206297500501,-0.631714891792,-0.340720295717,-0.210098203617,0.889490420504,0.607049161851,0.0849826357811,0.379294441938,0.182571556118,-0.140975003704,0.0356,-0.0348,0.266550007407,-0.10805624537,-0.0378,-0.140975003704,-0.0356,0.0348,0.266550007407,-0.10805624537,0.0378,0,0,0,0,0,0.949671946555,-0.143657904177,0.100746181539,0.916476834801,-0.0118263737193,-0.20755250125,0.791889262479,0.958113652861,0.112413116439,-1.11688025704,0.183317035881,-0.145475922134,-0.398362796981,-0.267596872271,0.0124985185975,0,0,-0.0249970371951,-0.0156231482469,0,0.0124985185975,0,0,-0.0249970371951,-0.0156231482469,0,0,0,0,0,0,-0.160586180188,0.0704509464081,0.0383364995159,-0.205900413469,0.0012349864285,0.337807570185,-0.0242218022309,-0.276884078912,0.0782281665276,-0.0480424777893,0.0786759146532,0.0258977152983,-0.38063878192,0.0237257933915,-0.000222192592519,0,0,0.000444385185316,0.000277740740753,0,-0.000222192592519,0,0,0.000444385185316,0.000277740740753,0
324,FRAME,NONE,319,319,3.1899999999999999,RECOVERY,1.1000000000000014,0,0,0,0,0,-0.501525249141,0.208778289551,-0.0834476287271,0.329361555259,0.0153498391785,-0.022688383836,-0.623797209993,-0.331153004129,-0.208970155952,0.878319215515,0.608886272004,0.0835291712006,0.375291773398,0.179896775427,-0.140850029628,0.0356,-0.0348,0.266300059256,-0.108212462965,-0.0378,-0.140850029628,-0.0356,0.0348,0.266300059256,-0.108212462965,0.0378,0,0,0,0,0,0.948029328082,-0.142936855386,0.10112044533,0.914283690693,-0.0118120156977,-0.204150135174,0.791583933786,0.955229700576,0.113202648671,-1.11725178337,0.184161304972,-0.14519079535,-0.402150581709,-0.267311152816,0.0124951857827,0,0,-0.0249903715654,-0.0156189822284,0,0.0124951857827,0,0,-0.0249903715654,-0.0156189822284,0,0,0,0,0,0,-0.170609299766,0.101963381695,-0.00991817192684,-0.230861917678,-0.0398586675629,0.341656802777,-0.0031821978308,-0.299872468885,0.0794692241114,-0.0262440164678,0.0899290052181,0.0311460947892,-0.376571282862,0.0333406273175,-0.000444325925913,0,0,0.000888651851688,0.000555407407392,0,-0.000444325925913,0,0,0.000888651851688,0.000555407407392,0
325,FRAME,NONE,320,320,3.2000000000000002,RECOVERY,1.1000000000000014,0,0,0,0,0,-0.492053350959,0.207352607819,-0.0824345990062,0.338492754838,0.0152318005966,-0.0247127527536,-0.615883213116,-0.321615701706,-0.207834150644,0.867145384837,0.610732387951,0.0820788198741,0.371251430304,0.177225333062,-0.140725099988,0.0356,-0.0348,0.266050199976,-0.108368625015,-0.0378,-0.140725099988,-0.0356,0.0348,0.266050199976,-0.108368625015,0.0378,0,0,0,0,0,0.94625976056,-0.141618636543,0.1005478181,0.911859596448,-0.0126235470705,-0.200719365195,0.791825618522,0.952116203483,0.114002500922,-1.11740513737,0.185115615986,-0.144853000238,-0.405894222638,-0.266930059725,0.012489632079,0,0,-0.024979264158,-0.0156120400988,0,0.012489632079,0,0,-0.024979264158,-0.0156120400988,0,0,0,0,0,0,-0.177514227874,0.102679627644,-0.00813480241373,-0.257904102398,-0.036227342881,0.346476105657,-0.018756346096,-0.322782961415,0.0802825419916,-0.00439673006669,0.100666753787,0.0364455732367,-0.371807012641,0.0427867151765,-0.000666340740779,0,0,0.00133268148142,0.000832925925939,0,-0.000666340740779,0,0,0.00133268148142,0.000832925925939,0
326,FRAME,NONE,321,321,3.21,RECOVERY,1.1000000000000014,0,0,0,0,0,-0.48260005393,0.20594591682,-0.0814366723651,0.347598747188,0.015097368237,-0.0267027711399,-0.607960697623,-0.312110680059,-0.206690105934,0.855971112768,0.612588584323,0.0806321111959,0.367173888946,0.174558174233,-0.140600236986,0.0356,-0.0348,0.265800473973,-0.108524703767,-0.0378,-0.140600236986,-0.0356,0.0348,0.265800473973,-0.108524703767,0.0378,0,0,0,0,0,0.944479043524,-0.140883262833,0.100957749281,0.909125608645,-0.0125365625554,-0.19722061306,0.791208806864,0.948774041348,0.114808299511,-1.11733971797,0.186174640048,-0.144461883885,-0.409586721961,-0.266455418513,0.0124818589679,0,0,-0.0249637179358,-0.0156023237099,0,0.0124818589679,0,0,-0.0249637179358,-0.0156023237099,0,0,0,0,0,0,-0.178822865938,0.0469330069799,0.0862819982519,-0.288791835674,0.0502218814033,0.353183273008,-0.10154090305,-0.345582333048,0.0806602297517,0.0174853463725,0.110853542344,0.0417833718617,-0.366338221783,0.0520572887773,-0.000888177777852,0,0,0.00177635555557,0.00111022222221,0,-0.000888177777852,0,0,0.00177635555557,0.00111022222221,0
327,FRAME,NONE,322,322,3.2200000000000002,RECOVERY,1.1000000000000014,0,0,0,0,0,-0.473163770089,0.204534942563,-0.0804154440205,0.356675267011,0.0149810693455,-0.0286571650148,-0.600059036978,-0.302640220879,-0.205537984653,0.844798590477,0.614455880752,0.0791895821964,0.363059695864,0.171896224691,-0.140475462809,0.0356,-0.0348,0.265550925617,-0.108680671489,-0.0378,-0.140475462809,-0.0356,0.0348,0.265550925617,-0.108680671489,0.0378,0,0,0,0,0,0.942683303241,-0.140679976403,0.102273458065,0.906083759734,-0.0116191094425,-0.193655699735,0.789794800461,0.945204556822,0.115615705517,-1.11705543044,0.187332686833,-0.144017332801,-0.413220987074,-0.265888913949,0.0124718685235,0,0,-0.0249437370469,-0.0155898356543,0,0.0124718685235,0,0,-0.0249437370469,-0.0155898356543,0,0,0,0,0,0,-0.185997054651,0.0526238733559,0.080354668783,-0.315659490881,0.0470357576449,0.357753012605,-0.111010841904,-0.368222697286,0.0806080903375,0.0393472280255,0.120454056917,0.0471005227622,-0.360156110346,0.0611691793395,-0.0011097777778,0,0,0.0022195555556,0.0013872222222,0,-0.0011097777778,0,0,0.0022195555556,0.0013872222222,0
328,FRAME,NONE,323,323,3.23,RECOVERY,1.1000000000000014,0,0,0,0,0,-0.463746387865,0.203132317292,-0.0793912032038,0.365720422383,0.0148649860482,-0.0305758851346,-0.592164801614,-0.293206588923,-0.204377791824,0.833630004159,0.61633523806,0.0777517645398,0.358909469204,0.169240395954,-0.140350799616,0.0356,-0.0348,0.265301599232,-0.10883650048,-0.0378,-0.140350799616,-0.0356,0.0348,0.265301599232,-0.10883650048,0.0378,0,0,0,0,0,0.940759102431,-0.139830785366,0.102564842657,0.902812418827,-0.0115958474025,-0.190065552808,0.788988590026,0.941409587402,0.116420461317,-1.11655277341,0.188583721186,-0.14351987343,-0.416789844168,-0.265232034926,0.0124596634123,0,0,-0.0249193268247,-0.0155745792654,0,0.0124596634123,0,0,-0.0249193268247,-0.0155745792654,0,0,0,0,0,0,-0.19579906132,0.0863266294295,0.028138852993,-0.340622919442,0.00248819795757,0.361276133772,-0.0869900653724,-0.3906688408,0.0801234191894,0.06117089216,0.129436650716,0.0523791043314,-0.353256655782,0.0701192721601,-0.00133108148143,0,0,0.00266216296313,0.00166385185192,0,-0.00133108148143,0,0,0.00266216296313,0.00166385185192,0
329,FRAME,NONE,324,324,3.2400000000000002,RECOVERY,1.1000000000000014,0,0,0,0,0,-0.45434858804,0.201738326855,-0.0783641471674,0.374731515387,0.0147491523974,-0.032458476071,-0.584279265178,-0.283812029131,-0.203209575427,0.822467535009,0.618227555175,0.0763191847278,0.354723898981,0.166591583993,-0.14022626954,0.0356,-0.0348,0.265052539081,-0.108992163075,-0.0378,-0.14022626954,-0.0356,0.0348,0.265052539081,-0.108992163075,0.0378,0,0,0,0,0,0.938767322015,-0.138953443815,0.102836235125,0.899271301346,-0.0115693454833,-0.186430177059,0.788054999154,0.937391180006,0.117218173901,-1.1158320126,0.189921419847,-0.142969750714,-0.42028612019,-0.264486528506,0.0124452468938,0,0,-0.0248904937877,-0.0155565586173,0,0.0124452468938,0,0,-0.0248904937877,-0.0155565586173,0,0,0,0,0,0,-0.20250959533,0.0890990557042,0.0261113134427,-0.367594755412,0.00279398700686,0.365767623784,-0.0997279498985,-0.412906742646,0.079187802288,0.0829999059634,0.137774445569,0.0576698265883,-0.345642409395,0.078870846404,-0.00155202962961,0,0,0.00310405925921,0.00194003703706,0,-0.00155202962961,0,0,0.00310405925921,0.00194003703706,0
330,FRAME,NONE,325,325,3.25,RECOVERY,1.1000000000000014,0,0,0,0,0,-0.444971041425,0.200353248415,-0.0773344785013,0.38370584841,0.0146335991385,-0.0343044886758,-0.576403701631,-0.274458765323,-0.202033428345,0.811313363907,0.620133666457,0.0748923695256,0.3505037468,0.163950665384,-0.140101894678,0.0356,-0.0348,0.264803789356,-0.109147631652,-0.0378,-0.140101894678,-0.0356,0.0348,0.264803789356,-0.109147631652,0.0378,0,0,0,0,0,0.936708910524,-0.138048804252,0.103087068926,0.895460523719,-0.0115399676623,-0.182750200333,0.786994031028,0.933151452549,0.118004217363,-1.1148927753,0.191339210098,-0.142366476898,-0.423702692356,-0.263654617998,0.0124286228198,0,0,-0.0248572456395,-0.0155357785247,0,0.0124286228198,0,0,-0.0248572456395,-0.0155357785247,0,0,0,0,0,0,-0.208950915765,0.0898763117368,0.0273321246364,-0.394686085777,0.00602578510772,0.370269443858,-0.114741489125,-0.434914687544,0.0777919033153,0.104854546092,0.145441777581,0.0629973709465,-0.337316286541,0.0874007907025,-0.00177256296301,0,0,0.00354512592574,0.0022157037036,0,-0.00177256296301,0,0,0.00354512592574,0.0022157037036,0
331,FRAME,NONE,326,326,3.2599999999999998,RECOVERY,1.1000000000000014,0,0,0,0,0,-0.43561440983,0.19897735077,-0.0763024057889,0.392640725862,0.0145183530442,-0.0361134800776,-0.568539384557,-0.26514900008,-0.20084949108,0.800169679503,0.622054339377,0.0734718551899,0.346249845134,0.161318491633,-0.139977697084,0.0356,-0.0348,0.264555394168,-0.109302878645,-0.0378,-0.139977697084,-0.0356,0.0348,0.264555394168,-0.109302878645,0.0378,0,0,0,0,0,0.934588303699,-0.13715591758,0.103382877618,0.89137757963,-0.0114488297812,-0.179024788182,0.785760169372,0.928692886255,0.118774011967,-1.11373492167,0.192830255399,-0.141709803295,-0.42703244592,-0.262738512692,0.0124097956346,0,0,-0.0248195912691,-0.0155122445432,0,0.0124097956346,0,0,-0.0248195912691,-0.0155122445432,0,0,0,0,0,0,-0.215243217301,0.0897929396793,0.029906827113,-0.421797090122,0.0104884450046,0.374738771146,-0.130674769898,-0.45664471806,0.0759515616602,0.126676860986,0.152412039297,0.0682989985246,-0.32827766293,0.0957301140083,-0.00199262222222,0,0,0.00398524444445,0.00249077777778,0,-0.00199262222222,0,0,0.00398524444445,0.00249077777778,0
332,FRAME,NONE,327,327,3.27,RECOVERY,1.1000000000000014,0,0,0,0,0,-0.426279275351,0.197610130064,-0.075266820949,0.401533400002,0.0144046225429,-0.0378849844394,-0.560688498243,-0.255884907598,-0.199657948106,0.789038665474,0.623990271565,0.0720581734597,0.341963097882,0.15869589513,-0.139853698765,0.0356,-0.0348,0.264307397531,-0.109457876543,-0.0378,-0.139853698765,-0.0356,0.0348,0.264307397531,-0.109457876543,0.0378,0,0,0,0,0,0.932404046178,-0.136252945458,0.103685205468,0.887024581916,-0.0113301987622,-0.17525542491,0.78438053563,0.924018558188,0.119523248596,-1.11235923808,0.194387450884,-0.141000496927,-0.430268245615,-0.261740015718,0.0123887703753,0,0,-0.0247775407506,-0.0154859629691,0,0.0123887703753,0,0,-0.0247775407506,-0.0154859629691,0,0,0,0,0,0,-0.221882838156,0.0940275588262,0.0248669345347,-0.448527775864,0.00814127883417,0.378975366601,-0.141349319423,-0.478049884948,0.0736837889938,0.148411370444,0.158661206324,0.0735142914534,-0.318528159133,0.103879256265,-0.00221214814806,0,0,0.00442429629641,0.00276518518524,0,-0.00221214814806,0,0,0.00442429629641,0.00276518518524,0
333,FRAME,NONE,328,328,3.2799999999999998,RECOVERY,1.1000000000000014,0,0,0,0,0,-0.416966328906,0.196252291861,-0.0742287016795,0.4103812175,0.0142917490689,-0.0396185885758,-0.552851773845,-0.246668628916,-0.198459026108,0.777922494742,0.625942088395,0.0706518452513,0.337644480222,0.156083691319,-0.139729921676,0.0356,-0.0348,0.264059843353,-0.109612597904,-0.0378,-0.139729921676,-0.0356,0.0348,0.264059843353,-0.109612597904,0.0378,0,0,0,0,0,0.930150646936,-0.135275366403,0.103880216308,0.882407024113,-0.0112860042045,-0.17144528085,0.782933182983,0.919131888557,0.120247687747,-1.11076669426,0.196003479525,-0.140239517466,-0.433403009103,-0.260660927566,0.0123655526716,0,0,-0.0247311053432,-0.0154569408395,0,0.0123655526716,0,0,-0.0247311053432,-0.0154569408395,0,0,0,0,0,0,-0.22866042198,0.100330335973,0.0159387351236,-0.475017989346,0.00231469079446,0.383060263868,-0.14944464385,-0.499104053764,0.0709898081193,0.170062815983,0.164170239948,0.0786497117817,-0.308075710951,0.111836002386,-0.00243108148154,0,0,0.00486216296294,0.00303885185182,0,-0.00243108148154,0,0,0.00486216296294,0.00303885185182,0
334,FRAME,NONE,329,329,3.29,RECOVERY,1.1000000000000014,0,0,0,0,0,-0.407676262412,0.194904622736,-0.0731892166228,0.419181540484,0.0141789024588,-0.0413138900564,-0.545029834584,-0.237502269827,-0.197252994351,0.766823331588,0.627910341155,0.0692533831103,0.3332950377,0.153482676579,-0.139606387712,0.0356,-0.0348,0.263812775424,-0.10976701536,-0.0378,-0.139606387712,-0.0356,0.0348,0.263812775424,-0.10976701536,0.0378,0,0,0,0,0,0.927830837739,-0.134246338739,0.10400398017,0.87752422213,-0.0112839049464,-0.167594219632,0.781391642753,0.914036477113,0.120943044759,-1.10895798176,0.197670855683,-0.139427502692,-0.436429759834,-0.25950329567,0.0123401487457,0,0,-0.0246802974914,-0.0154251859321,0,0.0123401487457,0,0,-0.0246802974914,-0.0154251859321,0,0,0,0,0,0,-0.235151862665,0.104089435771,0.0110855929638,-0.501586167113,0.00014510671221,0.387168203757,-0.160457243341,-0.519788615232,0.0678679285277,0.191654179302,0.168923347039,0.0837323775476,-0.296931657081,0.119578466403,-0.00264936296304,0,0,0.00529872592595,0.00331170370373,0,-0.00264936296304,0,0,0.00529872592595,0.00331170370373,0
335,FRAME,NONE,330,330,3.2999999999999998,RECOVERY,1.1000000000000014,0,0,0,0,0,-0.398409712151,0.193567365086,-0.0721486220761,0.427931701943,0.01406607097,-0.0429704729685,-0.53722394099,-0.228387899374,-0.196040165213,0.755743335106,0.629895505509,0.0678632951975,0.328915885025,0.150893625405,-0.139483118702,0.0356,-0.0348,0.263566237403,-0.109921101623,-0.0378,-0.139483118702,-0.0356,0.0348,0.263566237403,-0.109921101623,0.0378,0,0,0,0,0,0.925447609683,-0.133193577688,0.104101928168,0.87237530077,-0.0112831020702,-0.163701916775,0.779724038116,0.908736116252,0.121605046317,-1.10693361068,0.199381946466,-0.138564869915,-0.439341642245,-0.258269358238,0.0123125654123,0,0,-0.0246251308247,-0.0153907067654,0,0.0123125654123,0,0,-0.0246251308247,-0.0153907067654,0,0,0,0,0,0,-0.241475149524,0.106412059712,0.00848594973044,-0.528135093497,3.56016043902e-06,0.391256890786,-0.173064252193,-0.540066214196,0.0643395743131,0.213142963829,0.172904559645,0.0887176500168,-0.285105141382,0.127120846065,-0.00286693333323,0,0,0.00573386666661,0.00358366666665,0,-0.00286693333323,0,0,0.00573386666661,0.00358366666665,0
336,FRAME,NONE,331,331,3.3100000000000001,RECOVERY,1.1000000000000014,0,0,0,0,0,-0.389167310218,0.192240751182,-0.0711071780594,0.4366290465,0.0139532404174,-0.0445879283919,-0.529435353821,-0.219327547502,-0.194820893425,0.744684659375,0.631897980085,0.066482085712,0.324508204855,0.148317289414,-0.139360136404,0.0356,-0.0348,0.263320272808,-0.110074829495,-0.0378,-0.139360136404,-0.0356,0.0348,0.263320272808,-0.110074829495,0.0378,0,0,0,0,0,0.923001334748,-0.132118097545,0.104173699165,0.86696152026,-0.0112838337431,-0.159769081817,0.777930357709,0.903235152829,0.122229836245,-1.10469512248,0.201128946876,-0.137653149691,-0.442131862661,-0.256960878749,0.012282810079,0,0,-0.024565620158,-0.0153535125988,0,0.012282810079,0,0,-0.024565620158,-0.0153535125988,0,0,0,0,0,0,-0.247765912604,0.10863316249,0.00585132135883,-0.554548254522,-0.000161177995824,0.395273503396,-0.185671213231,-0.559882169724,0.0604466078113,0.234427866981,0.176098028018,0.0934958961289,-0.272603409108,0.134510076109,-0.00308373333327,0,0,0.00616746666654,0.00385466666659,0,-0.00308373333327,0,0,0.00616746666654,0.00385466666659,0
337,FRAME,NONE,332,332,3.3199999999999998,RECOVERY,1.1000000000000014,0,0,0,0,0,-0.379949685456,0.190925003135,-0.0700651480928,0.445270932348,0.0138403942951,-0.0461658546048,-0.521665333836,-0.210323196317,-0.193595568488,0.733649432657,0.633918084446,0.0651102322037,0.320073247772,0.14575440783,-0.1392374625,0.0356,-0.0348,0.263074925,-0.110228171875,-0.0378,-0.1392374625,-0.0356,0.0348,0.263074925,-0.110228171875,0.0378,0,0,0,0,0,0.920492291431,-0.131020914438,0.104218954595,0.86128433568,-0.0112863256302,-0.155796446707,0.776010613852,0.897538472857,0.122813978474,-1.10224505334,0.202903907026,-0.136694951992,-0.444793710427,-0.255579156716,0.0122508907457,0,0,-0.0245017814914,-0.0153136134321,0,0.0122508907457,0,0,-0.0245017814914,-0.0153136134321,0,0,0,0,0,0,-0.254033501894,0.11075264576,0.00318399582557,-0.580805969373,-0.000347824851352,0.399215609659,-0.198275681423,-0.579220070233,0.0561887269818,0.255539415067,0.178495811924,0.0981004852676,-0.259443559241,0.141723321051,-0.00329970370375,0,0,0.00659940740763,0.00412462962968,0,-0.00329970370375,0,0,0.00659940740763,0.00412462962968,0
338,FRAME,NONE,333,333,3.3300000000000001,RECOVERY,1.1000000000000014,0,0,0,0,0,-0.37075746439,0.189620332893,-0.0690227989675,0.453854733213,0.0137275139048,-0.0477038573261,-0.513915141544,-0.201376778044,-0.192364613855,0.722639758308,0.635956058225,0.0637481866722,0.315612330647,0.14320570628,-0.139115118589,0.0356,-0.0348,0.262830237178,-0.110381101764,-0.0378,-0.139115118589,-0.0356,0.0348,0.262830237178,-0.110381101764,0.0378,0,0,0,0,0,0.91792066471,-0.129903044629,0.104237379082,0.855345400872,-0.0112907902402,-0.151784769623,0.773964844081,0.891650751424,0.123353610785,-1.09958433418,0.204698863114,-0.135691139986,-0.447320733846,-0.254126412328,0.0122168160049,0,0,-0.0244336320099,-0.0152710200062,0,0.0122168160049,0,0,-0.0244336320099,-0.0152710200062,0,0,0,0,0,0,-0.260287267209,0.112770580417,0.000486321461018,-0.606888165901,-0.000555034269018,0.403080390784,-0.210875058361,-0.598155405058,0.0514564704118,0.27683701114,0.1801056694,0.102921305554,-0.245663785402,0.148563391716,-0.00351478518526,0,0,0.00702957037038,0.00439348148154,0,-0.00351478518526,0,0,0.00702957037038,0.00439348148154,0
339,FRAME,NONE,334,334,3.3399999999999999,RECOVERY,1.1000000000000014,0,0,0,0,0,-0.361591272162,0.188326942243,-0.0679804005112,0.462377840365,0.0136145784903,-0.0492015499973,-0.506186036954,-0.192490181288,-0.191128496272,0.711657745973,0.638012061708,0.0623964094039,0.311126833095,0.140671879584,-0.13899312618,0.0356,-0.0348,0.26258625236,-0.110533592275,-0.0378,-0.13899312618,-0.0356,0.0348,0.26258625236,-0.110533592275,0.0378,0,0,0,0,0,0.915286546087,-0.12876550283,0.104228681024,0.849146572362,-0.0112974263155,-0.147734838891,0.771793112684,0.885575364756,0.123843107882,-1.09670831312,0.206506020414,-0.134636525881,-0.449706986135,-0.252607888882,0.012180595042,0,0,-0.024361190084,-0.0152257438025,0,0.012180595042,0,0,-0.024361190084,-0.0152257438025,0,0,0,0,0,0,-0.266536551367,0.114687204169,-0.0022392976709,-0.632774378326,-0.000781401366624,0.406864631513,-0.223466593029,-0.616858787757,0.0460239034156,0.299027424703,0.180951902069,0.108724698384,-0.231324008741,0.154649553754,-0.00372891851855,0,0,0.00745783703682,0.00466114814811,0,-0.00372891851855,0,0,0.00745783703682,0.00466114814811,0
340,FRAME,NONE,335,335,3.3500000000000001,RECOVERY,1.1000000000000014,0,0,0,0,0,-0.352451733468,0.187045022837,-0.0669382253471,0.470837664661,0.0135015653785,-0.0506585541039,-0.498479279291,-0.183665270749,-0.189887751698,0.700705592046,0.640086178634,0.0610554561546,0.306618190924,0.138153548502,-0.138871506688,0.0356,-0.0348,0.262343013376,-0.11068561664,-0.0378,-0.138871506688,-0.0356,0.0348,0.262343013376,-0.11068561664,0.0378,0,0,0,0,0,0.912589933683,-0.127609300546,0.104192593128,0.842689913306,-0.0113064182675,-0.143647476993,0.76949551222,0.879313575669,0.124274088853,-1.09360378568,0.208317901155,-0.133516646018,-0.451947214021,-0.251033421253,0.0121422376346,0,0,-0.0242844752691,-0.0151777970432,0,0.0121422376346,0,0,-0.0242844752691,-0.0151777970432,0,0,0,0,0,0,-0.272790683019,0.116502918769,-0.00499040633116,-0.658443746232,-0.00102546708223,0.410564711633,-0.236047383018,-0.635437490032,0.0397432316005,0.322588938117,0.181053021883,0.116029805805,-0.216472415737,0.159723800428,-0.00394204444441,0,0,0.0078840888891,0.00492755555557,0,-0.00394204444441,0,0,0.0078840888891,0.00492755555557,0
341,FRAME,NONE,336,336,3.3599999999999999,RECOVERY,1.1000000000000014,0,0,0,0,0,-0.343339473488,0.185774756232,-0.0658965486486,0.479231638631,0.013388450125,-0.0520744995371,-0.49079612671,-0.174903909775,-0.188643014495,0.68978567026,0.642178419731,0.0597260764836,0.302087888814,0.135651211159,-0.138750281427,0.0356,-0.0348,0.262100562854,-0.110837148216,-0.0378,-0.138750281427,-0.0356,0.0348,0.262100562854,-0.110837148216,0.0378,0,0,0,0,0,0.909830732426,-0.126435444455,0.104128872897,0.835977697437,-0.0113179356572,-0.139523544659,0.767072165024,0.872866614956,0.124637972514,-1.09025653435,0.210127080852,-0.132315929765,-0.45403643445,-0.249413412873,0.0121017541531,0,0,-0.0242035083062,-0.0151271926914,0,0.0121017541531,0,0,-0.0242035083062,-0.0151271926914,0,0,0,0,0,0,-0.279058969058,0.118218286912,-0.00776450260934,-0.683875015503,-0.00128572281104,0.414176599082,-0.248614376209,-0.653590074391,0.0329700408552,0.3465130264,0.180372142233,0.123743171919,-0.201072455398,0.164320012486,-0.00415410370366,0,0,0.0083082074076,0.00519262962965,0,-0.00415410370366,0,0,0.0083082074076,0.00519262962965,0
342,FRAME,NONE,337,337,3.3700000000000001,RECOVERY,1.1000000000000014,0,0,0,0,0,-0.33425511882,0.184516313947,-0.0648556478891,0.487557218609,0.0132752066654,-0.0534490249971,-0.48313783599,-0.16620793845,-0.187394992247,0.678900461358,0.644288720251,0.0584091375593,0.297537462235,0.133165280244,-0.138629471605,0.0356,-0.0348,0.26185894321,-0.110988160494,-0.0378,-0.138629471605,-0.0356,0.0348,0.26185894321,-0.110988160494,0.0378,0,0,0,0,0,0.907008754302,-0.125244934808,0.104037303076,0.829012412996,-0.0113321327237,-0.135363945012,0.764523224696,0.866241774181,0.12493348967,-1.08667352516,0.211925344,-0.13104178258,-0.455968663129,-0.247747021003,0.0120591555605,0,0,-0.024118311121,-0.0150739444506,0,0.0120591555605,0,0,-0.024118311121,-0.0150739444506,0,0,0,0,0,0,-0.285350686725,0.119834028878,-0.0105590423453,-0.709046541172,-0.00156061511264,0.417695844634,-0.261164372976,-0.670514578236,0.0266848617347,0.367950754177,0.178801936896,0.128774108147,-0.184982982607,0.169950377588,-0.00436503703703,0,0,0.00873007407379,0.00545629629624,0,-0.00436503703703,0,0,0.00873007407379,0.00545629629624,0
343,FRAME,NONE,338,338,3.3799999999999999,RECOVERY,1.1000000000000014,0,0,0,0,0,-0.325199298402,0.183269857536,-0.0638158025871,0.495811886891,0.0131618074705,-0.0547817784374,-0.475505662216,-0.157579074291,-0.186144344702,0.668052199756,0.646416926611,0.057105240832,0.292968515552,0.130696270739,-0.138509098316,0.0356,-0.0348,0.261618196632,-0.111138627105,-0.0378,-0.138509098316,-0.0356,0.0348,0.261618196632,-0.111138627105,0.0378,0,0,0,0,0,0.904123718692,-0.124038763877,0.10391769205,0.821796766614,-0.0113491479594,-0.131169627766,0.761848877565,0.859456323391,0.125171669748,-1.08289751927,0.21370311959,-0.129740447602,-0.457736094102,-0.246014405322,0.0120144534123,0,0,-0.0240289068247,-0.0150180667654,0,0.0120144534123,0,0,-0.0240289068247,-0.0150180667654,0,0,0,0,0,0,-0.291675075216,0.121351018832,-0.0133714434743,-0.733936292223,-0.00184855044604,0.421117578096,-0.27369402882,-0.685612799336,0.0216379802769,0.384751481408,0.176261455544,0.128789772845,-0.168105400921,0.177752733435,-0.00457478518519,0,0,0.0091495703701,0.0057184814815,0,-0.00457478518519,0,0,0.0091495703701,0.0057184814815,0
344,FRAME,NONE,339,339,3.3900000000000001,RECOVERY,1.1000000000000014,0,0,0,0,0,-0.316172644446,0.18203553867,-0.0627772940481,0.503993153942,0.0130482237062,-0.0560724175524,-0.467900858439,-0.149018811982,-0.184891558853,0.657242510973,0.648562782642,0.0558143286072,0.288382740353,0.128244992138,-0.138389182537,0.0356,-0.0348,0.261378365073,-0.111288521829,-0.0378,-0.138389182537,-0.0356,0.0348,0.261378365073,-0.111288521829,0.0378,0,0,0,0,0,0.901175252798,-0.122817914431,0.103769874207,0.814333687151,-0.0113691037326,-0.12694159345,0.75904934412,0.852529518194,0.125366249276,-1.07897849553,0.215450573111,-0.128465987123,-0.459330771147,-0.244191966334,0.0119676598568,0,0,-0.0239353197136,-0.014959574821,0,0.0119676598568,0,0,-0.0239353197136,-0.014959574821,0,0,0,0,0,0,-0.298041326542,0.122770280847,-0.0161990902913,-0.758521859111,-0.0021478999531,0.424436506588,-0.286199857392,-0.699467683003,0.0171406434035,0.399034595799,0.172834908193,0.126093538882,-0.150588688546,0.186591709105,-0.00478328888887,0,0,0.00956657777801,0.00597911111119,0,-0.00478328888887,0,0,0.00956657777801,0.00597911111119,0
345,FRAME,NONE,340,340,3.3999999999999999,RECOVERY,1.1000000000000014,0,0,0,0,0,-0.307175793346,0.180813499247,-0.061740405103,0.512098560634,0.0129344253959,-0.0573206103064,-0.460324675333,-0.140528483928,-0.183637019716,0.646472629846,0.650725938074,0.0545359210895,0.283781900129,0.125812431412,-0.138269745119,0.0356,-0.0348,0.261139490238,-0.111437818601,-0.0378,-0.138269745119,-0.0356,0.0348,0.261139490238,-0.111437818601,0.0378,0,0,0,0,0,0.898162892161,-0.12158335826,0.103593710245,0.806626329432,-0.0113921059585,-0.122680897634,0.756124880417,0.845466969731,0.125514482617,-1.07491682735,0.217159817754,-0.127218576825,-0.460747867873,-0.24228257114,0.0119187876346,0,0,-0.0238375752691,-0.0148984845432,0,0.0119187876346,0,0,-0.0238375752691,-0.0148984845432,0,0,0,0,0,0,-0.304458575741,0.124092984669,-0.0190393376119,-0.782780463722,-0.00245700426201,0.427646914619,-0.298678233951,-0.713428776765,0.0115496887792,0.415735705368,0.168721636381,0.126047230475,-0.132745070612,0.193837213892,-0.00499048888887,0,0,0.00998097777802,0.00623811111107,0,-0.00499048888887,0,0,0.00998097777802,0.00623811111107,0
346,FRAME,NONE,341,341,3.4100000000000001,RECOVERY,1.1000000000000014,0,0,0,0,0,-0.298209386602,0.179603871505,-0.0607054198432,0.52012568053,0.012820381587,-0.0585260355051,-0.45277836083,-0.132109472588,-0.1823812692,0.635744174426,0.652905978997,0.0532699570707,0.279167782995,0.123399340715,-0.138150806784,0.0356,-0.0348,0.260901613568,-0.11158649152,-0.0378,-0.138150806784,-0.0356,0.0348,0.260901613568,-0.11158649152,0.0378,0,0,0,0,0,0.895086081283,-0.120336054738,0.103389087454,0.798678077877,-0.0114182438179,-0.118388655157,0.753075779441,0.838260942659,0.125597243051,-1.07066378142,0.218825005839,-0.125945042513,-0.46198567256,-0.240315222056,0.011867850079,0,0,-0.023735700158,-0.0148348125988,0,0.011867850079,0,0,-0.023735700158,-0.0148348125988,0,0,0,0,0,0,-0.310935890391,0.125320441201,-0.0218895148487,-0.806688972181,-0.00277417830634,0.430742666287,-0.311125399236,-0.728033134808,0.00419728439109,0.43688526547,0.164020162679,0.130856588901,-0.114721710432,0.198410918409,-0.00519632592594,0,0,0.0103926518517,0.00649540740735,0,-0.00519632592594,0,0,0.0103926518517,0.00649540740735,0
347,FRAME,NONE,342,342,3.4199999999999999,RECOVERY,1.1000000000000014,0,0,0,0,0,-0.289274071721,0.178406778152,-0.0596726233539,0.528072122192,0.0127060605195,-0.0596883834095,-0.445263159744,-0.123763265074,-0.181125074855,0.625059354218,0.65510243819,0.0520170202393,0.274542186678,0.121006126971,-0.138032388117,0.0356,-0.0348,0.260664776235,-0.111734514853,-0.0378,-0.138032388117,-0.0356,0.0348,0.260664776235,-0.111734514853,0.0378,0,0,0,0,0,0.891944174353,-0.119076949436,0.103155919948,0.790492549988,-0.0114475895246,-0.114066044308,0.749902372432,0.830906307035,0.125598428304,-1.06617912205,0.220440221007,-0.124601445047,-0.463042302081,-0.238314352771,0.011814861116,0,0,-0.0236297222321,-0.0147685763951,0,0.011814861116,0,0,-0.0236297222321,-0.0147685763951,0,0,0,0,0,0,-0.31748225901,0.126454097744,-0.0247469299924,-0.830223911104,-0.00309771617281,0.433717209957,-0.323537463637,-0.74263298877,-0.00413188103857,0.460210296892,0.158668255041,0.138051549689,-0.0964201609459,0.201526155292,-0.0054007407408,0,0,0.0108014814813,0.00675092592592,0,-0.0054007407408,0,0,0.0108014814813,0.00675092592592,0
348,FRAME,NONE,343,343,3.4300000000000002,RECOVERY,1.1000000000000014,0,0,0,0,0,-0.280370503115,0.177222332516,-0.0586423014443,0.53593553153,0.0125914297965,-0.0608073563912,-0.437780313382,-0.115491346447,-0.179869300634,0.614420591985,0.657314783418,0.0507779281698,0.269906936954,0.11863305366,-0.137914509562,0.0356,-0.0348,0.260429019123,-0.111881863048,-0.0378,-0.137914509562,-0.0356,0.0348,0.260429019123,-0.111881863048,0.0378,0,0,0,0,0,0.888736436103,-0.117806972783,0.102894148854,0.782073599655,-0.0114801981413,-0.109714310958,0.746605030168,0.823408282884,0.12551460543,-1.06145957548,0.221998370939,-0.12318401152,-0.463914075779,-0.23628469895,0.0117598352642,0,0,-0.0235196705284,-0.0146997940802,0,0.0117598352642,0,0,-0.0235196705284,-0.0146997940802,0,0,0,0,0,0,-0.324106578502,0.127495533009,-0.0276088734948,-0.853361487076,-0.00342589594929,0.436563585196,-0.33591041172,-0.756404237596,-0.0124166334244,0.482752310519,0.152572955825,0.144418367863,-0.0777026819868,0.204757695817,-0.00560367407407,0,0,0.0112073481481,0.00700459259258,0,-0.00560367407407,0,0,0.0112073481481,0.00700459259258,0
349,FRAME,NONE,344,344,3.4399999999999999,RECOVERY,1.1000000000000014,0,0,0,0,0,-0.271499342999,0.176050638697,-0.0576147403768,0.543713594185,0.0124764565567,-0.0618826696287,-0.430331059141,-0.107295099417,-0.178614782747,0.603830162708,0.659542405609,0.0495533400089,0.265263905162,0.116280432992,-0.137797191412,0.0356,-0.0348,0.260194382824,-0.112028510735,-0.0378,-0.137797191412,-0.0356,0.0348,0.260194382824,-0.112028510735,0.0378,0,0,0,0,0,0.885462042783,-0.116527038776,0.102603742478,0.773425320247,-0.0115161074436,-0.105334772605,0.743184164198,0.815778222283,0.125350095636,-1.05652407583,0.223491680124,-0.121713077689,-0.464596355721,-0.234219198855,0.0117027876346,0,0,-0.0234055752691,-0.0146284845432,0,0.0117027876346,0,0,-0.0234055752691,-0.0146284845432,0,0,0,0,0,0,-0.330817640577,0.128446451871,-0.0304726220787,-0.876077609675,-0.0037569845614,0.439274432219,-0.348240107076,-0.769035992666,-0.0202438868842,0.503370227604,0.145705948921,0.148721526152,-0.0585355385682,0.208709110288,-0.0058050666666,0,0,0.0116101333335,0.00725633333337,0,-0.0058050666666,0,0,0.0116101333335,0.00725633333337,0
350,FRAME,NONE,345,345,3.4500000000000002,RECOVERY,1.1000000000000014,0,0,0,0,0,-0.26266126226,0.17489179174,-0.0565902265947,0.551404037935,0.0123611076476,-0.0629140518433,-0.422916630098,-0.0991757820014,-0.177362298721,0.593290110468,0.66178461702,0.048343666616,0.260615009839,0.113948669683,-0.137680453809,0.0356,-0.0348,0.259960907618,-0.112174432739,-0.0378,-0.137680453809,-0.0356,0.0348,0.259960907618,-0.112174432739,0.0378,0,0,0,0,0,0.882120083291,-0.115238043746,0.102284696413,0.764552047461,-0.0115553378326,-0.100928822314,0.739640228026,0.80802756303,0.125109727693,-1.05139217093,0.224912489918,-0.120209580997,-0.46508478655,-0.232110516745,0.0116437339309,0,0,-0.0232874678617,-0.0145546674136,0,0.0116437339309,0,0,-0.0232874678617,-0.0145546674136,0,0,0,0,0,0,-0.337624116879,0.129308679906,-0.0333354424647,-0.898347918507,-0.00408924262154,0.441842004131,-0.360522297412,-0.780635282539,-0.0277046274562,0.522422109339,0.138096998802,0.151357074406,-0.038971722412,0.213184991282,-0.00600485925935,0,0,0.0120097185186,0.00750607407417,0,-0.00600485925935,0,0,0.0120097185186,0.00750607407417,0
351,FRAME,NONE,346,346,3.46,RECOVERY,1.1000000000000014,0,0,0,0,0,-0.253856941333,0.173745877822,-0.0555690464485,0.559004635134,0.0122453498,-0.0639012460749,-0.415538254581,-0.0911345481562,-0.176112588193,0.582802319289,0.664040655408,0.0471491483889,0.255962209431,0.111638222657,-0.137564316733,0.0356,-0.0348,0.259728633467,-0.112319604083,-0.0378,-0.137564316733,-0.0356,0.0348,0.259728633467,-0.112319604083,0.0378,0,0,0,0,0,0.878709560446,-0.113940865178,0.101937033628,0.755458361876,-0.011597892296,-0.0964979325219,0.735973718249,0.800165516632,0.124796003087,-1.04607563365,0.2262536201,-0.118685936201,-0.465375790169,-0.229955499029,0.0115826904494,0,0,-0.0231653808988,-0.0144783630617,0,0.0115826904494,0,0,-0.0231653808988,-0.0144783630617,0,0,0,0,0,0,-0.344534542825,0.130084157751,-0.0361945950113,-0.920147814344,-0.00442092928279,0.444258181991,-0.372752619931,-0.791429346885,-0.0350488598975,0.540726458236,0.129799215205,0.153218419468,-0.0190916966804,0.217748463748,-0.00620299259263,0,0,0.012405985185,0.00775374074072,0,-0.00620299259263,0,0,0.012405985185,0.00775374074072,0
352,FRAME,NONE,347,347,3.4700000000000002,RECOVERY,1.1000000000000014,0,0,0,0,0,-0.245087071051,0.172612974437,-0.0545514859221,0.566513205173,0.0121291498017,-0.0648440104938,-0.408197155733,-0.0831724716687,-0.17486637866,0.572368597795,0.666309689422,0.045969947892,0.251307494036,0.109349559702,-0.1374488,0.0356,-0.0348,0.2594976,-0.112464,-0.0378,-0.1374488,-0.0356,0.0348,0.2594976,-0.112464,0.0378,0,0,0,0,0,0.875229392435,-0.112636360591,0.101560804513,0.746149091174,-0.0116437564182,-0.0920436586739,0.732185175628,0.792198976093,0.124408750495,-1.04057764177,0.227508474222,-0.117145212607,-0.465466620484,-0.22775554747,0.011519674079,0,0,-0.023039348158,-0.0143995925988,0,0.011519674079,0,0,-0.023039348158,-0.0143995925988,0,0,0,0,0,0,-0.351557300058,0.130774935225,-0.0390473373116,-0.941452494581,-0.00475030707033,0.446514492803,-0.384926606906,-0.801619493576,-0.042517947444,0.559056054008,0.120870161855,0.155142275995,0.00102650850105,0.221993265029,-0.00639940740732,0,0,0.0127988148148,0.00799925925908,0,-0.00639940740732,0,0,0.0127988148148,0.00799925925908,0
353,FRAME,NONE,348,348,3.48,RECOVERY,1.1000000000000014,0,0,0,0,0,-0.236352353484,0.17149315061,-0.0535378303583,0.573927616958,0.0120124746717,-0.0657421192484,-0.400894551068,-0.0752905686343,-0.173624413183,0.561990766454,0.668590824892,0.0448062441368,0.246652877021,0.107083111707,-0.137333923252,0.0356,-0.0348,0.259267846504,-0.112607595935,-0.0378,-0.137333923252,-0.0356,0.0348,0.259267846504,-0.112607595935,0.0378,0,0,0,0,0,0.871678414444,-0.111325366473,0.101156086882,0.736629311985,-0.0116928984375,-0.0875676426658,0.728275186111,0.78413312676,0.123945644138,-1.03489451257,0.228671023337,-0.115583090681,-0.465355259999,-0.225515633729,0.0114547023012,0,0,-0.0229094046025,-0.0143183778765,0,0.0114547023012,0,0,-0.0229094046025,-0.0143183778765,0,0,0,0,0,0,-0.358700597469,0.13138316527,-0.0418909277315,-0.962236993139,-0.00507564671678,0.448602130554,-0.397039691443,-0.811320743373,-0.0502561786738,0.577887782246,0.111358818463,0.157641084587,0.0213219602758,0.225673436643,-0.00659404444443,0,0,0.013188088889,0.00824255555556,0,-0.00659404444443,0,0,0.013188088889,0.00824255555556,0
354,FRAME,NONE,349,349,3.4900000000000002,RECOVERY,1.1000000000000014,0,0,0,0,0,-0.227653502762,0.170386467107,-0.0525283641845,0.581245791412,0.011895291833,-0.0665953633471,-0.393631652011,-0.0674898091335,-0.172387465777,0.551670707544,0.670883109889,0.0436582860783,0.242000388836,0.104839247028,-0.137219705954,0.0356,-0.0348,0.259039411908,-0.112750367558,-0.0378,-0.137219705954,-0.0356,0.0348,0.259039411908,-0.112750367558,0.0378,0,0,0,0,0,0.868055380485,-0.110008697285,0.100722985958,0.726904351311,-0.0117452693526,-0.0830716160628,0.724244381799,0.775972561225,0.123403626921,-1.02901988612,0.229735650591,-0.113992390916,-0.465040181278,-0.223242078737,0.0113877931901,0,0,-0.0227755863802,-0.0142347414877,0,0.0113877931901,0,0,-0.0227755863802,-0.0142347414877,0,0,0,0,0,0,-0.365972450698,0.131911097711,-0.0447226289026,-0.982476224964,-0.00539523198863,0.450511980357,-0.409087213415,-0.820528441779,-0.0582416256844,0.597219981847,0.10129535856,0.160712960858,0.041760122452,0.228793903345,-0.00678684444443,0,0,0.013573688889,0.00848355555572,0,-0.00678684444443,0,0,0.013573688889,0.00848355555572,0
355,FRAME,NONE,350,350,3.5,RECOVERY,1.1000000000000014,0,0,0,0,0,-0.218991245874,0.169292976664,-0.0515233706391,0.588465703984,0.0117775692846,-0.0674035515697,-0.386409663432,-0.0597711174098,-0.171156340644,0.541410368732,0.673185537904,0.0425263963185,0.237352073396,0.102618270133,-0.137106167388,0.0356,-0.0348,0.258812334776,-0.112892290765,-0.0378,-0.137106167388,-0.0356,0.0348,0.258812334776,-0.112892290765,0.0378,0,0,0,0,0,0.86435896543,-0.108687144519,0.100261634304,0.716979787486,-0.0118008030772,-0.0785574030587,0.720093441843,0.767722557925,0.122780811624,-1.02295011293,0.230696930508,-0.112368831464,-0.46452005755,-0.220939755662,0.0113189654123,0,0,-0.0226379308247,-0.0141487067654,0,0.0113189654123,0,0,-0.0226379308247,-0.0141487067654,0,0,0,0,0,0,-0.373380660027,0.132361072838,-0.0475397111979,-1.00214503548,-0.00570736450031,0.452234645896,-0.421064425533,-0.829140950554,-0.0663018816595,0.616627725892,0.0906929441308,0.163905008468,0.0623285912518,0.231578201075,-0.00697774814817,0,0,0.0139554962963,0.00872218518518,0,-0.00697774814817,0,0,0.0139554962963,0.00872218518518,0
356,FRAME,NONE,351,351,3.5099999999999998,RECOVERY,1.1000000000000014,0,0,0,0,0,-0.210366323453,0.168212724217,-0.0505231314984,0.595585387162,0.0116592757714,-0.0681665114082,-0.379229783174,-0.052135357975,-0.169931849544,0.531211705285,0.675497048499,0.0414109094491,0.232709987685,0.100420451914,-0.136993326646,0.0356,-0.0348,0.258586653291,-0.113033341693,-0.0378,-0.136993326646,-0.0356,0.0348,0.258586653291,-0.113033341693,0.0378,0,0,0,0,0,0.860587767285,-0.107361475828,0.099772191734,0.706861450602,-0.0118594166426,-0.0740269231449,0.715823093288,0.759389742214,0.122077589288,-1.0166873316,0.231549509474,-0.110714290746,-0.463793609453,-0.218610514715,0.0112482382272,0,0,-0.0224964764543,-0.014060297784,0,0.0112482382272,0,0,-0.0224964764543,-0.014060297784,0,0,0,0,0,0,-0.38093278669,0.132735514824,-0.0503394561864,-1.02121825483,-0.00601036852564,0.45376048011,-0.432966499507,-0.837053965532,-0.0742481625032,0.635644664639,0.0795642586232,0.166722629884,0.0830160463901,0.234269437964,-0.00716669629634,0,0,0.0143333925924,0.00895837037027,0,-0.00716669629634,0,0,0.0143333925924,0.00895837037027,0
357,FRAME,NONE,352,352,3.52,RECOVERY,1.1000000000000014,0,0,0,0,0,-0.201779490529,0.167145747148,-0.0495279268044,0.602602932996,0.0115403809518,-0.0688840900326,-0.372093201566,-0.0445833225655,-0.168714788859,0.5210766221,0.677816528093,0.0403121105035,0.228076201207,0.0982460598384,-0.136881202623,0.0356,-0.0348,0.258362405247,-0.113173496721,-0.0378,-0.136881202623,-0.0356,0.0348,0.258362405247,-0.113173496721,0.0378,0,0,0,0,0,0.856740309697,-0.106032434222,0.0992548451805,0.696555422389,-0.0119210104477,-0.0694821934565,0.711434111853,0.750981478614,0.121295848374,-1.01023721964,0.232288215681,-0.109034378867,-0.462859736622,-0.216254366903,0.0111756314864,0,0,-0.0223512629728,-0.013969539358,0,0.0111756314864,0,0,-0.0223512629728,-0.013969539358,0,0,0,0,0,0,-0.388636127587,0.133036924974,-0.0531191600965,-1.03967075695,-0.00630259578601,0.4550796191,-0.444788532286,-0.844239945698,-0.0819970285886,0.654104112035,0.0679360967201,0.168993332683,0.103794430077,0.236954281885,-0.0073536296296,0,0,0.0147072592592,0.00919203703702,0,-0.0073536296296,0,0,0.0147072592592,0.00919203703702,0
358,FRAME,NONE,353,353,3.5299999999999998,RECOVERY,1.1000000000000014,0,0,0,0,0,-0.193231517259,0.166092075533,-0.0485380345948,0.60951649561,0.0114208555625,-0.0695561552774,-0.365001100937,-0.0371157284027,-0.167505932577,0.511006960893,0.680142812813,0.0392302218717,0.223452792952,0.0960953645763,-0.136769814016,0.0356,-0.0348,0.258139628032,-0.11331273248,-0.0378,-0.136769814016,-0.0356,0.0348,0.258139628032,-0.11331273248,0.0378,0,0,0,0,0,0.852815044733,-0.104700737329,0.0987098085321,0.686068035463,-0.0119854685583,-0.0649253307629,0.706927322643,0.7425049433,0.120437648716,-1.00360524936,0.232908231408,-0.107334424093,-0.461717720851,-0.213871429078,0.0111011656346,0,0,-0.0222023312691,-0.0138764570432,0,0.0111011656346,0,0,-0.0222023312691,-0.0138764570432,0,0,0,0,0,0,-0.396497688281,0.133267874828,-0.055876137285,-1.05747752381,-0.00658243023906,0.456182019493,-0.456525552324,-0.850736112431,-0.0895584069437,0.672101533229,0.0558475743587,0.170825602325,0.124621654889,0.239583457503,-0.00753848888882,0,0,0.0150769777779,0.00942311111113,0,-0.00753848888882,0,0,0.0150769777779,0.00942311111113,0
359,FRAME,NONE,354,354,3.54,RECOVERY,1.1000000000000014,0,0,0,0,0,-0.184723189634,0.165051732401,-0.0475537306338,0.616324293705,0.0113006715806,-0.0701825966478,-0.357954655113,-0.0297332236995,-0.166306035884,0.501004517112,0.682474692721,0.0381654220217,0.21884184679,0.0939686312568,-0.136659179311,0.0356,-0.0348,0.257918358622,-0.113451025862,-0.0378,-0.136659179311,-0.0356,0.0348,0.257918358622,-0.113451025862,0.0378,0,0,0,0,0,0.848810355931,-0.103367076726,0.0981373224348,0.675405871913,-0.0120526590525,-0.0603585530666,0.702303600806,0.733966756366,0.119504680235,-0.996795188974,0.233405167168,-0.10561786682,-0.460367303525,-0.211462697753,0.0110248617086,0,0,-0.0220497234173,-0.0137810771358,0,0.0110248617086,0,0,-0.0220497234173,-0.0137810771358,0,0,0,0,0,0,-0.40452415441,0.133430999125,-0.0586077237399,-1.07461371444,-0.00684829284152,0.457057498997,-0.468172525881,-0.856591706452,-0.0969602709684,0.689779936593,0.0433408017417,0.172378943663,0.145453408145,0.242083443202,-0.00772121481481,0,0,0.0154424296298,0.0096515185186,0,-0.00772121481481,0,0,0.0154424296298,0.0096515185186,0
360,FRAME,NONE,355,355,3.5499999999999998,RECOVERY,1.1000000000000014,0,0,0,0,0,-0.176255310141,0.164024733998,-0.0465752881461,0.623024613048,0.0111798023814,-0.0707633263387,-0.350955028921,-0.0224363932754,-0.165115838972,0.491071057113,0.684810916156,0.0371178645353,0.214245446882,0.0918661106212,-0.136549316782,0.0356,-0.0348,0.257698633564,-0.113588354023,-0.0378,-0.136549316782,-0.0356,0.0348,0.257698633564,-0.113588354023,0.0378,0,0,0,0,0,0.844724561645,-0.102032117346,0.0975376540573,0.664575761174,-0.0121224344151,-0.0557841807829,0.697563872125,0.725373109171,0.118498443297,-0.98980965063,0.233775047443,-0.103886845219,-0.458808652689,-0.209029760214,0.0109467413383,0,0,-0.0218934826765,-0.0136834266728,0,0.0109467413383,0,0,-0.0218934826765,-0.0136834266728,0,0,0,0,0,0,-0.412721861546,0.133528988612,-0.0613112806269,-1.09105473875,-0.00709864628543,0.457695780143,-0.479724363276,-0.861841098713,-0.104209720917,0.707219294735,0.0304561912132,0.173745322967,0.166249077533,0.244413948185,-0.0079017481483,0,0,0.0158034962963,0.00987718518527,0,-0.0079017481483,0,0,0.0158034962963,0.00987718518527,0
361,FRAME,NONE,356,356,3.5600000000000001,RECOVERY,1.1000000000000014,0,0,0,0,0,-0.167828698401,0.163011090054,-0.0456029775527,0.629615808929,0.0110582228923,-0.0712982802635,-0.344003377671,-0.0152257615161,-0.163936067018,0.4812083241,0.68715019367,0.0360876851173,0.209665673736,0.0897880360526,-0.136440244484,0.0356,-0.0348,0.257480488968,-0.113724694395,-0.0378,-0.136440244484,-0.0356,0.0348,0.257480488968,-0.113724694395,0.0378,0,0,0,0,0,0.8405559187,-0.100696496954,0.0969110968222,0.653584777138,-0.0121946319782,-0.0512046374638,0.692709113541,0.716729934391,0.117420485817,-0.982650803079,0.234014290992,-0.102142960361,-0.457042321974,-0.206574418789,0.0108668267457,0,0,-0.0217336534914,-0.0135835334321,0,0.0108668267457,0,0,-0.0217336534914,-0.0135835334321,0,0,0,0,0,0,-0.421096763491,0.133564582737,-0.0639841978731,-1.10677633604,-0.00733199971929,0.458086537232,-0.491175925121,-0.866506143659,-0.111295978814,0.724445208285,0.0172328659753,0.17495848263,0.186971215259,0.246563301821,-0.00808002962961,0,0,0.0161600592591,0.010100037037,0,-0.00808002962961,0,0,0.0161600592591,0.010100037037,0
362,FRAME,NONE,357,357,3.5699999999999998,RECOVERY,1.1000000000000014,0,0,0,0,0,-0.159444191767,0.162010804059,-0.0446370662097,0.636096308591,0.0109359097418,-0.071787419088,-0.33710084665,-0.00810179458761,-0.162767429256,0.471418041052,0.689491201976,0.0350750053281,0.205104600442,0.0877346222455,-0.136331980247,0.0356,-0.0348,0.257263960494,-0.113860024691,-0.0378,-0.136331980247,-0.0356,0.0348,0.257263960494,-0.113860024691,0.0378,0,0,0,0,0,0.836302626375,-0.0993608256916,0.0962579700998,0.642440234453,-0.0122690744095,-0.0466224500383,0.687740353623,0.708042986298,0.116272523721,-0.975320746465,0.234119704763,-0.100387675567,-0.455069228383,-0.204098494177,0.0107851407457,0,0,-0.0215702814914,-0.0134814259321,0,0.0107851407457,0,0,-0.0215702814914,-0.0134814259321,0,0,0,0,0,0,-0.429654399176,0.133540562221,-0.0666238978267,-1.12175465797,-0.00754691342079,0.458219446189,-0.502522028476,-0.870603167029,-0.118199413631,0.741455070429,0.00370955351964,0.176022337653,0.207584190088,0.248534528694,-0.00825599999983,0,0,0.0165119999998,0.0103199999999,0,-0.00825599999983,0,0,0.0165119999998,0.0103199999999,0
363,FRAME,NONE,358,358,3.5800000000000001,RECOVERY,1.1000000000000014,0,0,0,0,0,-0.151102645874,0.16102387354,-0.0436778181507,0.642464613618,0.0108128414041,-0.0722307292642,-0.330248570598,-0.00106490179013,-0.161610616544,0.46170190917,0.691832587766,0.034079931606,0.200564289168,0.085706066169,-0.136224541669,0.0356,-0.0348,0.257049083338,-0.113994322914,-0.0378,-0.136224541669,-0.0356,0.0348,0.257049083338,-0.113994322914,0.0378,0,0,0,0,0,0.831962830717,-0.0980256857093,0.0955786188657,0.631149683979,-0.0123455702466,-0.04204024854,0.682658672971,0.699317871051,0.115056497544,-0.96782170167,0.234088482062,-0.0986225136076,-0.452890638172,-0.201603728215,0.0107017067457,0,0,-0.0214034134914,-0.0133771334321,0,0.0107017067457,0,0,-0.0214034134914,-0.0133771334321,0,0,0,0,0,0,-0.438399858172,0.133459741508,-0.0692278389848,-1.1359663558,-0.00774200343912,0.4580842374,-0.51375745289,-0.87414845778,-0.124899739956,0.758241163402,-0.0100747469153,0.176935738435,0.228053203254,0.250333302315,-0.00842960000004,0,0,0.0168592000001,0.010537,0,-0.00842960000004,0,0,0.0168592000001,0.010537,0
364,FRAME,NONE,359,359,3.5899999999999999,RECOVERY,1.1000000000000014,0,0,0,0,0,-0.142804935152,0.160050290345,-0.0427254938323,0.64871930227,0.0106889983369,-0.0726282240588,-0.32344767319,0.00588456283341,-0.160466299305,0.452061607018,0.694172971617,0.033102555056,0.196046787679,0.0837025476812,-0.136117946112,0.0356,-0.0348,0.256835892224,-0.11412756736,-0.0378,-0.136117946112,-0.0356,0.0348,0.256835892224,-0.11412756736,0.0378,0,0,0,0,0,0.827534629211,-0.0966916308615,0.0948734133201,0.619720907337,-0.0124239144783,-0.0374607652903,0.677465204565,0.690560017142,0.113774528922,-0.960155923197,0.233918209824,-0.096848960798,-0.450508164318,-0.199091828131,0.0106165487457,0,0,-0.0212330974914,-0.0132706859321,0,0.0106165487457,0,0,-0.0212330974914,-0.0132706859321,0,0,0,0,0,0,-0.447337745042,0.133324961114,-0.0717935197823,-1.14938867125,-0.0079159461667,0.457670750988,-0.524876946287,-0.87716102069,-0.131380301946,0.774802484667,-0.0240803894927,0.177705124031,0.248343730694,0.251961808886,-0.00860077037049,0,0,0.017201540741,0.010750962963,0,-0.00860077037049,0,0,0.017201540741,0.010750962963,0
365,FRAME,NONE,360,360,3.6000000000000001,RECOVERY,1.1000000000000014,0,0,0,0,0,-0.134551953289,0.159090040923,-0.0417803498843,0.654859031765,0.0105643631145,-0.0729799445701,-0.316699266507,0.0127462985527,-0.159335125965,0.442498790706,0.696510951962,0.03214295239,0.191554125882,0.0817242296064,-0.136012210694,0.0356,-0.0348,0.256624421388,-0.114259736632,-0.0378,-0.136012210694,-0.0356,0.0348,0.256624421388,-0.114259736632,0.0378,0,0,0,0,0,0.823016075816,-0.095359186487,0.09414274847,0.608161910554,-0.01250388917,-0.0328868335202,0.672161134045,0.681774650637,0.112428891505,-0.952325651977,0.233606874273,-0.095068411127,-0.447923763558,-0.196564492037,0.0105296913383,0,0,-0.0210593826765,-0.0131621141728,0,0.0105296913383,0,0,-0.0210593826765,-0.0131621141728,0,0,0,0,0,0,-0.456472142742,0.133139079875,-0.074318482471,-1.16199953076,-0.00806748283797,0.456968994433,-0.535875230751,-0.879657420435,-0.137617885566,0.791117020349,-0.0382682886541,0.178315596216,0.268422704166,0.253432513555,-0.00876945185191,0,0,0.0175389037037,0.0109618148149,0,-0.00876945185191,0,0,0.0175389037037,0.0109618148149,0
366,FRAME,NONE,361,361,3.6099999999999999,RECOVERY,1.1000000000000014,0,0,0,0,0,-0.126344613636,0.158143106615,-0.0408426388629,0.660882540481,0.0104389205535,-0.0732859607292,-0.310004450509,0.0195200558461,-0.158217721475,0.433015093979,0.698845109103,0.0312011868334,0.187088312408,0.0797712578404,-0.135907352285,0.0356,-0.0348,0.25641470457,-0.114390809643,-0.0378,-0.135907352285,-0.0356,0.0348,0.25641470457,-0.114390809643,0.0378,0,0,0,0,0,0.818405186357,-0.094028849264,0.0933870436707,0.596480916722,-0.012585264135,-0.0283213854016,0.66674769995,0.672966868734,0.11102217121,-0.94433358279,0.233152844051,-0.0932826488737,-0.445139710235,-0.19402317786,0.0104411597086,0,0,-0.0208823194173,-0.0130514496358,0,0.0104411597086,0,0,-0.0208823194173,-0.0130514496358,0,0,0,0,0,0,-0.465806575155,0.132904967127,-0.0768003170804,-1.17377764285,-0.00819542395735,0.455969202391,-0.546747008123,-0.881649270724,-0.143578361961,0.807129707688,-0.0526005105295,0.17871823499,0.288259119778,0.254774192682,-0.00893558518511,0,0,0.0178711703704,0.0111694814815,0,-0.00893558518511,0,0,0.0178711703704,0.0111694814815,0
367,FRAME,NONE,362,362,3.6200000000000001,RECOVERY,1.1000000000000014,0,0,0,0,0,-0.118183849562,0.157209463938,-0.0399126090108,0.666788650099,0.0103126578318,-0.0735463722781,-0.303364312508,0.0262056359274,-0.157114682541,0.423612119051,0.701174008843,0.0302772994125,0.182651331677,0.0778437660492,-0.1358033875,0.0356,-0.0348,0.256206775,-0.114520765625,-0.0378,-0.1358033875,-0.0356,0.0348,0.256206775,-0.114520765625,0.0378,0,0,0,0,0,0.813699944313,-0.0927010871444,0.0926067421284,0.584686357697,-0.0126677976491,-0.0237674494724,0.661226193883,0.664141665223,0.109557324266,-0.936183057823,0.232554864062,-0.0914940464272,-0.442158581163,-0.191469008184,0.0103509796346,0,0,-0.0207019592691,-0.0129387245432,0,0.0103509796346,0,0,-0.0207019592691,-0.0129387245432,0,0,0,0,0,0,-0.475343968948,0.132625494808,-0.0792366654425,-1.18470259774,-0.00829865361139,0.454661898176,-0.557486965357,-0.883154228403,-0.149239000395,0.822812599429,-0.067037759067,0.178892860471,0.307821393089,0.256002027448,-0.00909911111097,0,0,0.0181982222222,0.0113738888887,0,-0.00909911111097,0,0,0.0181982222222,0.0113738888887,0
368,FRAME,NONE,363,363,3.6299999999999999,RECOVERY,1.1000000000000014,0,0,0,0,0,-0.11007061475,0.156289084872,-0.0389905040204,0.672576267635,0.0101855646005,-0.0737613097186,-0.296779926632,0.0328028891506,-0.15602657499,0.414291432822,0.703496206384,0.0293713059049,0.178245140785,0.0759418776767,-0.135700332693,0.0356,-0.0348,0.256000665385,-0.114649584134,-0.0378,-0.135700332693,-0.0356,0.0348,0.256000665385,-0.114649584134,0.0378,0,0,0,0,0,0.808898306978,-0.0913763393678,0.0918023103619,0.572786864767,-0.0127512372073,-0.0192281474381,0.655597960643,0.655303784166,0.108037391202,-0.927877330801,0.23181208887,-0.0897047916643,-0.438983282373,-0.188903137311,0.0102591774864,0,0,-0.0205183549728,-0.012823971858,0,0.0102591774864,0,0,-0.0205183549728,-0.012823971858,0,0,0,0,0,0,-0.485086615175,0.132303529499,-0.0816252252926,-1.19475496863,-0.008376133655,0.453037956566,-0.568089779683,-0.884201076986,-0.154599121925,0.838193522686,-0.0815382864552,0.178877903643,0.327076173724,0.257103400926,-0.00925997037042,0,0,0.0185199407407,0.011574962963,0,-0.00925997037042,0,0,0.0185199407407,0.011574962963,0
369,FRAME,NONE,364,364,3.6400000000000001,RECOVERY,1.1000000000000014,0,0,0,0,0,-0.102005883423,0.15538193715,-0.0380765628036,0.678244387394,0.0100576330877,-0.0739309352268,-0.290252353295,0.0393117116107,-0.154953934717,0.405054572435,0.705810250621,0.0284832035792,0.17387166603,0.074065703303,-0.13559820395,0.0356,-0.0348,0.255796407901,-0.114777245062,-0.0378,-0.13559820395,-0.0356,0.0348,0.255796407901,-0.114777245062,0.0378,0,0,0,0,0,0.803998212009,-0.0900550165545,0.0909742376226,0.560791258324,-0.0128353203222,-0.0147066903411,0.649864398289,0.646457643683,0.106465341828,-0.919419187369,0.230924098333,-0.0879164883543,-0.435617057688,-0.186326940165,0.0101657802272,0,0,-0.0203315604543,-0.012707225284,0,0.0101657802272,0,0,-0.0203315604543,-0.012707225284,0,0,0,0,0,0,-0.495036130888,0.131941924416,-0.0839637544196,-1.20391641377,-0.00842690774056,0.451088667337,-0.578550123517,-0.88481967531,-0.15966077129,0.853303623145,-0.0960604063327,0.178715551417,0.34599093435,0.258064038859,-0.00941810370386,0,0,0.0188362074074,0.0117726296298,0,-0.00941810370386,0,0,0.0188362074074,0.0117726296298,0
370,FRAME,NONE,365,365,3.6499999999999999,RECOVERY,1.1000000000000014,0,0,0,0,0,-0.0939906505097,0.154487984541,-0.0371710192679,0.683792092802,0.00992885819409,-0.0740554435255,-0.283782638666,0.0457320420243,-0.153897268153,0.395903049075,0.70811468835,0.0276129761378,0.169532799631,0.0722153388734,-0.135497017088,0.0356,-0.0348,0.255594034176,-0.11490372864,-0.0378,-0.135497017088,-0.0356,0.0348,0.255594034176,-0.11490372864,0.0378,0,0,0,0,0,0.79899758436,-0.0887375008795,0.0901230352735,0.548708536492,-0.0129197753621,-0.0102063740914,0.644026958172,0.637607390659,0.104844175777,-0.910811258338,0.229890880743,-0.0861304806359,-0.432063463686,-0.183741856534,0.0100708154123,0,0,-0.0201416308247,-0.0125885192654,0,0.0100708154123,0,0,-0.0201416308247,-0.0125885192654,0,0,0,0,0,0,-0.505193420769,0.131543511405,-0.0862500748755,-1.2121697792,-0.00845010518841,0.448805799552,-0.588862669114,-0.885034861428,-0.164417078481,0.868145770873,-0.110564044146,0.178418679398,0.364535526888,0.258883741406,-0.00957345185189,0,0,0.0191469037036,0.0119668148148,0,-0.00957345185189,0,0,0.0191469037036,0.0119668148148,0
371,FRAME,NONE,366,366,3.6600000000000001,RECOVERY,1.1000000000000014,0,0,0,0,0,-0.0860259317356,0.153607187133,-0.0362741020981,0.689218558124,0.00979923758044,-0.0741350627087,-0.277371814132,0.0520638594239,-0.152857051202,0.386838347268,0.710408068235,0.0267605939665,0.165230396756,0.0703908661723,-0.135396787642,0.0356,-0.0348,0.255393575284,-0.115029015447,-0.0378,-0.135396787642,-0.0356,0.0348,0.255393575284,-0.115029015447,0.0378,0,0,0,0,0,0.793894343594,-0.0874241463264,0.0892492361251,0.53654786274,-0.013004322426,-0.00573057435005,0.638087144907,0.628756946454,0.103177000258,-0.902056271952,0.22871281745,-0.0843481147664,-0.428326347151,-0.181149265337,0.00997431119012,0,0,-0.0199486223802,-0.0124678889877,0,0.00997431119012,0,0,-0.0199486223802,-0.0124678889877,0,0,0,0,0,0,-0.515558639534,0.131111092899,-0.088482077215,-1.21949920063,-0.00844494463641,0.446181665605,-0.599022092949,-0.88486890152,-0.168857369191,0.88270835045,-0.125010212561,0.177985224298,0.382681555425,0.259569528363,-0.00972595555544,0,0,0.019451911111,0.0121574444443,0,-0.00972595555544,0,0,0.019451911111,0.0121574444443,0
372,FRAME,NONE,367,367,3.6699999999999999,RECOVERY,1.1000000000000014,0,0,0,0,0,-0.0781127636378,0.152739501615,-0.0353860345454,0.694523050057,0.00966877174557,-0.0741700550125,-0.271020895768,0.0583071809533,-0.151833728148,0.377861923636,0.712688944699,0.0259260138425,0.160966272688,0.0685923535667,-0.135297530864,0.0356,-0.0348,0.255195061728,-0.11515308642,-0.0378,-0.135297530864,-0.0356,0.0348,0.255195061728,-0.11515308642,0.0378,0,0,0,0,0,0.788686411569,-0.0861152790215,0.0883533937292,0.52431855248,-0.0130886742548,-0.0012827407793,0.632046516313,0.619910012629,0.101467028393,-0.893157091329,0.227390676492,-0.08257077615,-0.424409832578,-0.178550465966,0.00987629630124,0,0,-0.0197525926025,-0.0123453703765,0,0.00987629630124,0,0,-0.0197525926025,-0.0123453703765,0,0,0,0,0,0,-0.526131155244,0.130647433905,-0.0906577247253,-1.22589020362,-0.00841073746235,0.443209184553,-0.609023079812,-0.88434445868,-0.172972957506,0.896981026883,-0.139360393757,0.177414691503,0.400401659422,0.260127754838,-0.00987555555547,0,0,0.0197511111111,0.0123444444444,0,-0.00987555555547,0,0,0.0197511111111,0.0123444444444,0
373,FRAME,NONE,368,368,3.6800000000000002,RECOVERY,1.1000000000000014,0,0,0,0,0,-0.0702522035042,0.151884881552,-0.0345070342236,0.699704929174,0.00953746409535,-0.0741607175243,-0.264730883806,0.0644620596765,-0.150827710634,0.368975205441,0.714955881765,0.0251091784435,0.156742200105,0.066819856853,-0.135199261716,0.0356,-0.0348,0.254998523432,-0.115275922855,-0.0378,-0.135199261716,-0.0356,0.0348,0.254998523432,-0.115275922855,0.0378,0,0,0,0,0,0.783371720489,-0.0848111976483,0.0874360816306,0.512030058668,-0.0131725371752,0.00313360934101,0.625906683311,0.611070057281,0.0997175411079,-0.884116651414,0.225925609575,-0.0807998209363,-0.420318313962,-0.17594671024,0.00977680007901,0,0,-0.019553600158,-0.0122210000988,0,0.00977680007901,0,0,-0.019553600158,-0.0122210000988,0,0,0,0,0,0,-0.536909513623,0.130155254053,-0.0927750576497,-1.23132980211,-0.00834689096546,0.439881944734,-0.618860326581,-0.883485135096,-0.17675793521,0.910957047013,-0.153576569718,0.176710642074,0.417669443588,0.260562860561,-0.0100221925926,0,0,0.0200443851853,0.0125277407408,0,-0.0100221925926,0,0,0.0200443851853,0.0125277407408,0
374,FRAME,NONE,369,369,3.6899999999999999,RECOVERY,1.1000000000000014,0,0,0,0,0,-0.062445329228,0.151043277662,-0.0336373129128,0.70476365123,0.00940532100206,-0.0741073828256,-0.258502762102,0.0705285820989,-0.149839377326,0.360179590608,0.717207456891,0.0243100174237,0.152559906409,0.0650734193619,-0.135101994863,0.0356,-0.0348,0.254803989725,-0.115397506422,-0.0378,-0.135101994863,-0.0356,0.0348,0.254803989725,-0.115397506422,0.0378,0,0,0,0,0,0.777948221297,-0.0835121739404,0.0864978925762,0.499691956437,-0.0132556120741,0.00751489811537,0.619669309782,0.602240309927,0.0979318696885,-0.874937950389,0.224319145098,-0.0790365633085,-0.416056443706,-0.173339208755,0.00967585244938,0,0,-0.0193517048988,-0.0120948155617,0,0.00967585244938,0,0,-0.0193517048988,-0.0120948155617,0,0,0,0,0,0,-0.547891404307,0.129637219665,-0.0948321973738,-1.23580659288,-0.00825291121632,0.436194264244,-0.628528545674,-0.88231323819,-0.18020428574,0.92462015974,-0.167621943239,0.175867158727,0.434460114562,0.260883739134,-0.0101658074075,0,0,0.0203316148149,0.0127072592594,0,-0.0101658074075,0,0,0.0203316148149,0.0127072592594,0
375,FRAME,NONE,370,370,3.7000000000000002,RECOVERY,1.1000000000000014,0,0,0,0,0,-0.0546932390782,0.150214638074,-0.032777076372,0.709698768303,0.00927235185386,-0.074010419562,-0.25233749761,0.076506865875,-0.14886907324,0.351476446434,0.719442264667,0.0235284471774,0.14842107123,0.0633530726779,-0.135005744667,0.0356,-0.0348,0.254611489334,-0.115517819166,-0.0378,-0.135005744667,-0.0356,0.0348,0.254611489334,-0.115517819166,0.0378,0,0,0,0,0,0.772413892403,-0.082218453255,0.0855394376831,0.48731392681,-0.0133375953996,0.0118574946259,0.613336112397,0.593423792517,0.0961134553931,-0.865624248219,0.22257317071,-0.0772824777618,-0.411629111671,-0.170729035458,0.00957348393086,0,0,-0.0191469678617,-0.0119668549136,0,0.00957348393086,0,0,-0.0191469678617,-0.0119668549136,0,0,0,0,0,0,-0.55907362911,0.129095935934,-0.0968273505344,-1.23931084583,-0.00812840560407,0.432141249189,-0.638022468233,-0.8808492034,-0.183301216826,0.937942807253,-0.181461126383,0.174866861431,0.450750625352,0.261104704788,-0.0103063407407,0,0,0.0206126814815,0.0128829259259,0,-0.0103063407407,0,0,0.0206126814815,0.0128829259259,0
376,FRAME,NONE,371,371,3.71,RECOVERY,1.1000000000000014,0,0,0,0,0,-0.04699705138,0.149398908597,-0.0319265241592,0.714509929766,0.00913856909407,-0.0738702329331,-0.246236039854,0.0823970579493,-0.147917108218,0.342867105643,0.721658920305,0.0227643678685,0.144327324175,0.0616588386527,-0.134910525184,0.0356,-0.0348,0.254421050368,-0.11563684352,-0.0378,-0.134910525184,-0.0356,0.0348,0.254421050368,-0.11563684352,0.0378,0,0,0,0,0,0.766766748715,-0.0809302552218,0.0845613455655,0.474905739521,-0.0134181801862,0.0161577230992,0.606908860417,0.584623325859,0.094265845352,-0.856179094244,0.22068992257,-0.0755392260799,-0.407041431199,-0.168117114659,0.00946972563457,0,0,-0.0189394512691,-0.0118371570432,0,0.00946972563457,0,0,-0.0189394512691,-0.0118371570432,0,0,0,0,0,0,-0.570452072573,0.128533939244,-0.0987588130135,-1.24183458936,-0.00797308502844,0.427718849248,-0.64733684696,-0.87911665553,-0.186047758736,0.95091987427,-0.195058753747,0.173715602732,0.466518313759,0.261229147143,-0.0104437333333,0,0,0.0208874666666,0.0130546666665,0,-0.0104437333333,0,0,0.0208874666666,0.0130546666665,0
377,FRAME,NONE,372,372,3.7200000000000002,RECOVERY,1.1000000000000014,0,0,0,0,0,-0.039357904104,0.148596032969,-0.0310858494607,0.719196883093,0.00900398825014,-0.0736872651,-0.240199320402,0.0881993323922,-0.146983756333,0.334352864549,0.723856063119,0.0220176626558,0.140280242606,0.0599907303847,-0.134816350154,0.0356,-0.0348,0.254232700309,-0.115754562307,-0.0378,-0.134816350154,-0.0356,0.0348,0.254232700309,-0.115754562307,0.0378,0,0,0,0,0,0.761004850951,-0.0796477744701,0.0835642614228,0.462477235023,-0.0134970571001,0.0204118716109,0.600389375458,0.575841459406,0.0923925002184,-0.846605850734,0.218671995635,-0.0738081657071,-0.402298745396,-0.165504452515,0.0093646092642,0,0,-0.0187292185284,-0.0117057615802,0,0.0093646092642,0,0,-0.0187292185284,-0.0117057615802,0,0,0,0,0,0,-0.582021675334,0.127953689613,-0.100624973795,-1.24337168913,-0.00778676569023,0.422923909571,-0.656466458595,-0.877141946382,-0.188451485651,0.963565388001,-0.208379788662,0.172439138737,0.481741133078,0.261251049026,-0.0105779259259,0,0,0.0211558518518,0.0132224074074,0,-0.0105779259259,0,0,0.0211558518518,0.0132224074074,0
378,FRAME,NONE,373,373,3.73,RECOVERY,1.1000000000000014,0,0,0,0,0,-0.031776954361,0.147805953107,-0.0302552389307,0.723759474467,0.00886862795207,-0.0734619955009,-0.234228252345,0.0939138871374,-0.146069258213,0.325934988628,0.726032360218,0.0212882045544,0.136281349267,0.0583487496025,-0.134723232999,0.0356,-0.0348,0.254046465997,-0.115870958752,-0.0378,-0.134723232999,-0.0356,0.0348,0.254046465997,-0.115870958752,0.0378,0,0,0,0,0,0.755126315208,-0.0783711814295,0.0825488460896,0.450038305738,-0.0135739155,0.0246162012906,0.593779531245,0.567080486931,0.0904968156389,-0.836907786484,0.216522326797,-0.0720904433051,-0.397406608537,-0.162892093679,0.00925816711605,0,0,-0.0185163342321,-0.0115727088951,0,0.00925816711605,0,0,-0.0185163342321,-0.0115727088951,0,0,0,0,0,0,-0.593776410715,0.127357563322,-0.102424318648,-1.24391791974,-0.00756937046786,0.417754218646,-0.665406106095,-0.874947985994,-0.190513425961,0.975872294755,-0.221391440298,0.17104178978,0.49639939074,0.261174412784,-0.0107088592593,0,0,0.0214177185186,0.0133860740741,0,-0.0107088592593,0,0,0.0214177185186,0.0133860740741,0
379,FRAME,NONE,374,374,3.7400000000000002,RECOVERY,1.1000000000000014,0,0,0,0,0,-0.0242553777998,0.147028609341,-0.0294348725389,0.728197649208,0.00873250994014,-0.0731949410742,-0.228323729777,0.0995409421308,-0.14517382002,0.317614708819,0.728186509654,0.0205758537897,0.132332110436,0.0567328885111,-0.134631186812,0.0356,-0.0348,0.253862373624,-0.115986016485,-0.0378,-0.134631186812,-0.0356,0.0348,0.253862373624,-0.115986016485,0.0378,0,0,0,0,0,0.749129322737,-0.0771006232037,0.0815157750499,0.437598876628,-0.0136484445095,0.0287669559838,0.587081253336,0.558342499686,0.0885822316991,-0.827088404839,0.214244166829,-0.0703873299115,-0.392370757581,-0.160280964259,0.00915043207901,0,0,-0.018300864158,-0.0114380400988,0,0.00915043207901,0,0,-0.018300864158,-0.0114380400988,0,0,0,0,0,0,-0.605709264899,0.126747845779,-0.104155433578,-1.24347102809,-0.00732092984933,0.412208551497,-0.674150620511,-0.872553798965,-0.19222751422,0.987811180836,-0.234063263948,0.169504990404,0.510475750584,0.261013964011,-0.0108364740741,0,0,0.0216729481481,0.0135455925926,0,-0.0108364740741,0,0,0.0216729481481,0.0135455925926,0
380,FRAME,NONE,375,375,3.75,RECOVERY,1.1000000000000014,0,0,0,0,0,-0.0167943679062,0.146263940643,-0.0286249234297,0.732511451999,0.00859565906188,-0.0728866563812,-0.222486627278,0.105080737131,-0.144297613579,0.309393220532,0.730317243554,0.0198804579561,0.128433934116,0.0551431303173,-0.134540224357,0.0356,-0.0348,0.253680448714,-0.116099719554,-0.0378,-0.134540224357,-0.0356,0.0348,0.253680448714,-0.116099719554,0.0378,0,0,0,0,0,0.74301212991,-0.0758362245139,0.080465737418,0.425168885176,-0.013720334097,0.0328603723205,0.580296518835,0.549629410952,0.0866522653546,-0.817151562867,0.211841061518,-0.068700343497,-0.387197093526,-0.157671814399,0.00904143763457,0,0,-0.0180828752691,-0.0113017970432,0,0.00904143763457,0,0,-0.0180828752691,-0.0113017970432,0,0,0,0,0,0,-0.617812220853,0.126126724636,-0.105817008033,-1.24203078805,-0.00704158240213,0.406286707804,-0.682694862532,-0.869979575746,-0.193595115111,0.999369241702,-0.246365380582,0.167826895883,0.523953523982,0.260776697358,-0.0109607111111,0,0,0.0219214222223,0.0137008888889,0,-0.0109607111111,0,0,0.0219214222223,0.0137008888889,0
381,FRAME,NONE,376,376,3.7599999999999998,RECOVERY,1.1000000000000014,0,0,0,0,0,-0.0093951352016,0.14551188485,-0.0278255577906,0.736701026911,0.0084581032582,-0.0725377336277,-0.2167177994,0.11053353035,-0.143440774713,0.301271677562,0.732423330885,0.0192018469197,0.124588168565,0.0535794522231,-0.134450358059,0.0356,-0.0348,0.253500716119,-0.116212052426,-0.0378,-0.134450358059,-0.0356,0.0348,0.253500716119,-0.116212052426,0.0378,0,0,0,0,0,0.73677307832,-0.0745780887109,0.0793994348892,0.412758260867,-0.0137892761575,0.0368926901399,0.573427356086,0.540942908171,0.0847103293969,-0.807101020005,0.209316859217,-0.0670307919939,-0.381891687101,-0.155065430312,0.00893121785679,0,0,-0.0178624357136,-0.011164022321,0,0.00893121785679,0,0,-0.0178624357136,-0.011164022321,0,0,0,0,0,0,-0.63007624653,0.125496283158,-0.107407837811,-1.23959904495,-0.00673157471461,0.399989544301,-0.691033723702,-0.867254455242,-0.194647095919,1.01060924502,-0.258265873011,0.166082476816,0.536814312029,0.260433833267,-0.0110815111111,0,0,0.0221630222225,0.0138518888889,0,-0.0110815111111,0,0,0.0221630222225,0.0138518888889,0
382,FRAME,NONE,377,377,3.77,RECOVERY,1.1000000000000014,0,0,0,0,0,-0.00205890633982,0.144772378869,-0.0270369347319,0.740766617217,0.00831987353873,-0.0721488025784,-0.211018080156,0.115899595295,-0.142603406992,0.293251200132,0.734503580739,0.0185398421163,0.120796100374,0.052041821711,-0.1343616,0.0356,-0.0348,0.2533232,-0.116323,-0.0378,-0.1343616,-0.0356,0.0348,0.2533232,-0.116323,0.0378,0,0,0,0,0,0.730410604979,-0.0733262988508,0.0783175806618,0.400376904277,-0.0138549655913,0.0408601632065,0.566475844361,0.532284321847,0.0827593234362,-0.796939377967,0.206675744058,-0.0653786939607,-0.376460807285,-0.152463137733,0.00881980741235,0,0,-0.0176396148247,-0.0110247592654,0,0.00881980741235,0,0,-0.0176396148247,-0.0110247592654,0,0,0,0,0,0,-0.642491287579,0.124858493951,-0.108926827625,-1.23617974953,-0.00639126084432,0.393319000933,-0.699162127362,-0.864409888038,-0.195424456894,1.02161796946,-0.269733438771,0.164371219186,0.549040427544,0.259945075992,-0.0111988148149,0,0,0.0223976296294,0.0139985185185,0,-0.0111988148149,0,0,0.0223976296294,0.0139985185185,0
383,FRAME,NONE,378,378,3.7799999999999998,RECOVERY,1.1000000000000014,0,0,0,0,0,0.00521307689799,0.144045358873,-0.0262592061773,0.744708564997,0.00818100394637,-0.0717205303636,-0.205388282513,0.121179216787,-0.141785588244,0.285332890002,0.736556845766,0.0178942730405,0.11705895242,0.0505301894685,-0.134273961911,0.0356,-0.0348,0.253147923822,-0.116432547611,-0.0378,-0.134273961911,-0.0356,0.0348,0.253147923822,-0.116432547611,0.0378,0,0,0,0,0,0.723923252568,-0.0720809188319,0.0772208983367,0.388034665877,-0.0139171013744,0.0447590701585,0.559444113538,0.523654710411,0.0808018402591,-0.786668660616,0.203922190442,-0.0637433676101,-0.37091087855,-0.149866528792,0.00870724156049,0,0,-0.017414483121,-0.0108840519506,0,0.00870724156049,0,0,-0.017414483121,-0.0108840519506,0,0,0,0,0,0,-0.65504626467,0.124215213056,-0.110372993303,-1.23177898082,-0.00602110125301,0.386278120699,-0.707075029312,-0.861460627241,-0.19592352022,1.03236021859,-0.28074433203,0.162668627928,0.560621143254,0.259327713896,-0.011312562963,0,0,0.0226251259257,0.0141407037038,0,-0.011312562963,0,0,0.0226251259257,0.0141407037038,0
384,FRAME,NONE,379,379,3.79,RECOVERY,1.1000000000000014,0,0,0,0,0,0.0124195587115,0.143330760492,-0.0254925167652,0.748527310534,0.00804153151124,-0.0712536211753,-0.199829197885,0.126372689503,-0.140987370186,0.277517826919,0.738582024548,0.0172649747641,0.113377882803,0.0490444911352,-0.134187455169,0.0356,-0.0348,0.252974910338,-0.116540681039,-0.0378,-0.134187455169,-0.0356,0.0348,0.252974910338,-0.116540681039,0.0378,0,0,0,0,0,0.717309679686,-0.0708419945896,0.0761101207958,0.375741324661,-0.0139753876163,0.0485857256205,0.552334343775,0.515055109302,0.0788408530318,-0.776292173595,0.201060857417,-0.0621253214022,-0.36524838442,-0.147276583455,0.00859355615309,0,0,-0.0171871123062,-0.0107419451914,0,0.00859355615309,0,0,-0.0171871123062,-0.0107419451914,0,0,0,0,0,0,-0.667729075828,0.123568174409,-0.111745463581,-1.22640495714,-0.00562166116829,0.378871062494,-0.714767418177,-0.858406207502,-0.196099460104,1.04268858949,-0.291281836047,0.160836142355,0.571552040067,0.258651993699,-0.0114226962963,0,0,0.0228453925927,0.0142783703704,0,-0.0114226962963,0,0,0.0228453925927,0.0142783703704,0
385,FRAME,NONE,380,380,3.7999999999999998,RECOVERY,1.1000000000000014,0,0,0,0,0,0.0195592704917,0.142628518981,-0.0247370037614,0.75222339149,0.00790149619405,-0.0707488158512,-0.194341595637,0.131480318973,-0.140208771184,0.26980704653,0.740578062914,0.0166517666125,0.109753984731,0.0475846577994,-0.134102090788,0.0356,-0.0348,0.252804181576,-0.116647386515,-0.0378,-0.134102090788,-0.0356,0.0348,0.252804181576,-0.116647386515,0.0378,0,0,0,0,0,0.710568671052,-0.0696095553437,0.0749859890651,0.363506566734,-0.0140295345978,0.0523364914084,0.545148765175,0.506486586261,0.076879851057,-0.765814888826,0.198096553721,-0.060526644763,-0.359479837749,-0.144693488918,0.00847878763457,0,0,-0.0169575752691,-0.0105984845432,0,0.00847878763457,0,0,-0.0169575752691,-0.0105984845432,0,0,0,0,0,0,-0.680526603846,0.122918984746,-0.11304348146,-1.22006803478,-0.00519360841736,0.371103106839,-0.722234315541,-0.855252639335,-0.19592925835,1.0525116839,-0.30132829398,0.158792092855,0.581827604718,0.257961610803,-0.0115291555555,0,0,0.0230583111112,0.0144114444443,0,-0.0115291555555,0,0,0.0230583111112,0.0144114444443,0
386,FRAME,NONE,381,381,3.8100000000000001,RECOVERY,1.1000000000000014,0,0,0,0,0,0.0266309321326,0.141938569385,-0.0239927969839,0.755797441869,0.00776094081928,-0.0702068913471,-0.188926222582,0.136502421228,-0.139449773165,0.262201529143,0.742543955622,0.0160544418688,0.106188286048,0.0461506213568,-0.134017879416,0.0356,-0.0348,0.252635758832,-0.11675265073,-0.0378,-0.134017879416,-0.0356,0.0348,0.252635758832,-0.11675265073,0.0378,0,0,0,0,0,0.703699147609,-0.0683836148947,0.0738492511666,0.351339963965,-0.0140792597847,0.0560077877573,0.537889657464,0.497950056516,0.0749222678648,-0.755241939917,0.195034291537,-0.0589494795451,-0.353611832326,-0.142117351239,0.00836297304198,0,0,-0.016725946084,-0.0104537163025,0,0.00836297304198,0,0,-0.016725946084,-0.0104537163025,0,0,0,0,0,0,-0.693424728891,0.122269118977,-0.114266405093,-1.21278069432,-0.00473771071971,0.362980654265,-0.729470775844,-0.852022124911,-0.195441446416,1.0618735053,-0.310861512164,0.156592268629,0.591438015383,0.257236273283,-0.0116318814814,0,0,0.023263762963,0.0145398518519,0,-0.0116318814814,0,0,0.023263762963,0.0145398518519,0
387,FRAME,NONE,382,382,3.8199999999999998,RECOVERY,1.1000000000000014,0,0,0,0,0,0.0336332534439,0.141260846684,-0.0232600187381,0.759250190769,0.00761991099835,-0.0696286600961,-0.183583802488,0.141439320103,-0.138710325827,0.254702207732,0.744478748745,0.0154727770216,0.102681748085,0.0447423107746,-0.133934831327,0.0356,-0.0348,0.252469662654,-0.116856460841,-0.0378,-0.133934831327,-0.0356,0.0348,0.252469662654,-0.116856460841,0.0378,0,0,0,0,0,0.696700176474,-0.0671641729642,0.0727006609633,0.339250952847,-0.0141242888122,0.0595961044937,0.530559349658,0.489446143762,0.0729710221287,-0.74457741872,0.191879323478,-0.0573947993905,-0.347651077441,-0.139548763452,0.00824615000494,0,0,-0.0164923000099,-0.0103076875062,0,0.00824615000494,0,0,-0.0164923000099,-0.0103076875062,0,0,0,0,0,0,-0.706408346368,0.121619916054,-0.115413708174,-1.20455751399,-0.00425483242986,0.354511216202,-0.736471886062,-0.848740960287,-0.194681477927,1.07086118581,-0.319859275336,0.154336119367,0.600373317844,0.256435306532,-0.0117308148147,0,0,0.0234616296296,0.0146635185186,0,-0.0117308148147,0,0,0.0234616296296,0.0146635185186,0
388,FRAME,NONE,383,383,3.8300000000000001,RECOVERY,1.1000000000000014,0,0,0,0,0,0.0405649356621,0.140595285926,-0.0225387837646,0.762582460926,0.00747845504304,-0.0690149692572,-0.178315035589,0.146291344103,-0.137990352723,0.247309980768,0.746381542092,0.014906545881,0.0992352644988,0.0433596460878,-0.133852956416,0.0356,-0.0348,0.252305912832,-0.11695880448,-0.0378,-0.133852956416,-0.0356,0.0348,0.252305912832,-0.11695880448,0.0378,0,0,0,0,0,0.689570980682,-0.0659512165737,0.0715409770031,0.327248813685,-0.0141643564333,0.0630980120813,0.523160219743,0.48097523731,0.0710286383062,-0.733824716201,0.188637106031,-0.0558627571577,-0.341604365969,-0.136988645109,0.00812835674568,0,0,-0.0162567134914,-0.0101604459321,0,0.00812835674568,0,0,-0.0162567134914,-0.0101604459321,0,0,0,0,0,0,-0.719461389955,0.120972575339,-0.116484979825,-1.19541513064,-0.00374593076113,0.345703398511,-0.743232765166,-0.845426775151,-0.193673710118,1.0795038816,-0.328304127687,0.152064069323,0.608627699944,0.25554536167,-0.0118258962964,0,0,0.0236517925925,0.0147823703703,0,-0.0118258962964,0,0,0.0236517925925,0.0147823703703,0
389,FRAME,NONE,384,384,3.8399999999999999,RECOVERY,1.1000000000000014,0,0,0,0,0,0.0474246730575,0.139941822352,-0.021829199198,0.765795167043,0.00733662386969,-0.0683666998544,-0.173120598093,0.151058824849,-0.13728975306,0.240025713408,0.748251490866,0.0143555218784,0.0958496607652,0.0420025378724,-0.133772264192,0.0356,-0.0348,0.252144528384,-0.11705966976,-0.0378,-0.133772264192,-0.0356,0.0348,0.252144528384,-0.11705966976,0.0378,0,0,0,0,0,0.682310948675,-0.0647447214574,0.0703709613668,0.315342650235,-0.0141992074274,0.0665101724639,0.515694694355,0.472537608259,0.0690975479263,-0.722987341088,0.185313240924,-0.054353518004,-0.335478523442,-0.134437856219,0.00800963207901,0,0,-0.016019264158,-0.0100120400988,0,0.00800963207901,0,0,-0.016019264158,-0.0100120400988,0,0,0,0,0,0,-0.732566859968,0.120328153556,-0.11747992396,-1.1853721877,-0.00321205150443,0.336566877405,-0.749748563463,-0.842089173233,-0.192423290472,1.08777809611,-0.336183095621,0.149762836532,0.616199167542,0.254577955542,-0.0119170666668,0,0,0.0238341333333,0.0148963333334,0,-0.0119170666668,0,0,0.0238341333333,0.0148963333334,0
390,FRAME,NONE,385,385,3.8500000000000001,RECOVERY,1.1000000000000014,0,0,0,0,0,0.0542111546356,0.139300391497,-0.0211313645373,0.76888931393,0.00719447089449,-0.0676847658079,-0.168001141702,0.155742096268,-0.136608401764,0.232850233947,0.75008780691,0.0138194755209,0.09252569403,0.0406708889634,-0.133692763774,0.0356,-0.0348,0.251985527549,-0.117159045282,-0.0378,-0.133692763774,-0.0356,0.0348,0.251985527549,-0.117159045282,0.0378,0,0,0,0,0,0.674919643482,-0.0635446535025,0.0691913785239,0.303541369931,-0.0142285974634,0.0698293496294,0.508165248473,0.464133453845,0.0671801724968,-0.712069154278,0.181913444118,-0.0528675004271,-0.329280382618,-0.131897085998,0.00789001541234,0,0,-0.0157800308247,-0.00986251926543,0,0.00789001541234,0,0,-0.0157800308247,-0.00986251926543,0,0,0,0,0,0,-0.745706856717,0.119687562305,-0.118398358097,-1.17444927097,-0.00265432426387,0.327112368132,-0.756014461769,-0.83873628276,-0.190936199412,1.09566131914,-0.343485188249,0.147419807113,0.623087265848,0.253544229426,-0.0120042666667,0,0,0.0240085333336,0.0150053333334,0,-0.0120042666667,0,0,0.0240085333336,0.0150053333334,0
391,FRAME,NONE,386,386,3.8599999999999999,RECOVERY,1.1000000000000014,0,0,0,0,0,0.0609230659272,0.138670929282,-0.0204453716275,0.771865994442,0.00705205192042,-0.0669701128618,-0.162957293124,0.160341493926,-0.13594614961,0.225784330322,0.751889759748,0.0132981718699,0.0892640531129,0.0393645961524,-0.133614463884,0.0356,-0.0348,0.251828927768,-0.117256920145,-0.0378,-0.133614463884,-0.0356,0.0348,0.251828927768,-0.117256920145,0.0378,0,0,0,0,0,0.66739681154,-0.0623509702113,0.0680029942048,0.291853664815,-0.0142522939127,0.0730524198266,0.500574405119,0.455762882604,0.0652788239381,-0.701074114705,0.178443537159,-0.0514051218617,-0.323016778126,-0.12936697163,0.00776954674568,0,0,-0.0155390934914,-0.0097119334321,0,0.00776954674568,0,0,-0.0155390934914,-0.0097119334321,0,0,0,0,0,0,-0.758862618753,0.11905156613,-0.119240211643,-1.16266883218,-0.00207395721984,0.317351586482,-0.7620256704,-0.835376971178,-0.189225224119,1.10314819508,-0.350200679282,0.145039555419,0.629292372433,0.252447226965,-0.0120874370369,0,0,0.0241748740741,0.0151092962962,0,-0.0120874370369,0,0,0.0241748740741,0.0151092962962,0
392,FRAME,NONE,387,387,3.8700000000000001,RECOVERY,1.1000000000000014,0,0,0,0,0,0.0675590908664,0.138053372093,-0.0197713046532,0.774726387227,0.00690942501624,-0.0662237174114,-0.157989653599,0.164857353921,-0.135302825285,0.218828751652,0.753656677653,0.0127913730837,0.0860653584675,0.0380835495308,-0.13353737284,0.0356,-0.0348,0.251674745679,-0.117353283951,-0.0378,-0.13353737284,-0.0356,0.0348,0.251674745679,-0.117353283951,0.0378,0,0,0,0,0,0.659742391107,-0.0611636221799,0.0668065742911,0.280287993288,-0.0142700766078,0.076176381359,0.492924735065,0.447425914422,0.0633956680144,-0.690006190377,0.174909430533,-0.0499667093187,-0.316694535169,-0.126848141459,0.00764826667161,0,0,-0.0152965333432,-0.00956033333951,0,0.00764826667161,0,0,-0.0152965333432,-0.00956033333951,0,0,0,0,0,0,-0.772014565856,0.118420781238,-0.120005523645,-1.15005510129,-0.00147223150034,0.307297203606,-0.767777428157,-0.832019555074,-0.187305295404,1.11023832955,-0.356321656607,0.142631558754,0.634816110376,0.251287550377,-0.0121665185185,0,0,0.0243330370368,0.0152081481481,0,-0.0121665185185,0,0,0.0243330370368,0.0152081481481,0
393,FRAME,NONE,388,388,3.8799999999999999,RECOVERY,1.1000000000000014,0,0,0,0,0,0.0741179137493,0.137447656838,-0.0191092401417,0.777471754307,0.00676665038826,-0.0654465852347,-0.153098798422,0.169290012215,-0.13467823625,0.211984206515,0.755387948359,0.0122988376835,0.0829301624095,0.0368276333233,-0.133461498551,0.0356,-0.0348,0.251522997101,-0.117448126812,-0.0378,-0.133461498551,-0.0356,0.0348,0.251522997101,-0.117448126812,0.0378,0,0,0,0,0,0.651956520223,-0.0599825545865,0.0656028837319,0.268852562789,-0.0142817385427,0.0791983638987,0.485218856556,0.439122491503,0.06153271803,-0.678869348114,0.171317104027,-0.0485524906866,-0.310320455918,-0.124341220623,0.00752621637531,0,0,-0.0150524327506,-0.00940777046914,0,0.00752621637531,0,0,-0.0150524327506,-0.00940777046914,0,0,0,0,0,0,-0.785142346328,0.117795674825,-0.120694439991,-1.13663398787,-0.000850495164991,0.296962794356,-0.773265001178,-0.828670755437,-0.185190213681,1.11692772788,-0.361842385502,0.140201513026,0.639661631313,0.250067383667,-0.012241451852,0,0,0.0244829037038,0.015301814815,0,-0.012241451852,0,0,0.0244829037038,0.015301814815,0
394,FRAME,NONE,389,389,3.8900000000000001,RECOVERY,1.1000000000000014,0,0,0,0,0,0.0805982212708,0.136853721001,-0.0184592469785,0.780103438483,0.00662379024539,-0.0646397501334,-0.148285276468,0.173639803751,-0.134072170925,0.20525136469,0.757083019734,0.0118203232699,0.0798589493491,0.0355967251183,-0.133386848512,0.0356,-0.0348,0.251373697024,-0.11754143936,-0.0378,-0.133386848512,-0.0356,0.0348,0.251373697024,-0.11754143936,0.0378,0,0,0,0,0,0.644039544181,-0.0588077086834,0.0643926854913,0.25755531353,-0.0142870865111,0.0821156372462,0.477459435042,0.430852499313,0.0596918637408,-0.667667635819,0.167672582822,-0.0471626790582,-0.303901302543,-0.121846793785,0.00740343763457,0,0,-0.0148068752691,-0.00925429704321,0,0.00740343763457,0,0,-0.0148068752691,-0.00925429704321,0,0,0,0,0,0,-0.798224888413,0.117176564984,-0.1213072101,-1.12243297209,-0.000210156844607,0.286362779486,-0.778483681689,-0.825335243011,-0.182891269684,1.12320531358,-0.366759500884,0.137747787462,0.643833774792,0.248792142086,-0.0123121777778,0,0,0.0246243555556,0.0153902222222,0,-0.0123121777778,0,0,0.0246243555556,0.0153902222222,0
395,FRAME,NONE,390,390,3.8999999999999999,RECOVERY,1.1000000000000014,0,0,0,0,0,0.0869987046329,0.136271502665,-0.0178213864319,0.782622860578,0.00648090865804,-0.0638042724897,-0.143549609722,0.177907062201,-0.133484398975,0.198630853799,0.758741400015,0.0113555841023,0.0768521363586,0.0343906974476,-0.133313429798,0.0356,-0.0348,0.251226859596,-0.117633212753,-0.0378,-0.133313429798,-0.0356,0.0348,0.251226859596,-0.117633212753,0.0378,0,0,0,0,0,0.635992022455,-0.0576390232869,0.0631767395299,0.246403903348,-0.0142859416796,0.0849256194884,0.469649182922,0.422615786643,0.0578748926363,-0.656405241843,0.163981914009,-0.0457975349374,-0.297443780422,-0.119365377781,0.00727997281975,0,0,-0.0145599456395,-0.00909996602469,0,0.00727997281975,0,0,-0.0145599456395,-0.00909996602469,0,0,0,0,0,0,-0.811240455425,0.116563621285,-0.121844183152,-1.10748098712,0.000447320881133,0.275512362661,-0.783428786841,-0.822015853752,-0.180417891875,1.1290548839,-0.371071910998,0.135263371202,0.64733898015,0.247469568658,-0.0123786370369,0,0,0.0247572740737,0.015473296296,0,-0.0123786370369,0,0,0.0247572740737,0.015473296296,0
396,FRAME,NONE,391,391,3.9100000000000001,RECOVERY,1.1000000000000014,0,0,0,0,0,0.0933180617199,0.135700940535,-0.0171957121879,0.785031516549,0.00633807141179,-0.0629412377437,-0.13889229281,0.182092119483,-0.132914673072,0.192123259853,0.760362658014,0.0109043725712,0.0739100737407,0.0332094175627,-0.133241249056,0.0356,-0.0348,0.251082498111,-0.11772343868,-0.0378,-0.133241249056,-0.0356,0.0348,0.251082498111,-0.11772343868,0.0378,0,0,0,0,0,0.627814735072,-0.0564764362578,0.0619558018282,0.235405693788,-0.0142781400935,0.0876258844994,0.461790859305,0.414412182238,0.0560835059033,-0.645086538141,0.160251144603,-0.0444574116342,-0.29095452294,-0.116897402412,0.00715586489383,0,0,-0.0143117297877,-0.00894483111729,0,0.00715586489383,0,0,-0.0143117297877,-0.00894483111729,0,0,0,0,0,0,-0.82416670418,0.115956865929,-0.122305803793,-1.09180829275,0.00112042836151,0.264427462313,-0.788095657451,-0.818714730247,-0.177782009774,1.13446694083,-0.374780204478,0.132747726009,0.65018477575,0.246104267789,-0.0124407703703,0,0,0.0248815407405,0.0155509629629,0,-0.0124407703703,0,0,0.0248815407405,0.0155509629629,0
397,FRAME,NONE,392,392,3.9199999999999999,RECOVERY,1.1000000000000014,0,0,0,0,0,0.0995549993344,0.13514197394,-0.0165822703953,0.787330974454,0.00619534585617,-0.0620517547998,-0.134313792535,0.186195305846,-0.132362728857,0.185729123036,0.761946422907,0.0104664358696,0.0710330458998,0.0320527493993,-0.1331703125,0.0356,-0.0348,0.250940625,-0.117812109375,-0.0378,-0.1331703125,-0.0356,0.0348,0.250940625,-0.117812109375,0.0378,0,0,0,0,0,0.619508688372,-0.0553198859683,0.0607306234541,0.224567737493,-0.0142635331123,0.0902141687347,0.453887269773,0.406241492038,0.0543192524408,-0.633715903026,0.15648630992,-0.0431425804172,-0.284440084907,-0.114443292425,0.00703115741235,0,0,-0.0140623148247,-0.00878894676543,0,0.00703115741235,0,0,-0.0140623148247,-0.00878894676543,0,0,0,0,0,0,-0.836980746102,0.115356175533,-0.122692607414,-1.07544634212,0.00180761590983,0.253124639342,-0.792479656705,-0.815434644237,-0.175003504982,1.13945341498,-0.377885933293,0.130221495477,0.652379181121,0.244690945859,-0.0124985185185,0,0,0.0249970370374,0.0156231481483,0,-0.0124985185185,0,0,0.0249970370374,0.0156231481483,0
398,FRAME,NONE,393,393,3.9300000000000002,RECOVERY,1.1000000000000014,0,0,0,0,0,0.105708235487,0.134594542816,-0.0159810997189,0.789522871299,0.00605280074955,-0.061136954369,-0.129814547414,0.190216949324,-0.131828288023,0.179448941793,0.763492384212,0.0100415209628,0.0682212720425,0.0309205517142,-0.133100625907,0.0356,-0.0348,0.250801251815,-0.117899217616,-0.0378,-0.133100625907,-0.0356,0.0348,0.250801251815,-0.117899217616,0.0378,0,0,0,0,0,0.61107512015,-0.0541693127471,0.0595019496799,0.213896766945,-0.0142419877753,0.0926883772862,0.445941266171,0.398103489353,0.0525834358037,-0.622297469841,0.152693425937,-0.0418529817246,-0.277906939318,-0.112003583495,0.00690589452346,0,0,-0.0138117890469,-0.00863236815432,0,0.00690589452346,0,0,-0.0138117890469,-0.00863236815432,0,0,0,0,0,0,-0.849659210856,0.114761283501,-0.12300521504,-1.05842764255,0.00250730096251,0.241621021227,-0.796576168984,-0.812176758311,-0.172100601523,1.14402215923,-0.380392709487,0.127701023997,0.653931558295,0.243226102451,-0.0125518222222,0,0,0.0251036444446,0.0156897777778,0,-0.0125518222222,0,0,0.0251036444446,0.0156897777778,0
399,FRAME,NONE,394,394,3.9399999999999999,RECOVERY,1.1000000000000014,0,0,0,0,0,0.111776501737,0.134058587685,-0.0153922314017,0.791608909793,0.00591050610067,-0.060197987254,-0.125394967212,0.194157375633,-0.131311060141,0.173283173639,0.765000291426,0.00962937623515,0.0654749071135,0.0298126777294,-0.13303219461,0.0356,-0.0348,0.250664389219,-0.117984756738,-0.0378,-0.13303219461,-0.0356,0.0348,0.250664389219,-0.117984756738,0.0378,0,0,0,0,0,0.602515504154,-0.0530246602983,0.0582705191533,0.203399184642,-0.0142133870931,0.0950465891592,0.437955746394,0.389997956871,0.0508772404104,-0.610835459842,0.14887845573,-0.0405885599373,-0.271361453741,-0.109578770376,0.0067801209679,0,0,-0.0135602419358,-0.00847515120988,0,0.0067801209679,0,0,-0.0135602419358,-0.00847515120988,0,0,0,0,0,0,-0.86217831184,0.114171782974,-0.123244327845,-1.04078561148,0.00321787530105,0.229934223244,-0.800380598719,-0.808939204268,-0.169083640149,1.14816048486,-0.382306950793,0.125181912124,0.6548531964,0.241715576782,-0.0126006222222,0,0,0.0252012444443,0.0157507777778,0,-0.0126006222222,0,0,0.0252012444443,0.0157507777778,0
400,FRAME,NONE,395,395,3.9500000000000002,RECOVERY,1.1000000000000014,0,0,0,0,0,0.11775854557,0.13353404961,-0.0148156893358,0.793590854992,0.00576853300769,-0.0592360225858,-0.121055432486,0.198016908462,-0.130810743215,0.167232232596,0.766469953327,0.0092297497641,0.0627940429677,0.0287289763067,-0.132965023488,0.0356,-0.0348,0.250530046976,-0.11806872064,-0.0378,-0.132965023488,-0.0356,0.0348,0.250530046976,-0.11806872064,0.0378,0,0,0,0,0,0.593831553913,-0.0518858770876,0.057037063123,0.193081054716,-0.0141776302692,0.0972870617511,0.429933654196,0.381924705268,0.0492017630007,-0.599334260144,0.145047286921,-0.0393493434821,-0.26480987539,-0.107169271959,0.00665388207901,0,0,-0.013307764158,-0.00831735259876,0,0.00665388207901,0,0,-0.013307764158,-0.00831735259876,0,0,0,0,0,0,-0.874513912919,0.113587130316,-0.123410721328,-1.0225544287,0.00393771228048,0.21808226737,-0.803888369203,-0.805718494531,-0.165960264864,1.15184915573,-0.383637276657,0.122653047424,0.655156817748,0.240168066569,-0.0126448592593,0,0,0.0252897185186,0.0158060740741,0,-0.0126448592593,0,0,0.0252897185186,0.0158060740741,0
401,FRAME,NONE,396,396,3.96,RECOVERY,1.1000000000000014,0,0,0,0,0,0.123653132816,0.133020870143,-0.0142514901393,0.795470530887,0.00562695349528,-0.058252246019,-0.116796294128,0.201795869738,-0.130327024881,0.161296488436,0.767901237164,0.00884238936551,0.0601787096057,0.0276692922902,-0.132899116968,0.0356,-0.0348,0.250398233936,-0.11815110379,-0.0378,-0.132899116968,-0.0356,0.0348,0.250398233936,-0.11815110379,0.0378,0,0,0,0,0,0.585025225896,-0.050752917692,0.0558023047267,0.182948096068,-0.0141346328475,0.0994082345066,0.42187797901,0.373883586981,0.0475580351131,-0.587798476727,0.141205710197,-0.0381354989888,-0.258258317386,-0.104775409045,0.00652722378272,0,0,-0.0130544475654,-0.00815902972839,0,0.00652722378272,0,0,-0.0130544475654,-0.00815902972839,0,0,0,0,0,0,-0.886641596241,0.11300664913,-0.123505239196,-1.00376888602,0.00466517400973,0.206083499649,-0.807094921559,-0.802509302301,-0.16273350251,1.15505731119,-0.384394687221,0.120091633964,0.654856687482,0.238597351086,-0.012684474074,0,0,0.025368948148,0.0158555925926,0,-0.012684474074,0,0,0.025368948148,0.0158555925926,0
402,FRAME,NONE,397,397,3.9700000000000002,RECOVERY,1.1000000000000014,0,0,0,0,0,0.129459050088,0.132518991256,-0.0136996432413,0.797249816913,0.00548584035074,-0.0572478578957,-0.112617872906,0.205494580201,-0.129859582513,0.155476263061,0.769294067531,0.00846703978432,0.05762887662,0.0266334681258,-0.132834479012,0.0356,-0.0348,0.250268958025,-0.118231901235,-0.0378,-0.132834479012,-0.0356,0.0348,0.250268958025,-0.118231901235,0.0378,0,0,0,0,0,0.576098721988,-0.049625744105,0.0545669583391,0.173005676995,-0.014084326789,0.101408731744,0.413791755765,0.365874519222,0.0459470929505,-0.576233113921,0.137359393176,-0.0369475108029,-0.25171274164,-0.102397324938,0.00640019259753,0,0,-0.0128003851951,-0.00800024074691,0,0.00640019259753,0,0,-0.0128003851951,-0.00800024074691,0,0,0,0,0,0,-0.898536730188,0.112429534791,-0.123528787053,-0.984464236561,0.00539861840661,0.193956507181,-0.809995713812,-0.799306269004,-0.159411422054,1.1577685548,-0.384591085431,0.1174889959,0.65396745159,0.237010593543,-0.0127194074073,0,0,0.0254388148148,0.0158992592592,0,-0.0127194074073,0,0,0.0254388148148,0.0158992592592,0
403,FRAME,NONE,398,398,3.98,RECOVERY,1.1000000000000014,0,0,0,0,0,0.135175107255,0.132028355261,-0.0131601509725,0.798930644427,0.0053452669595,-0.0562240713841,-0.108520459013,0.209113360123,-0.129408083022,0.149771826158,0.770648425028,0.00810343914945,0.0551444547729,0.0256213457915,-0.132771113116,0.0356,-0.0348,0.250142226232,-0.118311108605,-0.0378,-0.132771113116,-0.0356,0.0348,0.250142226232,-0.118311108605,0.0378,0,0,0,0,0,0.567054491292,-0.0485043269961,0.0533317289856,0.163258811336,-0.0140266604794,0.10328736465,0.405678064733,0.357897461601,0.044369806672,-0.564643105631,0.133513888488,-0.0357857190708,-0.245178968355,-0.100035197174,0.00627283563457,0,0,-0.0125456712691,-0.00784104454321,0,0.00627283563457,0,0,-0.0125456712691,-0.00784104454321,0,0,0,0,0,0,-0.910174537143,0.111854859384,-0.123482325874,-0.964676043587,0.00613640609828,0.18172003484,-0.812586219912,-0.796107520068,-0.15602803409,1.16003746952,-0.38423597516,0.114906296843,0.652501514447,0.235383145201,-0.0127496000001,0,0,0.0254992000001,0.015937,0,-0.0127496000001,0,0,0.0254992000001,0.015937,0
404,FRAME,NONE,399,399,3.9900000000000002,RECOVERY,1.1000000000000014,0,0,0,0,0,0.140800139914,0.131548904716,-0.0126330086616,0.80051499314,0.00520530714115,-0.0551821106027,-0.104504311611,0.212652529433,-0.128972186379,0.144183400949,0.771964345301,0.00775132540291,0.0527252972529,0.0246327641823,-0.1327090223,0.0356,-0.0348,0.250018044599,-0.118388722125,-0.0378,-0.1327090223,-0.0356,0.0348,0.250018044599,-0.118388722125,0.0378,0,0,0,0,0,0.557895231246,-0.0473886469173,0.0520973118216,0.153712156124,-0.0139615986671,0.105043132441,0.397540031367,0.34995236882,0.0428265322687,-0.55303236453,0.129674673673,-0.034649384866,-0.238662711351,-0.0976896620335,0.00614520059753,0,0,-0.0122904011951,-0.00768150074691,0,0.00614520059753,0,0,-0.0122904011951,-0.00768150074691,0,0,0,0,0,0,-0.921530160844,0.111281577113,-0.123366865337,-0.944440030514,0.00687690711188,0.169392902569,-0.814861928978,-0.792916467572,-0.152656867369,1.16202649728,-0.383333925514,0.112510700983,0.650466979298,0.233642292173,-0.0127749925927,0,0,0.0255499851852,0.0159687407408,0,-0.0127749925927,0,0,0.0255499851852,0.0159687407408,0
405,FRAME,NONE,400,400,4,RECOVERY,1.1000000000000014,0,0,0,0,0,0.14633301188,0.131080582323,-0.0121182047361,0.802004887549,0.00506603498616,-0.0541232087353,-0.100569658385,0.216112407499,-0.128551552377,0.138711178867,0.773241918501,0.00741045145213,0.0503712005458,0.0236675525508,-0.132648209104,0.0356,-0.0348,0.249896418208,-0.11846473862,-0.0378,-0.132648209104,-0.0356,0.0348,0.249896418208,-0.11846473862,0.0378,0,0,0,0,0,0.548623888075,-0.0462786954539,0.0508643916789,0.144370010726,-0.0138891223371,0.106675222702,0.389380826154,0.342039132249,0.0413166693246,-0.541402575685,0.125847209978,-0.0335355050511,-0.232169628769,-0.0953623513307,0.00601733578272,0,0,-0.0120346715654,-0.00752166972839,0,0.00601733578272,0,0,-0.0120346715654,-0.00752166972839,0,0,0,0,0,0,-0.932578732523,0.110708530064,-0.123183457082,-0.923791933585,0.0076185073076,0.156993924154,-0.816818344596,-0.789738715036,-0.149392578674,1.16395635664,-0.381887280061,0.110526481454,0.64786981206,0.231689351572,-0.0127955259258,0,0,0.0255910518518,0.0159944074074,0,-0.0127955259258,0,0,0.0255910518518,0.0159944074074,0
406,FRAME,NONE,401,401,4.0099999999999998,RECOVERY,1.1000000000000014,0,0,0,0,0,0.151772617676,0.130623330807,-0.011615720828,0.803402393355,0.00492752469441,-0.0530486061486,-0.0967166950884,0.219493312078,-0.128145852993,0.133355349435,0.7744812895,0.00708061530188,0.0480819046775,0.0227255171557,-0.132588675584,0.0356,-0.0348,0.249777351168,-0.11853915552,-0.0378,-0.132588675584,-0.0356,0.0348,0.249777351168,-0.11853915552,0.0378,0,0,0,0,0,0.539243656595,-0.0451744763161,0.04963364268,0.135236317452,-0.0138092285209,0.108183010924,0.381203664475,0.33415759452,0.0398386806952,-0.529753237397,0.122036928072,-0.0324388552369,-0.22570531511,-0.0930558750021,0.00588929007901,0,0,-0.011778580158,-0.00736161259877,0,0.00588929007901,0,0,-0.011778580158,-0.00736161259877,0,0,0,0,0,0,-0.943295435482,0.110134454295,-0.12293318793,-0.902767357998,0.00835961450537,0.144541827947,-0.818450984221,-0.786566090742,-0.146252900229,1.16584166686,-0.379911580662,0.108974382195,0.644726156829,0.229517449104,-0.0128111407407,0,0,0.0256222814813,0.0160139259258,0,-0.0128111407407,0,0,0.0256222814813,0.0160139259258,0
407,FRAME,NONE,402,402,4.0199999999999996,RECOVERY,1.1000000000000014,0,0,0,0,0,0.157117885012,0.130177092796,-0.0111255318825,0.804709613898,0.00478985041574,-0.0519595485168,-0.092945585096,0.222795559389,-0.127754778763,0.128116114119,0.775682657063,0.00676167434739,0.0458570942437,0.0218064350508,-0.132530423302,0.0356,-0.0348,0.249660846605,-0.118611970872,-0.0378,-0.132530423302,-0.0356,0.0348,0.249660846605,-0.118611970872,0.0378,0,0,0,0,0,0.529757979366,-0.044076006368,0.0484057279203,0.126314663566,-0.013721930047,0.109566059261,0.373011806469,0.326307810434,0.0383916113201,-0.518085742348,0.118248978365,-0.0313560174072,-0.219275105632,-0.0907720023486,0.0057611129679,0,0,-0.0115222259358,-0.00720139120988,0,0.0057611129679,0,0,-0.0115222259358,-0.00720139120988,0,0,0,0,0,0,-0.953655567618,0.109557986249,-0.122617173108,-0.881401638695,0.00909866425601,0.132055180308,-0.819755378652,-0.783355722854,-0.143050927007,1.16714700006,-0.377455493978,0.107332328548,0.641078194165,0.227364992732,-0.0128217777778,0,0,0.0256435555556,0.0160272222223,0,-0.0128217777778,0,0,0.0256435555556,0.0160272222223,0
408,FRAME,NONE,403,403,4.0300000000000002,RECOVERY,1.1000000000000014,0,0,0,0,0,0.162367777263,0.12974181068,-0.0106476062696,0.805928686626,0.00465308609347,-0.0508572849634,-0.089256458959,0.226019468287,-0.127378020766,0.122993634588,0.776846269067,0.00645349495374,0.0436964025649,0.0209100771087,-0.132473453325,0.0356,-0.0348,0.249546906649,-0.118683183344,-0.0378,-0.132473453325,-0.0356,0.0348,0.249546906649,-0.118683183344,0.0378,0,0,0,0,0,0.520170545243,-0.0429833165911,0.0471812992178,0.117608284678,-0.0136272552358,0.11082411453,0.364808556902,0.318490480063,0.0369776621551,-0.506410297396,0.114487818192,-0.030292208666,-0.212883751226,-0.0885085751475,0.00563285452346,0,0,-0.0112657090469,-0.00704106815432,0,0.00563285452346,0,0,-0.0112657090469,-0.00704106815432,0,0,0,0,0,0,-0.963634601793,0.108977669389,-0.122236549521,-0.859729706141,0.00983412525744,0.119552311864,-0.820727071613,-0.780043478728,-0.139473419886,1.16699836381,-0.37458835113,0.104744018201,0.636984192702,0.225621445911,-0.0128273777777,0,0,0.0256547555556,0.0160342222223,0,-0.0128273777777,0,0,0.0256547555556,0.0160342222223,0
409,FRAME,NONE,404,404,4.04,RECOVERY,1.1000000000000014,0,0,0,0,0,0.167521295917,0.129317426464,-0.0101819058981,0.807061779592,0.00451730531103,-0.0497430662262,-0.0856494139579,0.229165368991,-0.12701522552,0.117987908171,0.777972413427,0.00615583017407,0.0415994192191,0.0200362635478,-0.132417766212,0.0356,-0.0348,0.249435532424,-0.118752792235,-0.0378,-0.132417766212,-0.0356,0.0348,0.249435532424,-0.118752792235,0.0378,0,0,0,0,0,0.51048528733,-0.0418964529802,0.0459609969299,0.109120069443,-0.0135252475419,0.111957105498,0.356597265037,0.31070694086,0.0356021429224,-0.494745775072,0.110757211342,-0.0292611370432,-0.206535421778,-0.0862595734304,0.00550456541235,0,0,-0.0110091308247,-0.00688070676543,0,0.00550456541235,0,0,-0.0110091308247,-0.00688070676543,0,0,0,0,0,0,-0.973208243579,0.10839196105,-0.121792469129,-0.837785958492,0.010564504367,0.107051247446,-0.8213616195,-0.776611916205,-0.135484599719,1.16527100713,-0.371337203313,0.101092427602,0.632468369688,0.224341602984,-0.0128278814816,0,0,0.025655762963,0.0160348518519,0,-0.0128278814816,0,0,0.025655762963,0.0160348518519,0
410,FRAME,NONE,405,405,4.0499999999999998,RECOVERY,1.1000000000000014,0,0,0,0,0,0.17257748301,0.12890388162,-0.00972838633097,0.808111088015,0.00438258114263,-0.0486181428535,-0.0821245136583,0.232233607104,-0.126665977908,0.113098719087,0.779061413294,0.00586827221288,0.0395656941293,0.0191848856401,-0.132363362016,0.0356,-0.0348,0.249326724033,-0.11882079748,-0.0378,-0.132363362016,-0.0356,0.0348,0.249326724033,-0.11882079748,0.0378,0,0,0,0,0,0.500706380371,-0.0408154773701,0.0447454498353,0.100852565508,-0.0134159651485,0.112965139479,0.348381324512,0.302958241739,0.0342679701607,-0.483104877253,0.107061074126,-0.0282703601139,-0.200234383833,-0.0840217430878,0.00537629689383,0,0,-0.0107525937877,-0.00672037111728,0,0.00537629689383,0,0,-0.0107525937877,-0.00672037111728,0,0,0,0,0,0,-0.982352485817,0.107799239426,-0.121286092461,-0.81560414088,0.0112883511762,0.0945696401963,-0.821654591093,-0.773121039036,-0.131505237741,1.16307044972,-0.367659389619,0.097475236694,0.627498731696,0.223030046098,-0.0128232296297,0,0,0.0256464592593,0.0160290370371,0,-0.0128232296297,0,0,0.0256464592593,0.0160290370371,0
411,FRAME,NONE,406,406,4.0599999999999996,RECOVERY,1.1000000000000014,0,0,0,0,0,0.177535423524,0.128501116917,-0.0092869969014,0.809078830902,0.00424898600806,-0.0474837634366,-0.0786817874677,0.235224533825,-0.126329866117,0.108325810626,0.780113634909,0.00559042297179,0.0375947315425,0.0183558286861,-0.132310240274,0.0356,-0.0348,0.249220480548,-0.118887199657,-0.0378,-0.132310240274,-0.0356,0.0348,0.249220480548,-0.118887199657,0.0378,0,0,0,0,0,0.490838237614,-0.0397404681917,0.0435352750807,0.0928079866257,-0.0132994805183,0.113848498302,0.340164173215,0.295244520079,0.0329720381675,-0.471484366078,0.10340402355,-0.0273116323093,-0.193985447144,-0.0817989725085,0.00524810081975,0,0,-0.0104962016395,-0.00656012602469,0,0.00524810081975,0,0,-0.0104962016395,-0.00656012602469,0,0,0,0,0,0,-0.991043660182,0.107197810698,-0.120718582311,-0.793217232071,0.0120042621458,0.0821247098797,-0.821601567475,-0.769601938621,-0.127780747788,1.16102975413,-0.363542121428,0.0945248110783,0.622065727173,0.221401276612,-0.0128133629629,0,0,0.0256267259258,0.0160167037036,0,-0.0128133629629,0,0,0.0256267259258,0.0160167037036,0
412,FRAME,NONE,407,407,4.0700000000000003,RECOVERY,1.1000000000000014,0,0,0,0,0,0.182394247762,0.128109072256,-0.00885768082936,0.809967247747,0.00411659153226,-0.0463411728874,-0.075321230194,0.238138497506,-0.126006537145,0.103669031765,0.781129493765,0.00532203956669,0.0356859851864,0.0175489061899,-0.1322584,0.0356,-0.0348,0.2491168,-0.118952,-0.0378,-0.1322584,-0.0356,0.0348,0.2491168,-0.118952,0.0378,0,0,0,0,0,0.480885507168,-0.0386715211561,0.0423310781891,0.0849882208667,-0.0131758799055,0.114607633677,0.331949293163,0.287566202966,0.0317123552049,-0.459884282171,0.0997902316976,-0.0263798638924,-0.187793069289,-0.0795937175555,0.00512002963457,0,0,-0.0102400592691,-0.00640003704321,0,0.00512002963457,0,0,-0.0102400592691,-0.00640003704321,0,0,0,0,0,0,-0.999258485345,0.10658591623,-0.120091097619,-0.770657339104,0.0127108842869,0.0697331858685,-0.821198142,-0.766004426238,-0.124104809559,1.15856849223,-0.359045803058,0.0916740646272,0.616217209742,0.219713245566,-0.0127982222223,0,0,0.0255964444446,0.0159977777779,0,-0.0127982222223,0,0,0.0255964444446,0.0159977777779,0
413,FRAME,NONE,408,408,4.0800000000000001,RECOVERY,1.1000000000000014,0,0,0,0,0,0.187153133668,0.127727686494,-0.00844037533761,0.810778595319,0.00398546840995,-0.0451916107631,-0.0720428016044,0.240975857885,-0.125695619012,0.0991281249827,0.782109439543,0.00506282569394,0.0338388701567,0.016763954335,-0.132207839681,0.0356,-0.0348,0.249015679363,-0.119015200398,-0.0378,-0.132207839681,-0.0356,0.0348,0.249015679363,-0.119015200398,0.0378,0,0,0,0,0,0.470853067907,-0.0376087498671,0.0411334531283,0.0773948398436,-0.0130452628326,0.115243162019,0.323740210375,0.279924431554,0.0304899419763,-0.448312996233,0.0962231074886,-0.0254781510168,-0.181661102949,-0.0774047075971,0.00499213637531,0,0,-0.00998427275061,-0.00624017046913,0,0.00499213637531,0,0,-0.00998427275061,-0.00624017046913,0,0,0,0,0,0,-1.00697411148,0.105961739741,-0.11940478761,-0.747955600331,0.0134069183937,0.0574112549937,-0.82043992026,-0.762307409433,-0.12049348513,1.15571083542,-0.35419465907,0.0889484401182,0.60997368162,0.217956995289,-0.0127777481482,0,0,0.0255554962964,0.0159721851852,0,-0.0127777481482,0,0,0.0255554962964,0.0159721851852,0
414,FRAME,NONE,409,409,4.0899999999999999,RECOVERY,1.1000000000000014,0,0,0,0,0,0.19181130912,0.127356897259,-0.00803501176679,0.811515144544,0.00385568627561,-0.044036309647,-0.0688464259864,0.243736986137,-0.125396738305,0.0947027718405,0.783053955915,0.00481247654636,0.0320527631274,0.016000812038,-0.132158557272,0.0356,-0.0348,0.248917114545,-0.119076803409,-0.0378,-0.132158557272,-0.0356,0.0348,0.248917114545,-0.119076803409,0.0378,0,0,0,0,0,0.460746024938,-0.0365522863613,0.0399429824368,0.0700291088601,-0.0129077415377,0.115755858777,0.315540494757,0.272320054778,0.0293024855023,-0.436770065462,0.0927063385162,-0.02460089509,-0.175593595657,-0.0752345776497,0.00486447467161,0,0,-0.00972894934321,-0.00608059333951,0,0.00486447467161,0,0,-0.00972894934321,-0.00608059333951,0,0,0,0,0,0,-1.01416816108,0.105323414521,-0.118660786205,-0.725142097598,0.0140911217847,0.0451745146795,-0.819322520217,-0.758536066622,-0.117211029712,1.15315128767,-0.348962762167,0.0870347012383,0.603319050883,0.215823367056,-0.0127518814813,0,0,0.0255037629626,0.0159398518516,0,-0.0127518814813,0,0,0.0255037629626,0.0159398518516,0
415,FRAME,NONE,410,410,4.0999999999999996,RECOVERY,1.1000000000000014,0,0,0,0,0,0.196368054167,0.126996640767,-0.00764151568888,0.812179177497,0.00372731357919,-0.0428764935876,-0.0657319917093,0.24642225898,-0.125109569302,0.0903927236734,0.783963566313,0.00457080779214,0.0303269982435,0.015259262782,-0.132110550188,0.0356,-0.0348,0.248821100376,-0.119136812265,-0.0378,-0.132110550188,-0.0356,0.0348,0.248821100376,-0.119136812265,0.0378,0,0,0,0,0,0.450569704685,-0.0355022815767,0.0387602374042,0.0628919978917,-0.0127634403969,0.116146652313,0.307353759971,0.264753710222,0.0281457213821,-0.42524997048,0.0892438522453,-0.023737456992,-0.169594721932,-0.073088240256,0.00473709874568,0,0,-0.00947419749136,-0.0059213734321,0,0.00473709874568,0,0,-0.00947419749136,-0.0059213734321,0,0,0,0,0,0,-1.02081876615,0.104669030564,-0.117860206693,-0.702245776844,0.0147623106036,0.033037930987,-0.817841572393,-0.754681878111,-0.114231556414,1.15080137986,-0.343354063151,0.0858506906135,0.596262986872,0.213348945346,-0.012720562963,0,0,0.0254411259258,0.0159007037037,0,-0.012720562963,0,0,0.0254411259258,0.0159007037037,0
416,FRAME,NONE,411,411,4.1100000000000003,RECOVERY,1.1000000000000014,0,0,0,0,0,0.200822703214,0.126646851627,-0.00725980701871,0.812772984502,0.00360041746767,-0.0417133766008,-0.062699350787,0.249032060341,-0.124833823877,0.0861977724309,0.78483883296,0.00433772740652,0.0286608686888,0.0145390472329,-0.132063815298,0.0356,-0.0348,0.248727630595,-0.119195230878,-0.0378,-0.132063815298,-0.0356,0.0348,0.248727630595,-0.119195230878,0.0378,0,0,0,0,0,0.440329649615,-0.03445890575,0.037585778303,0.0559841933232,-0.0126124953256,0.116416617396,0.29918366331,0.257226417215,0.027017854374,-0.413754037865,0.0858392572532,-0.0228838812777,-0.163668335919,-0.0709675987428,0.00461006341235,0,0,-0.00922012682469,-0.00576257926543,0,0.00461006341235,0,0,-0.00922012682469,-0.00576257926543,0,0,0,0,0,0,-1.02690460158,0.10399664161,-0.117004136718,-0.679294377778,0.0154193616719,0.021015801944,-0.815992720036,-0.750697935466,-0.111288212639,1.14792306314,-0.337417280602,0.0846753392423,0.58884720432,0.210858973622,-0.0126837333334,0,0,0.025367466667,0.0158546666669,0,-0.0126837333334,0,0,0.025367466667,0.0158546666669,0
417,FRAME,NONE,412,412,4.1200000000000001,RECOVERY,1.1000000000000014,0,0,0,0,0,0.205174647159,0.126307462652,-0.00688980012282,0.813298861363,0.00347506367268,-0.0405481612397,-0.0597483184431,0.251566787325,-0.124569212215,0.0821176429161,0.785680351459,0.00411313016659,0.0270536315252,0.0138399108071,-0.13201834892,0.0356,-0.0348,0.24863669784,-0.11925206385,-0.0378,-0.13201834892,-0.0356,0.0348,0.24863669784,-0.11925206385,0.0378,0,0,0,0,0,0.430031612653,-0.0334223487445,0.0364201546698,0.0493061103361,-0.0124550531635,0.116566968352,0.29103390557,0.249739751513,0.0259199571293,-0.402291509217,0.0824955066332,-0.0220439502071,-0.157817777845,-0.0688710607836,0.00448342407901,0,0,-0.00896684815802,-0.00560428009876,0,0.00448342407901,0,0,-0.00896684815802,-0.00560428009876,0,0,0,0,0,0,-1.03240491459,0.103304272058,-0.116093633595,-0.656314372846,0.0160612138789,0.00912172624476,-0.813771619367,-0.746535469881,-0.108214107747,1.14404840413,-0.33122533926,0.0830529811613,0.581123617554,0.208560117522,-0.0126413333333,0,0,0.0252826666668,0.0158016666667,0,-0.0126413333333,0,0,0.0252826666668,0.0158016666667,0
418,FRAME,NONE,413,413,4.1299999999999999,RECOVERY,1.1000000000000014,0,0,0,0,0,0.209423335467,0.125978404652,-0.00653140392531,0.813759106709,0.0033513164044,-0.0393820372337,-0.0568786726756,0.254026855371,-0.124315424735,0.0781519422465,0.786488743093,0.00389684840237,0.0255045131319,0.0131616260172,-0.131974146816,0.0356,-0.0348,0.248548293632,-0.11930731648,-0.0378,-0.131974146816,-0.0356,0.0348,0.248548293632,-0.11930731648,0.0378,0,0,0,0,0,0.419681551323,-0.0323928203088,0.0352639056311,0.0428579058663,-0.012291271048,0.116599051921,0.282908230922,0.242295707818,0.0248535722191,-0.390873069783,0.079214750468,-0.0212228216545,-0.152045863568,-0.0667963963924,0.00435723674568,0,0,-0.00871447349136,-0.0054465459321,0,0.00435723674568,0,0,-0.00871447349136,-0.0054465459321,0,0,0,0,0,0,-1.03729955071,0.102589923722,-0.115129719939,-0.633330914543,0.01668686918,-0.00263142321532,-0.811173939901,-0.742165235998,-0.105040375631,1.13924485979,-0.324843753528,0.0810543696824,0.573133822334,0.20642181395,-0.0125933037036,0,0,0.0251866074072,0.0157416296295,0,-0.0125933037036,0,0,0.0251866074072,0.0157416296295,0
419,FRAME,NONE,414,414,4.1399999999999997,RECOVERY,1.1000000000000014,0,0,0,0,0,0.213568278185,0.125659606245,-0.0061845220102,0.81415601948,0.00322923825172,-0.0382161802012,-0.0540901538246,0.256412701481,-0.124072140771,0.0743001815205,0.787264646468,0.0036886737335,0.0240127142538,0.0125039828793,-0.131931204185,0.0356,-0.0348,0.24846240837,-0.119360994769,-0.0378,-0.131931204185,-0.0356,0.0348,0.24846240837,-0.119360994769,0.0378,0,0,0,0,0,0.409285621639,-0.03137055027,0.034117560271,0.0366394920452,-0.0121213157799,0.116514339887,0.274810426772,0.234896446793,0.0238191496167,-0.379506612021,0.0759986315627,-0.0204228628135,-0.146355101398,-0.0647426245046,0.00423155800494,0,0,-0.00846311600988,-0.00528944750617,0,0.00423155800494,0,0,-0.00846311600988,-0.00528944750617,0,0,0,0,0,0,-1.04156897599,0.101851582416,-0.114113379639,-0.610367791911,0.0172953931635,-0.0142315204499,-0.808195364795,-0.737581547187,-0.101870341031,1.13377753502,-0.31829581528,0.0789447055805,0.564892773402,0.204324404734,-0.0125395851852,0,0,0.0250791703704,0.0156744814814,0,-0.0125395851852,0,0,0.0250791703704,0.0156744814814,0
420,FRAME,NONE,415,415,4.1500000000000004,RECOVERY,1.1000000000000014,0,0,0,0,0,0.2176090479,0.125350993647,-0.00584905271989,0.81449189655,0.0031088900888,-0.037051750436,-0.0513824641402,0.258724784307,-0.123839041743,0.0705618100061,0.788008715724,0.0034883911461,0.0225774111039,0.0118667735271,-0.131889515656,0.0356,-0.0348,0.248379031312,-0.11941310543,-0.0378,-0.131889515656,-0.0356,0.0348,0.248379031312,-0.11941310543,0.0378,0,0,0,0,0,0.398850171803,-0.0303557886605,0.0329816380383,0.030650550028,-0.0119453631848,0.116314421512,0.266744323626,0.227544076874,0.0228161653985,-0.368197519082,0.0728488341624,-0.0196439275429,-0.1407480081,-0.0627099082977,0.00410644504198,0,0,-0.00821289008395,-0.00513305630247,0,0.00410644504198,0,0,-0.00821289008395,-0.00513305630247,0,0,0,0,0,0,-1.04519429543,0.10108722431,-0.113045554163,-0.587447395348,0.0178859152326,-0.0256672026912,-0.804831591135,-0.732789730162,-0.0987690515821,1.12781117541,-0.311570221289,0.0768904888552,0.556396266058,0.202191320202,-0.0124801185186,0,0,0.0249602370372,0.0156001481482,0,-0.0124801185186,0,0,0.0249602370372,0.0156001481482,0
421,FRAME,NONE,416,416,4.1600000000000001,RECOVERY,1.1000000000000014,0,0,0,0,0,0.221545281621,0.125052490472,-0.00552488924943,0.814769030481,0.00299033098803,-0.035889891771,-0.0487552673521,0.260963583018,-0.123615817463,0.0669362311388,0.788721623151,0.00329579518264,0.0211977540918,0.0112497847133,-0.131849075284,0.0356,-0.0348,0.248298150568,-0.119463655895,-0.0378,-0.131849075284,-0.0356,0.0348,0.248298150568,-0.119463655895,0.0378,0,0,0,0,0,0.388381735731,-0.0293488057838,0.0318566491878,0.0248905441383,-0.0117635974752,0.116000995833,0.258713794949,0.220240652189,0.0218437685851,-0.356950388513,0.0697672271369,-0.0188850530364,-0.135227176077,-0.0606987981005,0.00398195563457,0,0,-0.00796391126913,-0.00497744454321,0,0.00398195563457,0,0,-0.00796391126913,-0.00497744454321,0,0,0,0,0,0,-1.04815726846,0.100294822046,-0.111927139199,-0.564590689044,0.0184576284572,-0.0369278822748,-0.801078330311,-0.727788546014,-0.0957499931488,1.12137274228,-0.3046601674,0.074922461738,0.547643855095,0.20000705907,-0.0124148444444,0,0,0.0248296888888,0.0155185555555,0,-0.0124148444444,0,0,0.0248296888888,0.0155185555555,0
422,FRAME,NONE,417,417,4.1699999999999999,RECOVERY,1.1000000000000014,0,0,0,0,0,0.225376682614,0.124764017531,-0.00521191973613,0.814989707433,0.0028736181393,-0.0347317305193,-0.0462081882412,0.263129597351,-0.123402166371,0.0634228022359,0.789404060267,0.00311069008537,0.0198728675824,0.0106527975651,-0.131809876543,0.0356,-0.0348,0.248219753086,-0.119512654321,-0.0378,-0.131809876543,-0.0356,0.0348,0.248219753086,-0.119512654321,0.0378,0,0,0,0,0,0.377887026434,-0.0283498922196,0.0307430952543,0.0193587362471,-0.0115762106156,0.115575863867,0.25072275702,0.212988305954,0.0209011655355,-0.345770064237,0.0667556308144,-0.0181454783081,-0.129795130998,-0.0587097671163,0.00385814815309,0,0,-0.00771629630617,-0.00482268519136,0,0.00385814815309,0,0,-0.00771629630617,-0.00482268519136,0,0,0,0,0,0,-1.05044032094,0.0994723506134,-0.110758981644,-0.541817191619,0.0190097890743,-0.0480037538054,-0.796931308449,-0.722565305292,-0.0928070379889,1.11443675063,-0.297581436821,0.073019436443,0.538648405109,0.19778006438,-0.0123437037038,0,0,0.0246874074074,0.0154296296296,0,-0.0123437037038,0,0,0.0246874074074,0.0154296296296,0
423,FRAME,NONE,418,418,4.1799999999999997,RECOVERY,1.1000000000000014,0,0,0,0,0,0.22910302215,0.124485492628,-0.00491002734434,0.815156205206,0.00275880677571,-0.0335783744937,-0.0437408122117,0.265223349137,-0.123197794152,0.0600208298541,0.790056735767,0.00293288561648,0.0186018514718,0.010075589371,-0.131771912321,0.0356,-0.0348,0.248143824642,-0.119560109599,-0.0378,-0.131771912321,-0.0356,0.0348,0.248143824642,-0.119560109599,0.0378,0,0,0,0,0,0.367372929312,-0.0273593587716,0.0296414695549,0.0140542003059,-0.0113834016937,0.115040920757,0.242775168781,0.205789346084,0.0199876278253,-0.3346616535,0.0638155984005,-0.0174246643075,-0.124454207975,-0.0567431968129,0.00373508156049,0,0,-0.00747016312099,-0.00466885195062,0,0.00373508156049,0,0,-0.00747016312099,-0.00466885195062,0,0,0,0,0,0,-1.05202655389,0.098617792935,-0.109541876906,-0.519144963966,0.0195417156825,-0.0588857971255,-0.792386266701,-0.717101565161,-0.0899360145311,1.10698365035,-0.290363479764,0.0711658411406,0.529430315382,0.19551652144,-0.0122666370371,0,0,0.0245332740743,0.0153332962964,0,-0.0122666370371,0,0,0.0245332740743,0.0153332962964,0
424,FRAME,NONE,419,419,4.1900000000000004,RECOVERY,1.1000000000000014,0,0,0,0,0,0.2327241412,0.124216830356,-0.00461909034503,0.815270791439,0.00264595010543,-0.0324309121042,-0.0413526848656,0.267245384273,-0.123002413814,0.0567295691659,0.790680372235,0.00276219679922,0.0173837834229,0.00951793362884,-0.131735174912,0.0356,-0.0348,0.248070349824,-0.11960603136,-0.0378,-0.131735174912,-0.0356,0.0348,0.248070349824,-0.11960603136,0.0378,0,0,0,0,0,0.356846495356,-0.0263775363609,0.0285522577162,0.00897583696783,-0.011185376302,0.114398147924,0.234875031686,0.19864627465,0.0191024452449,-0.323630391229,0.0609483612191,-0.0167221614853,-0.119206524691,-0.0547994366875,0.00361281541234,0,0,-0.00722563082469,-0.00451601926543,0,0.00361281541234,0,0,-0.00722563082469,-0.00451601926543,0,0,0,0,0,0,-1.05289974971,0.0977291451857,-0.108276566534,-0.496590603689,0.0200527881682,-0.0695657765264,-0.787438961669,-0.711378756815,-0.0871335245737,1.09899700007,-0.283036457047,0.0693491493582,0.520009973999,0.19322106087,-0.0121835851851,0,0,0.0243671703704,0.0152294814814,0,-0.0121835851851,0,0,0.0243671703704,0.0152294814814,0
425,FRAME,NONE,420,420,4.2000000000000002,RECOVERY,1.1000000000000014,0,0,0,0,0,0.236239952057,0.123957941901,-0.00433898219002,0.815335721945,0.00253509924968,-0.0312904115352,-0.039043311578,0.26919627463,-0.122815745247,0.0535482220295,0.791275702992,0.00259844238677,0.016217720978,0.00897960063724,-0.131699656013,0.0356,-0.0348,0.247999312025,-0.119650429984,-0.0378,-0.131699656013,-0.0356,0.0348,0.247999312025,-0.119650429984,0.0378,0,0,0,0,0,0.346314934318,-0.0254047758678,0.0274759382242,0.00412238823214,-0.0109823459304,0.113649605227,0.227026389547,0.191561770947,0.0182449573338,-0.312681713499,0.0581548692595,-0.0160376813204,-0.114054008495,-0.0528787755955,0.00349140985679,0,0,-0.00698281971358,-0.00436426232099,0,0.00349140985679,0,0,-0.00698281971358,-0.00436426232099,0,0,0,0,0,0,-1.05304437555,0.0968044218035,-0.106963736159,-0.474169245898,0.0205424463901,-0.0800362363228,-0.782085165809,-0.705380502581,-0.0843963464779,1.09046208558,-0.275625538599,0.0675585289046,0.51040448444,0.190897200663,-0.0120944888887,0,0,0.0241889777775,0.0151181111109,0,-0.0120944888887,0,0,0.0241889777775,0.0151181111109,0
426,FRAME,NONE,421,421,4.21,RECOVERY,1.1000000000000014,0,0,0,0,0,0.239650439887,0.123708734839,-0.00406957158055,0.815353239203,0.00242630318682,-0.0301579199996,-0.0368121570746,0.271076619692,-0.122637514668,0.0504759348959,0.79184346962,0.00244144317282,0.015102703253,0.00846035811693,-0.131665346715,0.0356,-0.0348,0.24793069343,-0.119693316606,-0.0378,-0.131665346715,-0.0356,0.0348,0.24793069343,-0.119693316606,0.0378,0,0,0,0,0,0.335785607845,-0.0244414479248,0.026412982993,-0.000507547950129,-0.0107745273742,0.112797423198,0.21923332837,0.184538664599,0.0174145183153,-0.301821149518,0.0554358504471,-0.0153709909072,-0.108998435002,-0.0509814926742,0.00337092563457,0,0,-0.00674185126914,-0.00421365704321,0,0.00337092563457,0,0,-0.00674185126914,-0.00421365704321,0,0,0,0,0,0,-1.05244558418,0.0958416601864,-0.105604013728,-0.451894569838,0.0210101886403,-0.0902904930178,-0.776320667751,-0.699092418734,-0.0817240350262,1.08137290573,-0.268151362521,0.0657916227278,0.500627916855,0.188544348155,-0.0119992888888,0,0,0.0239985777776,0.0149991111111,0,-0.0119992888888,0,0,0.0239985777776,0.0149991111111,0
427,FRAME,NONE,422,422,4.2199999999999998,RECOVERY,1.1000000000000014,0,0,0,0,0,0.242955664214,0.123469112942,-0.00381072253016,0.815325570986,0.00231960870219,-0.0290344630712,-0.0346586450106,0.272887047922,-0.122467454881,0.0475117990391,0.792384420001,0.00229102256863,0.014037752278,0.00795997078375,-0.1316322375,0.0356,-0.0348,0.247864475,-0.119734703125,-0.0378,-0.1316322375,-0.0356,0.0348,0.247864475,-0.119734703125,0.0378,0,0,0,0,0,0.325266022634,-0.0234879426641,0.0253638579496,-0.00491550316462,-0.0105621421576,0.111843795366,0.211499976192,0.177579922573,0.0166104766333,-0.291054255384,0.0527918420091,-0.0147218488658,-0.104041450158,-0.0491078886324,0.00325142407901,0,0,-0.00650284815803,-0.00406428009877,0,0.00325142407901,0,0,-0.00650284815803,-0.00406428009877,0,0,0,0,0,0,-1.05108921274,0.0948389250799,-0.10419796803,-0.429778810591,0.0214555699308,-0.100322624628,-0.770141272671,-0.692501087944,-0.0791192484086,1.07173287747,-0.260632279921,0.0640551973439,0.490692629097,0.186157594144,-0.0118979259261,0,0,0.023795851852,0.0148724074075,0,-0.0118979259261,0,0,0.023795851852,0.0148724074075,0
428,FRAME,NONE,423,423,4.2300000000000004,RECOVERY,1.1000000000000014,0,0,0,0,0,0.246155760339,0.123238975985,-0.00356229442156,0.81525492914,0.00221506034367,-0.0279210440923,-0.0325821575508,0.274628218143,-0.122305305135,0.0446548497882,0.79289930646,0.0021470061955,0.0130218742498,0.00747820034428,-0.131600318233,0.0356,-0.0348,0.247800636467,-0.119774602208,-0.0378,-0.131600318233,-0.0356,0.0348,0.247800636467,-0.119774602208,0.0378,0,0,0,0,0,0.31476382359,-0.0225446694232,0.0243290236324,-0.00910312416196,-0.0103454159755,0.110790970705,0.203830502916,0.17068864284,0.0158321333472,-0.280386491969,0.0502232048487,-0.0140898869603,-0.09918458242,-0.0472583407914,0.00313296711605,0,0,-0.0062659342321,-0.00391620889506,0,0.00313296711605,0,0,-0.0062659342321,-0.00391620889506,0,0,0,0,0,0,-1.04896177947,0.0937943126368,-0.102746107484,-0.407832775344,0.0218782001283,-0.110127457441,-0.763542802633,-0.685593488768,-0.076587169728,1.06155316951,-0.253085675172,0.0623635058426,0.480610046166,0.183728491411,-0.0117903407408,0,0,0.0235806814816,0.014737925926,0,-0.0117903407408,0,0,0.0235806814816,0.014737925926,0
429,FRAME,NONE,424,424,4.2400000000000002,RECOVERY,1.1000000000000014,0,0,0,0,0,0.249250940686,0.123018219554,-0.00332414205751,0.815143508503,0.00211270038268,-0.0268186436571,-0.0305820349523,0.276300820779,-0.122150812214,0.0419040691998,0.793388884098,0.00200922482942,0.0120540606296,0.00701480396792,-0.131569578158,0.0356,-0.0348,0.247739156315,-0.119813027303,-0.0378,-0.131569578158,-0.0356,0.0348,0.247739156315,-0.119813027303,0.0378,0,0,0,0,0,0.304286787045,-0.0216120564114,0.0233089358,-0.0130721586715,-0.010124578155,0.109641246218,0.196229120139,0.163868052797,0.0150787332387,-0.269823191994,0.0477301285057,-0.013474578749,-0.0944292492347,-0.0454333188042,0.0030156172642,0,0,-0.00603123452839,-0.00376952158025,0,0.0030156172642,0,0,-0.00603123452839,-0.00376952158025,0,0,0,0,0,0,-1.04605047856,0.0927059541885,-0.101248879195,-0.386065864162,0.0222777419405,-0.119700550193,-0.756521096954,-0.678356464951,-0.0741301123917,1.05083797063,-0.245528791249,0.060723911751,0.470391193576,0.181251530175,-0.011676474074,0,0,0.0233529481481,0.0145955925925,0,-0.011676474074,0,0,0.0233529481481,0.0145955925925,0
430,FRAME,NONE,425,425,4.25,RECOVERY,1.1000000000000014,0,0,0,0,0,0.25224149608,0.122806734857,-0.00309611570556,0.814993485967,0.00201256878057,-0.025728219168,-0.028657575148,0.277905579199,-0.12200373047,0.0392583859483,0.79385390903,0.00187751462052,0.0111332892651,0.00656953396819,-0.131540005888,0.0356,-0.0348,0.247680011776,-0.11984999264,-0.0378,-0.131540005888,-0.0356,0.0348,0.247680011776,-0.11984999264,0.0378,0,0,0,0,0,0.293842814019,-0.0206905503395,0.0223040460485,-0.0168244414452,-0.00989986113673,0.108396959701,0.188700080977,0.157121513541,0.0143495310993,-0.259369732556,0.0453126290237,-0.0128754087253,-0.0897767585485,-0.0436333101879,0.00289943763457,0,0,-0.00579887526914,-0.00362429704321,0,0.00289943763457,0,0,-0.00579887526914,-0.00362429704321,0,0,0,0,0,0,-1.04234317355,0.0915720196735,-0.0997066682313,-0.364486093944,0.02265390882,-0.129038176487,-0.749072012522,-0.670776631013,-0.07174518238,1.03957805293,-0.237978762216,0.0591306183709,0.46004675712,0.1787269557,-0.0115562666667,0,0,0.0231125333333,0.0144453333334,0,-0.0115562666667,0,0,0.0231125333333,0.0144453333334,0
431,FRAME,NONE,426,426,4.2599999999999998,RECOVERY,1.1000000000000014,0,0,0,0,0,0.255127796966,0.122604408547,-0.00287806113654,0.814807019674,0.00191470315995,-0.0246507044631,-0.0268080333327,0.27944325105,-0.121863821592,0.0367166745487,0.794295136678,0.00175171665492,0.0102585254586,0.00614213776417,-0.131511589405,0.0356,-0.0348,0.24762317881,-0.119885513244,-0.0378,-0.131511589405,-0.0356,0.0348,0.24762317881,-0.119885513244,0.0378,0,0,0,0,0,0.283439923574,-0.0197806160179,0.0213148024353,-0.0203618805504,-0.00967149997859,0.107060482688,0.181247679889,0.150452520177,0.0136438295911,-0.249031630935,0.0429705532613,-0.0122919663815,-0.0852283140923,-0.0418587796902,0.00278449193086,0,0,-0.00556898386173,-0.00348061491358,0,0.00278449193086,0,0,-0.00556898386173,-0.00348061491358,0,0,0,0,0,0,-1.03782838955,0.0903907207311,-0.0981197971337,-0.343100124995,0.0230064628147,-0.138137305797,-0.741191424098,-0.662840809968,-0.0694279860344,1.02776077972,-0.230451951304,0.0575744516671,0.449586657335,0.176156366836,-0.0114296592593,0,0,0.0228593185186,0.0142870740742,0,-0.0114296592593,0,0,0.0228593185186,0.0142870740742,0
432,FRAME,NONE,427,427,4.2699999999999996,RECOVERY,1.1000000000000014,0,0,0,0,0,0.257910294552,0.122411122537,-0.00266981965685,0.814586248356,0.001819138781,-0.0235870095142,-0.0250326215502,0.280914629603,-0.121730853878,0.0342777533296,0.794713320095,0.00163167529289,0.00942872298328,0.00573235837439,-0.131484316049,0.0356,-0.0348,0.247568632099,-0.119919604938,-0.0378,-0.131484316049,-0.0356,0.0348,0.247568632099,-0.119919604938,0.0378,0,0,0,0,0,0.273086246228,-0.0188827359248,0.0203416501058,-0.0236864439451,-0.00943973188044,0.105634213585,0.173876252495,0.143864697342,0.0129609713786,-0.238814516962,0.0407035899977,-0.011723919692,-0.0807850254018,-0.0401101828512,0.00267084444938,0,0,-0.00534168889876,-0.00333855556173,0,0.00267084444938,0,0,-0.00534168889876,-0.00333855556173,0,0,0,0,0,0,-1.03249530403,0.0891603135025,-0.0964885256392,-0.321913290808,0.0233352123448,-0.146995582696,-0.732875224634,-0.654536371456,-0.0671759300963,1.01537902454,-0.222963464355,0.0560515739517,0.439019716862,0.173538803847,-0.0112965925926,0,0,0.0225931851853,0.0141207407408,0,-0.0112965925926,0,0,0.0225931851853,0.0141207407408,0
433,FRAME,NONE,428,428,4.2800000000000002,RECOVERY,1.1000000000000014,0,0,0,0,0,0.260589521891,0.122226753828,-0.00247122813442,0.814333290795,0.00172590852234,-0.0225380201914,-0.0233305082828,0.282320544997,-0.121604602164,0.0319403842094,0.795109208478,0.00151723826108,0.00864282495055,0.00533993410714,-0.131458172516,0.0356,-0.0348,0.247516345032,-0.119952284355,-0.0378,-0.131458172516,-0.0356,0.0348,0.247516345032,-0.119952284355,0.0378,0,0,0,0,0,0.262790017493,-0.0179974097479,0.0193850319226,-0.0268001463665,-0.0092047957317,0.104120571034,0.166590175396,0.137361792748,0.0123003109892,-0.228724050445,0.0385112839742,-0.0111709349025,-0.0764479197551,-0.0383880036133,0.00255856007901,0,0,-0.00511712015802,-0.00319820009876,0,0.00255856007901,0,0,-0.00511712015802,-0.00319820009876,0,0,0,0,0,0,-1.02633373682,0.0878791011248,-0.0948130505724,-0.300929629451,0.0236400099625,-0.155611305245,-0.724119325537,-0.645851168556,-0.0649872928593,1.00242858942,-0.215527236204,0.0545609735629,0.428353731969,0.170871882131,-0.0111570074075,0,0,0.0223140148148,0.0139462592593,0,-0.0111570074075,0,0,0.0223140148148,0.0139462592593,0
434,FRAME,NONE,429,429,4.29,RECOVERY,1.1000000000000014,0,0,0,0,0,0.263166094902,0.122051174342,-0.0022821190184,0.814050245428,0.00163504286636,-0.0215045980935,-0.0217008180423,0.283661865458,-0.121484847659,0.0297032723207,0.795483545775,0.00140825659484,0.00789976458818,0.00496459830212,-0.131433144848,0.0356,-0.0348,0.247466289696,-0.11998356894,-0.0378,-0.131433144848,-0.0356,0.0348,0.247466289696,-0.11998356894,0.0378,0,0,0,0,0,0.252559571492,-0.0171251539023,0.0184453890944,-0.0297050365341,-0.00896693168118,0.10252198748,0.159393865985,0.13094767397,0.0116612255214,-0.218765945173,0.0363930452736,-0.0106327002207,-0.0722179507624,-0.0366927452085,0.00244770430123,0,0,-0.00489540860247,-0.00305963037654,0,0.00244770430123,0,0,-0.00489540860247,-0.00305963037654,0,0,0,0,0,0,-1.01933413966,0.0865454359145,-0.0930935059234,-0.280151916109,0.0239207501275,-0.163983402862,-0.71491965701,-0.636773424495,-0.0628598856287,0.988904488699,-0.208156195503,0.0531008394163,0.417595591555,0.168153428926,-0.0110108444445,0,0,0.0220216888888,0.0137635555555,0,-0.0110108444445,0,0,0.0220216888888,0.0137635555555,0
435,FRAME,NONE,430,430,4.2999999999999998,RECOVERY,1.1000000000000014,0,0,0,0,0,0.265640713321,0.12188425075,-0.00210232035254,0.813739190065,0.00154656988871,-0.0204875804418,-0.0201426309631,0.284939498476,-0.121371377654,0.027565065306,0.795837069384,0.00130458425666,0.0071984659353,0.00460607920297,-0.13140921843,0.0356,-0.0348,0.24741843686,-0.120013476963,-0.0378,-0.13140921843,-0.0356,0.0348,0.24741843686,-0.120013476963,0.0378,0,0,0,0,0,0.2424033347,-0.0162665010296,0.0175231618041,-0.0324031846887,-0.00872638072915,0.100840902977,0.152291782256,0.124626324258,0.0110431132766,-0.208945960671,0.0343481600642,-0.0101089181142,-0.068096007924,-0.0350249350347,0.00233834319012,0,0,-0.00467668638025,-0.00292292898765,0,0.00233834319012,0,0,-0.00467668638025,-0.00292292898765,0,0,0,0,0,0,-1.01148758491,0.0851577212475,-0.091329963088,-0.259581696983,0.0241773669901,-0.172111413503,-0.705272168319,-0.627291733981,-0.0607911935123,0.974801291163,-0.200862241889,0.0516688953016,0.40675127654,0.165381338619,-0.0108580444445,0,0,0.021716088889,0.0135725555556,0,-0.0108580444445,0,0,0.021716088889,0.0135725555556,0
436,FRAME,NONE,431,431,4.3099999999999996,RECOVERY,1.1000000000000014,0,0,0,0,0,0.268014161596,0.121725844321,-0.00193165578232,0.813402181734,0.00146051525178,-0.019487780034,-0.0186549823972,0.286154391943,-0.121263985393,0.0255243531073,0.796170508976,0.00120607823256,0.0065378444297,0.00426409960143,-0.131386377984,0.0356,-0.0348,0.247372755968,-0.12004202752,-0.0378,-0.131386377984,-0.0356,0.0348,0.247372755968,-0.12004202752,0.0378,0,0,0,0,0,0.232329819794,-0.0154219994774,0.0166187898326,-0.0348966704738,-0.00848338434138,0.0990797592104,0.145288422618,0.118401839291,0.0104454016512,-0.19926991935,0.0323758004358,-0.00959932231469,-0.0640829252316,-0.0333851184362,0.00223054341234,0,0,-0.00446108682469,-0.00278817926543,0,0.00223054341234,0,0,-0.00446108682469,-0.00278817926543,0,0,0,0,0,0,-1.002785754,0.0837144131502,-0.0895224312273,-0.239219323523,0.0244098322223,-0.179995460732,-0.695172828016,-0.617395076741,-0.0587787828564,0.960114166601,-0.193656181652,0.0502634235372,0.395825833156,0.162553120173,-0.010698548148,0,0,0.0213970962962,0.0133731851851,0,-0.010698548148,0,0,0.0213970962962,0.0133731851851,0
437,FRAME,NONE,432,432,4.3200000000000003,RECOVERY,1.1000000000000014,0,0,0,0,0,0.270287309717,0.121575810761,-0.00176994455588,0.813041256655,0.00137690220189,-0.0185059852576,-0.0172368625108,0.287307535262,-0.121162469621,0.023579666919,0.796484585392,0.00111259781037,0.00591680743067,0.00393837683425,-0.131364607562,0.0356,-0.0348,0.247329215123,-0.120069240548,-0.0378,-0.131364607562,-0.0356,0.0348,0.247329215123,-0.120069240548,0.0378,0,0,0,0,0,0.22234761962,-0.0145922127666,0.0157327131795,-0.0371875711592,-0.0082381840847,0.0972409937621,0.138388325696,0.112278422723,0.0098675376195,-0.189743677339,0.0304750364311,-0.00910364964344,-0.0601794912609,-0.0317738726313,0.00212437222716,0,0,-0.00424874445432,-0.00265546528395,0,0.00212437222716,0,0,-0.00424874445432,-0.00265546528395,0,0,0,0,0,0,-0.993220925944,0.0822140216275,-0.0876708577736,-0.219063986766,0.0246181529071,-0.187636230961,-0.684617624312,-0.607072894227,-0.0568209916322,0.944840707596,-0.186547631453,0.0488850448528,0.38482330109,0.159665109577,-0.0105322962961,0,0,0.0210645925923,0.0131653703702,0,-0.0105322962961,0,0,0.0210645925923,0.0131653703702,0
438,FRAME,NONE,433,433,4.3300000000000001,RECOVERY,1.1000000000000014,0,0,0,0,0,0.272461113988,0.121434000066,-0.00161700151873,0.812658430311,0.00129575157008,-0.0175429601587,-0.0158872158833,0.288399960397,-0.121066634641,0.0217294795605,0.796780009705,0.00102400523969,0.00533425460448,0.0036286221488,-0.131343890539,0.0356,-0.0348,0.247287781079,-0.120095136826,-0.0378,-0.131343890539,-0.0356,0.0348,0.247287781079,-0.120095136826,0.0378,0,0,0,0,0,0.212465401275,-0.0137777190448,0.0148653726772,-0.0392779502091,-0.00799102128324,0.0953270345911,0.131596070132,0.106260381406,0.00930898181855,-0.180373105198,0.0286448478067,-0.00862162141764,-0.0563864592098,-0.0301918162446,0.00201989748642,0,0,-0.00403979497284,-0.00252487185803,0,0.00201989748642,0,0,-0.00403979497284,-0.00252487185803,0,0,0,0,0,0,-0.982785965634,0.0806551117037,-0.0857751290361,-0.199113751349,0.024802369501,-0.195034950978,-0.673602565338,-0.596314988755,-0.0549151399573,0.928976016388,-0.179545235778,0.0475319395206,0.373746860425,0.156714619986,-0.0103592296298,0,0,0.0207184592594,0.0129490370371,0,-0.0103592296298,0,0,0.0207184592594,0.0129490370371,0
439,FRAME,NONE,434,434,4.3399999999999999,RECOVERY,1.1000000000000014,0,0,0,0,0,0.274536617742,0.12130025638,-0.00147263710234,0.812255697651,0.00121708177622,-0.0165994445658,-0.0146049411081,0.28943274289,-0.120976289984,0.019972204815,0.797057482348,0.000940165382015,0.00478907824647,0.00333454050935,-0.131324209612,0.0356,-0.0348,0.247248419224,-0.120119737985,-0.0378,-0.131324209612,-0.0356,0.0348,0.247248419224,-0.120119737985,0.0378,0,0,0,0,0,0.202691900307,-0.0129791105325,0.0140172105988,-0.0411698461862,-0.00774213669468,0.0933402947426,0.124916274389,0.100352122948,0.00876923482036,-0.171164157011,0.0268841317156,-0.00815301085303,-0.0527045540524,-0.0286395802316,0.00191718763457,0,0,-0.00383437526913,-0.00239648454321,0,0.00191718763457,0,0,-0.00383437526913,-0.00239648454321,0,0,0,0,0,0,-0.971417566435,0.0791289028974,-0.0840999715488,-0.179504304931,0.024703349269,-0.202111212559,-0.662014217953,-0.585111498549,-0.0530574758415,0.912512492402,-0.172656684276,0.0461996433205,0.362598866778,0.153700039139,-0.010179288889,0,0,0.020358577778,0.0127241111113,0,-0.010179288889,0,0,0.020358577778,0.0127241111113,0
440,FRAME,NONE,435,435,4.3499999999999996,RECOVERY,1.1000000000000014,0,0,0,0,0,0.276514951994,0.121174417855,-0.00133665730675,0.811835033388,0.00114090883619,-0.0156761542639,-0.0133888903955,0.290407002856,-0.120891249944,0.0183061964203,0.797317692339,0.000860945022626,0.00428016352343,0.00305583054417,-0.131305546787,0.0356,-0.0348,0.247211093574,-0.120143066517,-0.0378,-0.131305546787,-0.0356,0.0348,0.247211093574,-0.120143066517,0.0378,0,0,0,0,0,0.193037049946,-0.0121951409869,0.0131833732462,-0.0428680363077,-0.00749695429786,0.0912848103399,0.118355785773,0.0945581514353,0.00824783230172,-0.16212285535,0.0251917141212,-0.00769762855123,-0.0491344818743,-0.0271178154619,0.00181631170864,0,0,-0.00363262341728,-0.0022703896358,0,0.00181631170864,0,0,-0.00363262341728,-0.0022703896358,0,0,0,0,0,0,-0.959235986711,0.0774385158155,-0.0820848055384,-0.159922706539,0.0248697518052,-0.209050256714,-0.650079726775,-0.573453007651,-0.0512448974361,0.895444492933,-0.165888505667,0.0448855884804,0.351380732183,0.1506188019,-0.00999241481454,0,0,0.0199848296294,0.0124905185184,0,-0.00999241481454,0,0,0.0199848296294,0.0124905185184,0
441,FRAME,NONE,436,436,4.3600000000000003,RECOVERY,1.1000000000000014,0,0,0,0,0,0.278397358741,0.12105635356,-0.00120896963742,0.811398336925,0.00106714269026,-0.014773748359,-0.0122378253927,0.291323905919,-0.120811333338,0.016729747708,0.797561316631,0.00078621281099,0.00380638860899,0.00279218420012,-0.131287883378,0.0356,-0.0348,0.247175766756,-0.120165145778,-0.0378,-0.131287883378,-0.0356,0.0348,0.247175766756,-0.120165145778,0.0378,0,0,0,0,0,0.183507180573,-0.0114303402162,0.0123755144881,-0.044368300317,-0.00724474165858,0.0891592896083,0.111914679854,0.088883062795,0.00774433687164,-0.153255267152,0.0235663616022,-0.00725529908342,-0.0456769394087,-0.0256272041936,0.00171733933828,0,0,-0.00343467867655,-0.00214667417284,0,0.00171733933828,0,0,-0.00343467867655,-0.00214667417284,0,0,0,0,0,0,-0.946277274584,0.0755012192603,-0.0794974651214,-0.140262692342,0.0255282457947,-0.215914594456,-0.637891559139,-0.561330546606,-0.0494749334203,0.877768241436,-0.159246081085,0.0435890208514,0.340092936166,0.147467438836,-0.00979854814814,0,0,0.0195970962964,0.0122481851852,0,-0.00979854814814,0,0,0.0195970962964,0.0122481851852,0
442,FRAME,NONE,437,437,4.3700000000000001,RECOVERY,1.1000000000000014,0,0,0,0,0,0.280185095606,0.120945811051,-0.00108914701699,0.810947667381,0.000996014003019,-0.0138929684717,-0.0111505967984,0.292184664112,-0.120736363207,0.0152410910773,0.797789019571,0.000715839040958,0.00336662473526,0.0025432864603,-0.1312712,0.0356,-0.0348,0.2471424,-0.120186,-0.0378,-0.1312712,-0.0356,0.0348,0.2471424,-0.120186,0.0378,0,0,0,0,0,0.174111504454,-0.0106851166017,0.0115934239438,-0.0456732901545,-0.00698638938197,0.0869665184508,0.10559795459,0.0833315405032,0.00725833363332,-0.144567490521,0.0220067924995,-0.0068258481342,-0.042332623151,-0.0241684666851,0.00162034074568,0,0,-0.00324068149136,-0.0020254259321,0,0.00162034074568,0,0,-0.00324068149136,-0.0020254259321,0,0,0,0,0,0,-0.932284417287,0.0737069042489,-0.0774582084858,-0.121134849155,0.0255819706639,-0.222342001812,-0.624983623121,-0.548735537124,-0.0477448460209,0.859479333258,-0.152733764436,0.0423085790664,0.328735117058,0.144242668517,-0.00959762962993,0,0,0.0191952592597,0.0119970370373,0,-0.00959762962993,0,0,0.0191952592597,0.0119970370373,0
443,FRAME,NONE,438,438,4.3799999999999999,RECOVERY,1.1000000000000014,0,0,0,0,0,0.28187958883,0.120842651228,-0.00097710115854,0.810484871122,0.000927414902626,-0.0130344179899,-0.0101258663008,0.292990536729,-0.120666166666,0.0138383978976,0.798001452481,0.000649695848306,0.00295973614597,0.00230881486641,-0.131255476563,0.0356,-0.0348,0.247110953126,-0.120205654296,-0.0378,-0.131255476563,-0.0356,0.0348,0.247110953126,-0.120205654296,0.0378,0,0,0,0,0,0.164861492227,-0.00995620213119,0.0108263503183,-0.0467909973001,-0.0067331022453,0.084712449572,0.0994150073911,0.0779083520525,0.00678943995122,-0.136065680487,0.0205116863135,-0.00640912750209,-0.0391022370675,-0.0227423508232,0.00152538674568,0,0,-0.00305077349135,-0.0019067334321,0,0.00152538674568,0,0,-0.00305077349135,-0.0019067334321,0,0,0,0,0,0,-0.917340646542,0.071939533849,-0.0756355797138,-0.102317355566,0.0253557487369,-0.228463492945,-0.611487636059,-0.535659703894,-0.0460500693969,0.840568446456,-0.146355097682,0.0410381277285,0.317306225638,0.140943268227,-0.00938959999995,0,0,0.0187791999997,0.0117369999999,0,-0.00938959999995,0,0,0.0187791999997,0.0117369999999,0
444,FRAME,NONE,439,439,4.3899999999999997,RECOVERY,1.1000000000000014,0,0,0,0,0,0.28348232545,0.120746687008,-0.000872620010624,0.810011847435,0.000861351958113,-0.0121987194803,-0.00916229665059,0.293742831153,-0.120600574408,0.0125197774675,0.798199253297,0.000587656490916,0.00258457999391,0.00208843944384,-0.131240692265,0.0356,-0.0348,0.24708138453,-0.120224134669,-0.0378,-0.131240692265,-0.0356,0.0348,0.24708138453,-0.120224134669,0.0378,0,0,0,0,0,0.155764691524,-0.00924632592471,0.0100807123495,-0.0477196372659,-0.00647927440723,0.0823972485919,0.093368201869,0.0726183464253,0.00633733224538,-0.127756121592,0.0190796905459,-0.00600508557963,-0.0359864986382,-0.0213496013206,0.00143254874568,0,0,-0.00286509749136,-0.0017906859321,0,0.00143254874568,0,0,-0.00286509749136,-0.0017906859321,0,0,0,0,0,0,-0.90156787017,0.0700024573938,-0.0734688348909,-0.0834945638095,0.0253982538611,-0.234465363336,-0.59763083248,-0.522095106193,-0.044384825971,0.821022975731,-0.140112757989,0.0397683504783,0.305804499487,0.137569372856,-0.00917439999998,0,0,0.0183488,0.011468,0,-0.00917439999998,0,0,0.0183488,0.011468,0
445,FRAME,NONE,440,440,4.4000000000000004,RECOVERY,1.1000000000000014,0,0,0,0,0,0.284994882661,0.12065772471,-0.000775486911551,0.809530478376,0.000797829414481,-0.0113864730181,-0.00825850226347,0.294442903658,-0.120539420021,0.0112832754657,0.798383046292,0.000529594136714,0.00224000617321,0.00188182284,-0.131226825588,0.0356,-0.0348,0.247053651176,-0.120241468015,-0.0378,-0.131226825588,-0.0356,0.0348,0.247053651176,-0.120241468015,0.0378,0,0,0,0,0,0.146830134824,-0.00855615298332,0.00935697362051,-0.0484608885762,-0.00622513716808,0.0800231423053,0.0874623907415,0.0674664499286,0.0059017434318,-0.119645220972,0.0177094311537,-0.00561376049253,-0.0329861470778,-0.0199909633661,0.00134189874568,0,0,-0.00268379749135,-0.0016773734321,0,0.00134189874568,0,0,-0.00268379749135,-0.0016773734321,0,0,0,0,0,0,-0.884890313614,0.0679983753975,-0.0712554623297,-0.0648348999316,0.0254177445726,-0.240246887408,-0.583286838956,-0.508034415315,-0.0427478151761,0.800842542598,-0.134007846915,0.0385018264026,0.294227013064,0.13411575646,-0.0089519703704,0,0,0.0179039407409,0.0111899629631,0,-0.0089519703704,0,0,0.0179039407409,0.0111899629631,0
446,FRAME,NONE,441,441,4.4100000000000001,RECOVERY,1.1000000000000014,0,0,0,0,0,0.286418928147,0.120575563949,-0.000685480538214,0.809042629664,0.000736849214752,-0.0105982566342,-0.00741304883576,0.295092160152,-0.120482539539,0.0101268730481,0.79855344192,0.000475381281066,0.00192485705235,0.00168862017652,-0.13121385429,0.0356,-0.0348,0.24702770858,-0.120257682137,-0.0378,-0.13121385429,-0.0356,0.0348,0.24702770858,-0.120257682137,0.0378,0,0,0,0,0,0.138066885251,-0.00788635841676,0.00865560310289,-0.0490163352645,-0.00597091951578,0.0775923108437,0.0817024650899,0.062457658119,0.00548237594186,-0.11173927074,0.0163995336076,-0.00523504905158,-0.0301019583769,-0.0186672861914,0.00125350933827,0,0,-0.00250701867654,-0.00156688667284,0,0.00125350933827,0,0,-0.00250701867654,-0.00156688667284,0,0,0,0,0,0,-0.867305164624,0.0659263042516,-0.0689948963761,-0.0463284690422,0.0254144625591,-0.245812925131,-0.568451830756,-0.493471473578,-0.0411542832087,0.780071971132,-0.128038406059,0.0372850724025,0.282568702704,0.130557541653,-0.00872225185168,0,0,0.0174445037034,0.0109028148145,0,-0.00872225185168,0,0,0.0174445037034,0.0109028148145,0
447,FRAME,NONE,442,442,4.4199999999999999,RECOVERY,1.1000000000000014,0,0,0,0,0,0.287756220366,0.120499997541,-0.000602374849493,0.808550151671,0.000678411024165,-0.00983462680122,-0.00662445296167,0.29569205682,-0.120429772502,0.00904849005094,0.798711036964,0.000424893155682,0.00163796700567,0.00150847711617,-0.131201755401,0.0356,-0.0348,0.247003510802,-0.120272805748,-0.0378,-0.131201755401,-0.0356,0.0348,0.247003510802,-0.120272805748,0.0378,0,0,0,0,0,0.129484031531,-0.00723762689829,0.00797707569299,-0.0493874579571,-0.0057168479169,0.0751068838027,0.0760933541264,0.0575970204571,0.00507865776762,-0.10404378155,0.0151486630325,-0.00486805904448,-0.0273347730237,-0.017379812533,0.00116745370864,0,0,-0.00233490741729,-0.00145931713581,0,0.00116745370864,0,0,-0.00233490741729,-0.00145931713581,0,0,0,0,0,0,-0.848810111877,0.06378531433,-0.066686518196,-0.0279644936046,0.0253886699741,-0.251168717861,-0.553122006405,-0.478401572245,-0.0396420923445,0.758817854665,-0.122198687306,0.0362246422952,0.270821889776,0.126843020102,-0.00848518518511,0,0,0.0169703703703,0.0106064814814,0,-0.00848518518511,0,0,0.0169703703703,0.0106064814814,0
448,FRAME,NONE,443,443,4.4299999999999997,RECOVERY,1.1000000000000014,0,0,0,0,0,0.289008608777,0.120430811411,-0.000525939024354,0.808054880505,0.000622512256414,-0.00909611895813,-0.00589118175323,0.296244100561,-0.120380966384,0.00804599741709,0.798856415181,0.000378020100176,0.00137816159188,0.00134102392586,-0.131190505216,0.0356,-0.0348,0.246981010432,-0.12028686848,-0.0378,-0.131190505216,-0.0356,0.0348,0.246981010432,-0.12028686848,0.0378,0,0,0,0,0,0.121090683014,-0.00661065213016,0.00732187273897,-0.0495756251366,-0.00546314611629,0.0725689364865,0.0706400249618,0.0528896266741,0.00468953409497,-0.0965629136468,0.0139555598615,-0.00451055620567,-0.0246855205814,-0.0161304257894,0.00108380563457,0,0,-0.00216761126914,-0.00135475704321,0,0.00108380563457,0,0,-0.00216761126914,-0.00135475704321,0,0,0,0,0,0,-0.829403338858,0.0615745289002,-0.0643296567912,-0.00973133017251,0.0253406486425,-0.256319877462,-0.537293588018,-0.462819357325,-0.0382283941636,0.737130128425,-0.116484614012,0.0353720672899,0.258979912801,0.122945019294,-0.00824071111113,0,0,0.0164814222222,0.010300888889,0,-0.00824071111113,0,0,0.0164814222222,0.010300888889,0
449,FRAME,NONE,444,444,4.4400000000000004,RECOVERY,1.1000000000000014,0,0,0,0,0,0.290178034026,0.120367784499,-0.000455937394714,0.807558639168,0.00056914810184,-0.00838324807149,-0.00521165246244,0.296749849353,-0.12033598182,0.007117231778,0.798990148161,0.000334682031569,0.00114425659404,0.00118586860039,-0.131180079289,0.0356,-0.0348,0.246960158577,-0.120299900889,-0.0378,-0.131180079289,-0.0356,0.0348,0.246960158577,-0.120299900889,0.0378,0,0,0,0,0,0.112895964754,-0.00600613632028,0.00669048255717,-0.0495820845605,-0.00521003494405,0.0699804862535,0.0653474823661,0.0483406333106,0.00431408988435,-0.0893011789812,0.0128189707523,-0.00416061769868,-0.0221551747677,-0.0149209121471,0.00100263948642,0,0,-0.00200527897284,-0.00125329935803,0,0.00100263948642,0,0,-0.00200527897284,-0.00125329935803,0,0,0,0,0,0,-0.809083518978,0.0592931229216,-0.0619235900551,0.00838351615157,0.0252706994085,-0.261272376998,-0.520962821903,-0.446713309006,-0.036794882431,0.714688440672,-0.110908301835,0.0344191414532,0.247046778633,0.118996929962,-0.0079887703705,0,0,0.0159775407409,0.00998596296299,0,-0.0079887703705,0,0,0.0159775407409,0.00998596296299,0
450,FRAME,NONE,445,445,4.4500000000000002,RECOVERY,1.1000000000000014,0,0,0,0,0,0.291266528072,0.120310688684,-0.00039212937321,0.807063238813,0.000518311557533,-0.00769650923306,-0.00458423210591,0.297210913227,-0.120294684586,0.00625997383746,0.799112794596,0.000294807746203,0.000935058096525,0.00104260568291,-0.131170452426,0.0356,-0.0348,0.246940904853,-0.120311934467,-0.0378,-0.131170452426,-0.0356,0.0348,0.246940904853,-0.120311934467,0.0378,0,0,0,0,0,0.104909012634,-0.00542478967173,0.00608340093787,-0.0494079548136,-0.00495773212812,0.0673434889466,0.0602207685237,0.0439553604939,0.00395363644635,-0.0822691448334,0.0117373938248,-0.00382217337661,-0.0197445850088,-0.0137504871901,0.000924030227159,0,0,-0.00184806045432,-0.00115503778395,0,0.000924030227159,0,0,-0.00184806045432,-0.00115503778395,0,0,0,0,0,0,-0.787849811446,0.0569403217008,-0.05946754579,0.0263933800507,0.0251791416207,-0.26603254319,-0.504125979047,-0.430065466396,-0.035081078699,0.690783731751,-0.105499044732,0.0326800437522,0.235037859707,0.115300709607,-0.00772930370374,0,0,0.0154586074076,0.00966162962975,0,-0.00772930370374,0,0,0.0154586074076,0.00966162962975,0
451,FRAME,NONE,446,446,4.46,RECOVERY,1.1000000000000014,0,0,0,0,0,0.292276214279,0.120259288705,-0.000334269375956,0.806570480072,0.000469993459277,-0.00703637829256,-0.00400723709196,0.297628956563,-0.120256909091,0.00547184888134,0.799224896038,0.000258238564036,0.000749364893863,0.000910858856585,-0.131161598684,0.0356,-0.0348,0.246923197368,-0.120323001645,-0.0378,-0.131161598684,-0.0356,0.0348,0.246923197368,-0.120323001645,0.0378,0,0,0,0,0,0.097138968525,-0.00486732988627,0.00550113164137,-0.0490542169595,-0.00470645211163,0.0646598353897,0.0552649627851,0.0397393239827,0.00361246831037,-0.0754855043462,0.0107089898576,-0.00350701682364,-0.0174544175736,-0.012614897955,0.000848053412346,0,0,-0.00169610682469,-0.00106006676543,0,0.000848053412346,0,0,-0.00169610682469,-0.00106006676543,0,0,0,0,0,0,-0.7657018584,0.0545153994389,-0.0569607026886,0.0443124276137,0.0250663127709,-0.270607050951,-0.486779355664,-0.412874946914,-0.0331720130831,0.665651004349,-0.100241922213,0.0303862896933,0.222939213554,0.111748893588,-0.00746225185172,0,0,0.0149245037036,0.00932781481475,0,-0.00746225185172,0,0,0.0149245037036,0.00932781481475,0
452,FRAME,NONE,447,447,4.4699999999999998,RECOVERY,1.1000000000000014,0,0,0,0,0,0.293209307443,0.120213342086,-0.000282106740383,0.806082154474,0.0004241825153,-0.00640331252527,-0.00347893285021,0.298005699707,-0.12022243522,0.00475026375054,0.799326974393,0.00022466740973,0.000585969745054,0.000790307723813,-0.131153491358,0.0356,-0.0348,0.246906982716,-0.120333135802,-0.0378,-0.131153491358,-0.0356,0.0348,0.246906982716,-0.120333135802,0.0378,0,0,0,0,0,0.0895949754661,-0.00433448168295,0.0049441868841,-0.0485217062613,-0.00445640587271,0.0619313479275,0.0504851814104,0.0356978615557,0.00329019618468,-0.0689561247464,0.00973255538049,-0.00321444758274,-0.0152858007377,-0.0115155093184,0.000774785190125,0,0,-0.00154957038025,-0.000968481487655,0,0.000774785190125,0,0,-0.00154957038025,-0.000968481487655,0,0,0,0,0,0,-0.742639783273,0.052017677664,-0.0544021912982,0.0621556509536,0.0249325682895,-0.2750029198,-0.468919273807,-0.395159121659,-0.0315289533693,0.640553466899,-0.0950741230168,0.0287684263757,0.210705234412,0.10778806362,-0.00718755555559,0,0,0.0143751111112,0.00898444444449,0,-0.00718755555559,0,0,0.0143751111112,0.00898444444449,0
453,FRAME,NONE,448,448,4.4800000000000004,RECOVERY,1.1000000000000014,0,0,0,0,0,0.294068113788,0.120172599072,-0.000235385638274,0.805600045947,0.000380865341823,-0.00579775133401,-0.00299753346375,0.298342913794,-0.120191105167,0.00409272638641,0.799419547145,0.000193949612382,0.00044364887911,0.000680548670217,-0.13114610298,0.0356,-0.0348,0.24689220596,-0.120342371275,-0.0378,-0.13114610298,-0.0356,0.0348,0.24689220596,-0.120342371275,0.0378,0,0,0,0,0,0.0822861728596,-0.00382697633299,0.00441308781541,-0.0478111039405,-0.00420780074584,0.0591597769937,0.045886577309,0.0318361415495,0.00298188924299,-0.0626744350082,0.00880750739731,-0.00293164829612,-0.0132403128853,-0.0104591366826,0.000704302301234,0,0,-0.00140860460247,-0.000880377876541,0,0.000704302301234,0,0,-0.00140860460247,-0.000880377876541,0,0,0,0,0,0,-0.718664189906,0.049446523568,-0.0517910949261,0.0799388655229,0.0247782814644,-0.279227511976,-0.450542081883,-0.376915847018,-0.0302082737334,0.615647803004,-0.0899832534984,0.0279818709955,0.198323799759,0.103344679591,-0.00690515555561,0,0,0.0138103111112,0.0086314444445,0,-0.00690515555561,0,0,0.0138103111112,0.0086314444445,0
454,FRAME,NONE,449,449,4.4900000000000002,RECOVERY,1.1000000000000014,0,0,0,0,0,0.2948550309,0.12013680256,-0.000193844984075,0.805125932395,0.000340026500383,-0.00522011698539,-0.00256120130403,0.298642422538,-0.120162797435,0.00349677505038,0.799503124541,0.000166034443807,0.000321163487348,0.000581124990161,-0.131139405312,0.0356,-0.0348,0.246878810624,-0.12035074336,-0.0378,-0.131139405312,-0.0356,0.0348,0.246878810624,-0.12035074336,0.0378,0,0,0,0,0,0.075221691668,-0.00334555121159,0.00390836498557,-0.0469229289508,-0.00396084024342,0.056346797688,0.0414743397728,0.0281595446153,0.00268603071002,-0.0566431686863,0.00793289031052,-0.00265481016283,-0.0113193247425,-0.00944861572655,0.000636682079012,0,0,-0.00127336415802,-0.000795852598765,0,0.000636682079012,0,0,-0.00127336415802,-0.000795852598765,0,0,0,0,0,0,-0.693776163117,0.0468013482835,-0.0491264505054,0.0976787106538,0.0246038435107,-0.283288532625,-0.43164415533,-0.358126707185,-0.0289114871212,0.590120539018,-0.084999159958,0.0272395286635,0.185810185892,0.0987661740034,-0.00661499259244,0,0,0.0132299851847,0.00826874074045,0,-0.00661499259244,0,0,0.0132299851847,0.00826874074045,0
455,FRAME,NONE,450,450,4.5,RECOVERY,1.1000000000000014,0,0,0,0,0,0.295572547621,0.120105688047,-0.000157218338563,0.804661587368,0.000301648536955,-0.00467081538025,-0.0021680466683,0.298906104687,-0.120137384553,0.00295986301268,0.799578204951,0.000140853409125,0.00021726238426,0.000491576355686,-0.131133369339,0.0356,-0.0348,0.246866738677,-0.120358288327,-0.0378,-0.131133369339,-0.0356,0.0348,0.246866738677,-0.120358288327,0.0378,0,0,0,0,0,0.0684106495972,-0.00289094936732,0.0034305588053,-0.0458575297274,-0.00371572387563,0.0534940063412,0.0372536942024,0.0246736074058,0.00240365950056,-0.0508720242279,0.00710752419815,-0.00238685772285,-0.00952410916748,-0.00848381320253,0.000572002449385,0,0,-0.00114400489877,-0.000715003061733,0,0.000572002449385,0,0,-0.00114400489877,-0.000715003061733,0,0,0,0,0,0,-0.667977270471,0.0440816050971,-0.0464072493998,0.115392653245,0.0244096637792,-0.287194031932,-0.412221897321,-0.33878304629,-0.0275064107004,0.563612050365,-0.0801254436977,0.026195452472,0.173160675706,0.0942036048663,-0.00631700740751,0,0,0.012634014815,0.00789625925937,0,-0.00631700740751,0,0,0.012634014815,0.00789625925937,0
456,FRAME,NONE,451,451,4.5099999999999998,RECOVERY,1.1000000000000014,0,0,0,0,0,0.296223243892,0.120078983572,-0.000125233807969,0.804208781801,0.000265712022871,-0.00415023685857,-0.00181612741998,0.299135894686,-0.120114724245,0.00247933456582,0.799645275025,0.00011829728935,0.000130681303998,0.00041144872611,-0.131127965263,0.0356,-0.0348,0.246855930526,-0.120365043421,-0.0378,-0.131127965263,-0.0356,0.0348,0.246855930526,-0.120365043421,0.0378,0,0,0,0,0,0.0618621462586,-0.00246391910965,0.00298021999758,-0.0446150758859,-0.00347264696783,0.0506029170494,0.0332299018264,0.0213838836895,0.00213590249601,-0.045370927679,0.00633038143656,-0.00213090111339,-0.00785611122838,-0.00756454362922,0.000510341930862,0,0,-0.00102068386172,-0.000637927413578,0,0.000510341930862,0,0,-0.00102068386172,-0.000637927413578,0,0,0,0,0,0,-0.641269564797,0.0412867875755,-0.0436324381217,0.133098994375,0.0241961700943,-0.290952408993,-0.392271739259,-0.318885251174,-0.0260213629011,0.536200892496,-0.0753409978271,0.0249295656684,0.160353832881,0.0896183472352,-0.006011140741,0,0,0.012022281482,0.00751392592629,0,-0.006011140741,0,0,0.012022281482,0.00751392592629,0
457,FRAME,NONE,452,452,4.5199999999999996,RECOVERY,1.1000000000000014,0,0,0,0,0,0.296809790546,0.120056409665,-9.76139386112e-05,0.80376928585,0.000232195597598,-0.00365875703926,-0.00150344863177,0.29933378236,-0.120094666503,0.0020524444591,0.79970481258,9.8235386857e-05,6.0140159692e-05,0.000340285483102,-0.1311231625,0.0356,-0.0348,0.246846325,-0.120371046875,-0.0378,-0.1311231625,-0.0356,0.0348,0.246846325,-0.120371046875,0.0378,0,0,0,0,0,0.0555852583013,-0.00206521361581,0.00255791004286,-0.0431955498399,-0.00323180047374,0.0476749581613,0.0294082594172,0.0182959023823,0.00188323224254,-0.040148006378,0.00560070424161,-0.00188826640948,-0.00631703250986,-0.00669144625783,0.000451779634565,0,0,-0.000903559269132,-0.000564724543207,0,0.000451779634565,0,0,-0.000903559269132,-0.000564724543207,0,0,0,0,0,0,-0.613655588307,0.038416427703,-0.0408009189976,0.150816878976,0.0239638092259,-0.294572417678,-0.371790141552,-0.298433154381,-0.0245079181515,0.508029487394,-0.070627603132,0.0235838514228,0.14737221995,0.084943600878,-0.0056973333331,0,0,0.0113946666662,0.00712166666635,0,-0.0056973333331,0,0,0.0113946666662,0.00712166666635,0
458,FRAME,NONE,453,453,4.5300000000000002,RECOVERY,1.1000000000000014,0,0,0,0,0,0.297334949058,0.1200376793,-7.40756071116e-05,0.803344870804,0.000201076013396,-0.00319673769534,-0.00122796223164,0.299501812733,-0.1200770596,0.00167637443826,0.79975728911,8.05319611606e-05,4.34065380108e-06,0.000277619800953,-0.13111892967,0.0356,-0.0348,0.246837859341,-0.120376337912,-0.0378,-0.13111892967,-0.0356,0.0348,0.246837859341,-0.120376337912,0.0378,0,0,0,0,0,0.0495890344925,-0.00169559055559,0.00216420161763,-0.0415987383064,-0.00299337078332,0.0447114686958,0.0257940989953,0.0154152206019,0.00164574413298,-0.0352103379311,0.00491782937392,-0.00165922408494,-0.00490866682938,-0.00586567161166,0.0003963952642,0,0,-0.000792790528401,-0.000495494080251,0,0.0003963952642,0,0,-0.000792790528401,-0.000495494080251,0,0,0,0,0,0,-0.585138377997,0.0354700940106,-0.0379115507412,0.168566308648,0.0237130474874,-0.29806317441,-0.350773594443,-0.277418776213,-0.0229864745432,0.479156419137,-0.0659934893107,0.0222186954263,0.134223471408,0.0801471433371,-0.00537552592578,0,0,0.0107510518517,0.00671940740726,0,-0.00537552592578,0,0,0.0107510518517,0.00671940740726,0
459,FRAME,NONE,454,454,4.54,RECOVERY,1.1000000000000014,0,0,0,0,0,0.297801571236,0.120022497854,-5.43299062586e-05,0.802937311084,0.000172328181932,-0.00276452766535,-0.000987566651865,0.299642086773,-0.120061751621,0.00134823770048,0.799803169168,6.50509051583e-05,-3.80331768956e-05,0.000222972050869,-0.131115234595,0.0356,-0.0348,0.246830469189,-0.120380956757,-0.0378,-0.131115234595,-0.0356,0.0348,0.246830469189,-0.120380956757,0.0378,0,0,0,0,0,0.0438824907413,-0.00135581173559,0.00179967902804,-0.0398242236669,-0.00275753952399,0.0417136946731,0.0223927875283,0.0127475268581,0.00142350275168,-0.0305648779952,0.00428083445539,-0.00144389250096,-0.0036325630817,-0.00508850339109,0.00034426911605,0,0,-0.000688538232098,-0.000430336395062,0,0.00034426911605,0,0,-0.000688538232098,-0.000430336395062,0,0,0,0,0,0,-0.555721471726,0.0324473896341,-0.0349631488984,0.186368157674,0.0234443714595,-0.301434167757,-0.329218618469,-0.255827122367,-0.021454286329,0.449578151324,-0.0614716339561,0.020834042545,0.120938916035,0.0752221069782,-0.00504565925943,0,0,0.0100913185189,0.00630707407433,0,-0.00504565925943,0,0,0.0100913185189,0.00630707407433,0
460,FRAME,NONE,455,455,4.5499999999999998,RECOVERY,1.1000000000000014,0,0,0,0,0,0.298212598873,0.120010563065,-3.80820265508e-05,0.802548386331,0.000145925222916,-0.00236246380188,-0.00078010648107,0.299756763271,-0.120048589545,0.00106507687835,0.799842905799,5.16541111414e-05,-6.8310607833e-05,0.000175849733132,-0.131112044288,0.0356,-0.0348,0.246824088576,-0.12038494464,-0.0378,-0.131112044288,-0.0356,0.0348,0.246824088576,-0.12038494464,0.0378,0,0,0,0,0,0.0384746050579,-0.00104664276291,0.00146493863966,-0.0378713751529,-0.00252448335413,0.0386827853407,0.0192097266259,0.0102986781545,0.0012166584064,-0.0262187749047,0.0036883966948,-0.00124254323404,-0.00248988850869,-0.0043612294721,0.000295482079012,0,0,-0.000590964158022,-0.000369352598764,0,0.000295482079012,0,0,-0.000590964158022,-0.000369352598764,0,0,0,0,0,0,-0.525408916005,0.0293479504416,-0.0319544862144,0.204244192049,0.0231582888379,-0.304695269956,-0.307121765266,-0.233650961165,-0.0199119926186,0.419298614761,-0.0570740752912,0.019437419426,0.107530773185,0.0701603516014,-0.00470767407411,0,0,0.00941534814815,0.00588459259262,0,-0.00470767407411,0,0,0.00941534814815,0.00588459259262,0
461,FRAME,NONE,456,456,4.5599999999999996,RECOVERY,1.1000000000000014,0,0,0,0,0,0.298571063337,0.120001564999,-2.50311334655e-05,0.802179883581,0.000121838514849,-0.00199087195853,-0.000603372119347,0.299848060336,-0.120037418452,0.000823862202385,0.799876937102,4.02000404776e-05,-8.78309470693e-05,0.000135747461427,-0.131109324953,0.0356,-0.0348,0.246818649906,-0.120388343809,-0.0378,-0.131109324953,-0.0356,0.0348,0.246818649906,-0.120388343809,0.0378,0,0,0,0,0,0.0333743124212,-0.000768852726762,0.00116058930375,-0.0357393398259,-0.00229437374724,0.035619789274,0.016250352223,0.00807450763476,0.00102526289931,-0.0221789057,0.00313935294957,-0.00105514411244,-0.00148194761801,-0.00368529635906,0.000250115634567,0,0,-0.000500231269135,-0.000312644543209,0,0.000250115634567,0,0,-0.000500231269135,-0.000312644543209,0,0,0,0,0,0,-0.494205275053,0.0261714432188,-0.0288842928789,0.222217091439,0.0228553293855,-0.307856750172,-0.284479618403,-0.210911294707,-0.0183901947587,0.388398977943,-0.0527404550119,0.0181119837835,0.0939482595657,0.0649260376048,-0.00436151111109,0,0,0.00872302222205,0.00545188888881,0,-0.00436151111109,0,0,0.00872302222205,0.00545188888881,0
462,FRAME,NONE,457,457,4.5700000000000003,RECOVERY,1.1000000000000014,0,0,0,0,0,0.298880085121,0.119995186011,-1.48702404758e-05,0.801833599534,0.000100037747971,-0.0016500680164,-0.00045509943661,0.299918253423,-0.120028084287,0.000621498764355,0.799905692858,3.05512288927e-05,-9.79495601931e-05,0.00010214380595,-0.131107041975,0.0356,-0.0348,0.246814083951,-0.120391197531,-0.0378,-0.131107041975,-0.0356,0.0348,0.246814083951,-0.120391197531,0.0378,0,0,0,0,0,0.0285904995569,-0.00052321389853,0.000887252782081,-0.0334270333242,-0.00206737676642,0.0325256503372,0.0135201342579,0.00608045226038,0.000848854511225,-0.0184507953458,0.00263358759456,-0.000880303558367,-0.000610923317373,-0.00306270872,0.00020825185679,0,0,-0.000416503713581,-0.000260314820988,0,0.00020825185679,0,0,-0.000416503713581,-0.000260314820988,0,0,0,0,0,0,-0.462115640865,0.0229175638588,-0.0257512566199,0.240310474456,0.0225360460065,-0.310929289626,-0.261288793999,-0.187654512876,-0.0169410187002,0.35701753325,-0.0483734138437,0.016996259555,0.0801209502705,0.0594613573903,-0.00400711111119,0,0,0.00801422222231,0.00500888888894,0,-0.00400711111119,0,0,0.00801422222231,0.00500888888894,0
463,FRAME,NONE,458,458,4.5800000000000001,RECOVERY,1.1000000000000014,0,0,0,0,0,0.299142873329,0.119991100721,-7.28607782384e-06,0.801511342914,8.04909795208e-05,-0.00134035895179,-0.000332969434189,0.299969669381,-0.120020441362,0.000454846295469,0.799929608853,2.25939693102e-05,-0.000100049413417,7.44932870266e-05,-0.131105159916,0.0356,-0.0348,0.246810319832,-0.120393550105,-0.0378,-0.131105159916,-0.0356,0.0348,0.246810319832,-0.120393550105,0.0378,0,0,0,0,0,0.0241319996039,-0.000310501449587,0.000645564171354,-0.0309331303368,-0.00184365282711,0.0294012034814,0.011024576343,0.00432141737724,0.000686442525302,-0.015038555035,0.0021718846727,-0.000715218921339,0.000120471387401,-0.00249606921126,0.000169973412344,0,0,-0.000339946824689,-0.000212466765431,0,0.000169973412344,0,0,-0.000339946824689,-0.000212466765431,0,0,0,0,0,0,-0.429145644902,0.019586035629,-0.0225540226498,0.258548927514,0.0222010159493,-0.313923998839,-0.237545941411,-0.16390826486,-0.0155228911974,0.325040899078,-0.0439398258129,0.0159833607089,0.0660412096012,0.053812896298,-0.00364441481479,0,0,0.00728882962965,0.00455551851852,0,-0.00364441481479,0,0,0.00728882962965,0.00455551851852,0
464,FRAME,NONE,459,459,4.5899999999999999,RECOVERY,1.1000000000000014,0,0,0,0,0,0.299362725113,0.119988975982,-1.95895704869e-06,0.801214936927,6.31646914291e-05,-0.00106204394677,-0.00023460790975,0.300004681771,-0.120014355437,0.000320727663655,0.799949130552,1.62468504659e-05,-9.55401324451e-05,5.22224217252e-05,-0.131103642507,0.0356,-0.0348,0.246807285014,-0.120395446866,-0.0378,-0.131103642507,-0.0356,0.0348,0.246807285014,-0.120395446866,0.0378,0,0,0,0,0,0.0200075866588,-0.00013149318595,0.000436172329084,-0.0282560547739,-0.00162335644743,0.0262471703604,0.00876921542964,0.00280228696318,0.000538396687276,-0.0119499773642,0.00175479107831,-0.000560636344188,0.00070990087465,-0.00198645079404,0.000135363560494,0,0,-0.000270727120988,-0.000169204450617,0,0.000135363560494,0,0,-0.000270727120988,-0.000169204450617,0,0,0,0,0,0,-0.395301471077,0.0161766075858,-0.0192911934679,0.276958036217,0.0218508420874,-0.316852436334,-0.213247744036,-0.139588565265,-0.0136993850045,0.291280086889,-0.0395208354625,0.0139224498196,0.0517227270786,0.0484867886296,-0.00327336296277,0,0,0.00654672592568,0.00409170370357,0,-0.00327336296277,0,0,0.00654672592568,0.00409170370357,0
465,FRAME,NONE,460,460,4.5999999999999996,RECOVERY,1.1000000000000014,0,0,0,0,0,0.299543025062,0.119988470857,1.43736875785e-06,0.800946221819,4.80238505722e-05,-0.00081541554458,-0.000157585125597,0.30002571512,-0.120009673429,0.000215846748185,0.799964704675,1.13812424265e-05,-8.58513959238e-05,3.47642711457e-05,-0.131102452645,0.0356,-0.0348,0.24680490529,-0.120396934194,-0.0378,-0.131102452645,-0.0356,0.0348,0.24680490529,-0.120396934194,0.0378,0,0,0,0,0,0.0162259701824,1.30307021291e-05,0.000259740301996,-0.0253939696125,-0.00140663598536,0.0230641547548,0.00675962146231,0.00152964607193,0.000412454825211,-0.0092129532972,0.00138146796345,-0.000436769924948,0.00115492592897,-0.00152633343866,0.000104506153088,0,0,-0.000209012306175,-0.000130632691359,0,0.000104506153088,0,0,-0.000209012306175,-0.000130632691359,0,0,0,0,0,0,-0.360589870134,0.012689053076,-0.0159613284665,0.295564420404,0.0214861543225,-0.31972662936,-0.188390919976,-0.114417712494,-0.0115228438845,0.255880014767,-0.035157101293,0.010964355338,0.0369440924667,0.0434072742365,-0.00289389629621,0,0,0.00578779259242,0.00361737037026,0,-0.00289389629621,0,0,0.00578779259242,0.00361737037026,0
466,FRAME,NONE,461,461,4.6100000000000003,RECOVERY,1.1000000000000014,0,0,0,0,0,0.299687244517,0.119989236596,3.23584899124e-06,0.800707057535,3.5031971722e-05,-0.000600760851679,-9.94154805033e-05,0.300035274692,-0.12000610634,0.000136468597711,0.799976759911,7.51145196693e-06,-7.24416138657e-05,2.16957529519e-05,-0.131101552384,0.0356,-0.0348,0.246803104768,-0.12039805952,-0.0378,-0.131101552384,-0.0356,0.0348,0.246803104768,-0.12039805952,0.0378,0,0,0,0,0,0.0127957892561,0.00012228787557,0.000116945759753,-0.0223447663658,-0.00119363336098,0.0198526377732,0.00500139703011,0.000513932713309,0.000307939809586,-0.0068323770689,0.00105164905245,-0.000341349237428,0.00144878272398,-0.00111830530931,7.74856345698e-05,0,0,-0.00015497126914,-9.68570432122e-05,0,7.74856345698e-05,0,0,-0.00015497126914,-9.68570432122e-05,0,0,0,0,0,0,-0.325018175699,0.00912316837551,-0.0125629433339,0.314395773008,0.021107611111,-0.322559096764,-0.162972222673,-0.0879184957314,-0.00977134491847,0.220961889352,-0.0308005135966,0.00918935455276,0.0211855619617,0.0376391980574,-0.00250595555563,0,0,0.0050119111112,0.00313244444449,0,-0.00250595555563,0,0,0.0050119111112,0.00313244444449,0
467,FRAME,NONE,462,462,4.6200000000000001,RECOVERY,1.1000000000000014,0,0,0,0,0,0.299798940847,0.119990916615,3.77628395291e-06,0.800499326492,2.41511833526e-05,-0.000418362789115,-5.75571849943e-05,0.300035993774,-0.120003514632,7.91992068067e-05,0.799985737656,4.55425767792e-06,-5.68757414441e-05,1.23981649594e-05,-0.131100902932,0.0356,-0.0348,0.246801805864,-0.120398871335,-0.0378,-0.131100902932,-0.0356,0.0348,0.246801805864,-0.120398871335,0.0378,0,0,0,0,0,0.00972560666841,0.000195494069639,8.48143531914e-06,-0.0191060541523,-0.00098448376314,0.0166129728195,0.00350017700885,-0.000228723842693,0.000217027926842,-0.00479371551017,0.000765457691515,-0.000252982833892,0.00157863716821,-0.000773549477515,5.43870419756e-05,0,0,-0.000108774083951,-6.79838024695e-05,0,5.43870419756e-05,0,0,-0.000108774083951,-6.79838024695e-05,0,0,0,0,0,0,-0.288560671943,0.00547833283564,-0.00909767785567,0.333406503901,0.0207132562289,-0.325322091813,-0.136989127524,-0.0598192375202,-0.00838376057331,0.186344124805,-0.0264760666868,0.00844256083075,0.00420245679796,0.031247868556,-0.00210948148165,0,0,0.00421896296329,0.00263685185208,0,-0.00210948148165,0,0,0.00421896296329,0.00263685185208,0
468,FRAME,NONE,463,463,4.6299999999999999,RECOVERY,1.1000000000000014,0,0,0,0,0,0.29988175665,0.119993146477,3.40547769762e-06,0.800324936452,1.53422964592e-05,-0.000268501395289,-2.94119403262e-05,0.300030700215,-0.120001765782,4.05942875079e-05,0.799992069065,2.45179528908e-06,-4.08688705015e-05,6.22476340163e-06,-0.131100464643,0.0356,-0.0348,0.246800929286,-0.120399419196,-0.0378,-0.131100464643,-0.0356,0.0348,0.246800929286,-0.120399419196,0.0378,0,0,0,0,0,0.00702457581728,0.000231854532282,-6.500779736e-05,-0.0156766362878,-0.000779368236402,0.013346195937,0.00226161447964,-0.000682452037096,0.00014026459812,-0.0031054945728,0.000522127718711,-0.000172498020813,0.00153283185994,-0.000493347938194,3.52960049368e-05,0,0,-7.05920098737e-05,-4.41200061707e-05,0,3.52960049368e-05,0,0,-7.05920098737e-05,-4.41200061707e-05,0,0,0,0,0,0,-0.251320186177,0.00175561438411,-0.00555508054649,0.352835014951,0.0203112200111,-0.328143445875,-0.110436539009,-0.0313036329631,-0.00688658858737,0.150720351329,-0.0221485928911,0.00744762590401,-0.0128514082922,0.0248115600108,-0.00170441481484,0,0,0.00340882962975,0.00213051851859,0,-0.00170441481484,0,0,0.00340882962975,0.00213051851859,0
469,FRAME,NONE,464,464,4.6399999999999997,RECOVERY,1.1000000000000014,0,0,0,0,0,0.299939432363,0.119995553705,2.47612800571e-06,0.800185793766,8.56381862456e-06,-0.000151438870375,-1.23248954015e-05,0.300022344734,-0.12000070934,1.70893153506e-05,0.79999618021,1.10429726166e-06,-2.62191042452e-05,2.53120619554e-06,-0.131100197012,0.0356,-0.0348,0.246800394024,-0.120399753735,-0.0378,-0.131100197012,-0.0356,0.0348,0.246800394024,-0.120399753735,0.0378,0,0,0,0,0,0.00469920294487,0.000230606357322,-0.000102620175611,-0.0120493538533,-0.000578259362918,0.010050103902,0.00129144622868,-0.000854796501956,7.92961550942e-05,-0.00177930848358,0.000322485833693,-0.000104030315812,0.00132160900236,-0.000277318277298,2.02987456788e-05,0,0,-4.05974913562e-05,-2.53734320978e-05,0,2.02987456788e-05,0,0,-4.05974913562e-05,-2.53734320978e-05,0,0,0,0,0,0,-0.213291872194,-0.00204531107967,-0.00193485229843,0.372681440934,0.0199011530395,-0.33102029058,-0.0833116067853,-0.00637804376313,-0.00524588312064,0.114013374959,-0.0175742605785,0.00604655802755,-0.0262091162955,0.0184362469852,-0.00129069629616,0,0,0.00258139259232,0.00161337037018,0,-0.00129069629616,0,0,0.00258139259232,0.00161337037018,0
470,FRAME,NONE,465,465,4.6500000000000004,RECOVERY,1.1000000000000014,0,0,0,0,0,0.299975740709,0.119997758605,1.35307418541e-06,0.800083949375,3.7771092008e-06,-6.74993172496e-05,-3.58301575266e-06,0.300013604285,-0.120000179859,5.00811783623e-06,0.799998518781,3.71188972839e-07,-1.44366904543e-05,6.78397855658e-07,-0.131100058668,0.0356,-0.0348,0.246800117336,-0.120399926665,-0.0378,-0.131100058668,-0.0356,0.0348,0.246800117336,-0.120399926665,0.0378,0,0,0,0,0,0.0027587383734,0.000190948310689,-0.000103704843329,-0.0082230074691,-0.000381345175611,0.00672579012538,0.000595382343933,-0.000810012912358,3.53469357076e-05,-0.000825227073624,0.000170642507141,-5.15668602617e-05,0.00100864953403,-0.00012462299849,9.48207901363e-06,0,0,-1.89641580273e-05,-1.1852598767e-05,0,9.48207901363e-06,0,0,-1.89641580273e-05,-1.1852598767e-05,0,0,0,0,0,0,-0.17431192046,-0.00592682913129,0.00174832331701,0.39259425505,0.0194701951439,-0.333756901976,-0.0556147720523,0.00872911158925,-0.00351516137538,0.0764451295886,-0.0124212451449,0.00427354335851,-0.0299887239825,0.0121699192258,-0.00086826666662,0,0,0.0017365333331,0.00108533333321,0,-0.00086826666662,0,0,0.0017365333331,0.00108533333321,0
471,FRAME,NONE,466,466,4.6600000000000001,RECOVERY,1.1000000000000014,0,0,0,0,0,0.299994607131,0.119999372671,4.02031139142e-07,0.800021333616,9.36915112339e-07,-1.69230678676e-05,-4.17248522843e-07,0.300006144475,-0.120000002402,5.84773878135e-07,0.799999593061,7.296005643e-08,-6.04611356453e-06,3.87462257385e-08,-0.13110000737,0.0356,-0.0348,0.246800014741,-0.120399990787,-0.0378,-0.13110000737,-0.0356,0.0348,0.246800014741,-0.120399990787,0.0378,0,0,0,0,0,0.00121296453567,0.000112069774696,-6.76537092704e-05,-0.00419746875234,-0.00018885546004,0.00337496586248,0.000179150787633,-0.000680214270171,8.99292758663e-06,-0.000250405891812,7.40609307937e-05,-1.8559448642e-05,0.000721834522713,-3.39198927829e-05,2.93341234636e-06,0,0,-5.86682469411e-06,-3.66676543365e-06,0,2.93341234636e-06,0,0,-5.86682469411e-06,-3.66676543365e-06,0,0,0,0,0,0,-0.110972572103,-0.00641077286912,0.00317508647072,0.304482291256,0.0143826832189,-0.251674166931,-0.0276828745824,0.00977826881451,-0.00175533848561,0.0383374842905,-0.00649742839892,0.00221354273094,-0.020201908879,0.00603741879581,-0.000437251852087,0,0,0.000874503704174,0.000546564815108,0,-0.000437251852087,0,0,0.000874503704174,0.000546564815108,0
472,FRAME,COMPLETE,467,467,4.6699999999999999,RECOVERY,1.1000000000000014,0,0,0,0,0,0.3,0.12,0,0.8,0,0,0,0.3,-0.12,0,0.8,0,0,0,-0.1311,0.0356,-0.0348,0.2468,-0.1204,-0.0378,-0.1311,-0.0356,0.0348,0.2468,-0.1204,0.0378,0,0,0,0,0,0,0,0,0,0,0,0,0,0,0,0,0,0,0,0,0,0,0,0,0,0,0,0,0,0,0,0,0,0,0,0,0,0,0,0,0,0,0,0,0,0,0,0,0,0,0,0,0,0,0,0,0,0,0,0,0,0
