sequence_index,row_kind,event,action_tick,frame_index,time_s,phase,source_time_s,q_rad::waist_yaw_joint,q_rad::waist_roll_joint,q_rad::waist_pitch_joint,q_rad::head_yaw_joint,q_rad::head_pitch_joint,q_rad::left_shoulder_pitch_joint,q_rad::left_shoulder_roll_joint,q_rad::left_shoulder_yaw_joint,q_rad::left_elbow_joint,q_rad::left_wrist_roll_joint,q_rad::left_wrist_pitch_joint,q_rad::left_wrist_yaw_joint,q_rad::right_shoulder_pitch_joint,q_rad::right_shoulder_roll_joint,q_rad::right_shoulder_yaw_joint,q_rad::right_elbow_joint,q_rad::right_wrist_roll_joint,q_rad::right_wrist_pitch_joint,q_rad::right_wrist_yaw_joint,q_rad::left_hip_pitch_joint,q_rad::left_hip_roll_joint,q_rad::left_hip_yaw_joint,q_rad::left_knee_joint,q_rad::left_ankle_pitch_joint,q_rad::left_ankle_roll_joint,q_rad::right_hip_pitch_joint,q_rad::right_hip_roll_joint,q_rad::right_hip_yaw_joint,q_rad::right_knee_joint,q_rad::right_ankle_pitch_joint,q_rad::right_ankle_roll_joint,qd_rad_s::waist_yaw_joint,qd_rad_s::waist_roll_joint,qd_rad_s::waist_pitch_joint,qd_rad_s::head_yaw_joint,qd_rad_s::head_pitch_joint,qd_rad_s::left_shoulder_pitch_joint,qd_rad_s::left_shoulder_roll_joint,qd_rad_s::left_shoulder_yaw_joint,qd_rad_s::left_elbow_joint,qd_rad_s::left_wrist_roll_joint,qd_rad_s::left_wrist_pitch_joint,qd_rad_s::left_wrist_yaw_joint,qd_rad_s::right_shoulder_pitch_joint,qd_rad_s::right_shoulder_roll_joint,qd_rad_s::right_shoulder_yaw_joint,qd_rad_s::right_elbow_joint,qd_rad_s::right_wrist_roll_joint,qd_rad_s::right_wrist_pitch_joint,qd_rad_s::right_wrist_yaw_joint,qd_rad_s::left_hip_pitch_joint,qd_rad_s::left_hip_roll_joint,qd_rad_s::left_hip_yaw_joint,qd_rad_s::left_knee_joint,qd_rad_s::left_ankle_pitch_joint,qd_rad_s::left_ankle_roll_joint,qd_rad_s::right_hip_pitch_joint,qd_rad_s::right_hip_roll_joint,qd_rad_s::right_hip_yaw_joint,qd_rad_s::right_knee_joint,qd_rad_s::right_ankle_pitch_joint,qd_rad_s::right_ankle_roll_joint,qdd_rad_s2::waist_yaw_joint,qdd_rad_s2::waist_roll_joint,qdd_rad_s2::waist_pitch_joint,qdd_rad_s2::head_yaw_joint,qdd_rad_s2::head_pitch_joint,qdd_rad_s2::left_shoulder_pitch_joint,qdd_rad_s2::left_shoulder_roll_joint,qdd_rad_s2::left_shoulder_yaw_joint,qdd_rad_s2::left_elbow_joint,qdd_rad_s2::left_wrist_roll_joint,qdd_rad_s2::left_wrist_pitch_joint,qdd_rad_s2::left_wrist_yaw_joint,qdd_rad_s2::right_shoulder_pitch_joint,qdd_rad_s2::right_shoulder_roll_joint,qdd_rad_s2::right_shoulder_yaw_joint,qdd_rad_s2::right_elbow_joint,qdd_rad_s2::right_wrist_roll_joint,qdd_rad_s2::right_wrist_pitch_joint,qdd_rad_s2::right_wrist_yaw_joint,qdd_rad_s2::left_hip_pitch_joint,qdd_rad_s2::left_hip_roll_joint,qdd_rad_s2::left_hip_yaw_joint,qdd_rad_s2::left_knee_joint,qdd_rad_s2::left_ankle_pitch_joint,qdd_rad_s2::left_ankle_roll_joint,qdd_rad_s2::right_hip_pitch_joint,qdd_rad_s2::right_hip_roll_joint,qdd_rad_s2::right_hip_yaw_joint,qdd_rad_s2::right_knee_joint,qdd_rad_s2::right_ankle_pitch_joint,qdd_rad_s2::right_ankle_roll_joint
0,PREAMBLE,WAIT_LOAD_CLEAR,,,,,,,,,,,,,,,,,,,,,,,,,,,,,,,,,,,,,,,,,,,,,,,,,,,,,,,,,,,,,,,,,,,,,,,,,,,,,,,,,,,,,,,,,,,,,,,,,,
1,PREAMBLE,GRAB,,,,,,,,,,,,,,,,,,,,,,,,,,,,,,,,,,,,,,,,,,,,,,,,,,,,,,,,,,,,,,,,,,,,,,,,,,,,,,,,,,,,,,,,,,,,,,,,,,
2,PREAMBLE,WAIT_GRAB_ACK,,,,,,,,,,,,,,,,,,,,,,,,,,,,,,,,,,,,,,,,,,,,,,,,,,,,,,,,,,,,,,,,,,,,,,,,,,,,,,,,,,,,,,,,,,,,,,,,,,
3,PREAMBLE,WAIT_SECURE_CLEAR,,,,,,,,,,,,,,,,,,,,,,,,,,,,,,,,,,,,,,,,,,,,,,,,,,,,,,,,,,,,,,,,,,,,,,,,,,,,,,,,,,,,,,,,,,,,,,,,,,
4,PREAMBLE,WAIT_SPACE,,,,,,,,,,,,,,,,,,,,,,,,,,,,,,,,,,,,,,,,,,,,,,,,,,,,,,,,,,,,,,,,,,,,,,,,,,,,,,,,,,,,,,,,,,,,,,,,,,
5,FRAME,SPACE,0,0,0,READY,-0.5,0,0,0,0,0,-1.4046392751347738,0.3358505556397568,-0.15599707196624429,-0.43373972580696757,0.018652721324241759,0.28070492315996365,-1.2929643037189176,-1.1175399038505436,-0.50627091124710577,1.3153141588394262,-0.70766059641664825,0.80517986124907925,0.7733352059593207,-0.22636550329189623,-0.15109999999999998,0.0055999999999999999,-0.034799999999999998,0.2868,-0.10339999999999999,-0.0077999999999999996,-0.15109999999999998,-0.0055999999999999999,0.034799999999999998,0.2868,-0.10339999999999999,0.0077999999999999996,0,0,0,0,0,0,0,0,0,0,0,0,0,0,0,0,0,0,0,0,0,0,0,0,0,0,0,0,0,0,0,0,0,0,0,0,0,0,0,0,0,0,0,0,0,0,0,0,0,0,0,0,0,0,0,0,0,0,0,0,0,0
6,FRAME,NONE,1,1,0.01,READY,-0.48999999999999999,0,0,0,0,0,-1.4046392751347738,0.3358505556397568,-0.15599707196624429,-0.43373972580696757,0.018652721324241759,0.28070492315996365,-1.2929643037189176,-1.1175399038505436,-0.50627091124710577,1.3153141588394262,-0.70766059641664825,0.80517986124907925,0.7733352059593207,-0.22636550329189623,-0.15109999999999998,0.0055999999999999999,-0.034799999999999998,0.2868,-0.10339999999999999,-0.0077999999999999996,-0.15109999999999998,-0.0055999999999999999,0.034799999999999998,0.2868,-0.10339999999999999,0.0077999999999999996,0,0,0,0,0,0,0,0,0,0,0,0,0,0,0,0,0,0,0,0,0,0,0,0,0,0,0,0,0,0,0,0,0,0,0,0,0,0,0,0,0,0,0,0,0,0,0,0,0,0,0,0,0,0,0,0,0,0,0,0,0,0
7,FRAME,NONE,2,2,0.02,READY,-0.47999999999999998,0,0,0,0,0,-1.4046392751347738,0.3358505556397568,-0.15599707196624429,-0.43373972580696757,0.018652721324241759,0.28070492315996365,-1.2929643037189176,-1.1175399038505436,-0.50627091124710577,1.3153141588394262,-0.70766059641664825,0.80517986124907925,0.7733352059593207,-0.22636550329189623,-0.15109999999999998,0.0055999999999999999,-0.034799999999999998,0.2868,-0.10339999999999999,-0.0077999999999999996,-0.15109999999999998,-0.0055999999999999999,0.034799999999999998,0.2868,-0.10339999999999999,0.0077999999999999996,0,0,0,0,0,0,0,0,0,0,0,0,0,0,0,0,0,0,0,0,0,0,0,0,0,0,0,0,0,0,0,0,0,0,0,0,0,0,0,0,0,0,0,0,0,0,0,0,0,0,0,0,0,0,0,0,0,0,0,0,0,0
8,FRAME,NONE,3,3,0.029999999999999999,READY,-0.46999999999999997,0,0,0,0,0,-1.4046392751347738,0.3358505556397568,-0.15599707196624429,-0.43373972580696757,0.018652721324241759,0.28070492315996365,-1.2929643037189176,-1.1175399038505436,-0.50627091124710577,1.3153141588394262,-0.70766059641664825,0.80517986124907925,0.7733352059593207,-0.22636550329189623,-0.15109999999999998,0.0055999999999999999,-0.034799999999999998,0.2868,-0.10339999999999999,-0.0077999999999999996,-0.15109999999999998,-0.0055999999999999999,0.034799999999999998,0.2868,-0.10339999999999999,0.0077999999999999996,0,0,0,0,0,0,0,0,0,0,0,0,0,0,0,0,0,0,0,0,0,0,0,0,0,0,0,0,0,0,0,0,0,0,0,0,0,0,0,0,0,0,0,0,0,0,0,0,0,0,0,0,0,0,0,0,0,0,0,0,0,0
9,FRAME,NONE,4,4,0.040000000000000001,READY,-0.46000000000000002,0,0,0,0,0,-1.4046392751347738,0.3358505556397568,-0.15599707196624429,-0.43373972580696757,0.018652721324241759,0.28070492315996365,-1.2929643037189176,-1.1175399038505436,-0.50627091124710577,1.3153141588394262,-0.70766059641664825,0.80517986124907925,0.7733352059593207,-0.22636550329189623,-0.15109999999999998,0.0055999999999999999,-0.034799999999999998,0.2868,-0.10339999999999999,-0.0077999999999999996,-0.15109999999999998,-0.0055999999999999999,0.034799999999999998,0.2868,-0.10339999999999999,0.0077999999999999996,0,0,0,0,0,0,0,0,0,0,0,0,0,0,0,0,0,0,0,0,0,0,0,0,0,0,0,0,0,0,0,0,0,0,0,0,0,0,0,0,0,0,0,0,0,0,0,0,0,0,0,0,0,0,0,0,0,0,0,0,0,0
10,FRAME,NONE,5,5,0.050000000000000003,READY,-0.45000000000000001,0,0,0,0,0,-1.4046392751347738,0.3358505556397568,-0.15599707196624429,-0.43373972580696757,0.018652721324241759,0.28070492315996365,-1.2929643037189176,-1.1175399038505436,-0.50627091124710577,1.3153141588394262,-0.70766059641664825,0.80517986124907925,0.7733352059593207,-0.22636550329189623,-0.15109999999999998,0.0055999999999999999,-0.034799999999999998,0.2868,-0.10339999999999999,-0.0077999999999999996,-0.15109999999999998,-0.0055999999999999999,0.034799999999999998,0.2868,-0.10339999999999999,0.0077999999999999996,0,0,0,0,0,0,0,0,0,0,0,0,0,0,0,0,0,0,0,0,0,0,0,0,0,0,0,0,0,0,0,0,0,0,0,0,0,0,0,0,0,0,0,0,0,0,0,0,0,0,0,0,0,0,0,0,0,0,0,0,0,0
11,FRAME,NONE,6,6,0.059999999999999998,READY,-0.44,0,0,0,0,0,-1.4046392751347738,0.3358505556397568,-0.15599707196624429,-0.43373972580696757,0.018652721324241759,0.28070492315996365,-1.2929643037189176,-1.1175399038505436,-0.50627091124710577,1.3153141588394262,-0.70766059641664825,0.80517986124907925,0.7733352059593207,-0.22636550329189623,-0.15109999999999998,0.0055999999999999999,-0.034799999999999998,0.2868,-0.10339999999999999,-0.0077999999999999996,-0.15109999999999998,-0.0055999999999999999,0.034799999999999998,0.2868,-0.10339999999999999,0.0077999999999999996,0,0,0,0,0,0,0,0,0,0,0,0,0,0,0,0,0,0,0,0,0,0,0,0,0,0,0,0,0,0,0,0,0,0,0,0,0,0,0,0,0,0,0,0,0,0,0,0,0,0,0,0,0,0,0,0,0,0,0,0,0,0
12,FRAME,NONE,7,7,0.070000000000000007,READY,-0.42999999999999999,0,0,0,0,0,-1.4046392751347738,0.3358505556397568,-0.15599707196624429,-0.43373972580696757,0.018652721324241759,0.28070492315996365,-1.2929643037189176,-1.1175399038505436,-0.50627091124710577,1.3153141588394262,-0.70766059641664825,0.80517986124907925,0.7733352059593207,-0.22636550329189623,-0.15109999999999998,0.0055999999999999999,-0.034799999999999998,0.2868,-0.10339999999999999,-0.0077999999999999996,-0.15109999999999998,-0.0055999999999999999,0.034799999999999998,0.2868,-0.10339999999999999,0.0077999999999999996,0,0,0,0,0,0,0,0,0,0,0,0,0,0,0,0,0,0,0,0,0,0,0,0,0,0,0,0,0,0,0,0,0,0,0,0,0,0,0,0,0,0,0,0,0,0,0,0,0,0,0,0,0,0,0,0,0,0,0,0,0,0
13,FRAME,NONE,8,8,0.080000000000000002,READY,-0.41999999999999998,0,0,0,0,0,-1.4046392751347738,0.3358505556397568,-0.15599707196624429,-0.43373972580696757,0.018652721324241759,0.28070492315996365,-1.2929643037189176,-1.1175399038505436,-0.50627091124710577,1.3153141588394262,-0.70766059641664825,0.80517986124907925,0.7733352059593207,-0.22636550329189623,-0.15109999999999998,0.0055999999999999999,-0.034799999999999998,0.2868,-0.10339999999999999,-0.0077999999999999996,-0.15109999999999998,-0.0055999999999999999,0.034799999999999998,0.2868,-0.10339999999999999,0.0077999999999999996,0,0,0,0,0,0,0,0,0,0,0,0,0,0,0,0,0,0,0,0,0,0,0,0,0,0,0,0,0,0,0,0,0,0,0,0,0,0,0,0,0,0,0,0,0,0,0,0,0,0,0,0,0,0,0,0,0,0,0,0,0,0
14,FRAME,NONE,9,9,0.089999999999999997,READY,-0.40999999999999998,0,0,0,0,0,-1.4046392751347738,0.3358505556397568,-0.15599707196624429,-0.43373972580696757,0.018652721324241759,0.28070492315996365,-1.2929643037189176,-1.1175399038505436,-0.50627091124710577,1.3153141588394262,-0.70766059641664825,0.80517986124907925,0.7733352059593207,-0.22636550329189623,-0.15109999999999998,0.0055999999999999999,-0.034799999999999998,0.2868,-0.10339999999999999,-0.0077999999999999996,-0.15109999999999998,-0.0055999999999999999,0.034799999999999998,0.2868,-0.10339999999999999,0.0077999999999999996,0,0,0,0,0,0,0,0,0,0,0,0,0,0,0,0,0,0,0,0,0,0,0,0,0,0,0,0,0,0,0,0,0,0,0,0,0,0,0,0,0,0,0,0,0,0,0,0,0,0,0,0,0,0,0,0,0,0,0,0,0,0
15,FRAME,NONE,10,10,0.10000000000000001,READY,-0.40000000000000002,0,0,0,0,0,-1.4046392751347738,0.3358505556397568,-0.15599707196624429,-0.43373972580696757,0.018652721324241759,0.28070492315996365,-1.2929643037189176,-1.1175399038505436,-0.50627091124710577,1.3153141588394262,-0.70766059641664825,0.80517986124907925,0.7733352059593207,-0.22636550329189623,-0.15109999999999998,0.0055999999999999999,-0.034799999999999998,0.2868,-0.10339999999999999,-0.0077999999999999996,-0.15109999999999998,-0.0055999999999999999,0.034799999999999998,0.2868,-0.10339999999999999,0.0077999999999999996,0,0,0,0,0,0,0,0,0,0,0,0,0,0,0,0,0,0,0,0,0,0,0,0,0,0,0,0,0,0,0,0,0,0,0,0,0,0,0,0,0,0,0,0,0,0,0,0,0,0,0,0,0,0,0,0,0,0,0,0,0,0
16,FRAME,NONE,11,11,0.11,READY,-0.39000000000000001,0,0,0,0,0,-1.4046392751347738,0.3358505556397568,-0.15599707196624429,-0.43373972580696757,0.018652721324241759,0.28070492315996365,-1.2929643037189176,-1.1175399038505436,-0.50627091124710577,1.3153141588394262,-0.70766059641664825,0.80517986124907925,0.7733352059593207,-0.22636550329189623,-0.15109999999999998,0.0055999999999999999,-0.034799999999999998,0.2868,-0.10339999999999999,-0.0077999999999999996,-0.15109999999999998,-0.0055999999999999999,0.034799999999999998,0.2868,-0.10339999999999999,0.0077999999999999996,0,0,0,0,0,0,0,0,0,0,0,0,0,0,0,0,0,0,0,0,0,0,0,0,0,0,0,0,0,0,0,0,0,0,0,0,0,0,0,0,0,0,0,0,0,0,0,0,0,0,0,0,0,0,0,0,0,0,0,0,0,0
17,FRAME,NONE,12,12,0.12,READY,-0.38,0,0,0,0,0,-1.4046392751347738,0.3358505556397568,-0.15599707196624429,-0.43373972580696757,0.018652721324241759,0.28070492315996365,-1.2929643037189176,-1.1175399038505436,-0.50627091124710577,1.3153141588394262,-0.70766059641664825,0.80517986124907925,0.7733352059593207,-0.22636550329189623,-0.15109999999999998,0.0055999999999999999,-0.034799999999999998,0.2868,-0.10339999999999999,-0.0077999999999999996,-0.15109999999999998,-0.0055999999999999999,0.034799999999999998,0.2868,-0.10339999999999999,0.0077999999999999996,0,0,0,0,0,0,0,0,0,0,0,0,0,0,0,0,0,0,0,0,0,0,0,0,0,0,0,0,0,0,0,0,0,0,0,0,0,0,0,0,0,0,0,0,0,0,0,0,0,0,0,0,0,0,0,0,0,0,0,0,0,0
18,FRAME,NONE,13,13,0.13,READY,-0.37,0,0,0,0,0,-1.4046392751347738,0.3358505556397568,-0.15599707196624429,-0.43373972580696757,0.018652721324241759,0.28070492315996365,-1.2929643037189176,-1.1175399038505436,-0.50627091124710577,1.3153141588394262,-0.70766059641664825,0.80517986124907925,0.7733352059593207,-0.22636550329189623,-0.15109999999999998,0.0055999999999999999,-0.034799999999999998,0.2868,-0.10339999999999999,-0.0077999999999999996,-0.15109999999999998,-0.0055999999999999999,0.034799999999999998,0.2868,-0.10339999999999999,0.0077999999999999996,0,0,0,0,0,0,0,0,0,0,0,0,0,0,0,0,0,0,0,0,0,0,0,0,0,0,0,0,0,0,0,0,0,0,0,0,0,0,0,0,0,0,0,0,0,0,0,0,0,0,0,0,0,0,0,0,0,0,0,0,0,0
19,FRAME,NONE,14,14,0.14000000000000001,READY,-0.35999999999999999,0,0,0,0,0,-1.4046392751347738,0.3358505556397568,-0.15599707196624429,-0.43373972580696757,0.018652721324241759,0.28070492315996365,-1.2929643037189176,-1.1175399038505436,-0.50627091124710577,1.3153141588394262,-0.70766059641664825,0.80517986124907925,0.7733352059593207,-0.22636550329189623,-0.15109999999999998,0.0055999999999999999,-0.034799999999999998,0.2868,-0.10339999999999999,-0.0077999999999999996,-0.15109999999999998,-0.0055999999999999999,0.034799999999999998,0.2868,-0.10339999999999999,0.0077999999999999996,0,0,0,0,0,0,0,0,0,0,0,0,0,0,0,0,0,0,0,0,0,0,0,0,0,0,0,0,0,0,0,0,0,0,0,0,0,0,0,0,0,0,0,0,0,0,0,0,0,0,0,0,0,0,0,0,0,0,0,0,0,0
20,FRAME,NONE,15,15,0.14999999999999999,READY,-0.34999999999999998,0,0,0,0,0,-1.4046392751347738,0.3358505556397568,-0.15599707196624429,-0.43373972580696757,0.018652721324241759,0.28070492315996365,-1.2929643037189176,-1.1175399038505436,-0.50627091124710577,1.3153141588394262,-0.70766059641664825,0.80517986124907925,0.7733352059593207,-0.22636550329189623,-0.15109999999999998,0.0055999999999999999,-0.034799999999999998,0.2868,-0.10339999999999999,-0.0077999999999999996,-0.15109999999999998,-0.0055999999999999999,0.034799999999999998,0.2868,-0.10339999999999999,0.0077999999999999996,0,0,0,0,0,0,0,0,0,0,0,0,0,0,0,0,0,0,0,0,0,0,0,0,0,0,0,0,0,0,0,0,0,0,0,0,0,0,0,0,0,0,0,0,0,0,0,0,0,0,0,0,0,0,0,0,0,0,0,0,0,0
21,FRAME,NONE,16,16,0.16,READY,-0.34000000000000002,0,0,0,0,0,-1.4046392751347738,0.3358505556397568,-0.15599707196624429,-0.43373972580696757,0.018652721324241759,0.28070492315996365,-1.2929643037189176,-1.1175399038505436,-0.50627091124710577,1.3153141588394262,-0.70766059641664825,0.80517986124907925,0.7733352059593207,-0.22636550329189623,-0.15109999999999998,0.0055999999999999999,-0.034799999999999998,0.2868,-0.10339999999999999,-0.0077999999999999996,-0.15109999999999998,-0.0055999999999999999,0.034799999999999998,0.2868,-0.10339999999999999,0.0077999999999999996,0,0,0,0,0,0,0,0,0,0,0,0,0,0,0,0,0,0,0,0,0,0,0,0,0,0,0,0,0,0,0,0,0,0,0,0,0,0,0,0,0,0,0,0,0,0,0,0,0,0,0,0,0,0,0,0,0,0,0,0,0,0
22,FRAME,NONE,17,17,0.17000000000000001,READY,-0.33000000000000002,0,0,0,0,0,-1.4046392751347738,0.3358505556397568,-0.15599707196624429,-0.43373972580696757,0.018652721324241759,0.28070492315996365,-1.2929643037189176,-1.1175399038505436,-0.50627091124710577,1.3153141588394262,-0.70766059641664825,0.80517986124907925,0.7733352059593207,-0.22636550329189623,-0.15109999999999998,0.0055999999999999999,-0.034799999999999998,0.2868,-0.10339999999999999,-0.0077999999999999996,-0.15109999999999998,-0.0055999999999999999,0.034799999999999998,0.2868,-0.10339999999999999,0.0077999999999999996,0,0,0,0,0,0,0,0,0,0,0,0,0,0,0,0,0,0,0,0,0,0,0,0,0,0,0,0,0,0,0,0,0,0,0,0,0,0,0,0,0,0,0,0,0,0,0,0,0,0,0,0,0,0,0,0,0,0,0,0,0,0
23,FRAME,NONE,18,18,0.17999999999999999,READY,-0.32000000000000001,0,0,0,0,0,-1.4046392751347738,0.3358505556397568,-0.15599707196624429,-0.43373972580696757,0.018652721324241759,0.28070492315996365,-1.2929643037189176,-1.1175399038505436,-0.50627091124710577,1.3153141588394262,-0.70766059641664825,0.80517986124907925,0.7733352059593207,-0.22636550329189623,-0.15109999999999998,0.0055999999999999999,-0.034799999999999998,0.2868,-0.10339999999999999,-0.0077999999999999996,-0.15109999999999998,-0.0055999999999999999,0.034799999999999998,0.2868,-0.10339999999999999,0.0077999999999999996,0,0,0,0,0,0,0,0,0,0,0,0,0,0,0,0,0,0,0,0,0,0,0,0,0,0,0,0,0,0,0,0,0,0,0,0,0,0,0,0,0,0,0,0,0,0,0,0,0,0,0,0,0,0,0,0,0,0,0,0,0,0
24,FRAME,NONE,19,19,0.19,READY,-0.31,0,0,0,0,0,-1.4046392751347738,0.3358505556397568,-0.15599707196624429,-0.43373972580696757,0.018652721324241759,0.28070492315996365,-1.2929643037189176,-1.1175399038505436,-0.50627091124710577,1.3153141588394262,-0.70766059641664825,0.80517986124907925,0.7733352059593207,-0.22636550329189623,-0.15109999999999998,0.0055999999999999999,-0.034799999999999998,0.2868,-0.10339999999999999,-0.0077999999999999996,-0.15109999999999998,-0.0055999999999999999,0.034799999999999998,0.2868,-0.10339999999999999,0.0077999999999999996,0,0,0,0,0,0,0,0,0,0,0,0,0,0,0,0,0,0,0,0,0,0,0,0,0,0,0,0,0,0,0,0,0,0,0,0,0,0,0,0,0,0,0,0,0,0,0,0,0,0,0,0,0,0,0,0,0,0,0,0,0,0
25,FRAME,NONE,20,20,0.20000000000000001,READY,-0.29999999999999999,0,0,0,0,0,-1.4046392751347738,0.3358505556397568,-0.15599707196624429,-0.43373972580696757,0.018652721324241759,0.28070492315996365,-1.2929643037189176,-1.1175399038505436,-0.50627091124710577,1.3153141588394262,-0.70766059641664825,0.80517986124907925,0.7733352059593207,-0.22636550329189623,-0.15109999999999998,0.0055999999999999999,-0.034799999999999998,0.2868,-0.10339999999999999,-0.0077999999999999996,-0.15109999999999998,-0.0055999999999999999,0.034799999999999998,0.2868,-0.10339999999999999,0.0077999999999999996,0,0,0,0,0,0,0,0,0,0,0,0,0,0,0,0,0,0,0,0,0,0,0,0,0,0,0,0,0,0,0,0,0,0,0,0,0,0,0,0,0,0,0,0,0,0,0,0,0,0,0,0,0,0,0,0,0,0,0,0,0,0
26,FRAME,NONE,21,21,0.20999999999999999,READY,-0.28999999999999998,0,0,0,0,0,-1.4046392751347738,0.3358505556397568,-0.15599707196624429,-0.43373972580696757,0.018652721324241759,0.28070492315996365,-1.2929643037189176,-1.1175399038505436,-0.50627091124710577,1.3153141588394262,-0.70766059641664825,0.80517986124907925,0.7733352059593207,-0.22636550329189623,-0.15109999999999998,0.0055999999999999999,-0.034799999999999998,0.2868,-0.10339999999999999,-0.0077999999999999996,-0.15109999999999998,-0.0055999999999999999,0.034799999999999998,0.2868,-0.10339999999999999,0.0077999999999999996,0,0,0,0,0,0,0,0,0,0,0,0,0,0,0,0,0,0,0,0,0,0,0,0,0,0,0,0,0,0,0,0,0,0,0,0,0,0,0,0,0,0,0,0,0,0,0,0,0,0,0,0,0,0,0,0,0,0,0,0,0,0
27,FRAME,NONE,22,22,0.22,READY,-0.28000000000000003,0,0,0,0,0,-1.4046392751347738,0.3358505556397568,-0.15599707196624429,-0.43373972580696757,0.018652721324241759,0.28070492315996365,-1.2929643037189176,-1.1175399038505436,-0.50627091124710577,1.3153141588394262,-0.70766059641664825,0.80517986124907925,0.7733352059593207,-0.22636550329189623,-0.15109999999999998,0.0055999999999999999,-0.034799999999999998,0.2868,-0.10339999999999999,-0.0077999999999999996,-0.15109999999999998,-0.0055999999999999999,0.034799999999999998,0.2868,-0.10339999999999999,0.0077999999999999996,0,0,0,0,0,0,0,0,0,0,0,0,0,0,0,0,0,0,0,0,0,0,0,0,0,0,0,0,0,0,0,0,0,0,0,0,0,0,0,0,0,0,0,0,0,0,0,0,0,0,0,0,0,0,0,0,0,0,0,0,0,0
28,FRAME,NONE,23,23,0.23000000000000001,READY,-0.27000000000000002,0,0,0,0,0,-1.4046392751347738,0.3358505556397568,-0.15599707196624429,-0.43373972580696757,0.018652721324241759,0.28070492315996365,-1.2929643037189176,-1.1175399038505436,-0.50627091124710577,1.3153141588394262,-0.70766059641664825,0.80517986124907925,0.7733352059593207,-0.22636550329189623,-0.15109999999999998,0.0055999999999999999,-0.034799999999999998,0.2868,-0.10339999999999999,-0.0077999999999999996,-0.15109999999999998,-0.0055999999999999999,0.034799999999999998,0.2868,-0.10339999999999999,0.0077999999999999996,0,0,0,0,0,0,0,0,0,0,0,0,0,0,0,0,0,0,0,0,0,0,0,0,0,0,0,0,0,0,0,0,0,0,0,0,0,0,0,0,0,0,0,0,0,0,0,0,0,0,0,0,0,0,0,0,0,0,0,0,0,0
29,FRAME,NONE,24,24,0.23999999999999999,READY,-0.26000000000000001,0,0,0,0,0,-1.4046392751347738,0.3358505556397568,-0.15599707196624429,-0.43373972580696757,0.018652721324241759,0.28070492315996365,-1.2929643037189176,-1.1175399038505436,-0.50627091124710577,1.3153141588394262,-0.70766059641664825,0.80517986124907925,0.7733352059593207,-0.22636550329189623,-0.15109999999999998,0.0055999999999999999,-0.034799999999999998,0.2868,-0.10339999999999999,-0.0077999999999999996,-0.15109999999999998,-0.0055999999999999999,0.034799999999999998,0.2868,-0.10339999999999999,0.0077999999999999996,0,0,0,0,0,0,0,0,0,0,0,0,0,0,0,0,0,0,0,0,0,0,0,0,0,0,0,0,0,0,0,0,0,0,0,0,0,0,0,0,0,0,0,0,0,0,0,0,0,0,0,0,0,0,0,0,0,0,0,0,0,0
30,FRAME,NONE,25,25,0.25,READY,-0.25,0,0,0,0,0,-1.4046392751347738,0.3358505556397568,-0.15599707196624429,-0.43373972580696757,0.018652721324241759,0.28070492315996365,-1.2929643037189176,-1.1175399038505436,-0.50627091124710577,1.3153141588394262,-0.70766059641664825,0.80517986124907925,0.7733352059593207,-0.22636550329189623,-0.15109999999999998,0.0055999999999999999,-0.034799999999999998,0.2868,-0.10339999999999999,-0.0077999999999999996,-0.15109999999999998,-0.0055999999999999999,0.034799999999999998,0.2868,-0.10339999999999999,0.0077999999999999996,0,0,0,0,0,0,0,0,0,0,0,0,0,0,0,0,0,0,0,0,0,0,0,0,0,0,0,0,0,0,0,0,0,0,0,0,0,0,0,0,0,0,0,0,0,0,0,0,0,0,0,0,0,0,0,0,0,0,0,0,0,0
31,FRAME,NONE,26,26,0.26000000000000001,READY,-0.23999999999999999,0,0,0,0,0,-1.4046392751347738,0.3358505556397568,-0.15599707196624429,-0.43373972580696757,0.018652721324241759,0.28070492315996365,-1.2929643037189176,-1.1175399038505436,-0.50627091124710577,1.3153141588394262,-0.70766059641664825,0.80517986124907925,0.7733352059593207,-0.22636550329189623,-0.15109999999999998,0.0055999999999999999,-0.034799999999999998,0.2868,-0.10339999999999999,-0.0077999999999999996,-0.15109999999999998,-0.0055999999999999999,0.034799999999999998,0.2868,-0.10339999999999999,0.0077999999999999996,0,0,0,0,0,0,0,0,0,0,0,0,0,0,0,0,0,0,0,0,0,0,0,0,0,0,0,0,0,0,0,0,0,0,0,0,0,0,0,0,0,0,0,0,0,0,0,0,0,0,0,0,0,0,0,0,0,0,0,0,0,0
32,FRAME,NONE,27,27,0.27000000000000002,READY,-0.23000000000000001,0,0,0,0,0,-1.4046392751347738,0.3358505556397568,-0.15599707196624429,-0.43373972580696757,0.018652721324241759,0.28070492315996365,-1.2929643037189176,-1.1175399038505436,-0.50627091124710577,1.3153141588394262,-0.70766059641664825,0.80517986124907925,0.7733352059593207,-0.22636550329189623,-0.15109999999999998,0.0055999999999999999,-0.034799999999999998,0.2868,-0.10339999999999999,-0.0077999999999999996,-0.15109999999999998,-0.0055999999999999999,0.034799999999999998,0.2868,-0.10339999999999999,0.0077999999999999996,0,0,0,0,0,0,0,0,0,0,0,0,0,0,0,0,0,0,0,0,0,0,0,0,0,0,0,0,0,0,0,0,0,0,0,0,0,0,0,0,0,0,0,0,0,0,0,0,0,0,0,0,0,0,0,0,0,0,0,0,0,0
33,FRAME,NONE,28,28,0.28000000000000003,READY,-0.22,0,0,0,0,0,-1.4046392751347738,0.3358505556397568,-0.15599707196624429,-0.43373972580696757,0.018652721324241759,0.28070492315996365,-1.2929643037189176,-1.1175399038505436,-0.50627091124710577,1.3153141588394262,-0.70766059641664825,0.80517986124907925,0.7733352059593207,-0.22636550329189623,-0.15109999999999998,0.0055999999999999999,-0.034799999999999998,0.2868,-0.10339999999999999,-0.0077999999999999996,-0.15109999999999998,-0.0055999999999999999,0.034799999999999998,0.2868,-0.10339999999999999,0.0077999999999999996,0,0,0,0,0,0,0,0,0,0,0,0,0,0,0,0,0,0,0,0,0,0,0,0,0,0,0,0,0,0,0,0,0,0,0,0,0,0,0,0,0,0,0,0,0,0,0,0,0,0,0,0,0,0,0,0,0,0,0,0,0,0
34,FRAME,NONE,29,29,0.28999999999999998,READY,-0.20999999999999999,0,0,0,0,0,-1.4046392751347738,0.3358505556397568,-0.15599707196624429,-0.43373972580696757,0.018652721324241759,0.28070492315996365,-1.2929643037189176,-1.1175399038505436,-0.50627091124710577,1.3153141588394262,-0.70766059641664825,0.80517986124907925,0.7733352059593207,-0.22636550329189623,-0.15109999999999998,0.0055999999999999999,-0.034799999999999998,0.2868,-0.10339999999999999,-0.0077999999999999996,-0.15109999999999998,-0.0055999999999999999,0.034799999999999998,0.2868,-0.10339999999999999,0.0077999999999999996,0,0,0,0,0,0,0,0,0,0,0,0,0,0,0,0,0,0,0,0,0,0,0,0,0,0,0,0,0,0,0,0,0,0,0,0,0,0,0,0,0,0,0,0,0,0,0,0,0,0,0,0,0,0,0,0,0,0,0,0,0,0
35,FRAME,NONE,30,30,0.29999999999999999,READY,-0.20000000000000001,0,0,0,0,0,-1.4046392751347738,0.3358505556397568,-0.15599707196624429,-0.43373972580696757,0.018652721324241759,0.28070492315996365,-1.2929643037189176,-1.1175399038505436,-0.50627091124710577,1.3153141588394262,-0.70766059641664825,0.80517986124907925,0.7733352059593207,-0.22636550329189623,-0.15109999999999998,0.0055999999999999999,-0.034799999999999998,0.2868,-0.10339999999999999,-0.0077999999999999996,-0.15109999999999998,-0.0055999999999999999,0.034799999999999998,0.2868,-0.10339999999999999,0.0077999999999999996,0,0,0,0,0,0,0,0,0,0,0,0,0,0,0,0,0,0,0,0,0,0,0,0,0,0,0,0,0,0,0,0,0,0,0,0,0,0,0,0,0,0,0,0,0,0,0,0,0,0,0,0,0,0,0,0,0,0,0,0,0,0
36,FRAME,NONE,31,31,0.31,READY,-0.19,0,0,0,0,0,-1.4046392751347738,0.3358505556397568,-0.15599707196624429,-0.43373972580696757,0.018652721324241759,0.28070492315996365,-1.2929643037189176,-1.1175399038505436,-0.50627091124710577,1.3153141588394262,-0.70766059641664825,0.80517986124907925,0.7733352059593207,-0.22636550329189623,-0.15109999999999998,0.0055999999999999999,-0.034799999999999998,0.2868,-0.10339999999999999,-0.0077999999999999996,-0.15109999999999998,-0.0055999999999999999,0.034799999999999998,0.2868,-0.10339999999999999,0.0077999999999999996,0,0,0,0,0,0,0,0,0,0,0,0,0,0,0,0,0,0,0,0,0,0,0,0,0,0,0,0,0,0,0,0,0,0,0,0,0,0,0,0,0,0,0,0,0,0,0,0,0,0,0,0,0,0,0,0,0,0,0,0,0,0
37,FRAME,NONE,32,32,0.32000000000000001,READY,-0.17999999999999999,0,0,0,0,0,-1.4046392751347738,0.3358505556397568,-0.15599707196624429,-0.43373972580696757,0.018652721324241759,0.28070492315996365,-1.2929643037189176,-1.1175399038505436,-0.50627091124710577,1.3153141588394262,-0.70766059641664825,0.80517986124907925,0.7733352059593207,-0.22636550329189623,-0.15109999999999998,0.0055999999999999999,-0.034799999999999998,0.2868,-0.10339999999999999,-0.0077999999999999996,-0.15109999999999998,-0.0055999999999999999,0.034799999999999998,0.2868,-0.10339999999999999,0.0077999999999999996,0,0,0,0,0,0,0,0,0,0,0,0,0,0,0,0,0,0,0,0,0,0,0,0,0,0,0,0,0,0,0,0,0,0,0,0,0,0,0,0,0,0,0,0,0,0,0,0,0,0,0,0,0,0,0,0,0,0,0,0,0,0
38,FRAME,NONE,33,33,0.33000000000000002,READY,-0.17000000000000001,0,0,0,0,0,-1.4046392751347738,0.3358505556397568,-0.15599707196624429,-0.43373972580696757,0.018652721324241759,0.28070492315996365,-1.2929643037189176,-1.1175399038505436,-0.50627091124710577,1.3153141588394262,-0.70766059641664825,0.80517986124907925,0.7733352059593207,-0.22636550329189623,-0.15109999999999998,0.0055999999999999999,-0.034799999999999998,0.2868,-0.10339999999999999,-0.0077999999999999996,-0.15109999999999998,-0.0055999999999999999,0.034799999999999998,0.2868,-0.10339999999999999,0.0077999999999999996,0,0,0,0,0,0,0,0,0,0,0,0,0,0,0,0,0,0,0,0,0,0,0,0,0,0,0,0,0,0,0,0,0,0,0,0,0,0,0,0,0,0,0,0,0,0,0,0,0,0,0,0,0,0,0,0,0,0,0,0,0,0
39,FRAME,NONE,34,34,0.34000000000000002,READY,-0.16,0,0,0,0,0,-1.4046392751347738,0.3358505556397568,-0.15599707196624429,-0.43373972580696757,0.018652721324241759,0.28070492315996365,-1.2929643037189176,-1.1175399038505436,-0.50627091124710577,1.3153141588394262,-0.70766059641664825,0.80517986124907925,0.7733352059593207,-0.22636550329189623,-0.15109999999999998,0.0055999999999999999,-0.034799999999999998,0.2868,-0.10339999999999999,-0.0077999999999999996,-0.15109999999999998,-0.0055999999999999999,0.034799999999999998,0.2868,-0.10339999999999999,0.0077999999999999996,0,0,0,0,0,0,0,0,0,0,0,0,0,0,0,0,0,0,0,0,0,0,0,0,0,0,0,0,0,0,0,0,0,0,0,0,0,0,0,0,0,0,0,0,0,0,0,0,0,0,0,0,0,0,0,0,0,0,0,0,0,0
40,FRAME,NONE,35,35,0.34999999999999998,READY,-0.14999999999999999,0,0,0,0,0,-1.4046392751347738,0.3358505556397568,-0.15599707196624429,-0.43373972580696757,0.018652721324241759,0.28070492315996365,-1.2929643037189176,-1.1175399038505436,-0.50627091124710577,1.3153141588394262,-0.70766059641664825,0.80517986124907925,0.7733352059593207,-0.22636550329189623,-0.15109999999999998,0.0055999999999999999,-0.034799999999999998,0.2868,-0.10339999999999999,-0.0077999999999999996,-0.15109999999999998,-0.0055999999999999999,0.034799999999999998,0.2868,-0.10339999999999999,0.0077999999999999996,0,0,0,0,0,0,0,0,0,0,0,0,0,0,0,0,0,0,0,0,0,0,0,0,0,0,0,0,0,0,0,0,0,0,0,0,0,0,0,0,0,0,0,0,0,0,0,0,0,0,0,0,0,0,0,0,0,0,0,0,0,0
41,FRAME,NONE,36,36,0.35999999999999999,READY,-0.14000000000000001,0,0,0,0,0,-1.4046392751347738,0.3358505556397568,-0.15599707196624429,-0.43373972580696757,0.018652721324241759,0.28070492315996365,-1.2929643037189176,-1.1175399038505436,-0.50627091124710577,1.3153141588394262,-0.70766059641664825,0.80517986124907925,0.7733352059593207,-0.22636550329189623,-0.15109999999999998,0.0055999999999999999,-0.034799999999999998,0.2868,-0.10339999999999999,-0.0077999999999999996,-0.15109999999999998,-0.0055999999999999999,0.034799999999999998,0.2868,-0.10339999999999999,0.0077999999999999996,0,0,0,0,0,0,0,0,0,0,0,0,0,0,0,0,0,0,0,0,0,0,0,0,0,0,0,0,0,0,0,0,0,0,0,0,0,0,0,0,0,0,0,0,0,0,0,0,0,0,0,0,0,0,0,0,0,0,0,0,0,0
42,FRAME,NONE,37,37,0.37,READY,-0.13,0,0,0,0,0,-1.4046392751347738,0.3358505556397568,-0.15599707196624429,-0.43373972580696757,0.018652721324241759,0.28070492315996365,-1.2929643037189176,-1.1175399038505436,-0.50627091124710577,1.3153141588394262,-0.70766059641664825,0.80517986124907925,0.7733352059593207,-0.22636550329189623,-0.15109999999999998,0.0055999999999999999,-0.034799999999999998,0.2868,-0.10339999999999999,-0.0077999999999999996,-0.15109999999999998,-0.0055999999999999999,0.034799999999999998,0.2868,-0.10339999999999999,0.0077999999999999996,0,0,0,0,0,0,0,0,0,0,0,0,0,0,0,0,0,0,0,0,0,0,0,0,0,0,0,0,0,0,0,0,0,0,0,0,0,0,0,0,0,0,0,0,0,0,0,0,0,0,0,0,0,0,0,0,0,0,0,0,0,0
43,FRAME,NONE,38,38,0.38,READY,-0.12,0,0,0,0,0,-1.4046392751347738,0.3358505556397568,-0.15599707196624429,-0.43373972580696757,0.018652721324241759,0.28070492315996365,-1.2929643037189176,-1.1175399038505436,-0.50627091124710577,1.3153141588394262,-0.70766059641664825,0.80517986124907925,0.7733352059593207,-0.22636550329189623,-0.15109999999999998,0.0055999999999999999,-0.034799999999999998,0.2868,-0.10339999999999999,-0.0077999999999999996,-0.15109999999999998,-0.0055999999999999999,0.034799999999999998,0.2868,-0.10339999999999999,0.0077999999999999996,0,0,0,0,0,0,0,0,0,0,0,0,0,0,0,0,0,0,0,0,0,0,0,0,0,0,0,0,0,0,0,0,0,0,0,0,0,0,0,0,0,0,0,0,0,0,0,0,0,0,0,0,0,0,0,0,0,0,0,0,0,0
44,FRAME,NONE,39,39,0.39000000000000001,READY,-0.11,0,0,0,0,0,-1.4046392751347738,0.3358505556397568,-0.15599707196624429,-0.43373972580696757,0.018652721324241759,0.28070492315996365,-1.2929643037189176,-1.1175399038505436,-0.50627091124710577,1.3153141588394262,-0.70766059641664825,0.80517986124907925,0.7733352059593207,-0.22636550329189623,-0.15109999999999998,0.0055999999999999999,-0.034799999999999998,0.2868,-0.10339999999999999,-0.0077999999999999996,-0.15109999999999998,-0.0055999999999999999,0.034799999999999998,0.2868,-0.10339999999999999,0.0077999999999999996,0,0,0,0,0,0,0,0,0,0,0,0,0,0,0,0,0,0,0,0,0,0,0,0,0,0,0,0,0,0,0,0,0,0,0,0,0,0,0,0,0,0,0,0,0,0,0,0,0,0,0,0,0,0,0,0,0,0,0,0,0,0
45,FRAME,NONE,40,40,0.40000000000000002,READY,-0.10000000000000001,0,0,0,0,0,-1.4046392751347738,0.3358505556397568,-0.15599707196624429,-0.43373972580696757,0.018652721324241759,0.28070492315996365,-1.2929643037189176,-1.1175399038505436,-0.50627091124710577,1.3153141588394262,-0.70766059641664825,0.80517986124907925,0.7733352059593207,-0.22636550329189623,-0.15109999999999998,0.0055999999999999999,-0.034799999999999998,0.2868,-0.10339999999999999,-0.0077999999999999996,-0.15109999999999998,-0.0055999999999999999,0.034799999999999998,0.2868,-0.10339999999999999,0.0077999999999999996,0,0,0,0,0,0,0,0,0,0,0,0,0,0,0,0,0,0,0,0,0,0,0,0,0,0,0,0,0,0,0,0,0,0,0,0,0,0,0,0,0,0,0,0,0,0,0,0,0,0,0,0,0,0,0,0,0,0,0,0,0,0
46,FRAME,NONE,41,41,0.40999999999999998,READY,-0.089999999999999997,0,0,0,0,0,-1.4046392751347738,0.3358505556397568,-0.15599707196624429,-0.43373972580696757,0.018652721324241759,0.28070492315996365,-1.2929643037189176,-1.1175399038505436,-0.50627091124710577,1.3153141588394262,-0.70766059641664825,0.80517986124907925,0.7733352059593207,-0.22636550329189623,-0.15109999999999998,0.0055999999999999999,-0.034799999999999998,0.2868,-0.10339999999999999,-0.0077999999999999996,-0.15109999999999998,-0.0055999999999999999,0.034799999999999998,0.2868,-0.10339999999999999,0.0077999999999999996,0,0,0,0,0,0,0,0,0,0,0,0,0,0,0,0,0,0,0,0,0,0,0,0,0,0,0,0,0,0,0,0,0,0,0,0,0,0,0,0,0,0,0,0,0,0,0,0,0,0,0,0,0,0,0,0,0,0,0,0,0,0
47,FRAME,NONE,42,42,0.41999999999999998,READY,-0.080000000000000002,0,0,0,0,0,-1.4046392751347738,0.3358505556397568,-0.15599707196624429,-0.43373972580696757,0.018652721324241759,0.28070492315996365,-1.2929643037189176,-1.1175399038505436,-0.50627091124710577,1.3153141588394262,-0.70766059641664825,0.80517986124907925,0.7733352059593207,-0.22636550329189623,-0.15109999999999998,0.0055999999999999999,-0.034799999999999998,0.2868,-0.10339999999999999,-0.0077999999999999996,-0.15109999999999998,-0.0055999999999999999,0.034799999999999998,0.2868,-0.10339999999999999,0.0077999999999999996,0,0,0,0,0,0,0,0,0,0,0,0,0,0,0,0,0,0,0,0,0,0,0,0,0,0,0,0,0,0,0,0,0,0,0,0,0,0,0,0,0,0,0,0,0,0,0,0,0,0,0,0,0,0,0,0,0,0,0,0,0,0
48,FRAME,NONE,43,43,0.42999999999999999,READY,-0.070000000000000007,0,0,0,0,0,-1.4046392751347738,0.3358505556397568,-0.15599707196624429,-0.43373972580696757,0.018652721324241759,0.28070492315996365,-1.2929643037189176,-1.1175399038505436,-0.50627091124710577,1.3153141588394262,-0.70766059641664825,0.80517986124907925,0.7733352059593207,-0.22636550329189623,-0.15109999999999998,0.0055999999999999999,-0.034799999999999998,0.2868,-0.10339999999999999,-0.0077999999999999996,-0.15109999999999998,-0.0055999999999999999,0.034799999999999998,0.2868,-0.10339999999999999,0.0077999999999999996,0,0,0,0,0,0,0,0,0,0,0,0,0,0,0,0,0,0,0,0,0,0,0,0,0,0,0,0,0,0,0,0,0,0,0,0,0,0,0,0,0,0,0,0,0,0,0,0,0,0,0,0,0,0,0,0,0,0,0,0,0,0
49,FRAME,NONE,44,44,0.44,READY,-0.059999999999999998,0,0,0,0,0,-1.4046392751347738,0.3358505556397568,-0.15599707196624429,-0.43373972580696757,0.018652721324241759,0.28070492315996365,-1.2929643037189176,-1.1175399038505436,-0.50627091124710577,1.3153141588394262,-0.70766059641664825,0.80517986124907925,0.7733352059593207,-0.22636550329189623,-0.15109999999999998,0.0055999999999999999,-0.034799999999999998,0.2868,-0.10339999999999999,-0.0077999999999999996,-0.15109999999999998,-0.0055999999999999999,0.034799999999999998,0.2868,-0.10339999999999999,0.0077999999999999996,0,0,0,0,0,0,0,0,0,0,0,0,0,0,0,0,0,0,0,0,0,0,0,0,0,0,0,0,0,0,0,0,0,0,0,0,0,0,0,0,0,0,0,0,0,0,0,0,0,0,0,0,0,0,0,0,0,0,0,0,0,0
50,FRAME,NONE,45,45,0.45000000000000001,READY,-0.050000000000000003,0,0,0,0,0,-1.4046392751347738,0.3358505556397568,-0.15599707196624429,-0.43373972580696757,0.018652721324241759,0.28070492315996365,-1.2929643037189176,-1.1175399038505436,-0.50627091124710577,1.3153141588394262,-0.70766059641664825,0.80517986124907925,0.7733352059593207,-0.22636550329189623,-0.15109999999999998,0.0055999999999999999,-0.034799999999999998,0.2868,-0.10339999999999999,-0.0077999999999999996,-0.15109999999999998,-0.0055999999999999999,0.034799999999999998,0.2868,-0.10339999999999999,0.0077999999999999996,0,0,0,0,0,0,0,0,0,0,0,0,0,0,0,0,0,0,0,0,0,0,0,0,0,0,0,0,0,0,0,0,0,0,0,0,0,0,0,0,0,0,0,0,0,0,0,0,0,0,0,0,0,0,0,0,0,0,0,0,0,0
51,FRAME,NONE,46,46,0.46000000000000002,READY,-0.040000000000000001,0,0,0,0,0,-1.4046392751347738,0.3358505556397568,-0.15599707196624429,-0.43373972580696757,0.018652721324241759,0.28070492315996365,-1.2929643037189176,-1.1175399038505436,-0.50627091124710577,1.3153141588394262,-0.70766059641664825,0.80517986124907925,0.7733352059593207,-0.22636550329189623,-0.15109999999999998,0.0055999999999999999,-0.034799999999999998,0.2868,-0.10339999999999999,-0.0077999999999999996,-0.15109999999999998,-0.0055999999999999999,0.034799999999999998,0.2868,-0.10339999999999999,0.0077999999999999996,0,0,0,0,0,0,0,0,0,0,0,0,0,0,0,0,0,0,0,0,0,0,0,0,0,0,0,0,0,0,0,0,0,0,0,0,0,0,0,0,0,0,0,0,0,0,0,0,0,0,0,0,0,0,0,0,0,0,0,0,0,0
52,FRAME,NONE,47,47,0.46999999999999997,READY,-0.029999999999999999,0,0,0,0,0,-1.4046392751347738,0.3358505556397568,-0.15599707196624429,-0.43373972580696757,0.018652721324241759,0.28070492315996365,-1.2929643037189176,-1.1175399038505436,-0.50627091124710577,1.3153141588394262,-0.70766059641664825,0.80517986124907925,0.7733352059593207,-0.22636550329189623,-0.15109999999999998,0.0055999999999999999,-0.034799999999999998,0.2868,-0.10339999999999999,-0.0077999999999999996,-0.15109999999999998,-0.0055999999999999999,0.034799999999999998,0.2868,-0.10339999999999999,0.0077999999999999996,0,0,0,0,0,0,0,0,0,0,0,0,0,0,0,0,0,0,0,0,0,0,0,0,0,0,0,0,0,0,0,0,0,0,0,0,0,0,0,0,0,0,0,0,0,0,0,0,0,0,0,0,0,0,0,0,0,0,0,0,0,0
53,FRAME,RELEASE,48,48,0.47999999999999998,READY,-0.02,0,0,0,0,0,-1.4046392751347738,0.3358505556397568,-0.15599707196624429,-0.43373972580696757,0.018652721324241759,0.28070492315996365,-1.2929643037189176,-1.1175399038505436,-0.50627091124710577,1.3153141588394262,-0.70766059641664825,0.80517986124907925,0.7733352059593207,-0.22636550329189623,-0.15109999999999998,0.0055999999999999999,-0.034799999999999998,0.2868,-0.10339999999999999,-0.0077999999999999996,-0.15109999999999998,-0.0055999999999999999,0.034799999999999998,0.2868,-0.10339999999999999,0.0077999999999999996,0,0,0,0,0,0,0,0,0,0,0,0,0,0,0,0,0,0,0,0,0,0,0,0,0,0,0,0,0,0,0,0,0,0,0,0,0,0,0,0,0,0,0,0,0,0,0,0,0,0,0,0,0,0,0,0,0,0,0,0,0,0
54,FRAME,NONE,49,49,0.48999999999999999,READY,-0.01,0,0,0,0,0,-1.4046392751347738,0.3358505556397568,-0.15599707196624429,-0.43373972580696757,0.018652721324241759,0.28070492315996365,-1.2929643037189176,-1.1175399038505436,-0.50627091124710577,1.3153141588394262,-0.70766059641664825,0.80517986124907925,0.7733352059593207,-0.22636550329189623,-0.15109999999999998,0.0055999999999999999,-0.034799999999999998,0.2868,-0.10339999999999999,-0.0077999999999999996,-0.15109999999999998,-0.0055999999999999999,0.034799999999999998,0.2868,-0.10339999999999999,0.0077999999999999996,0,0,0,0,0,0,0,0,0,0,0,0,0,0,0,0,0,0,0,0,0,0,0,0,0,0,0,0,0,0,0,0,0,0,0,0,0,0,0,0,0,0,0,0,0,0,0,0,0,0,0,0,0,0,0,0,0,0,0,0,0,0
55,FRAME,NONE,50,50,0.5,READY,0,0,0,0,0,0,-1.4046392751347738,0.3358505556397568,-0.15599707196624429,-0.43373972580696757,0.018652721324241759,0.28070492315996365,-1.2929643037189176,-1.1175399038505436,-0.50627091124710577,1.3153141588394262,-0.70766059641664825,0.80517986124907925,0.7733352059593207,-0.22636550329189623,-0.15109999999999998,0.0055999999999999999,-0.034799999999999998,0.2868,-0.10339999999999999,-0.0077999999999999996,-0.15109999999999998,-0.0055999999999999999,0.034799999999999998,0.2868,-0.10339999999999999,0.0077999999999999996,0,0,0,0,0,0,0,0,0,0,0,0,0,0,0,0,0,0,0,0,0,0,0,0,0,0,0,0,0,0,0,0,0,0,0,0,0,0,0,0,0,0,0,0,0,0,0,0,0,0,0,0,0,0,0,0,0,0,0,0,0,0
56,FRAME,NONE,51,51,0.51000000000000001,SERVE_FOLLOW,0,0,0,0,0,0,-1.4046392751347738,0.3358505556397568,-0.15599707196624429,-0.43373972580696757,0.018652721324241759,0.28070492315996365,-1.2929643037189176,-1.1175399038505436,-0.50627091124710577,1.3153141588394262,-0.70766059641664825,0.80517986124907925,0.7733352059593207,-0.22636550329189623,-0.15109999999999998,0.0055999999999999999,-0.034799999999999998,0.2868,-0.10339999999999999,-0.0077999999999999996,-0.15109999999999998,-0.0055999999999999999,0.034799999999999998,0.2868,-0.10339999999999999,0.0077999999999999996,0,0,0,0,0,0,0,0,0,0,0,0,0,0,0,0,0,0,0,0,0,0,0,0,0,0,0,0,0,0,0,0,0,0,0,0,0,0,0,0,0,0,0,0,0,0,0,0,0,0,0,0,0,0,0,0,0,0,0,0,0,0
57,FRAME,DETACH_TARGET,52,52,0.52000000000000002,SERVE_FOLLOW,0,0,0,0,0,0,-1.4046392751347738,0.3358505556397568,-0.15599707196624429,-0.43373972580696757,0.018652721324241759,0.28070492315996365,-1.2929643037189176,-1.1175399038505436,-0.50627091124710577,1.3153141588394262,-0.70766059641664825,0.80517986124907925,0.7733352059593207,-0.22636550329189623,-0.15109999999999998,0.0055999999999999999,-0.034799999999999998,0.2868,-0.10339999999999999,-0.0077999999999999996,-0.15109999999999998,-0.0055999999999999999,0.034799999999999998,0.2868,-0.10339999999999999,0.0077999999999999996,0,0,0,0,0,0,0,0,0,0,0,0,0,0,0,0,0,0,0,0,0,0,0,0,0,0,0,0,0,0,0,0,0,0,0,0,0,0,0,0,0,0,0,-0.17234969532486932,-0.25860685178319409,0.28127139398814727,0.48766014751122633,1.5204866275825291,-1.0959209305039241,-0.4979571319668058,0,0,0,0,0,0,0,0,0,0,0,0
58,FRAME,NONE,53,53,0.53000000000000003,SERVE_FOLLOW,0,0,0,0,0,0,-1.4046392751347738,0.3358505556397568,-0.15599707196624429,-0.43373972580696757,0.018652721324241759,0.28070492315996365,-1.2929643037189176,-1.1175399038505436,-0.50627091124710577,1.3153141588394262,-0.70766059641664825,0.80517986124907925,0.7733352059593207,-0.22636550329189623,-0.15109999999999998,0.0055999999999999999,-0.034799999999999998,0.2868,-0.10339999999999999,-0.0077999999999999996,-0.15109999999999998,-0.0055999999999999999,0.034799999999999998,0.2868,-0.10339999999999999,0.0077999999999999996,0,0,0,0,0,0,0,0,0,0,0,0,-0.0034469939064973865,-0.0051721370356638818,0.0056254278797629453,0.0097532029502245265,0.030409732551650581,-0.021918418610078483,-0.009959142639336116,0,0,0,0,0,0,0,0,0,0,0,0,0,0,0,0,0,0,0,0,0,0,0,0,-1.2509704104984865,-1.8880738052368118,2.0610932894288281,3.5663981993078187,11.101079541499804,-8.0193480558851675,-3.6131162446793872,0,0,0,0,0,0,0,0,0,0,0,0
59,FRAME,NONE,54,54,0.54000000000000004,SERVE_FOLLOW,0,0,0,0,0,0,-1.4046392751347738,0.3358505556397568,-0.15599707196624429,-0.43373972580696757,0.018652721324241759,0.28070492315996365,-1.2929643037189176,-1.1176088437286735,-0.50637435398781905,1.3154266673970214,-0.70746553235764376,0.80578805590011227,0.77289683758711913,-0.22656468614468295,-0.15109999999999998,0.0055999999999999999,-0.034799999999999998,0.2868,-0.10339999999999999,-0.0077999999999999996,-0.15109999999999998,-0.0055999999999999999,0.034799999999999998,0.2868,-0.10339999999999999,0.0077999999999999996,0,0,0,0,0,0,0,0,0,0,0,0,-0.025019408209969729,-0.037761476104736236,0.041221865788576562,0.071327963986156373,0.22202159082999606,-0.16038696111770334,-0.072262324893587748,0,0,0,0,0,0,0,0,0,0,0,0,0,0,0,0,0,0,0,0,0,0,0,0,-3.410864110948153,-5.2492933278433513,5.7753504183943871,9.9647333599622847,30.874065449651987,-22.433170979906656,-9.8691720450835856,0,0,0,0,0,0,0,0,0,0,0,0
60,FRAME,NONE,55,55,0.55000000000000004,SERVE_FOLLOW,0,0,0,0,0,0,-1.4046392751347738,0.3358505556397568,-0.15599707196624429,-0.43373972580696757,0.018652721324241759,0.28070492315996365,-1.2929643037189176,-1.118040292014743,-0.5070261407692005,1.3161385961551977,-0.70623403713692512,0.80962029306567918,0.77012746673696664,-0.22781074978976798,-0.15109999999999998,0.0055999999999999999,-0.034799999999999998,0.2868,-0.10339999999999999,-0.0077999999999999996,-0.15109999999999998,-0.0055999999999999999,0.034799999999999998,0.2868,-0.10339999999999999,0.0077999999999999996,0,0,0,0,0,0,0,0,0,0,0,0,-0.071664276125460447,-0.11015800359253092,0.12113243624765069,0.20904787014947024,0.64789104154469035,-0.47058183820821164,-0.20734258354100782,0,0,0,0,0,0,0,0,0,0,0,0,0,0,0,0,0,0,0,0,0,0,0,0,-5.2240455717195156,-8.4727110471713445,9.4761677377375175,16.283068563484047,49.908872321116903,-36.744936820053695,-15.239133050434297,0,0,0,0,0,0,0,0,0,0,0,0
61,FRAME,NONE,56,56,0.56000000000000005,SERVE_FOLLOW,0,0,0,0,0,0,-1.4046392751347738,0.3358505556397568,-0.15599707196624429,-0.43373972580696757,0.018652721324241759,0.28070492315996365,-1.2929643037189176,-1.1190421292511827,-0.50857751405966967,1.3178493161219744,-0.70328457495465435,0.81874587673100607,0.7634852008229549,-0.2307115378155031,-0.15109999999999998,0.0055999999999999999,-0.034799999999999998,0.2868,-0.10339999999999999,-0.0077999999999999996,-0.15109999999999998,-0.0055999999999999999,0.034799999999999998,0.2868,-0.10339999999999999,0.0077999999999999996,0,0,0,0,0,0,0,0,0,0,0,0,-0.12950031964436004,-0.20721569704816312,0.23074522054332691,0.39698933525583735,1.2201990372523341,-0.89528569751877729,-0.3770449859022737,0,0,0,0,0,0,0,0,0,0,0,0,0,0,0,0,0,0,0,0,0,0,0,0,-2.8764138645098747,-10.389144656814953,12.49186597596541,14.182183062852182,58.313489209575742,-44.103522119766367,-20.553540996233256,0,0,0,0,0,0,0,0,0,0,0,0
62,FRAME,NONE,57,57,0.56999999999999995,SERVE_FOLLOW,0.01,0,0,0,0,0,-1.4046392751347738,0.3358505556397568,-0.15599707196624429,-0.43373972580696757,0.018652721324241759,0.28070492315996365,-1.2929643037189176,-1.1206302984076302,-0.51117045471016376,1.3207535005660642,-0.69829425043180837,0.83402427381072586,0.75222175278659109,-0.23535164950781345,-0.15109999999999998,0.0055999999999999999,-0.034799999999999998,0.2868,-0.10339999999999999,-0.0077999999999999996,-0.15109999999999998,-0.0055999999999999999,0.034799999999999998,0.2868,-0.10339999999999999,0.0077999999999999996,0,0,0,0,0,0,0,0,0,0,0,0,-0.12919255341565794,-0.31794089672882997,0.3709697557669589,0.49269153140651389,1.8141608257362052,-1.352652280603539,-0.61841340346567297,0,0,0,0,0,0,0,0,0,0,0,0,0,0,0,0,0,0,0,0,0,0,0,0,6.0968224527785386,-11.394113534176075,15.80567773821817,-1.3668140949096852,54.89615683547693,-44.433022930815689,-29.831391418002827,0,0,0,0,0,0,0,0,0,0,0,0
63,FRAME,NONE,58,58,0.57999999999999996,SERVE_FOLLOW,0.02,0,0,0,0,0,-1.4046392751347738,0.3358505556397568,-0.15599707196624429,-0.43373972580696757,0.018652721324241759,0.28070492315996365,-1.2929643037189176,-1.1216259803194959,-0.51493633199424627,1.3252687112373136,-0.69343074432652407,0.85502909324573018,0.73643215521088412,-0.24307980588481656,-0.15109999999999998,0.0055999999999999999,-0.034799999999999998,0.2868,-0.10339999999999999,-0.0077999999999999996,-0.15109999999999998,-0.0055999999999999999,0.034799999999999998,0.2868,-0.10339999999999999,0.0077999999999999996,0,0,0,0,0,0,0,0,0,0,0,0,-0.0075638705887892677,-0.43509796773168463,0.54685877530769034,0.36965305335764365,2.3181221739618727,-1.7839461561350911,-0.97367281426233021,0,0,0,0,0,0,0,0,0,0,0,0,0,0,0,0,0,0,0,0,0,0,0,0,16.201629348561731,-10.91149956163051,17.780146658307181,-18.07117872427655,42.283978588103231,-40.488843630708523,-35.394382014258326,0,0,0,0,0,0,0,0,0,0,0,0
64,FRAME,NONE,59,59,0.58999999999999997,SERVE_FOLLOW,0.029999999999999999,0,0,0,0,0,-1.4046392751347738,0.3358505556397568,-0.15599707196624429,-0.43373972580696757,0.018652721324241759,0.28070492315996365,-1.2929643037189176,-1.120781575819406,-0.51987241406479745,1.331690676072218,-0.6909011893646555,0.88038671728996332,0.71654282966388927,-0.25482510579306006,-0.15109999999999998,0.0055999999999999999,-0.034799999999999998,0.2868,-0.10339999999999999,-0.0077999999999999996,-0.15109999999999998,-0.0055999999999999999,0.034799999999999998,0.2868,-0.10339999999999999,0.0077999999999999996,0,0,0,0,0,0,0,0,0,0,0,0,0.19484003355557666,-0.53617088796144019,0.72657268893310256,0.13126795692098292,2.6598403974982698,-2.1624291532177096,-1.3263010437508396,0,0,0,0,0,0,0,0,0,0,0,0,0,0,0,0,0,0,0,0,0,0,0,0,22.311392286682995,-8.2613338283660234,16.640422827355895,-24.556805646535338,23.92793855645947,-33.821429948831806,-30.526928696855553,0,0,0,0,0,0,0,0,0,0,0,0
65,FRAME,STRIKE_MOTION_START,60,60,0.59999999999999998,SERVE_FOLLOW,0.040000000000000001,0,0,0,0,0,-1.4046392751347738,0.3358505556397568,-0.15599707196624429,-0.43373972580696757,0.018652721324241759,0.28070492315996365,-1.2929643037189176,-1.1177291796483844,-0.52565974975347507,1.3398001650159757,-0.69080538518810441,0.90822590119569557,0.69318357214652992,-0.26960582675983336,-0.15109999999999998,0.0055999999999999999,-0.034799999999999998,0.2868,-0.10339999999999999,-0.0077999999999999996,-0.15109999999999998,-0.0055999999999999999,0.034799999999999998,0.2868,-0.10339999999999999,0.0077999999999999996,0,0,0,0,0,0,0,0,0,0,0,0,0.43866397514487065,-0.60032464429900512,0.87966723185480822,-0.12148305957306316,2.7966809450910621,-2.4603747551117272,-1.5842113881994413,0,0,0,0,0,0,0,0,0,0,0,0,0,0,0,0,0,0,0,0,0,0,0,0,26.65253216900809,-4.2180964739002569,13.648806459196082,-26.197669644832942,2.3795824285766098,-24.372386069279894,-21.697235563564664,0,0,0,0,0,0,0,0,0,0,0,0
66,FRAME,NONE,61,61,0.60999999999999999,SERVE_FOLLOW,0.050000000000000003,0,0,0,0,0,-1.4046392751347738,0.3358505556397568,-0.15599707196624429,-0.43373972580696757,0.018652721324241759,0.28070492315996365,-1.2929643037189176,-1.1120082963165085,-0.53187890695077755,1.3492840207093142,-0.69333085055611676,0.93632033619178456,0.66733533456165472,-0.28650933355704888,-0.15109999999999998,0.0055999999999999999,-0.034799999999999998,0.2868,-0.10339999999999999,-0.0077999999999999996,-0.15109999999999998,-0.0055999999999999999,0.034799999999999998,0.2868,-0.10339999999999999,0.0077999999999999996,0,0,0,0,0,0,0,0,0,0,0,0,0.7278906769357385,-0.62053281743944533,0.99954881811702423,-0.39268543597567596,2.707432046069802,-2.6498768746033075,-1.7602457550221329,0,0,0,0,0,0,0,0,0,0,0,0,0,0,0,0,0,0,0,0,0,0,0,0,29.895412580596137,2.999270299416934,9.814191647244952,-21.492879294559007,-20.969721606437773,-10.516702986282933,-8.3403079920194028,0,0,0,0,0,0,0,0,0,0,0,0
67,FRAME,NONE,62,62,0.62,SERVE_FOLLOW,0.059999999999999998,0,0,0,0,0,-1.4046392751347738,0.3358505556397568,-0.15599707196624429,-0.43373972580696757,0.018652721324241759,0.28070492315996365,-1.2929643037189176,-1.1031713661096696,-0.53807040610226398,1.3597911413783161,-0.69865909390761793,0.96237454211709161,0.64018603465446378,-0.30481074186027601,-0.15109999999999998,0.0055999999999999999,-0.034799999999999998,0.2868,-0.10339999999999999,-0.0077999999999999996,-0.15109999999999998,-0.0055999999999999999,0.034799999999999998,0.2868,-0.10339999999999999,0.0077999999999999996,0,0,0,0,0,0,0,0,0,0,0,0,1.0365722267567934,-0.54033923831066644,1.0759510647997073,-0.55134064546424333,2.3772865129623066,-2.6707088148373859,-1.7510175480398293,0,0,0,0,0,0,0,0,0,0,0,0,0,0,0,0,0,0,0,0,0,0,0,0,29.98448929209696,10.987195653717752,5.5627763812465814,-12.057108173161302,-41.511883619854416,5.3587420850387257,7.3045494243720306,0,0,0,0,0,0,0,0,0,0,0,0
68,FRAME,NONE,63,63,0.63,SERVE_FOLLOW,0.070000000000000007,0,0,0,0,0,-1.4046392751347738,0.3358505556397568,-0.15599707196624429,-0.43373972580696757,0.018652721324241759,0.28070492315996365,-1.2929643037189176,-1.0912768517813727,-0.54268569171699088,1.3708030420053083,-0.70435766346540163,0.9838660664510307,0.61392115826490701,-0.32152968451784547,-0.15109999999999998,0.0055999999999999999,-0.034799999999999998,0.2868,-0.10339999999999999,-0.0077999999999999996,-0.15109999999999998,-0.0055999999999999999,0.034799999999999998,0.2868,-0.10339999999999999,0.0077999999999999996,0,0,0,0,0,0,0,0,0,0,0,0,1.3275804627776777,-0.40078890436509029,1.1108043457419559,-0.63382759943890199,1.8771943736727137,-2.5427020329025329,-1.6141547665346923,0,0,0,0,0,0,0,0,0,0,0,0,0,0,0,0,0,0,0,0,0,0,0,0,30.399862207081128,13.200531036331176,3.518413810209009,-15.109919928393555,-57.191638317329598,16.411531952763301,9.9827036072873465,0,0,0,0,0,0,0,0,0,0,0,0
69,FRAME,NONE,64,64,0.64000000000000001,SERVE_FOLLOW,0.080000000000000002,0,0,0,0,0,-1.4046392751347738,0.3358505556397568,-0.15599707196624429,-0.43373972580696757,0.018652721324241759,0.28070492315996365,-1.2929643037189176,-1.076619756854116,-0.54608618418956578,1.3820072282931553,-0.71133564589639597,0.99991842959054589,0.58933199399641312,-0.33709383719096986,-0.15109999999999998,0.0055999999999999999,-0.034799999999999998,0.2868,-0.10339999999999999,-0.0077999999999999996,-0.15109999999999998,-0.0055999999999999999,0.034799999999999998,0.2868,-0.10339999999999999,0.0077999999999999996,0,0,0,0,0,0,0,0,0,0,0,0,1.644569470898416,-0.27632861758404292,1.1463193410038874,-0.85353904403211445,1.2334537466157147,-2.3424781757821198,-1.5513634758940824,0,0,0,0,0,0,0,0,0,0,0,0,0,0,0,0,0,0,0,0,0,0,0,0,34.865923314831846,13.370053002156046,5.0505476284334883,-27.852508742344796,-73.780395409468184,23.836019763681946,3.8698338213719041,0,0,0,0,0,0,0,0,0,0,0,0
70,FRAME,NONE,65,65,0.65000000000000002,SERVE_FOLLOW,0.089999999999999997,0,0,0,0,0,-1.4046392751347738,0.3358505556397568,-0.15599707196624429,-0.43373972580696757,0.018652721324241759,0.28070492315996365,-1.2929643037189176,-1.0583854623634044,-0.54821226406867174,1.3937294288253861,-0.72142844434604392,1.008535141383345,0.56707159474926461,-0.35255695403572712,-0.15109999999999998,0.0055999999999999999,-0.034799999999999998,0.2868,-0.10339999999999999,-0.0077999999999999996,-0.15109999999999998,-0.0055999999999999999,0.034799999999999998,0.2868,-0.10339999999999999,0.0077999999999999996,0,0,0,0,0,0,0,0,0,0,0,0,2.0248989290743147,-0.13338784432196937,1.2118152983106256,-1.1908777742857979,0.40158646548335009,-2.065981637628894,-1.5367580901072542,0,0,0,0,0,0,0,0,0,0,0,0,0,0,0,0,0,0,0,0,0,0,0,0,23.047360890188216,11.234698364088469,-0.34324966766807741,-16.470931324553682,-73.52398574518331,32.020313264713707,13.486246167478811,0,0,0,0,0,0,0,0,0,0,0,0
71,FRAME,NONE,66,66,0.66000000000000003,SERVE_FOLLOW,0.10000000000000001,0,0,0,0,0,-1.4046392751347738,0.3358505556397568,-0.15599707196624429,-0.43373972580696757,0.018652721324241759,0.28070492315996365,-1.2929643037189176,-1.0361217782726297,-0.54875394107600517,1.4062435342593678,-0.73515320138211193,1.0079501589002129,0.54801236124383523,-0.36782899899311494,-0.15109999999999998,0.0055999999999999999,-0.034799999999999998,0.2868,-0.10339999999999999,-0.0077999999999999996,-0.15109999999999998,-0.0055999999999999999,0.034799999999999998,0.2868,-0.10339999999999999,0.0077999999999999996,0,0,0,0,0,0,0,0,0,0,0,0,2.1055166887021803,-0.051634650302273544,1.1394543476505259,-1.1829576705231881,-0.23702596828795164,-1.7020719104878457,-1.2816385525445062,0,0,0,0,0,0,0,0,0,0,0,0,0,0,0,0,0,0,0,0,0,0,0,0,-9.4912248673817423,4.0039388585588753,-14.925486009688681,18.537360274592796,-48.443868171185734,38.145893316129929,36.622843990874593,0,0,0,0,0,0,0,0,0,0,0,0
72,FRAME,NONE,67,67,0.67000000000000004,SERVE_FOLLOW,0.11,0,0,0,0,0,-1.4046392751347738,0.3358505556397568,-0.15599707196624429,-0.43373972580696757,0.018652721324241759,0.28070492315996365,-1.2929643037189176,-1.0162751285893608,-0.54924495707471721,1.4165185157783966,-0.74508759775650768,1.003794622017586,0.53303015653950769,-0.37818972508661725,-0.15109999999999998,0.0055999999999999999,-0.034799999999999998,0.2868,-0.10339999999999999,-0.0077999999999999996,-0.15109999999999998,-0.0055999999999999999,0.034799999999999998,0.2868,-0.10339999999999999,0.0077999999999999996,0,0,0,0,0,0,0,0,0,0,0,0,1.8350744317266798,-0.053309067150791867,0.91330557811685198,-0.82013056879394197,-0.56729089794036458,-1.3030637713062954,-0.80430121028976231,0,0,0,0,0,0,0,0,0,0,0,0,0,0,0,0,0,0,0,0,0,0,0,0,-46.39490603664531,-2.8022561668400447,-29.868346133262722,52.558673948550627,-12.027689099937122,39.748798193993132,57.252093235677648,0,0,0,0,0,0,0,0,0,0,0,0
73,FRAME,NONE,68,68,0.68000000000000005,SERVE_FOLLOW,0.12,0,0,0,0,0,-1.4046392751347738,0.3358505556397568,-0.15599707196624429,-0.43373972580696757,0.018652721324241759,0.28070492315996365,-1.2929643037189176,-0.99942028963809615,-0.54982012241902101,1.4245096458217048,-0.75155581275799077,0.9966043409414056,0.52195108581770933,-0.38391502319891019,-0.15109999999999998,0.0055999999999999999,-0.034799999999999998,0.2868,-0.10339999999999999,-0.0077999999999999996,-0.15109999999999998,-0.0055999999999999999,0.034799999999999998,0.2868,-0.10339999999999999,0.0077999999999999996,0,0,0,0,0,0,0,0,0,0,0,0,1.1776185679692741,-0.10767977363907444,0.5420874249852714,-0.13178419155217558,-0.47757975028669408,-0.90709594660798309,-0.13659668783095325,0,0,0,0,0,0,0,0,0,0,0,0,0,0,0,0,0,0,0,0,0,0,0,0,-61.796804053051986,-4.7287346675561892,-34.081387705428568,60.878686697327097,8.947427603818447,35.632493908250019,59.584298565245888,0,0,0,0,0,0,0,0,0,0,0,0
74,FRAME,NONE,69,69,0.68999999999999995,SERVE_FOLLOW,0.13500000000000001,0,0,0,0,0,-1.4046392751347738,0.33585055563975652,-0.15599707196624493,-0.43373972580696779,0.018652721324242158,0.28070492315996365,-1.2929643037189174,-0.99272275722997527,-0.5513985525474987,1.427360264278102,-0.74772328158755119,0.99424302701185208,0.51488823760734803,-0.38092165884323631,-0.15109999999999998,0.0055999999999999999,-0.034799999999999998,0.2868,-0.10339999999999999,-0.0077999999999999996,-0.15109999999999998,-0.0055999999999999999,0.034799999999999998,0.2868,-0.10339999999999999,0.0077999999999999996,0,0,0,0,0,0,0,0,0,0,0,0,0.59913835066564003,-0.14788376050191565,0.23167782400828063,0.39744316515260003,-0.38834234586399563,-0.590413893141295,0.3873847610151554,0,0,0,0,0,0,0,0,0,0,0,0,0,0,0,0,0,0,0,0,0,0,0,0,-36.222668082383777,-1.5205301345447286,-20.483197057166723,29.452823743661426,-6.495616796681758,23.957828420348157,35.020286834270138,0,0,0,0,0,0,0,0,0,0,0,0
75,FRAME,NONE,70,70,0.69999999999999996,SERVE_FOLLOW,0.14499999999999999,0,0,0,0,0,-1.4046392751347729,0.33585055563975658,-0.1559970719662446,-0.43373972580696801,0.018652721324242085,0.28070492315996315,-1.2929643037189174,-0.98743752262478335,-0.55277779762905932,1.4291432023018704,-0.74360694945493877,0.98883749402412568,0.51014280795488343,-0.37616732797860708,-0.15109999999999998,0.0055999999999999999,-0.034799999999999998,0.2868,-0.10339999999999999,-0.0077999999999999996,-0.15109999999999998,-0.0055999999999999999,0.034799999999999998,0.2868,-0.10339999999999999,0.0077999999999999996,0,0,0,0,0,0,0,0,0,0,0,0,0.45316520632159851,-0.13809037632996901,0.13242348384193692,0.45727228332105296,-0.60749208622032924,-0.4279393782010199,0.56380904885444949,0,0,0,0,0,0,0,0,0,0,0,0,0,0,0,0,0,0,0,0,0,0,0,0,-21.0955951578512,0.2504722830493078,-11.202839728672309,12.755394917333962,-3.6369359506979726,12.194382278720161,17.912651966693616,0,0,0,0,0,0,0,0,0,0,0,0
76,FRAME,NONE,71,71,0.70999999999999996,SERVE_FOLLOW,0.155,0,0,0,0,0,-1.4046392751347736,0.3358505556397563,-0.15599707196624499,-0.43373972580696785,0.018652721324242439,0.28070492315996354,-1.2929643037189171,-0.9836594531035433,-0.55416036007409808,1.4300087339549408,-0.73857783592113013,0.98209318528744549,0.50632945004332763,-0.36964547786614732,-0.15109999999999998,0.0055999999999999999,-0.034799999999999998,0.2868,-0.10339999999999999,-0.0077999999999999996,-0.15109999999999998,-0.0055999999999999999,0.034799999999999998,0.2868,-0.10339999999999999,0.0077999999999999996,0,0,0,0,0,0,0,0,0,0,0,0,0.17722644750861605,-0.14287431484092949,0.0076210294348344476,0.65255106349927927,-0.46108106487795508,-0.34652624756689177,0.74563780034902771,0,0,0,0,0,0,0,0,0,0,0,0,0,0,0,0,0,0,0,0,0,0,0,0,-56.832652860722973,1.1513332560844636,-22.045729585151165,37.270795759723754,62.880343627792492,20.285003767283037,19.141974296949527,0,0,0,0,0,0,0,0,0,0,0,0
77,FRAME,NONE,72,72,0.71999999999999997,SERVE_FOLLOW,0.16500000000000001,0,0,0,0,0,-1.4046392751347732,0.33585055563975641,-0.15599707196624496,-0.43373972580696812,0.01865272132424238,0.28070492315996365,-1.2929643037189171,-0.98389299367461103,-0.55563528392587791,1.4292956228905671,-0.73055592818495318,0.97961587272656658,0.50321228300354559,-0.36125457197162653,-0.15109999999999998,0.0055999999999999999,-0.034799999999999998,0.2868,-0.10339999999999999,-0.0077999999999999996,-0.15109999999999998,-0.0055999999999999999,0.034799999999999998,0.2868,-0.10339999999999999,0.0077999999999999996,0,0,0,0,0,0,0,0,0,0,0,0,-0.68348785089286102,-0.11506371120827974,-0.30849110786108636,1.202688198515528,0.65011478633552056,-0.022239302855359133,0.94664853479344002,0,0,0,0,0,0,0,0,0,0,0,0,0,0,0,0,0,0,0,0,0,0,0,0,-112.94343134284456,7.1016344904689666,-41.782226834052302,72.249605415155841,149.47359696883126,51.624685966601689,23.300064919520718,0,0,0,0,0,0,0,0,0,0,0,0
78,FRAME,NONE,73,73,0.72999999999999998,SERVE_FOLLOW,0.17499999999999999,0,0,0,0,0,-1.4046392751347732,0.33585055563975641,-0.15599707196624496,-0.43373972580696812,0.01865272132424238,0.28070492315996365,-1.2929643037189171,-0.99732921012140052,-0.55646163429826367,1.423838911797719,-0.71452407195081957,0.9950954810141559,0.50588466398622045,-0.35071250717027852,-0.15109999999999998,0.0055999999999999999,-0.034799999999999998,0.2868,-0.10339999999999999,-0.0077999999999999996,-0.15109999999999998,-0.0055999999999999999,0.034799999999999998,0.2868,-0.10339999999999999,0.0077999999999999996,0,0,0,0,0,0,0,0,0,0,0,0,-2.0816421793482753,-0.00084162503155016388,-0.82802350724621165,2.0975431718023962,2.5283908744986703,0.68596747176514206,1.2116390987394421,0,0,0,0,0,0,0,0,0,0,0,0,0,0,0,0,0,0,0,0,0,0,0,0,-152.39426102093972,17.738286210477462,-62.329312620452157,122.83260761398323,182.20279673520631,88.218231762475227,57.816107044259411,0,0,0,0,0,0,0,0,0,0,0,0
79,FRAME,NONE,74,74,0.73999999999999999,SERVE_FOLLOW,0.185,0,0,0,0,0,-1.4046392751347732,0.33585055563975641,-0.15599707196624496,-0.43373972580696812,0.01865272132424238,0.28070492315996365,-1.2929643037189171,-1.0255258372615765,-0.55565211642650891,1.4127351527456429,-0.68860506474890526,1.03018369021654,0.51693163243884843,-0.33702178999683768,-0.15109999999999998,0.0055999999999999999,-0.034799999999999998,0.2868,-0.10339999999999999,-0.0077999999999999996,-0.15109999999999998,-0.0055999999999999999,0.034799999999999998,0.2868,-0.10339999999999999,0.0077999999999999996,0,0,0,0,0,0,0,0,0,0,0,0,-3.7313730713116553,0.23970201300126948,-1.5550773602701295,3.6593403507951927,4.2941707210396469,1.7421253323941455,2.1029706756786282,0,0,0,0,0,0,0,0,0,0,0,0,0,0,0,0,0,0,0,0,0,0,0,0,-145.05189688360619,41.618542921671441,-73.381559294424804,185.79234094485417,120.10656932495174,131.26820521457748,124.02671078125067,0,0,0,0,0,0,0,0,0,0,0,0
80,FRAME,NONE,75,75,0.75,SERVE_FOLLOW,0.19500000000000001,0,0,0,0,0,-1.4046392751347732,0.33585055563975641,-0.15599707196624496,-0.43373972580696812,0.01865272132424238,0.28070492315996365,-1.2929643037189171,-1.0719566715476336,-0.55166759403823828,1.3927373645923165,-0.64133726493491572,1.0809788954349488,0.54072717063410336,-0.30865309365670596,-0.15109999999999998,0.0055999999999999999,-0.034799999999999998,0.2868,-0.10339999999999999,-0.0077999999999999996,-0.15109999999999998,-0.0055999999999999999,0.034799999999999998,0.2868,-0.10339999999999999,0.0077999999999999996,0,0,0,0,0,0,0,0,0,0,0,0,-4.9826801170203989,0.83152923340187868,-2.2956546931347077,5.8133899906994797,4.9305222609977051,3.3113315760566917,3.6921733143644553,0,0,0,0,0,0,0,0,0,0,0,0,0,0,0,0,0,0,0,0,0,0,0,0,-52.362434873866334,67.183732988367879,-41.365526998115577,162.03298246024039,-25.585053731262942,137.04230012471393,127.95057465003701,0,0,0,0,0,0,0,0,0,0,0,0
81,FRAME,NONE,76,76,0.76000000000000001,SERVE_FOLLOW,0.20499999999999999,0,0,0,0,0,-1.4046392751347734,0.3358505556397563,-0.15599707196624532,-0.43373972580696818,0.018652721324242564,0.28070492315996393,-1.2929643037189167,-1.1251794396019845,-0.53902153175847134,1.3668220588829487,-0.57233726493491566,1.1287941354364941,0.58315826395998227,-0.26317832370954858,-0.15109999999999998,0.0055999999999999999,-0.034799999999999998,0.2868,-0.10339999999999999,-0.0077999999999999996,-0.15109999999999998,-0.0055999999999999999,0.034799999999999998,0.2868,-0.10339999999999999,0.0077999999999999996,0,0,0,0,0,0,0,0,0,0,0,0,-4.778621768788982,1.5833766727686271,-2.3823879002324411,6.9000000000000004,3.7824696464143881,4.4829713348884246,4.6619821686793683,0,0,0,0,0,0,0,0,0,0,0,0,0,0,0,0,0,0,0,0,0,0,0,0,65.027021681849902,67.39073579258222,19.207843785625787,54.330500465025899,-158.78527929975516,71.204610978757032,60.262132499058495,0,0,0,0,0,0,0,0,0,0,0,0
82,FRAME,NONE,77,77,0.77000000000000002,SERVE_FOLLOW,0.215,0,0,0,0,0,-1.4046392751347734,0.33585055563975669,-0.1559970719662446,-0.43373972580696762,0.018652721324241874,0.28070492315996343,-1.2929643037189174,-1.1675291069234133,-0.52000006058286574,1.3450896065876676,-0.50333726493491571,1.1566282883632366,0.63038659733187186,-0.21541345028311859,-0.15109999999999998,0.0055999999999999999,-0.034799999999999998,0.2868,-0.10339999999999999,-0.0077999999999999996,-0.15109999999999998,-0.0055999999999999999,0.034799999999999998,0.2868,-0.10339999999999999,0.0077999999999999996,0,0,0,0,0,0,0,0,0,0,0,0,-3.6821396833834008,2.1793439492535231,-1.9114978174221919,6.8999999999999977,1.7548166750026017,4.7354237956318324,4.8974159643456252,0,0,0,0,0,0,0,0,0,0,0,0,0,0,0,0,0,0,0,0,0,0,0,0,109.03251070527142,54.337670091544474,51.399267434643072,0,-200.97932980730482,6.8351331321964359,16.274098963417494,0,0,0,0,0,0,0,0,0,0,0,0
83,FRAME,NOMINAL_CONTACT,78,78,0.78000000000000003,SERVE_FOLLOW,0.22500000000000001,0,0,0,0,0,-1.4046392751347738,0.33585055563975647,-0.15599707196624479,-0.43373972580696735,0.018652721324241998,0.28070492315996365,-1.2929643037189174,-1.1988222332696525,-0.49543465277340087,1.3285921025345049,-0.4343372649349157,1.1638904689365461,0.67786673987261892,-0.16523000442263608,-0.15109999999999998,0.0055999999999999999,-0.034799999999999998,0.2868,-0.10339999999999999,-0.0077999999999999996,-0.15109999999999998,-0.0055999999999999999,0.034799999999999998,0.2868,-0.10339999999999999,0.0077999999999999996,0,0,0,0,0,0,0,0,0,0,0,0,-2.5979715546835536,2.6701300745995167,-1.3544025515395797,6.9000000000000004,-0.23711694973170827,4.6196739975323533,4.9874641479477182,0,0,0,0,0,0,0,0,0,0,0,0,0,0,0,0,0,0,0,0,0,0,0,0,103.26951440625842,41.958477309459184,58.458918015826811,1.3322676295501878e-13,-188.32171180294287,-26.861155368783905,1.6059388208233383,0,0,0,0,0,0,0,0,0,0,0,0
84,FRAME,NONE,79,79,0.79000000000000004,SERVE_FOLLOW,0.23499999999999999,0,0,0,0,0,-1.4046392751347732,0.33585055563975652,-0.15599707196624482,-0.43373972580696818,0.018652721324242207,0.28070492315996398,-1.2929643037189171,-1.2194885380170843,-0.46659745909087541,1.318001555556876,-0.3653372649349157,1.1518859493686024,0.72278007728251892,-0.11566416732416422,-0.15109999999999998,0.0055999999999999999,-0.034799999999999998,0.2868,-0.10339999999999999,-0.0077999999999999996,-0.15109999999999998,-0.0055999999999999999,0.034799999999999998,0.2868,-0.10339999999999999,0.0077999999999999996,0,0,0,0,0,0,0,0,0,0,0,0,-1.6167493952582324,3.0185134954427069,-0.74231945710565572,6.9000000000000004,-2.0116175610562559,4.1982006882561542,4.929534740762092,0,0,0,0,0,0,0,0,0,0,0,0,0,0,0,0,0,0,0,0,0,0,0,0,89.539094969341974,27.070019112282861,63.31672439557623,0,-157.59310835935568,-56.793511130347497,-9.0518170462238423,0,0,0,0,0,0,0,0,0,0,0,0
85,FRAME,NONE,80,80,0.80000000000000004,SERVE_FOLLOW,0.245,0,0,0,0,0,-1.4046392751347738,0.33585055563975635,-0.15599707196624488,-0.43373972580696779,0.018652721324242311,0.28070492315996393,-1.2929643037189174,-1.2311572211748172,-0.43506438286454674,1.3137457133923918,-0.29633726493491569,1.123658117715421,0.761830753637742,-0.06663930960739424,-0.15109999999999998,0.0055999999999999999,-0.034799999999999998,0.2868,-0.10339999999999999,-0.0077999999999999996,-0.15109999999999998,-0.0055999999999999999,0.034799999999999998,0.2868,-0.10339999999999999,0.0077999999999999996,0,0,0,0,0,0,0,0,0,0,0,0,-0.80718965529671394,3.2115304568451739,-0.088068063628055082,6.9000000000000004,-3.3889791169188221,3.4838037749254034,4.8064278070232413,0,0,0,0,0,0,0,0,0,0,0,0,0,0,0,0,0,0,0,0,0,0,0,0,70.559729157795843,12.747341294330038,66.105735088349832,0,-113.42443737005489,-80.257335113961844,-17.351057191453243,0,0,0,0,0,0,0,0,0,0,0,0
86,FRAME,NONE,81,81,0.81000000000000005,SERVE_FOLLOW,0.255,0,0,0,0,0,-1.404639275134774,0.33585055563975647,-0.15599707196624488,-0.4337397258069674,0.01865272132424212,0.28070492315996387,-1.2929643037189174,-1.2356323311230186,-0.40236684995397193,1.3162401942843149,-0.22733726493491568,1.084106367030226,0.79245615278102699,-0.019535611183699394,-0.15109999999999998,0.0055999999999999999,-0.034799999999999998,0.2868,-0.10339999999999999,-0.0077999999999999996,-0.15109999999999998,-0.0055999999999999999,0.034799999999999998,0.2868,-0.10339999999999999,0.0077999999999999996,0,0,0,0,0,0,0,0,0,0,0,0,-0.20555481210231541,3.2734603213293076,0.5797952446613408,6.9000000000000004,-4.2801063084573538,2.5930539859769173,4.5825135969330271,0,0,0,0,0,0,0,0,0,0,0,0,0,0,0,0,0,0,0,0,0,0,0,0,49.115027814954914,1.67986532883595,63.804412646168984,0,-64.965916069581468,-90.216789354060069,-25.968988966082705,0,0,0,0,0,0,0,0,0,0,0,0
87,FRAME,NONE,82,82,0.81999999999999995,SERVE_FOLLOW,0.26500000000000001,0,0,0,0,0,-1.4046392751347734,0.3358505556397563,-0.15599707196624507,-0.4337397258069679,0.018652721324242314,0.28070492315996365,-1.2929643037189169,-1.2352683174168635,-0.36959517643796058,1.3253416182856186,-0.15833726493491568,1.0380559915462739,0.81369183335728035,0.025010962331266297,-0.15109999999999998,0.0055999999999999999,-0.034799999999999998,0.2868,-0.10339999999999999,-0.0077999999999999996,-0.15109999999999998,-0.0055999999999999999,0.034799999999999998,0.2868,-0.10339999999999999,0.0077999999999999996,0,0,0,0,0,0,0,0,0,0,0,0,0.17511090100238436,3.2451277634218929,1.1880201892953246,6.9000000000000004,-4.6882974383104514,1.679467987844202,4.2870480277015872,0,0,0,0,0,0,0,0,0,0,0,0,0,0,0,0,0,0,0,0,0,0,0,0,27.993139569117975,-5.3105964351136903,53.437721916745339,0,-20.208820742645983,-84.580333782163493,-31.656732438108826,0,0,0,0,0,0,0,0,0,0,0,0
88,FRAME,NONE,83,83,0.82999999999999996,SERVE_FOLLOW,0.27500000000000002,0,0,0,0,0,-1.4046392751347736,0.33585055563975647,-0.15599707196624482,-0.43373972580696729,0.018652721324242314,0.28070492315996354,-1.2929643037189174,-1.2321301131029709,-0.33746429468553407,1.3400005980702214,-0.089337264934915672,0.99034041826401698,0.82604551253791103,0.066205349370332345,-0.15109999999999998,0.0055999999999999999,-0.034799999999999998,0.2868,-0.10339999999999999,-0.0077999999999999996,-0.15109999999999998,-0.0055999999999999999,0.034799999999999998,0.2868,-0.10339999999999999,0.0077999999999999996,0,0,0,0,0,0,0,0,0,0,0,0,0.35430797928004409,3.1672483926270338,1.6485496829962476,6.9000000000000004,-4.6842827233102735,0.90144731033364733,3.9493789481708506,0,0,0,0,0,0,0,0,0,0,0,0,0,0,0,0,0,0,0,0,0,0,0,0,7.8298856726799482,-9.0860924631484874,35.943397978009941,0,15.805357849542334,-64.873228089279692,-33.236214385003393,0,0,0,0,0,0,0,0,0,0,0,0
89,FRAME,NONE,84,84,0.83999999999999997,SERVE_FOLLOW,0.28499999999999998,0,0,0,0,0,-1.4046392751347738,0.33585055563975674,-0.15599707196624463,-0.43373972580696812,0.018652721324241943,0.28070492315996382,-1.2929643037189176,-1.2281821578312626,-0.3062502085854199,1.3583126119455435,-0.020337264934915666,0.94437033708006846,0.83172077956395329,0.10399854129468332,-0.15109999999999998,0.0055999999999999999,-0.034799999999999998,0.2868,-0.10339999999999999,-0.0077999999999999996,-0.15109999999999998,-0.0055999999999999999,0.034799999999999998,0.2868,-0.10339999999999999,0.0077999999999999996,0,0,0,0,0,0,0,0,0,0,0,0,0.33170861445598332,3.0634059141589232,1.9068881488555234,6.9000000000000004,-4.3721902813196047,0.38200342605860804,3.6223237400015194,0,0,0,0,0,0,0,0,0,0,0,0,0,0,0,0,0,0,0,0,0,0,0,0,-13.329602066404211,-11.364196508404078,15.401716498550376,0,42.612185564421253,-35.327314940516999,-30.282019557124151,0,0,0,0,0,0,0,0,0,0,0,0
90,FRAME,NONE,85,85,0.84999999999999998,SERVE_FOLLOW,0.29499999999999998,0,0,0,0,0,-1.4046392751347732,0.3358505556397568,-0.15599707196624471,-0.43373972580696818,0.018652721324242078,0.28070492315996337,-1.2929643037189171,-1.2254959408138513,-0.27619617640235561,1.3781383610473319,0.048662735065084339,0.90289661263762488,0.83368558105908319,0.13865182417036273,-0.15109999999999998,0.0055999999999999999,-0.034799999999999998,0.2868,-0.10339999999999999,-0.0077999999999999996,-0.15109999999999998,-0.0055999999999999999,0.034799999999999998,0.2868,-0.10339999999999999,0.0077999999999999996,0,0,0,0,0,0,0,0,0,0,0,0,0.087715937951959866,2.9399644624589523,1.9565840129672551,6.9000000000000004,-3.8320390120218484,0.19490101152330741,3.3437385570283675,0,0,0,0,0,0,0,0,0,0,0,0,0,0,0,0,0,0,0,0,0,0,0,0,-36.802800726867254,-13.530744714384268,-5.3208237844859507,0,61.420078848656587,0.67075790693843507,-23.32606254654279,0,0,0,0,0,0,0,0,0,0,0,0
91,FRAME,NONE,86,86,0.85999999999999999,SERVE_FOLLOW,0.30499999999999999,0,0,0,0,0,-1.4046392751347729,0.33585055563975647,-0.1559970719662449,-0.43373972580696835,0.018652721324242234,0.28070492315996365,-1.2929643037189171,-1.2264278390722234,-0.24745091933624086,1.3974442922048886,0.11766273506508435,0.86772955683963149,0.83561879979441944,0.17087331243525067,-0.15109999999999998,0.0055999999999999999,-0.034799999999999998,0.2868,-0.10339999999999999,-0.0077999999999999996,-0.15109999999999998,-0.0055999999999999999,0.034799999999999998,0.2868,-0.10339999999999999,0.0077999999999999996,0,0,0,0,0,0,0,0,0,0,0,0,-0.40434740008136183,2.7927910198712378,1.8004716731658044,6.9000000000000004,-3.143788704346473,0.39541858419737674,3.1558024890706635,0,0,0,0,0,0,0,0,0,0,0,0,0,0,0,0,0,0,0,0,0,0,0,0,-48.992338174216883,-14.993113929623391,-17.522474590309645,0,64.976572603351883,25.804377521055354,-16.091434776233559,0,0,0,0,0,0,0,0,0,0,0,0
92,FRAME,NONE,87,87,0.87,SERVE_FOLLOW,0.315,0,0,0,0,0,-1.4046392751347738,0.33585055563975619,-0.15599707196624513,-0.43373972580696768,0.018652721324242384,0.28070492315996398,-1.2929643037189171,-1.2335828888154785,-0.22034035600493085,1.414147794510648,0.18666273506508435,0.84002083855069543,0.84159395274303073,0.20176787395177601,-0.15109999999999998,0.0055999999999999999,-0.034799999999999998,0.2868,-0.10339999999999999,-0.0077999999999999996,-0.15109999999999998,-0.0055999999999999999,0.034799999999999998,0.2868,-0.10339999999999999,0.0077999999999999996,0,0,0,0,0,0,0,0,0,0,0,0,-0.89213082553237788,2.6401021838664844,1.6061345211610623,6.9000000000000004,-2.5325075599548108,0.71098856194441451,3.0219098615036963,0,0,0,0,0,0,0,0,0,0,0,0,0,0,0,0,0,0,0,0,0,0,0,0,-29.995193707385013,-14.57609026629938,-11.19271119247145,0,46.087820981413905,16.499480144839819,-15.64069817734388,0,0,0,0,0,0,0,0,0,0,0,0
93,FRAME,NONE,88,88,0.88,SERVE_FOLLOW,0.32500000000000001,0,0,0,0,0,-1.4046392751347745,0.33585055563975624,-0.15599707196624507,-0.43373972580696707,0.018652721324242172,0.28070492315996332,-1.2929643037189171,-1.244270455582871,-0.19464887565891117,1.4295669826281099,0.25566273506508436,0.81707940564053527,0.84983857103330773,0.2313115096653246,-0.15109999999999998,0.0055999999999999999,-0.034799999999999998,0.2868,-0.10339999999999999,-0.0077999999999999996,-0.15109999999999998,-0.0055999999999999999,0.034799999999999998,0.2868,-0.10339999999999999,0.0077999999999999996,0,0,0,0,0,0,0,0,0,0,0,0,-1.0042512742290621,2.5012692145452502,1.5766174493163754,6.9000000000000004,-2.2220322847181948,0.7254081870941731,2.8429885255237859,0,0,0,0,0,0,0,0,0,0,0,0,0,0,0,0,0,0,0,0,0,0,0,0,1.2808811388609342,-13.981040006786438,1.3427700904733442,-34.129250204391326,22.254324803919488,-8.4113039583683094,-20.244335912164569,0,0,0,0,0,0,0,0,0,0,0,0
94,FRAME,NONE,89,89,0.89000000000000001,SERVE_FOLLOW,0.33500000000000002,0,0,0,0,0,-1.4046392751347738,0.33585055563975652,-0.15599707196624454,-0.43373972580696724,0.018652721324242012,0.28070492315996365,-1.2929643037189176,-1.2536679143000597,-0.17031497171402585,1.4456801434969755,0.32466273506508436,0.79558019285633153,0.85610211648491419,0.25862764446225173,-0.15109999999999998,0.0055999999999999999,-0.034799999999999998,0.2868,-0.10339999999999999,-0.0077999999999999996,-0.15109999999999998,-0.0055999999999999999,0.034799999999999998,0.2868,-0.10339999999999999,0.0077999999999999996,0,0,0,0,0,0,0,0,0,0,0,0,-0.8665132027551592,2.3604813837307557,1.6329899229705291,6.2174149959121738,-2.087421063876421,0.54276248277704831,2.617023143260405,0,0,0,0,0,0,0,0,0,0,0,0,0,0,0,0,0,0,0,0,0,0,0,0,14.614590118394721,-15.182730141120325,3.6000864015706124,-91.895236611431173,10.827094480098376,-15.508938280064942,-24.105720507594452,0,0,0,0,0,0,0,0,0,0,0,0
95,FRAME,NONE,90,90,0.90000000000000002,SERVE_FOLLOW,0.34499999999999997,0,0,0,0,0,-1.404639275134774,0.3358505556397563,-0.15599707196624496,-0.43373972580696779,0.018652721324242155,0.28070492315996393,-1.2929643037189171,-1.2616007196379742,-0.14743924798429606,1.4622267810875205,0.38001103498332783,0.77533098436300685,0.8606938206888487,0.2836519725305327,-0.15109999999999998,0.0055999999999999999,-0.034799999999999998,0.2868,-0.10339999999999999,-0.0077999999999999996,-0.15109999999999998,-0.0055999999999999999,0.034799999999999998,0.2868,-0.10339999999999999,0.0077999999999999996,0,0,0,0,0,0,0,0,0,0,0,0,-0.7119594718611677,2.1976146117228437,1.6486191773477876,5.0620952677713769,-2.0054903951162273,0.41522942149287423,2.3608741153718968,0,0,0,0,0,0,0,0,0,0,0,0,0,0,0,0,0,0,0,0,0,0,0,0,16.49816602705134,-17.650812622588361,-0.69290946181632673,-95.29019655935835,3.9832126779704158,-9.2302052858553303,-28.3360080713442,0,0,0,0,0,0,0,0,0,0,0,0
96,FRAME,NONE,91,91,0.91000000000000003,SERVE_FOLLOW,0.35499999999999998,0,0,0,0,0,-1.404639275134774,0.33585055563975652,-0.15599707196624496,-0.43373972580696735,0.018652721324242141,0.28070492315996337,-1.2929643037189174,-1.2679071037372831,-0.12636267947956897,1.4786525270439312,0.4259046404205119,0.75547038495400698,0.86440670491477167,0.30584512676968967,-0.15109999999999998,0.0055999999999999999,-0.034799999999999998,0.2868,-0.10339999999999999,-0.0077999999999999996,-0.15109999999999998,-0.0055999999999999999,0.034799999999999998,0.2868,-0.10339999999999999,0.0077999999999999996,0,0,0,0,0,0,0,0,0,0,0,0,-0.53654988221413236,2.0074651312789884,1.6191317337342026,4.3116110647250068,-2.0077568103170127,0.35815837705994169,2.050302981833521,0,0,0,0,0,0,0,0,0,0,0,0,0,0,0,0,0,0,0,0,0,0,0,0,18.069701450623697,-20.388860544270571,-4.855061253218329,-67.879532209746955,-3.5435716189949229,-2.4811164138702213,-33.538435862653778,0,0,0,0,0,0,0,0,0,0,0,0
97,FRAME,NONE,92,92,0.92000000000000004,SERVE_FOLLOW,0.36499999999999999,0,0,0,0,0,-1.4046392751347736,0.33585055563975669,-0.15599707196624477,-0.43373972580696774,0.01865272132424213,0.28070492315996337,-1.2929643037189174,-1.2723317172822568,-0.10728994535871629,1.4946094157622045,0.46624325627782798,0.73517584815666659,0.86785698823004753,0.32465803216720313,-0.15109999999999998,0.0055999999999999999,-0.034799999999999998,0.2868,-0.10339999999999999,-0.0077999999999999996,-0.15109999999999998,-0.0055999999999999999,0.034799999999999998,0.2868,-0.10339999999999999,0.0077999999999999996,0,0,0,0,0,0,0,0,0,0,0,0,-0.35056544284869373,1.7898374008374323,1.551517952283421,3.7045046235764376,-2.0763618274961257,0.3656070932154698,1.6901053981188212,0,0,0,0,0,0,0,0,0,0,0,0,0,0,0,0,0,0,0,0,0,0,0,0,18.795353115489409,-23.111498104898896,-8.2798452045845785,-64.572289517853392,-9.0354554401378397,3.2787041669010697,-37.763053879131114,0,0,0,0,0,0,0,0,0,0,0,0
98,FRAME,NONE,93,93,0.93000000000000005,SERVE_FOLLOW,0.375,0,0,0,0,0,-1.4046392751347734,0.3358505556397568,-0.15599707196624449,-0.43373972580696801,0.018652721324241853,0.2807049231599637,-1.2929643037189174,-1.274918412594257,-0.090565931462820326,1.5096828860895997,0.49999473289204066,0.71394314840408446,0.87171884677908107,0.33964723473206609,-0.15109999999999998,0.0055999999999999999,-0.034799999999999998,0.2868,-0.10339999999999999,-0.0077999999999999996,-0.15109999999999998,-0.0055999999999999999,0.034799999999999998,0.2868,-0.10339999999999999,0.0077999999999999996,0,0,0,0,0,0,0,0,0,0,0,0,-0.16064281990434415,1.5452351691810104,1.453534829642511,3.020165274367939,-2.1884659191197695,0.42373246039796308,1.2950419042508987,0,0,0,0,0,0,0,0,0,0,0,0,0,0,0,0,0,0,0,0,0,0,0,0,18.764761445146384,-25.299430676021906,-10.807442963617907,-70.540922542851604,-12.707681703676975,7.7719288034641671,-39.930834752286145,0,0,0,0,0,0,0,0,0,0,0,0
99,FRAME,NONE,94,94,0.93999999999999995,SERVE_FOLLOW,0.38500000000000001,0,0,0,0,0,-1.4046392751347736,0.33585055563975658,-0.15599707196624457,-0.43373972580696779,0.018652721324242085,0.28070492315996326,-1.2929643037189174,-1.2755445736803437,-0.07638524197509608,1.5236801123550547,0.52664656176518676,0.69140652977427119,0.87633163743800679,0.3505588702522211,-0.15109999999999998,0.0055999999999999999,-0.034799999999999998,0.2868,-0.10339999999999999,-0.0077999999999999996,-0.15109999999999998,-0.0055999999999999999,0.034799999999999998,0.2868,-0.10339999999999999,0.0077999999999999996,0,0,0,0,0,0,0,0,0,0,0,0,0.024729786054233927,1.2838487873169941,1.3353690930110629,2.2936861727194056,-2.3305154615696653,0.52104566928475315,0.89148870307309835,0,0,0,0,0,0,0,0,0,0,0,0,0,0,0,0,0,0,0,0,0,0,0,0,17.982514368994895,-26.632581899556516,-12.134191886516987,-73.210208871265635,-14.702714151635931,10.861444296293431,-39.798505184265444,0,0,0,0,0,0,0,0,0,0,0,0
100,FRAME,NONE,95,95,0.94999999999999996,SERVE_FOLLOW,0.39500000000000002,0,0,0,0,0,-1.4046392751347734,0.33585055563975652,-0.15599707196624454,-0.43373972580696779,0.018652721324242137,0.28070492315996343,-1.2929643037189174,-1.2744238168731723,-0.064888955716480443,1.5363902679498209,0.54586845634642878,0.66733283917269115,0.88213976016477613,0.35747700879352806,-0.15109999999999998,0.0055999999999999999,-0.034799999999999998,0.2868,-0.10339999999999999,-0.0077999999999999996,-0.15109999999999998,-0.0055999999999999999,0.034799999999999998,0.2868,-0.10339999999999999,0.0077999999999999996,0,0,0,0,0,0,0,0,0,0,0,0,0.19900746747555376,1.0125835311898801,1.2108509919121713,1.5559610969426263,-2.4825202021524881,0.64096134632383173,0.49907180056558975,0,0,0,0,0,0,0,0,0,0,0,0,0,0,0,0,0,0,0,0,0,0,0,0,16.774896835655696,-26.859569403916026,-12.461780383937748,-72.314768141435437,-15.691101677014773,12.530326509971601,-37.126926239025025,0,0,0,0,0,0,0,0,0,0,0,0
101,FRAME,NONE,96,96,0.95999999999999996,SERVE_FOLLOW,0.40500000000000003,0,0,0,0,0,-1.4046392751347738,0.3358505556397563,-0.15599707196624479,-0.4337397258069674,0.018652721324242189,0.28070492315996348,-1.2929643037189174,-1.2715644243308326,-0.056133571351298477,1.5478971321932982,0.55776578370403929,0.64175612573122143,0.88915086436448343,0.36054030626353289,-0.15109999999999998,0.0055999999999999999,-0.034799999999999998,0.2868,-0.10339999999999999,-0.0077999999999999996,-0.15109999999999998,-0.0055999999999999999,0.034799999999999998,0.2868,-0.10339999999999999,0.0077999999999999996,0,0,0,0,0,0,0,0,0,0,0,0,0.36022772276734782,0.74665739923867358,1.0861334853323079,0.84739080989069682,-2.6443374951099607,0.77165219948418518,0.14895017829259782,0,0,0,0,0,0,0,0,0,0,0,0,0,0,0,0,0,0,0,0,0,0,0,0,15.216472902120358,-25.97244256456559,-11.867451753712066,-67.993968600729985,-15.834619059700294,12.706239445149924,-32.119105283534843,0,0,0,0,0,0,0,0,0,0,0,0
102,FRAME,NONE,97,97,0.96999999999999997,SERVE_FOLLOW,0.41499999999999998,0,0,0,0,0,-1.4046392751347738,0.33585055563975691,-0.15599707196624454,-0.43373972580696807,0.018652721324241842,0.28070492315996376,-1.2929643037189174,-1.2672192624178253,-0.049955807731706971,1.5581129376564671,0.56281627254424271,0.61444608927049194,0.89757280415445984,0.36045601235938002,-0.15109999999999998,0.0055999999999999999,-0.034799999999999998,0.2868,-0.10339999999999999,-0.0077999999999999996,-0.15109999999999998,-0.0055999999999999999,0.034799999999999998,0.2868,-0.10339999999999999,0.0077999999999999996,0,0,0,0,0,0,0,0,0,0,0,0,0.50333692551796094,0.4931346798985683,0.97350195683792995,0.19608172492802667,-2.799212583346494,0.89508613522683023,-0.14331030510510712,0,0,0,0,0,0,0,0,0,0,0,0,0,0,0,0,0,0,0,0,0,0,0,0,13.182394087183358,-24.168509050212936,-10.045255456558321,-60.759595610173633,-14.314930263544801,11.206516827440005,-25.803111123920559,0,0,0,0,0,0,0,0,0,0,0,0
103,FRAME,NONE,98,98,0.97999999999999998,SERVE_FOLLOW,0.42499999999999999,0,0,0,0,0,-1.4046392751347729,0.33585055563975635,-0.1559970719662451,-0.43373972580696868,0.018652721324242338,0.28070492315996409,-1.2929643037189169,-1.2614976858204734,-0.046270877753327111,1.5673671713300568,0.56168741820259982,0.58577187406429154,0.90705258706902003,0.35767410016143075,-0.15109999999999998,0.0055999999999999999,-0.034799999999999998,0.2868,-0.10339999999999999,-0.0077999999999999996,-0.15109999999999998,-0.0055999999999999999,0.034799999999999998,0.2868,-0.10339999999999999,0.0077999999999999996,0,0,0,0,0,0,0,0,0,0,0,0,0.62387560451101498,0.26328721823441481,0.88522837620114148,-0.36780110231277585,-2.9306361003808568,0.99578253603298528,-0.36711204418581334,0,0,0,0,0,0,0,0,0,0,0,0,0,0,0,0,0,0,0,0,0,0,0,0,10.890321766394706,-21.656555798027171,-7.7706572092728354,-51.402218016012576,-11.777806861251182,8.5493824302451671,-18.601251132149553,0,0,0,0,0,0,0,0,0,0,0,0
104,FRAME,NONE,99,99,0.98999999999999999,SERVE_FOLLOW,0.435,0,0,0,0,0,-1.4046392751347738,0.33585055563975647,-0.15599707196624496,-0.43373972580696768,0.018652721324242276,0.28070492315996376,-1.2929643037189171,-1.254741750327605,-0.044690063367018674,1.5758175051804899,0.5554602504979872,0.5558333672628748,0.91748845487511954,0.35311377147566375,-0.15109999999999998,0.0055999999999999999,-0.034799999999999998,0.2868,-0.10339999999999999,-0.0077999999999999996,-0.15109999999999998,-0.0055999999999999999,0.034799999999999998,0.2868,-0.10339999999999999,0.0077999999999999996,0,0,0,0,0,0,0,0,0,0,0,0,0.72114336084585506,0.06000356393802489,0.81808881265247324,-0.83196263539222493,-3.0347687205715177,1.0660737838317336,-0.5153353277480982,0,0,0,0,0,0,0,0,0,0,0,0,0,0,0,0,0,0,0,0,0,0,0,0,8.6009388592067637,-18.84362782429946,-5.8042020256476867,-40.988192647051783,-8.7150449935612162,5.1478573187077599,-11.124127711489988,0,0,0,0,0,0,0,0,0,0,0,0
105,FRAME,NONE,100,100,1,SERVE_FOLLOW,0.44500000000000001,0,0,0,0,0,-1.4046392751347734,0.33585055563975647,-0.15599707196624502,-0.43373972580696796,0.018652721324242338,0.28070492315996382,-1.2929643037189171,-1.2470748186035563,-0.045070806474566613,1.5837289475831062,0.54504816549475532,0.52507649965286118,0.9283740627456547,0.34736739360646879,-0.15109999999999998,0.0055999999999999999,-0.034799999999999998,0.2868,-0.10339999999999999,-0.0077999999999999996,-0.15109999999999998,-0.0055999999999999999,0.034799999999999998,0.2868,-0.10339999999999999,0.0077999999999999996,0,0,0,0,0,0,0,0,0,0,0,0,0.79589438169515025,-0.11358533825157439,0.76914433568818774,-1.1875649552538114,-3.1049370002520811,1.0987396824071405,-0.58959459841561312,0,0,0,0,0,0,0,0,0,0,0,0,0,0,0,0,0,0,0,0,0,0,0,0,6.2246597734233466,-15.955729081193281,-4.259346021782684,-30.3001289218649,-4.8846243185281413,1.3113994868646506,-4.1246038875811237,0,0,0,0,0,0,0,0,0,0,0,0
106,FRAME,NONE,101,101,1.01,SERVE_FOLLOW,0.45500000000000002,0,0,0,0,0,-1.4046392751347734,0.33585055563975635,-0.15599707196624504,-0.43373972580696796,0.018652721324242328,0.28070492315996404,-1.2929643037189171,-1.238823862693702,-0.046961770132050162,1.5912003918942537,0.53170895139291097,0.49373462725783318,0.93946324852326235,0.34132187950735149,-0.15109999999999998,0.0055999999999999999,-0.034799999999999998,0.2868,-0.10339999999999999,-0.0077999999999999996,-0.15109999999999998,-0.0055999999999999999,0.034799999999999998,0.2868,-0.10339999999999999,0.0077999999999999996,0,0,0,0,0,0,0,0,0,0,0,0,0.845636556314322,-0.25911101768584072,0.73290189221681956,-1.4379652138295229,-3.1324612069420805,1.0923017735690266,-0.59782740549972069,0,0,0,0,0,0,0,0,0,0,0,0,0,0,0,0,0,0,0,0,0,0,0,0,3.5293506177314082,-13.250138278739756,-2.8624616526329305,-20.090407107350995,0.57718127837600441,-2.821571478753282,1.361333303759038,0,0,0,0,0,0,0,0,0,0,0,0
107,FRAME,NONE,102,102,1.02,SERVE_FOLLOW,0.46500000000000002,0,0,0,0,0,-1.4046392751347738,0.33585055563975652,-0.15599707196624499,-0.4337397258069674,0.018652721324242148,0.28070492315996343,-1.2929643037189171,-1.2301620874772698,-0.050253026828283427,1.5983869854274426,0.51628886121816486,0.46242727551401958,0.95022009821703524,0.33541084549647437,-0.15109999999999998,0.0055999999999999999,-0.034799999999999998,0.2868,-0.10339999999999999,-0.0077999999999999996,-0.15109999999999998,-0.0055999999999999999,0.034799999999999998,0.2868,-0.10339999999999999,0.0077999999999999996,0,0,0,0,0,0,0,0,0,0,0,0,0.86648139404977842,-0.37858810382636954,0.71189510263552913,-1.5893730974008313,-3.093393374684561,1.0423082528320748,-0.56236793234043236,0,0,0,0,0,0,0,0,0,0,0,0,0,0,0,0,0,0,0,0,0,0,0,0,0.69647666639305328,-10.792374976817309,-1.9492487703876016,-10.84800278737058,7.1496293574710545,-6.8201003993662024,5.2207765881658039,0,0,0,0,0,0,0,0,0,0,0,0
108,FRAME,NONE,103,103,1.03,SERVE_FOLLOW,0.47499999999999998,0,0,0,0,0,-1.4046392751347743,0.3358505556397563,-0.15599707196624482,-0.43373972580696696,0.018652721324242137,0.28070492315996337,-1.2929643037189174,-1.2214942348127065,-0.054533532208577554,1.6054382939469642,0.49992148944489434,0.43186675976414196,0.96030941357990385,0.33007452086054284,-0.15109999999999998,0.0055999999999999999,-0.034799999999999998,0.2868,-0.10339999999999999,-0.0077999999999999996,-0.15109999999999998,-0.0055999999999999999,0.034799999999999998,0.2868,-0.10339999999999999,0.0077999999999999996,0,0,0,0,0,0,0,0,0,0,0,0,0.85956608964218306,-0.4749585172221869,0.69391691680906753,-1.6549252695769345,-2.9894686197926594,0.95589976558170253,-0.4934118737364046,0,0,0,0,0,0,0,0,0,0,0,0,0,0,0,0,0,0,0,0,0,0,0,0,-5.239749951501671,-1.4356162451006209,-9.1864258457158279,0.11692293418713584,19.177382788639207,-7.0886521517024565,5.8533450926431803,0,0,0,0,0,0,0,0,0,0,0,0
109,FRAME,NONE,104,104,1.04,SERVE_FOLLOW,0.48499999999999999,0,0,0,0,0,-1.4046392751347732,0.33585055563975674,-0.15599707196624474,-0.43373972580696879,0.018652721324242123,0.28070492315996376,-1.2929643037189171,-1.2129707656844262,-0.059752197172727166,1.612265323763624,0.48319035582662617,0.40263790311816638,0.96933809352866929,0.32554260802174628,-0.15109999999999998,0.0055999999999999999,-0.034799999999999998,0.2868,-0.10339999999999999,-0.0077999999999999996,-0.15109999999999998,-0.0055999999999999999,0.034799999999999998,0.2868,-0.10339999999999999,0.0077999999999999996,0,0,0,0,0,0,0,0,0,0,0,0,0.761686395019745,-0.40730042872838196,0.52816658572121256,-1.5870346387170886,-2.7098457189117768,0.9005352097980257,-0.44530103048756875,0,0,0,0,0,0,0,0,0,0,0,0,0,0,0,0,0,0,0,0,0,0,0,0,-14.207675660129482,14.928613364820364,-24.229911082943588,12.396457924081927,37.221372577085909,-3.2628735077783189,2.4519657313290533,0,0,0,0,0,0,0,0,0,0,0,0
110,FRAME,NONE,105,105,1.05,SERVE_FOLLOW,0.495,0,0,0,0,0,-1.4046392751347743,0.33585055563975652,-0.15599707196624477,-0.43373972580696751,0.01865272132424196,0.28070492315996398,-1.2929643037189174,-1.2062605069123116,-0.062679540783145193,1.6160016256613885,0.46818079667055257,0.37766984538590642,0.97832011777586436,0.32116850025079147,-0.15109999999999998,0.0055999999999999999,-0.034799999999999998,0.2868,-0.10339999999999999,-0.0077999999999999996,-0.15109999999999998,-0.0055999999999999999,0.034799999999999998,0.2868,-0.10339999999999999,0.0077999999999999996,0,0,0,0,0,0,0,0,0,0,0,0,0.57541257643959343,-0.17638624992577961,0.20931869515019574,-1.406996111095296,-2.2450411682509412,0.89064229542613615,-0.44437255910982354,0,0,0,0,0,0,0,0,0,0,0,0,0,0,0,0,0,0,0,0,0,0,0,0,-10.458129599619781,4.3686411564262952,-10.672420323574737,11.226944714547715,33.612391481747927,-6.6041389231127896,6.2191073565223682,0,0,0,0,0,0,0,0,0,0,0,0
111,FRAME,NONE,106,106,1.0600000000000001,SERVE_FOLLOW,0.505,0,0,0,0,0,-1.4046392751347738,0.33585055563975652,-0.1559970719662449,-0.43373972580696724,0.018652721324242307,0.28070492315996354,-1.2929643037189171,-1.2014625141556343,-0.063279922171242758,1.6164516976666279,0.45505043360472025,0.35773707975314756,0.98715093943719201,0.31665515683954981,-0.15109999999999998,0.0055999999999999999,-0.034799999999999998,0.2868,-0.10339999999999999,-0.0077999999999999996,-0.15109999999999998,-0.0055999999999999999,0.034799999999999998,0.2868,-0.10339999999999999,0.0077999999999999996,0,0,0,0,0,0,0,0,0,0,0,0,0.55252380302734938,-0.31992760559985606,0.31471817924971779,-1.3624957444261343,-2.0375978892768183,0.7684524313357699,-0.32091888335712138,0,0,0,0,0,0,0,0,0,0,0,0,0,0,0,0,0,0,0,0,0,0,0,0,5.6912479405790695,-33.293300303871689,32.138524707717167,-2.2317069688057578,6.6407106828028528,-18.191282687220479,19.398365907752762,0,0,0,0,0,0,0,0,0,0,0,0
112,FRAME,NONE,107,107,1.0700000000000001,SERVE_FOLLOW,0.51500000000000001,0,0,0,0,0,-1.4046392751347734,0.33585055563975647,-0.15599707196624496,-0.4337397258069679,0.018652721324242266,0.28070492315996365,-1.2929643037189169,-1.1952100308517646,-0.069078092895142315,1.6222959892463829,0.44093088178202988,0.33691788760037006,0.99368916640257976,0.31475012258364904,-0.15109999999999998,0.0055999999999999999,-0.034799999999999998,0.2868,-0.10339999999999999,-0.0077999999999999996,-0.15109999999999998,-0.0055999999999999999,0.034799999999999998,0.2868,-0.10339999999999999,0.0077999999999999996,0,0,0,0,0,0,0,0,0,0,0,0,0.68923753525117482,-0.8422522560032133,0.85208918930453903,-1.4516302504714111,-2.1122269545948842,0.52681664168172659,-0.056405240954768288,0,0,0,0,0,0,0,0,0,0,0,0,0,0,0,0,0,0,0,0,0,0,0,0,2.6017320175919512,-25.619619415740601,27.017230092205025,7.5691602050136142,12.71801363512488,-20.281017796786315,18.050420081945628,0,0,0,0,0,0,0,0,0,0,0,0
113,FRAME,NONE,108,108,1.0800000000000001,SERVE_FOLLOW,0.52500000000000002,0,0,0,0,0,-1.4046392751347738,0.33585055563975624,-0.15599707196624485,-0.43373972580696762,0.018652721324242352,0.28070492315996359,-1.2929643037189171,-1.1876777634506108,-0.080124967291307025,1.6334934814527187,0.42601782859529203,0.31549254066124988,0.99768727227082654,0.31552705202045445,-0.15109999999999998,0.0055999999999999999,-0.034799999999999998,0.2868,-0.10339999999999999,-0.0077999999999999996,-0.15109999999999998,-0.0055999999999999999,0.034799999999999998,0.2868,-0.10339999999999999,0.0077999999999999996,0,0,0,0,0,0,0,0,0,0,0,0,0.6045584433791884,-0.83231999391466804,0.85506278109381828,-1.211112540325862,-1.7832376165743207,0.36283207540004359,0.040089518281791192,0,0,0,0,0,0,0,0,0,0,0,0,0,0,0,0,0,0,0,0,0,0,0,0,-18.901531825056828,27.722874701691168,-26.687553650417417,39.210294316116688,52.48615401006893,-11.232604930174194,0.28653347485335656,0,0,0,0,0,0,0,0,0,0,0,0
114,FRAME,NONE,109,109,1.0900000000000001,SERVE_FOLLOW,0.53500000000000003,0,0,0,0,0,-1.4046392751347738,0.33585055563975624,-0.15599707196624485,-0.43373972580696762,0.018652721324242352,0.28070492315996359,-1.2929643037189171,-1.1831188619841808,-0.085724492773435676,1.6393972448682592,0.41670863097551264,0.30125313526888364,1.0009458079105806,0.31555191294928486,-0.15109999999999998,0.0055999999999999999,-0.034799999999999998,0.2868,-0.10339999999999999,-0.0077999999999999996,-0.15109999999999998,-0.0055999999999999999,0.034799999999999998,0.2868,-0.10339999999999999,0.0077999999999999996,0,0,0,0,0,0,0,0,0,0,0,0,0.31120689875003826,-0.28779476196938991,0.31833811629619069,-0.66742436414907735,-1.0625038743935056,0.3021645430782427,-0.050674571457701156,0,0,0,0,0,0,0,0,0,0,0,0,0,0,0,0,0,0,0,0,0,0,0,0,-23.708252424084474,41.013238559408812,-40.906847064900994,44.807277487852595,61.720413989713997,-7.272800629520848,-6.0165698068401214,0,0,0,0,0,0,0,0,0,0,0,0
115,FRAME,NONE,110,110,1.1000000000000001,SERVE_FOLLOW,0.54500000000000004,0,0,0,0,0,-1.4046392751347738,0.33585055563975624,-0.15599707196624524,-0.43373972580696801,0.018652721324242543,0.28070492315996409,-1.2929643037189171,-1.1814536254756101,-0.085880862530694824,1.6398602437786425,0.41266934131231048,0.29424246317337976,1.0037305631323914,0.31451356059130042,-0.15109999999999998,0.0055999999999999999,-0.034799999999999998,0.2868,-0.10339999999999999,-0.0077999999999999996,-0.15109999999999998,-0.0055999999999999999,0.034799999999999998,0.2868,-0.10339999999999999,0.0077999999999999996,0,0,0,0,0,0,0,0,0,0,0,0,0.1303933948974989,-0.012055222726491815,0.036925839795798332,-0.31496699056881017,-0.54882933678004064,0.21737606280962662,-0.080241877855011245,0,0,0,0,0,0,0,0,0,0,0,0,0,0,0,0,0,0,0,0,0,0,0,0,-12.255028835894688,14.09449870389972,-14.943956907217393,25.459672270617268,39.219991494438695,-9.6352632043128494,0.55799999898353825,0,0,0,0,0,0,0,0,0,0,0,0
116,FRAME,NONE,111,111,1.1100000000000001,SERVE_FOLLOW,0.55500000000000005,0,0,0,0,0,-1.404639275134774,0.33585055563975669,-0.15599707196624454,-0.43373972580696751,0.018652721324241964,0.28070492315996348,-1.2929643037189176,-1.1805109940862308,-0.085965597227965512,1.6401357616641752,0.41040929116413644,0.29027654853328283,1.0052933291667732,0.31394707539218464,-0.15109999999999998,0.0055999999999999999,-0.034799999999999998,0.2868,-0.10339999999999999,-0.0077999999999999996,-0.15109999999999998,-0.0055999999999999999,0.034799999999999998,0.2868,-0.10339999999999999,0.0077999999999999996,0,0,0,0,0,0,0,0,0,0,0,0,0.066106322032144504,-0.0059047878913955076,0.019458978151842832,-0.15823091873673201,-0.2781040445047317,0.10945927899198571,-0.039514571478030391,0,0,0,0,0,0,0,0,0,0,0,0,0,0,0,0,0,0,0,0,0,0,0,0,-5.4240342929473551,0.50653980005498089,-1.5178142526789395,13.137480460905099,22.833266239360437,-9.0606365524625865,3.3665121938980525,0,0,0,0,0,0,0,0,0,0,0,0
117,FRAME,NONE,112,112,1.1200000000000001,SERVE_FOLLOW,0.56499999999999995,0,0,0,0,0,-1.4046392751347734,0.33585055563975647,-0.15599707196624485,-0.43373972580696796,0.018652721324242182,0.28070492315996376,-1.2929643037189171,-1.1801314990349672,-0.085998958288522734,1.6402494233416793,0.40950472293757584,0.28868038228328513,1.0059197487122311,0.31372326916173982,-0.15109999999999998,0.0055999999999999999,-0.034799999999999998,0.2868,-0.10339999999999999,-0.0077999999999999996,-0.15109999999999998,-0.0055999999999999999,0.034799999999999998,0.2868,-0.10339999999999999,0.0077999999999999996,0,0,0,0,0,0,0,0,0,0,0,0,0.021912709038551803,-0.0019244267253921976,0.0065695547422195411,-0.052217381350708192,-0.092164011992831862,0.036163331760374895,-0.012911633977050196,0,0,0,0,0,0,0,0,0,0,0,0,0,0,0,0,0,0,0,0,0,0,0,0,-3.1578277552651857,0.28236918221537927,-0.9284471751175305,7.5606926910719299,13.284933785363551,-5.2298729346006434,1.8893164874705937,0,0,0,0,0,0,0,0,0,0,0,0
118,FRAME,NONE,113,113,1.1299999999999999,SERVE_FOLLOW,0.57499999999999996,0,0,0,0,0,-1.4046392751347734,0.33585055563975647,-0.15599707196624485,-0.43373972580696796,0.018652721324242182,0.28070492315996376,-1.2929643037189171,-1.1800727399054598,-0.086004085762473356,1.6402671527590196,0.40936494353712227,0.28843326829342619,1.0060165958019807,0.31368884271264363,-0.15109999999999998,0.0055999999999999999,-0.034799999999999998,0.2868,-0.10339999999999999,-0.0077999999999999996,-0.15109999999999998,-0.0055999999999999999,0.034799999999999998,0.2868,-0.10339999999999999,0.0077999999999999996,0,0,0,0,0,0,0,0,0,0,0,0,0.0029497669268407911,-0.00025740424708792231,0.00089003464949222177,-0.0070170649152934139,-0.012405368797460681,0.004861820299972841,-0.0017282417286185181,0,0,0,0,0,0,0,0,0,0,0,0,0,0,0,0,0,0,0,0,0,0,0,0,-1.0950449293539721,0.096169808791769784,-0.32829954798696548,2.6094643229046532,4.6057171344159045,-1.807193297393983,0.64523573516203636,0,0,0,0,0,0,0,0,0,0,0,0
119,FRAME,NONE,114,114,1.1399999999999999,SERVE_FOLLOW,0.58499999999999996,0,0,0,0,0,-1.4046392751347734,0.33585055563975647,-0.15599707196624485,-0.43373972580696796,0.018652721324242182,0.28070492315996376,-1.2929643037189171,-1.1800725036964304,-0.086004106373464492,1.6402672240346692,0.40936438163926997,0.28843227490733592,1.0060169851182306,0.31368870432716744,-0.15109999999999998,0.0055999999999999999,-0.034799999999999998,0.2868,-0.10339999999999999,-0.0077999999999999996,-0.15109999999999998,-0.0055999999999999999,0.034799999999999998,0.2868,-0.10339999999999999,0.0077999999999999996,0,0,0,0,0,0,0,0,0,0,0,0,1.1810451472360484e-05,-1.0305495568019296e-06,3.563782480231481e-06,-2.8094892615126987e-05,-4.966930451377749e-05,1.9465812495234047e-05,-6.9192738094692174e-06,0,0,0,0,0,0,0,0,0,0,0,0,0,0,0,0,0,0,0,0,0,0,0,0,-0.14748834634203956,0.012870212354396116,-0.044501732474611089,0.3508532457646707,0.62026843987303404,-0.24309101499864205,0.086412086430925905,0,0,0,0,0,0,0,0,0,0,0,0
120,FRAME,NONE,115,115,1.1499999999999999,SERVE_FOLLOW,0.59499999999999997,0,0,0,0,0,-1.4046392751347734,0.33585055563975647,-0.15599707196624485,-0.43373972580696796,0.018652721324242182,0.28070492315996376,-1.2929643037189171,-1.1800725036964304,-0.086004106373464492,1.6402672240346692,0.40936438163926997,0.28843227490733592,1.0060169851182306,0.31368870432716744,-0.15109999999999998,0.0055999999999999999,-0.034799999999999998,0.2868,-0.10339999999999999,-0.0077999999999999996,-0.15109999999999998,-0.0055999999999999999,0.034799999999999998,0.2868,-0.10339999999999999,0.0077999999999999996,0,0,0,0,0,0,0,0,0,0,0,0,0,0,0,0,0,0,0,0,0,0,0,0,0,0,0,0,0,0,0,0,0,0,0,0,0,0,0,0,0,0,0,-0.00059052257361802418,5.1527477840096481e-05,-0.00017818912401157405,0.0014047446307563494,0.0024834652256888745,-0.00097329062476170236,0.00034596369047346087,0,0,0,0,0,0,0,0,0,0,0,0
121,FRAME,NONE,116,116,1.1599999999999999,SERVE_FOLLOW,0.60499999999999998,0,0,0,0,0,-1.4046392751347734,0.33585055563975647,-0.15599707196624485,-0.43373972580696796,0.018652721324242182,0.28070492315996376,-1.2929643037189171,-1.1800725036964304,-0.086004106373464492,1.6402672240346692,0.40936438163926997,0.28843227490733592,1.0060169851182306,0.31368870432716744,-0.15109999999999998,0.0055999999999999999,-0.034799999999999998,0.2868,-0.10339999999999999,-0.0077999999999999996,-0.15109999999999998,-0.0055999999999999999,0.034799999999999998,0.2868,-0.10339999999999999,0.0077999999999999996,0,0,0,0,0,0,0,0,0,0,0,0,0,0,0,0,0,0,0,0,0,0,0,0,0,0,0,0,0,0,0,0,0,0,0,0,0,0,0,0,0,0,0,0,0,0,0,0,0,0,0,0,0,0,0,0,0,0,0,0,0,0
122,FRAME,NONE,117,117,1.1699999999999999,SERVE_FOLLOW,0.61499999999999999,0,0,0,0,0,-1.4046392751347734,0.33585055563975647,-0.15599707196624485,-0.43373972580696796,0.018652721324242182,0.28070492315996376,-1.2929643037189171,-1.1800725036964304,-0.086004106373464492,1.6402672240346692,0.40936438163926997,0.28843227490733592,1.0060169851182306,0.31368870432716744,-0.15109999999999998,0.0055999999999999999,-0.034799999999999998,0.2868,-0.10339999999999999,-0.0077999999999999996,-0.15109999999999998,-0.0055999999999999999,0.034799999999999998,0.2868,-0.10339999999999999,0.0077999999999999996,0,0,0,0,0,0,0,0,0,0,0,0,0,0,0,0,0,0,0,0,0,0,0,0,0,0,0,0,0,0,0,0,0,0,0,0,0,0,0,0,0,0,0,0,0,0,0,0,0,0,0,0,0,0,0,0,0,0,0,0,0,0
123,FRAME,NONE,118,118,1.1799999999999999,SERVE_FOLLOW,0.625,0,0,0,0,0,-1.4046392751347734,0.33585055563975647,-0.15599707196624485,-0.43373972580696796,0.018652721324242182,0.28070492315996376,-1.2929643037189171,-1.1800725036964304,-0.086004106373464492,1.6402672240346692,0.40936438163926997,0.28843227490733592,1.0060169851182306,0.31368870432716744,-0.15109999999999998,0.0055999999999999999,-0.034799999999999998,0.2868,-0.10339999999999999,-0.0077999999999999996,-0.15109999999999998,-0.0055999999999999999,0.034799999999999998,0.2868,-0.10339999999999999,0.0077999999999999996,0,0,0,0,0,0,0,0,0,0,0,0,0,0,0,0,0,0,0,0,0,0,0,0,0,0,0,0,0,0,0,0,0,0,0,0,0,0,0,0,0,0,0,0,0,0,0,0,0,0,0,0,0,0,0,0,0,0,0,0,0,0
124,FRAME,NONE,119,119,1.1899999999999999,SERVE_FOLLOW,0.63500000000000001,0,0,0,0,0,-1.4046392751347734,0.33585055563975647,-0.15599707196624485,-0.43373972580696796,0.018652721324242182,0.28070492315996376,-1.2929643037189171,-1.1800725036964304,-0.086004106373464492,1.6402672240346692,0.40936438163926997,0.28843227490733592,1.0060169851182306,0.31368870432716744,-0.15109999999999998,0.0055999999999999999,-0.034799999999999998,0.2868,-0.10339999999999999,-0.0077999999999999996,-0.15109999999999998,-0.0055999999999999999,0.034799999999999998,0.2868,-0.10339999999999999,0.0077999999999999996,0,0,0,0,0,0,0,0,0,0,0,0,0,0,0,0,0,0,0,0,0,0,0,0,0,0,0,0,0,0,0,0,0,0,0,0,0,0,0,0,0,0,0,0,0,0,0,0,0,0,0,0,0,0,0,0,0,0,0,0,0,0
125,FRAME,NONE,120,120,1.2,SERVE_FOLLOW,0.64500000000000002,0,0,0,0,0,-1.4046392751347734,0.33585055563975647,-0.15599707196624485,-0.43373972580696796,0.018652721324242182,0.28070492315996376,-1.2929643037189171,-1.1800725036964304,-0.086004106373464492,1.6402672240346692,0.40936438163926997,0.28843227490733592,1.0060169851182306,0.31368870432716744,-0.15109999999999998,0.0055999999999999999,-0.034799999999999998,0.2868,-0.10339999999999999,-0.0077999999999999996,-0.15109999999999998,-0.0055999999999999999,0.034799999999999998,0.2868,-0.10339999999999999,0.0077999999999999996,0,0,0,0,0,0,0,0,0,0,0,0,0,0,0,0,0,0,0,0,0,0,0,0,0,0,0,0,0,0,0,0,0,0,0,0,0,0,0,0,0,0,0,0,0,0,0,0,0,0,0,0,0,0,0,0,0,0,0,0,0,0
126,FRAME,NONE,121,121,1.21,SERVE_FOLLOW,0.65500000000000003,0,0,0,0,0,-1.4046392751347734,0.33585055563975647,-0.15599707196624485,-0.43373972580696796,0.018652721324242182,0.28070492315996376,-1.2929643037189171,-1.1800725036964304,-0.086004106373464492,1.6402672240346692,0.40936438163926997,0.28843227490733592,1.0060169851182306,0.31368870432716744,-0.15109999999999998,0.0055999999999999999,-0.034799999999999998,0.2868,-0.10339999999999999,-0.0077999999999999996,-0.15109999999999998,-0.0055999999999999999,0.034799999999999998,0.2868,-0.10339999999999999,0.0077999999999999996,0,0,0,0,0,0,0,0,0,0,0,0,0,0,0,0,0,0,0,0,0,0,0,0,0,0,0,0,0,0,0,0,0,0,0,0,0,0,0,0,0,0,0,0,0,0,0,0,0,0,0,0,0,0,0,0,0,0,0,0,0,0
127,FRAME,NONE,122,122,1.22,SERVE_FOLLOW,0.66500000000000004,0,0,0,0,0,-1.4046392751347734,0.33585055563975647,-0.15599707196624485,-0.43373972580696796,0.018652721324242182,0.28070492315996376,-1.2929643037189171,-1.1800725036964304,-0.086004106373464492,1.6402672240346692,0.40936438163926997,0.28843227490733592,1.0060169851182306,0.31368870432716744,-0.15109999999999998,0.0055999999999999999,-0.034799999999999998,0.2868,-0.10339999999999999,-0.0077999999999999996,-0.15109999999999998,-0.0055999999999999999,0.034799999999999998,0.2868,-0.10339999999999999,0.0077999999999999996,0,0,0,0,0,0,0,0,0,0,0,0,0,0,0,0,0,0,0,0,0,0,0,0,0,0,0,0,0,0,0,0,0,0,0,0,0,0,0,0,0,0,0,0,0,0,0,0,0,0,0,0,0,0,0,0,0,0,0,0,0,0
128,FRAME,NONE,123,123,1.23,SERVE_FOLLOW,0.67500000000000004,0,0,0,0,0,-1.4046392751347734,0.33585055563975647,-0.15599707196624485,-0.43373972580696796,0.018652721324242182,0.28070492315996376,-1.2929643037189171,-1.1800725036964304,-0.086004106373464492,1.6402672240346692,0.40936438163926997,0.28843227490733592,1.0060169851182306,0.31368870432716744,-0.15109999999999998,0.0055999999999999999,-0.034799999999999998,0.2868,-0.10339999999999999,-0.0077999999999999996,-0.15109999999999998,-0.0055999999999999999,0.034799999999999998,0.2868,-0.10339999999999999,0.0077999999999999996,0,0,0,0,0,0,0,0,0,0,0,0,0,0,0,0,0,0,0,0,0,0,0,0,0,0,0,0,0,0,0,0,0,0,0,0,0,0,0,0,0,0,0,0,0,0,0,0,0,0,0,0,0,0,0,0,0,0,0,0,0,0
129,FRAME,NONE,124,124,1.24,SERVE_FOLLOW,0.68500000000000005,0,0,0,0,0,-1.4046392751347734,0.33585055563975647,-0.15599707196624485,-0.43373972580696796,0.018652721324242182,0.28070492315996376,-1.2929643037189171,-1.1800725036964304,-0.086004106373464492,1.6402672240346692,0.40936438163926997,0.28843227490733592,1.0060169851182306,0.31368870432716744,-0.15109999999999998,0.0055999999999999999,-0.034799999999999998,0.2868,-0.10339999999999999,-0.0077999999999999996,-0.15109999999999998,-0.0055999999999999999,0.034799999999999998,0.2868,-0.10339999999999999,0.0077999999999999996,0,0,0,0,0,0,0,0,0,0,0,0,0,0,0,0,0,0,0,0,0,0,0,0,0,0,0,0,0,0,0,0,0,0,0,0,0,0,0,0,0,0,0,0,0,0,0,0,0,0,0,0,0,0,0,0,0,0,0,0,0,0
130,FRAME,NONE,125,125,1.25,SERVE_FOLLOW,0.69499999999999995,0,0,0,0,0,-1.4046392751347734,0.33585055563975647,-0.15599707196624485,-0.43373972580696796,0.018652721324242182,0.28070492315996376,-1.2929643037189171,-1.1800725036964304,-0.086004106373464492,1.6402672240346692,0.40936438163926997,0.28843227490733592,1.0060169851182306,0.31368870432716744,-0.15109999999999998,0.0055999999999999999,-0.034799999999999998,0.2868,-0.10339999999999999,-0.0077999999999999996,-0.15109999999999998,-0.0055999999999999999,0.034799999999999998,0.2868,-0.10339999999999999,0.0077999999999999996,0,0,0,0,0,0,0,0,0,0,0,0,0,0,0,0,0,0,0,0,0,0,0,0,0,0,0,0,0,0,0,0,0,0,0,0,0,0,0,0,0,0,0,0,0,0,0,0,0,0,0,0,0,0,0,0,0,0,0,0,0,0
131,FRAME,NONE,126,126,1.26,SERVE_FOLLOW,0.70499999999999996,0,0,0,0,0,-1.4046392751347734,0.33585055563975647,-0.15599707196624485,-0.43373972580696796,0.018652721324242182,0.28070492315996376,-1.2929643037189171,-1.1800725036964304,-0.086004106373464492,1.6402672240346692,0.40936438163926997,0.28843227490733592,1.0060169851182306,0.31368870432716744,-0.15109999999999998,0.0055999999999999999,-0.034799999999999998,0.2868,-0.10339999999999999,-0.0077999999999999996,-0.15109999999999998,-0.0055999999999999999,0.034799999999999998,0.2868,-0.10339999999999999,0.0077999999999999996,0,0,0,0,0,0,0,0,0,0,0,0,0,0,0,0,0,0,0,0,0,0,0,0,0,0,0,0,0,0,0,0,0,0,0,0,0,0,0,0,0,0,0,0,0,0,0,0,0,0,0,0,0,0,0,0,0,0,0,0,0,0
132,FRAME,NONE,127,127,1.27,SERVE_FOLLOW,0.71499999999999997,0,0,0,0,0,-1.4046392751347734,0.33585055563975647,-0.15599707196624485,-0.43373972580696796,0.018652721324242182,0.28070492315996376,-1.2929643037189171,-1.1800725036964304,-0.086004106373464492,1.6402672240346692,0.40936438163926997,0.28843227490733592,1.0060169851182306,0.31368870432716744,-0.15109999999999998,0.0055999999999999999,-0.034799999999999998,0.2868,-0.10339999999999999,-0.0077999999999999996,-0.15109999999999998,-0.0055999999999999999,0.034799999999999998,0.2868,-0.10339999999999999,0.0077999999999999996,0,0,0,0,0,0,0,0,0,0,0,0,0,0,0,0,0,0,0,0,0,0,0,0,0,0,0,0,0,0,0,0,0,0,0,0,0,0,0,0,0,0,0,0,0,0,0,0,0,0,0,0,0,0,0,0,0,0,0,0,0,0
133,FRAME,NONE,128,128,1.28,SERVE_FOLLOW,0.72499999999999998,0,0,0,0,0,-1.4046392751347734,0.33585055563975647,-0.15599707196624485,-0.43373972580696796,0.018652721324242182,0.28070492315996376,-1.2929643037189171,-1.1800725036964304,-0.086004106373464492,1.6402672240346692,0.40936438163926997,0.28843227490733592,1.0060169851182306,0.31368870432716744,-0.15109999999999998,0.0055999999999999999,-0.034799999999999998,0.2868,-0.10339999999999999,-0.0077999999999999996,-0.15109999999999998,-0.0055999999999999999,0.034799999999999998,0.2868,-0.10339999999999999,0.0077999999999999996,0,0,0,0,0,0,0,0,0,0,0,0,0,0,0,0,0,0,0,0,0,0,0,0,0,0,0,0,0,0,0,0,0,0,0,0,0,0,0,0,0,0,0,0,0,0,0,0,0,0,0,0,0,0,0,0,0,0,0,0,0,0
134,FRAME,NONE,129,129,1.29,SERVE_FOLLOW,0.73499999999999999,0,0,0,0,0,-1.4046392751347734,0.33585055563975647,-0.15599707196624485,-0.43373972580696796,0.018652721324242182,0.28070492315996376,-1.2929643037189171,-1.1800725036964304,-0.086004106373464492,1.6402672240346692,0.40936438163926997,0.28843227490733592,1.0060169851182306,0.31368870432716744,-0.15109999999999998,0.0055999999999999999,-0.034799999999999998,0.2868,-0.10339999999999999,-0.0077999999999999996,-0.15109999999999998,-0.0055999999999999999,0.034799999999999998,0.2868,-0.10339999999999999,0.0077999999999999996,0,0,0,0,0,0,0,0,0,0,0,0,0,0,0,0,0,0,0,0,0,0,0,0,0,0,0,0,0,0,0,0,0,0,0,0,0,0,0,0,0,0,0,0,0,0,0,0,0,0,0,0,0,0,0,0,0,0,0,0,0,0
135,FRAME,NONE,130,130,1.3,SERVE_FOLLOW,0.745,0,0,0,0,0,-1.4046392751347734,0.33585055563975647,-0.15599707196624485,-0.43373972580696796,0.018652721324242182,0.28070492315996376,-1.2929643037189171,-1.1800725036964304,-0.086004106373464492,1.6402672240346692,0.40936438163926997,0.28843227490733592,1.0060169851182306,0.31368870432716744,-0.15109999999999998,0.0055999999999999999,-0.034799999999999998,0.2868,-0.10339999999999999,-0.0077999999999999996,-0.15109999999999998,-0.0055999999999999999,0.034799999999999998,0.2868,-0.10339999999999999,0.0077999999999999996,0,0,0,0,0,0,0,0,0,0,0,0,0,0,0,0,0,0,0,0,0,0,0,0,0,0,0,0,0,0,0,0,0,0,0,0,0,0,0,0,0,0,0,0,0,0,0,0,0,0,0,0,0,0,0,0,0,0,0,0,0,0
136,FRAME,NONE,131,131,1.3100000000000001,SERVE_FOLLOW,0.755,0,0,0,0,0,-1.4046392751347734,0.33585055563975647,-0.15599707196624485,-0.43373972580696796,0.018652721324242182,0.28070492315996376,-1.2929643037189171,-1.1800725036964304,-0.086004106373464492,1.6402672240346692,0.40936438163926997,0.28843227490733592,1.0060169851182306,0.31368870432716744,-0.15109999999999998,0.0055999999999999999,-0.034799999999999998,0.2868,-0.10339999999999999,-0.0077999999999999996,-0.15109999999999998,-0.0055999999999999999,0.034799999999999998,0.2868,-0.10339999999999999,0.0077999999999999996,0,0,0,0,0,0,0,0,0,0,0,0,0,0,0,0,0,0,0,0,0,0,0,0,0,0,0,0,0,0,0,0,0,0,0,0,0,0,0,0,0,0,0,0,0,0,0,0,0,0,0,0,0,0,0,0,0,0,0,0,0,0
137,FRAME,NONE,132,132,1.3200000000000001,SERVE_FOLLOW,0.76500000000000001,0,0,0,0,0,-1.4046392751347734,0.33585055563975647,-0.15599707196624485,-0.43373972580696796,0.018652721324242182,0.28070492315996376,-1.2929643037189171,-1.1800725036964304,-0.086004106373464492,1.6402672240346692,0.40936438163926997,0.28843227490733592,1.0060169851182306,0.31368870432716744,-0.15109999999999998,0.0055999999999999999,-0.034799999999999998,0.2868,-0.10339999999999999,-0.0077999999999999996,-0.15109999999999998,-0.0055999999999999999,0.034799999999999998,0.2868,-0.10339999999999999,0.0077999999999999996,0,0,0,0,0,0,0,0,0,0,0,0,0,0,0,0,0,0,0,0,0,0,0,0,0,0,0,0,0,0,0,0,0,0,0,0,0,0,0,0,0,0,0,0,0,0,0,0,0,0,0,0,0,0,0,0,0,0,0,0,0,0
138,FRAME,NONE,133,133,1.3300000000000001,SERVE_FOLLOW,0.77500000000000002,0,0,0,0,0,-1.4046392751347734,0.33585055563975647,-0.15599707196624485,-0.43373972580696796,0.018652721324242182,0.28070492315996376,-1.2929643037189171,-1.1800725036964304,-0.086004106373464492,1.6402672240346692,0.40936438163926997,0.28843227490733592,1.0060169851182306,0.31368870432716744,-0.15109999999999998,0.0055999999999999999,-0.034799999999999998,0.2868,-0.10339999999999999,-0.0077999999999999996,-0.15109999999999998,-0.0055999999999999999,0.034799999999999998,0.2868,-0.10339999999999999,0.0077999999999999996,0,0,0,0,0,0,0,0,0,0,0,0,0,0,0,0,0,0,0,0,0,0,0,0,0,0,0,0,0,0,0,0,0,0,0,0,0,0,0,0,0,0,0,0,0,0,0,0,0,0,0,0,0,0,0,0,0,0,0,0,0,0
139,FRAME,NONE,134,134,1.3400000000000001,SERVE_FOLLOW,0.78500000000000003,0,0,0,0,0,-1.4046392751347734,0.33585055563975647,-0.15599707196624485,-0.43373972580696796,0.018652721324242182,0.28070492315996376,-1.2929643037189171,-1.1800725036964304,-0.086004106373464492,1.6402672240346692,0.40936438163926997,0.28843227490733592,1.0060169851182306,0.31368870432716744,-0.15109999999999998,0.0055999999999999999,-0.034799999999999998,0.2868,-0.10339999999999999,-0.0077999999999999996,-0.15109999999999998,-0.0055999999999999999,0.034799999999999998,0.2868,-0.10339999999999999,0.0077999999999999996,0,0,0,0,0,0,0,0,0,0,0,0,0,0,0,0,0,0,0,0,0,0,0,0,0,0,0,0,0,0,0,0,0,0,0,0,0,0,0,0,0,0,0,0,0,0,0,0,0,0,0,0,0,0,0,0,0,0,0,0,0,0
140,FRAME,NONE,135,135,1.3500000000000001,SERVE_FOLLOW,0.79500000000000004,0,0,0,0,0,-1.4046392751347734,0.33585055563975647,-0.15599707196624485,-0.43373972580696796,0.018652721324242182,0.28070492315996376,-1.2929643037189171,-1.1800725036964304,-0.086004106373464492,1.6402672240346692,0.40936438163926997,0.28843227490733592,1.0060169851182306,0.31368870432716744,-0.15109999999999998,0.0055999999999999999,-0.034799999999999998,0.2868,-0.10339999999999999,-0.0077999999999999996,-0.15109999999999998,-0.0055999999999999999,0.034799999999999998,0.2868,-0.10339999999999999,0.0077999999999999996,0,0,0,0,0,0,0,0,0,0,0,0,0,0,0,0,0,0,0,0,0,0,0,0,0,0,0,0,0,0,0,0,0,0,0,0,0,0,0,0,0,0,0,0,0,0,0,0,0,0,0,0,0,0,0,0,0,0,0,0,0,0
141,FRAME,NONE,136,136,1.3600000000000001,SERVE_FOLLOW,0.80500000000000005,0,0,0,0,0,-1.4046392751347734,0.33585055563975647,-0.15599707196624485,-0.43373972580696796,0.018652721324242182,0.28070492315996376,-1.2929643037189171,-1.1800725036964304,-0.086004106373464492,1.6402672240346692,0.40936438163926997,0.28843227490733592,1.0060169851182306,0.31368870432716744,-0.15109999999999998,0.0055999999999999999,-0.034799999999999998,0.2868,-0.10339999999999999,-0.0077999999999999996,-0.15109999999999998,-0.0055999999999999999,0.034799999999999998,0.2868,-0.10339999999999999,0.0077999999999999996,0,0,0,0,0,0,0,0,0,0,0,0,0,0,0,0,0,0,0,0,0,0,0,0,0,0,0,0,0,0,0,0,0,0,0,0,0,0,0,0,0,0,0,0,0,0,0,0,0,0,0,0,0,0,0,0,0,0,0,0,0,0
142,FRAME,NONE,137,137,1.3700000000000001,SERVE_FOLLOW,0.81499999999999995,0,0,0,0,0,-1.4046392751347734,0.33585055563975647,-0.15599707196624485,-0.43373972580696796,0.018652721324242182,0.28070492315996376,-1.2929643037189171,-1.1800725036964304,-0.086004106373464492,1.6402672240346692,0.40936438163926997,0.28843227490733592,1.0060169851182306,0.31368870432716744,-0.15109999999999998,0.0055999999999999999,-0.034799999999999998,0.2868,-0.10339999999999999,-0.0077999999999999996,-0.15109999999999998,-0.0055999999999999999,0.034799999999999998,0.2868,-0.10339999999999999,0.0077999999999999996,0,0,0,0,0,0,0,0,0,0,0,0,0,0,0,0,0,0,0,0,0,0,0,0,0,0,0,0,0,0,0,0,0,0,0,0,0,0,0,0,0,0,0,0,0,0,0,0,0,0,0,0,0,0,0,0,0,0,0,0,0,0
143,FRAME,NONE,138,138,1.3799999999999999,SERVE_FOLLOW,0.82499999999999996,0,0,0,0,0,-1.4046392751347734,0.33585055563975647,-0.15599707196624485,-0.43373972580696796,0.018652721324242182,0.28070492315996376,-1.2929643037189171,-1.1800725036964304,-0.086004106373464492,1.6402672240346692,0.40936438163926997,0.28843227490733592,1.0060169851182306,0.31368870432716744,-0.15109999999999998,0.0055999999999999999,-0.034799999999999998,0.2868,-0.10339999999999999,-0.0077999999999999996,-0.15109999999999998,-0.0055999999999999999,0.034799999999999998,0.2868,-0.10339999999999999,0.0077999999999999996,0,0,0,0,0,0,0,0,0,0,0,0,0,0,0,0,0,0,0,0,0,0,0,0,0,0,0,0,0,0,0,0,0,0,0,0,0,0,0,0,0,0,0,0,0,0,0,0,0,0,0,0,0,0,0,0,0,0,0,0,0,0
144,FRAME,NONE,139,139,1.3899999999999999,SERVE_FOLLOW,0.83499999999999996,0,0,0,0,0,-1.4046392751347734,0.33585055563975647,-0.15599707196624485,-0.43373972580696796,0.018652721324242182,0.28070492315996376,-1.2929643037189171,-1.1800725036964304,-0.086004106373464492,1.6402672240346692,0.40936438163926997,0.28843227490733592,1.0060169851182306,0.31368870432716744,-0.15109999999999998,0.0055999999999999999,-0.034799999999999998,0.2868,-0.10339999999999999,-0.0077999999999999996,-0.15109999999999998,-0.0055999999999999999,0.034799999999999998,0.2868,-0.10339999999999999,0.0077999999999999996,0,0,0,0,0,0,0,0,0,0,0,0,0,0,0,0,0,0,0,0,0,0,0,0,0,0,0,0,0,0,0,0,0,0,0,0,0,0,0,0,0,0,0,0,0,0,0,0,0,0,0,0,0,0,0,0,0,0,0,0,0,0
145,FRAME,NONE,140,140,1.3999999999999999,SERVE_FOLLOW,0.84499999999999997,0,0,0,0,0,-1.4046392751347734,0.33585055563975647,-0.15599707196624485,-0.43373972580696796,0.018652721324242182,0.28070492315996376,-1.2929643037189171,-1.1800725036964304,-0.086004106373464492,1.6402672240346692,0.40936438163926997,0.28843227490733592,1.0060169851182306,0.31368870432716744,-0.15109999999999998,0.0055999999999999999,-0.034799999999999998,0.2868,-0.10339999999999999,-0.0077999999999999996,-0.15109999999999998,-0.0055999999999999999,0.034799999999999998,0.2868,-0.10339999999999999,0.0077999999999999996,0,0,0,0,0,0,0,0,0,0,0,0,0,0,0,0,0,0,0,0,0,0,0,0,0,0,0,0,0,0,0,0,0,0,0,0,0,0,0,0,0,0,0,0,0,0,0,0,0,0,0,0,0,0,0,0,0,0,0,0,0,0
146,FRAME,NONE,141,141,1.4099999999999999,SERVE_FOLLOW,0.85499999999999998,0,0,0,0,0,-1.4046392751347734,0.33585055563975647,-0.15599707196624485,-0.43373972580696796,0.018652721324242182,0.28070492315996376,-1.2929643037189171,-1.1800725036964304,-0.086004106373464492,1.6402672240346692,0.40936438163926997,0.28843227490733592,1.0060169851182306,0.31368870432716744,-0.15109999999999998,0.0055999999999999999,-0.034799999999999998,0.2868,-0.10339999999999999,-0.0077999999999999996,-0.15109999999999998,-0.0055999999999999999,0.034799999999999998,0.2868,-0.10339999999999999,0.0077999999999999996,0,0,0,0,0,0,0,0,0,0,0,0,0,0,0,0,0,0,0,0,0,0,0,0,0,0,0,0,0,0,0,0,0,0,0,0,0,0,0,0,0,0,0,0,0,0,0,0,0,0,0,0,0,0,0,0,0,0,0,0,0,0
147,FRAME,NONE,142,142,1.4199999999999999,SERVE_FOLLOW,0.86499999999999999,0,0,0,0,0,-1.4046392751347734,0.33585055563975647,-0.15599707196624485,-0.43373972580696796,0.018652721324242182,0.28070492315996376,-1.2929643037189171,-1.1800725036964304,-0.086004106373464492,1.6402672240346692,0.40936438163926997,0.28843227490733592,1.0060169851182306,0.31368870432716744,-0.15109999999999998,0.0055999999999999999,-0.034799999999999998,0.2868,-0.10339999999999999,-0.0077999999999999996,-0.15109999999999998,-0.0055999999999999999,0.034799999999999998,0.2868,-0.10339999999999999,0.0077999999999999996,0,0,0,0,0,0,0,0,0,0,0,0,0,0,0,0,0,0,0,0,0,0,0,0,0,0,0,0,0,0,0,0,0,0,0,0,0,0,0,0,0,0,0,0,0,0,0,0,0,0,0,0,0,0,0,0,0,0,0,0,0,0
148,FRAME,NONE,143,143,1.4299999999999999,SERVE_FOLLOW,0.875,0,0,0,0,0,-1.4046392751347734,0.33585055563975647,-0.15599707196624485,-0.43373972580696796,0.018652721324242182,0.28070492315996376,-1.2929643037189171,-1.1800725036964304,-0.086004106373464492,1.6402672240346692,0.40936438163926997,0.28843227490733592,1.0060169851182306,0.31368870432716744,-0.15109999999999998,0.0055999999999999999,-0.034799999999999998,0.2868,-0.10339999999999999,-0.0077999999999999996,-0.15109999999999998,-0.0055999999999999999,0.034799999999999998,0.2868,-0.10339999999999999,0.0077999999999999996,0,0,0,0,0,0,0,0,0,0,0,0,0,0,0,0,0,0,0,0,0,0,0,0,0,0,0,0,0,0,0,0,0,0,0,0,0,0,0,0,0,0,0,0,0,0,0,0,0,0,0,0,0,0,0,0,0,0,0,0,0,0
149,FRAME,NONE,144,144,1.4399999999999999,SERVE_FOLLOW,0.88500000000000001,0,0,0,0,0,-1.4046392751347734,0.33585055563975647,-0.15599707196624485,-0.43373972580696796,0.018652721324242182,0.28070492315996376,-1.2929643037189171,-1.1800725036964304,-0.086004106373464492,1.6402672240346692,0.40936438163926997,0.28843227490733592,1.0060169851182306,0.31368870432716744,-0.15109999999999998,0.0055999999999999999,-0.034799999999999998,0.2868,-0.10339999999999999,-0.0077999999999999996,-0.15109999999999998,-0.0055999999999999999,0.034799999999999998,0.2868,-0.10339999999999999,0.0077999999999999996,0,0,0,0,0,0,0,0,0,0,0,0,0,0,0,0,0,0,0,0,0,0,0,0,0,0,0,0,0,0,0,0,0,0,0,0,0,0,0,0,0,0,0,0,0,0,0,0,0,0,0,0,0,0,0,0,0,0,0,0,0,0
150,FRAME,NONE,145,145,1.45,SERVE_FOLLOW,0.89500000000000002,0,0,0,0,0,-1.4046392751347734,0.33585055563975647,-0.15599707196624485,-0.43373972580696796,0.018652721324242182,0.28070492315996376,-1.2929643037189171,-1.1800725036964304,-0.086004106373464492,1.6402672240346692,0.40936438163926997,0.28843227490733592,1.0060169851182306,0.31368870432716744,-0.15109999999999998,0.0055999999999999999,-0.034799999999999998,0.2868,-0.10339999999999999,-0.0077999999999999996,-0.15109999999999998,-0.0055999999999999999,0.034799999999999998,0.2868,-0.10339999999999999,0.0077999999999999996,0,0,0,0,0,0,0,0,0,0,0,0,0,0,0,0,0,0,0,0,0,0,0,0,0,0,0,0,0,0,0,0,0,0,0,0,0,0,0,0,0,0,0,0,0,0,0,0,0,0,0,0,0,0,0,0,0,0,0,0,0,0
151,FRAME,NONE,146,146,1.46,SERVE_FOLLOW,0.90500000000000003,0,0,0,0,0,-1.4046392751347734,0.33585055563975647,-0.15599707196624485,-0.43373972580696796,0.018652721324242182,0.28070492315996376,-1.2929643037189171,-1.1800725036964304,-0.086004106373464492,1.6402672240346692,0.40936438163926997,0.28843227490733592,1.0060169851182306,0.31368870432716744,-0.15109999999999998,0.0055999999999999999,-0.034799999999999998,0.2868,-0.10339999999999999,-0.0077999999999999996,-0.15109999999999998,-0.0055999999999999999,0.034799999999999998,0.2868,-0.10339999999999999,0.0077999999999999996,0,0,0,0,0,0,0,0,0,0,0,0,0,0,0,0,0,0,0,0,0,0,0,0,0,0,0,0,0,0,0,0,0,0,0,0,0,0,0,0,0,0,0,0,0,0,0,0,0,0,0,0,0,0,0,0,0,0,0,0,0,0
152,FRAME,NONE,147,147,1.47,SERVE_FOLLOW,0.91500000000000004,0,0,0,0,0,-1.4046392751347734,0.33585055563975647,-0.15599707196624485,-0.43373972580696796,0.018652721324242182,0.28070492315996376,-1.2929643037189171,-1.1800725036964304,-0.086004106373464492,1.6402672240346692,0.40936438163926997,0.28843227490733592,1.0060169851182306,0.31368870432716744,-0.15109999999999998,0.0055999999999999999,-0.034799999999999998,0.2868,-0.10339999999999999,-0.0077999999999999996,-0.15109999999999998,-0.0055999999999999999,0.034799999999999998,0.2868,-0.10339999999999999,0.0077999999999999996,0,0,0,0,0,0,0,0,0,0,0,0,0,0,0,0,0,0,0,0,0,0,0,0,0,0,0,0,0,0,0,0,0,0,0,0,0,0,0,0,0,0,0,0,0,0,0,0,0,0,0,0,0,0,0,0,0,0,0,0,0,0
153,FRAME,NONE,148,148,1.48,SERVE_FOLLOW,0.92500000000000004,0,0,0,0,0,-1.4046392751347734,0.33585055563975647,-0.15599707196624485,-0.43373972580696796,0.018652721324242182,0.28070492315996376,-1.2929643037189171,-1.1800725036964304,-0.086004106373464492,1.6402672240346692,0.40936438163926997,0.28843227490733592,1.0060169851182306,0.31368870432716744,-0.15109999999999998,0.0055999999999999999,-0.034799999999999998,0.2868,-0.10339999999999999,-0.0077999999999999996,-0.15109999999999998,-0.0055999999999999999,0.034799999999999998,0.2868,-0.10339999999999999,0.0077999999999999996,0,0,0,0,0,0,0,0,0,0,0,0,0,0,0,0,0,0,0,0,0,0,0,0,0,0,0,0,0,0,0,0,0,0,0,0,0,0,0,0,0,0,0,0,0,0,0,0,0,0,0,0,0,0,0,0,0,0,0,0,0,0
154,FRAME,NONE,149,149,1.49,SERVE_FOLLOW,0.93500000000000005,0,0,0,0,0,-1.4046392751347734,0.33585055563975647,-0.15599707196624485,-0.43373972580696796,0.018652721324242182,0.28070492315996376,-1.2929643037189171,-1.1800725036964304,-0.086004106373464492,1.6402672240346692,0.40936438163926997,0.28843227490733592,1.0060169851182306,0.31368870432716744,-0.15109999999999998,0.0055999999999999999,-0.034799999999999998,0.2868,-0.10339999999999999,-0.0077999999999999996,-0.15109999999999998,-0.0055999999999999999,0.034799999999999998,0.2868,-0.10339999999999999,0.0077999999999999996,0,0,0,0,0,0,0,0,0,0,0,0,0,0,0,0,0,0,0,0,0,0,0,0,0,0,0,0,0,0,0,0,0,0,0,0,0,0,0,0,0,0,0,0,0,0,0,0,0,0,0,0,0,0,0,0,0,0,0,0,0,0
155,FRAME,NONE,150,150,1.5,SERVE_FOLLOW,0.94499999999999995,0,0,0,0,0,-1.4046392751347734,0.33585055563975647,-0.15599707196624485,-0.43373972580696796,0.018652721324242182,0.28070492315996376,-1.2929643037189171,-1.1800725036964304,-0.086004106373464492,1.6402672240346692,0.40936438163926997,0.28843227490733592,1.0060169851182306,0.31368870432716744,-0.15109999999999998,0.0055999999999999999,-0.034799999999999998,0.2868,-0.10339999999999999,-0.0077999999999999996,-0.15109999999999998,-0.0055999999999999999,0.034799999999999998,0.2868,-0.10339999999999999,0.0077999999999999996,0,0,0,0,0,0,0,0,0,0,0,0,0,0,0,0,0,0,0,0,0,0,0,0,0,0,0,0,0,0,0,0,0,0,0,0,0,0,0,0,0,0,0,0,0,0,0,0,0,0,0,0,0,0,0,0,0,0,0,0,0,0
156,FRAME,NONE,151,151,1.51,SERVE_FOLLOW,0.95499999999999996,0,0,0,0,0,-1.4046392751347734,0.33585055563975647,-0.15599707196624485,-0.43373972580696796,0.018652721324242182,0.28070492315996376,-1.2929643037189171,-1.1800725036964304,-0.086004106373464492,1.6402672240346692,0.40936438163926997,0.28843227490733592,1.0060169851182306,0.31368870432716744,-0.15109999999999998,0.0055999999999999999,-0.034799999999999998,0.2868,-0.10339999999999999,-0.0077999999999999996,-0.15109999999999998,-0.0055999999999999999,0.034799999999999998,0.2868,-0.10339999999999999,0.0077999999999999996,0,0,0,0,0,0,0,0,0,0,0,0,0,0,0,0,0,0,0,0,0,0,0,0,0,0,0,0,0,0,0,0,0,0,0,0,0,0,0,0,0,0,0,0,0,0,0,0,0,0,0,0,0,0,0,0,0,0,0,0,0,0
157,FRAME,NONE,152,152,1.52,SERVE_FOLLOW,0.96499999999999997,0,0,0,0,0,-1.4046392751347734,0.33585055563975647,-0.15599707196624485,-0.43373972580696796,0.018652721324242182,0.28070492315996376,-1.2929643037189171,-1.1800725036964304,-0.086004106373464492,1.6402672240346692,0.40936438163926997,0.28843227490733592,1.0060169851182306,0.31368870432716744,-0.15109999999999998,0.0055999999999999999,-0.034799999999999998,0.2868,-0.10339999999999999,-0.0077999999999999996,-0.15109999999999998,-0.0055999999999999999,0.034799999999999998,0.2868,-0.10339999999999999,0.0077999999999999996,0,0,0,0,0,0,0,0,0,0,0,0,0,0,0,0,0,0,0,0,0,0,0,0,0,0,0,0,0,0,0,0,0,0,0,0,0,0,0,0,0,0,0,0,0,0,0,0,0,0,0,0,0,0,0,0,0,0,0,0,0,0
158,FRAME,NONE,153,153,1.53,SERVE_FOLLOW,0.97499999999999998,0,0,0,0,0,-1.4046392751347734,0.33585055563975647,-0.15599707196624485,-0.43373972580696796,0.018652721324242182,0.28070492315996376,-1.2929643037189171,-1.1800725036964304,-0.086004106373464492,1.6402672240346692,0.40936438163926997,0.28843227490733592,1.0060169851182306,0.31368870432716744,-0.15109999999999998,0.0055999999999999999,-0.034799999999999998,0.2868,-0.10339999999999999,-0.0077999999999999996,-0.15109999999999998,-0.0055999999999999999,0.034799999999999998,0.2868,-0.10339999999999999,0.0077999999999999996,0,0,0,0,0,0,0,0,0,0,0,0,0,0,0,0,0,0,0,0,0,0,0,0,0,0,0,0,0,0,0,0,0,0,0,0,0,0,0,0,0,0,0,0,0,0,0,0,0,0,0,0,0,0,0,0,0,0,0,0,0,0
159,FRAME,NONE,154,154,1.54,SERVE_FOLLOW,0.98499999999999999,0,0,0,0,0,-1.4046392751347734,0.33585055563975647,-0.15599707196624485,-0.43373972580696796,0.018652721324242182,0.28070492315996376,-1.2929643037189171,-1.1800725036964304,-0.086004106373464492,1.6402672240346692,0.40936438163926997,0.28843227490733592,1.0060169851182306,0.31368870432716744,-0.15109999999999998,0.0055999999999999999,-0.034799999999999998,0.2868,-0.10339999999999999,-0.0077999999999999996,-0.15109999999999998,-0.0055999999999999999,0.034799999999999998,0.2868,-0.10339999999999999,0.0077999999999999996,0,0,0,0,0,0,0,0,0,0,0,0,0,0,0,0,0,0,0,0,0,0,0,0,0,0,0,0,0,0,0,0,0,0,0,0,0,0,0,0,0,0,0,0,0,0,0,0,0,0,0,0,0,0,0,0,0,0,0,0,0,0
160,FRAME,NONE,155,155,1.55,SERVE_FOLLOW,0.995,0,0,0,0,0,-1.4046392751347734,0.33585055563975647,-0.15599707196624485,-0.43373972580696796,0.018652721324242182,0.28070492315996376,-1.2929643037189171,-1.1800725036964304,-0.086004106373464492,1.6402672240346692,0.40936438163926997,0.28843227490733592,1.0060169851182306,0.31368870432716744,-0.15109999999999998,0.0055999999999999999,-0.034799999999999998,0.2868,-0.10339999999999999,-0.0077999999999999996,-0.15109999999999998,-0.0055999999999999999,0.034799999999999998,0.2868,-0.10339999999999999,0.0077999999999999996,0,0,0,0,0,0,0,0,0,0,0,0,0,0,0,0,0,0,0,0,0,0,0,0,0,0,0,0,0,0,0,0,0,0,0,0,0,0,0,0,0,0,0,0,0,0,0,0,0,0,0,0,0,0,0,0,0,0,0,0,0,0
161,FRAME,NONE,156,156,1.5600000000000001,SERVE_FOLLOW,1.0049999999999999,0,0,0,0,0,-1.4046392751347734,0.33585055563975647,-0.15599707196624485,-0.43373972580696796,0.018652721324242182,0.28070492315996376,-1.2929643037189171,-1.1800725036964304,-0.086004106373464492,1.6402672240346692,0.40936438163926997,0.28843227490733592,1.0060169851182306,0.31368870432716744,-0.15109999999999998,0.0055999999999999999,-0.034799999999999998,0.2868,-0.10339999999999999,-0.0077999999999999996,-0.15109999999999998,-0.0055999999999999999,0.034799999999999998,0.2868,-0.10339999999999999,0.0077999999999999996,0,0,0,0,0,0,0,0,0,0,0,0,0,0,0,0,0,0,0,0,0,0,0,0,0,0,0,0,0,0,0,0,0,0,0,0,0,0,0,0,0,0,0,0,0,0,0,0,0,0,0,0,0,0,0,0,0,0,0,0,0,0
162,FRAME,NONE,157,157,1.5700000000000001,SERVE_FOLLOW,1.0149999999999999,0,0,0,0,0,-1.4046392751347734,0.33585055563975647,-0.15599707196624485,-0.43373972580696796,0.018652721324242182,0.28070492315996376,-1.2929643037189171,-1.1800725036964304,-0.086004106373464492,1.6402672240346692,0.40936438163926997,0.28843227490733592,1.0060169851182306,0.31368870432716744,-0.15109999999999998,0.0055999999999999999,-0.034799999999999998,0.2868,-0.10339999999999999,-0.0077999999999999996,-0.15109999999999998,-0.0055999999999999999,0.034799999999999998,0.2868,-0.10339999999999999,0.0077999999999999996,0,0,0,0,0,0,0,0,0,0,0,0,0,0,0,0,0,0,0,0,0,0,0,0,0,0,0,0,0,0,0,0,0,0,0,0,0,0,0,0,0,0,0,0,0,0,0,0,0,0,0,0,0,0,0,0,0,0,0,0,0,0
163,FRAME,NONE,158,158,1.5800000000000001,SERVE_FOLLOW,1.0249999999999999,0,0,0,0,0,-1.4046392751347734,0.33585055563975647,-0.15599707196624485,-0.43373972580696796,0.018652721324242182,0.28070492315996376,-1.2929643037189171,-1.1800725036964304,-0.086004106373464492,1.6402672240346692,0.40936438163926997,0.28843227490733592,1.0060169851182306,0.31368870432716744,-0.15109999999999998,0.0055999999999999999,-0.034799999999999998,0.2868,-0.10339999999999999,-0.0077999999999999996,-0.15109999999999998,-0.0055999999999999999,0.034799999999999998,0.2868,-0.10339999999999999,0.0077999999999999996,0,0,0,0,0,0,0,0,0,0,0,0,0,0,0,0,0,0,0,0,0,0,0,0,0,0,0,0,0,0,0,0,0,0,0,0,0,0,0,0,0,0,0,0,0,0,0,0,0,0,0,0,0,0,0,0,0,0,0,0,0,0
164,FRAME,NONE,159,159,1.5900000000000001,SERVE_FOLLOW,1.0349999999999999,0,0,0,0,0,-1.4046392751347734,0.33585055563975647,-0.15599707196624485,-0.43373972580696796,0.018652721324242182,0.28070492315996376,-1.2929643037189171,-1.1800725036964304,-0.086004106373464492,1.6402672240346692,0.40936438163926997,0.28843227490733592,1.0060169851182306,0.31368870432716744,-0.15109999999999998,0.0055999999999999999,-0.034799999999999998,0.2868,-0.10339999999999999,-0.0077999999999999996,-0.15109999999999998,-0.0055999999999999999,0.034799999999999998,0.2868,-0.10339999999999999,0.0077999999999999996,0,0,0,0,0,0,0,0,0,0,0,0,0,0,0,0,0,0,0,0,0,0,0,0,0,0,0,0,0,0,0,0,0,0,0,0,0,0,0,0,0,0,0,0,0,0,0,0,0,0,0,0,0,0,0,0,0,0,0,0,0,0
165,FRAME,NONE,160,160,1.6000000000000001,SERVE_FOLLOW,1.0449999999999999,0,0,0,0,0,-1.4046392751347734,0.33585055563975647,-0.15599707196624485,-0.43373972580696796,0.018652721324242182,0.28070492315996376,-1.2929643037189171,-1.1800725036964304,-0.086004106373464492,1.6402672240346692,0.40936438163926997,0.28843227490733592,1.0060169851182306,0.31368870432716744,-0.15109999999999998,0.0055999999999999999,-0.034799999999999998,0.2868,-0.10339999999999999,-0.0077999999999999996,-0.15109999999999998,-0.0055999999999999999,0.034799999999999998,0.2868,-0.10339999999999999,0.0077999999999999996,0,0,0,0,0,0,0,0,0,0,0,0,0,0,0,0,0,0,0,0,0,0,0,0,0,0,0,0,0,0,0,0,0,0,0,0,0,0,0,0,0,0,0,0,0,0,0,0,0,0,0,0,0,0,0,0,0,0,0,0,0,0
166,FRAME,NONE,161,161,1.6100000000000001,SERVE_FOLLOW,1.0549999999999999,0,0,0,0,0,-1.4046392751347734,0.33585055563975647,-0.15599707196624485,-0.43373972580696796,0.018652721324242182,0.28070492315996376,-1.2929643037189171,-1.1800725036964304,-0.086004106373464492,1.6402672240346692,0.40936438163926997,0.28843227490733592,1.0060169851182306,0.31368870432716744,-0.15109999999999998,0.0055999999999999999,-0.034799999999999998,0.2868,-0.10339999999999999,-0.0077999999999999996,-0.15109999999999998,-0.0055999999999999999,0.034799999999999998,0.2868,-0.10339999999999999,0.0077999999999999996,0,0,0,0,0,0,0,0,0,0,0,0,0,0,0,0,0,0,0,0,0,0,0,0,0,0,0,0,0,0,0,0,0,0,0,0,0,0,0,0,0,0,0,0,0,0,0,0,0,0,0,0,0,0,0,0,0,0,0,0,0,0
167,FRAME,NONE,162,162,1.6200000000000001,SERVE_FOLLOW,1.0649999999999999,0,0,0,0,0,-1.4046392751347734,0.33585055563975647,-0.15599707196624485,-0.43373972580696796,0.018652721324242182,0.28070492315996376,-1.2929643037189171,-1.1800725036964304,-0.086004106373464492,1.6402672240346692,0.40936438163926997,0.28843227490733592,1.0060169851182306,0.31368870432716744,-0.15109999999999998,0.0055999999999999999,-0.034799999999999998,0.2868,-0.10339999999999999,-0.0077999999999999996,-0.15109999999999998,-0.0055999999999999999,0.034799999999999998,0.2868,-0.10339999999999999,0.0077999999999999996,0,0,0,0,0,0,0,0,0,0,0,0,0,0,0,0,0,0,0,0,0,0,0,0,0,0,0,0,0,0,0,0,0,0,0,0,0,0,0,0,0,0,0,0,0,0,0,0,0,0,0,0,0,0,0,0,0,0,0,0,0,0
168,FRAME,NONE,163,163,1.6299999999999999,SERVE_FOLLOW,1.075,0,0,0,0,0,-1.4046392751347734,0.33585055563975647,-0.15599707196624485,-0.43373972580696796,0.018652721324242182,0.28070492315996376,-1.2929643037189171,-1.1800725036964304,-0.086004106373464492,1.6402672240346692,0.40936438163926997,0.28843227490733592,1.0060169851182306,0.31368870432716744,-0.15109999999999998,0.0055999999999999999,-0.034799999999999998,0.2868,-0.10339999999999999,-0.0077999999999999996,-0.15109999999999998,-0.0055999999999999999,0.034799999999999998,0.2868,-0.10339999999999999,0.0077999999999999996,0,0,0,0,0,0,0,0,0,0,0,0,0,0,0,0,0,0,0,0,0,0,0,0,0,0,0,0,0,0,0,0,0,0,0,0,0,0,0,0,0,0,0,0,0,0,0,0,0,0,0,0,0,0,0,0,0,0,0,0,0,0
169,FRAME,NONE,164,164,1.6399999999999999,SERVE_FOLLOW,1.085,0,0,0,0,0,-1.4046392751347734,0.33585055563975647,-0.15599707196624485,-0.43373972580696796,0.018652721324242182,0.28070492315996376,-1.2929643037189171,-1.1800725036964304,-0.086004106373464492,1.6402672240346692,0.40936438163926997,0.28843227490733592,1.0060169851182306,0.31368870432716744,-0.15109999999999998,0.0055999999999999999,-0.034799999999999998,0.2868,-0.10339999999999999,-0.0077999999999999996,-0.15109999999999998,-0.0055999999999999999,0.034799999999999998,0.2868,-0.10339999999999999,0.0077999999999999996,0,0,0,0,0,0,0,0,0,0,0,0,0,0,0,0,0,0,0,0,0,0,0,0,0,0,0,0,0,0,0,0,0,0,0,0,0,0,0,0,0,0,0,0,0,0,0,0,0,0,0,0,0,0,0,0,0,0,0,0,0,0
170,FRAME,NONE,165,165,1.6499999999999999,SERVE_FOLLOW,1.095,0,0,0,0,0,-1.4046392751347734,0.33585055563975647,-0.15599707196624485,-0.43373972580696796,0.018652721324242182,0.28070492315996376,-1.2929643037189171,-1.1800725036964304,-0.086004106373464492,1.6402672240346692,0.40936438163926997,0.28843227490733592,1.0060169851182306,0.31368870432716744,-0.15109999999999998,0.0055999999999999999,-0.034799999999999998,0.2868,-0.10339999999999999,-0.0077999999999999996,-0.15109999999999998,-0.0055999999999999999,0.034799999999999998,0.2868,-0.10339999999999999,0.0077999999999999996,0,0,0,0,0,0,0,0,0,0,0,0,0,0,0,0,0,0,0,0,0,0,0,0,0,0,0,0,0,0,0,0,0,0,0,0,0,0,0,0,0,0,0,0,0,0,0,0,0,0,0,0,0,0,0,0,0,0,0,0,0,0
171,FRAME,FOLLOWTHROUGH_END,166,166,1.6599999999999999,SERVE_FOLLOW,1.1000000000000001,0,0,0,0,0,-1.4046392751347734,0.33585055563975647,-0.15599707196624485,-0.43373972580696796,0.018652721324242182,0.28070492315996376,-1.2929643037189171,-1.1800725036964304,-0.086004106373464492,1.6402672240346692,0.40936438163926997,0.28843227490733592,1.0060169851182306,0.31368870432716744,-0.15109999999999998,0.0055999999999999999,-0.034799999999999998,0.2868,-0.10339999999999999,-0.0077999999999999996,-0.15109999999999998,-0.0055999999999999999,0.034799999999999998,0.2868,-0.10339999999999999,0.0077999999999999996,0,0,0,0,0,0,0,0,0,0,0,0,0,0,0,0,0,0,0,0,0,0,0,0,0,0,0,0,0,0,0,0,0,0,0,0,0,0,0,0,0,0,0,-0.0022932023374666599,0.0065733553519450871,0.0016162270527475542,0.02842771502337138,-0.0032617963650893866,-0.02179912711952614,0.0090964606175303331,0,0,0,0,-1.5662141965300247e-05,0,0,0,0,0,-1.5662141965300247e-05,0
172,FRAME,RECOVERY_START,167,167,1.6699999999999999,RECOVERY,1.1000000000000014,0,0,0,0,0,-1.4046392751347734,0.33585055563975647,-0.15599707196624485,-0.43373972580696796,0.018652721324242182,0.28070492315996376,-1.2929643037189171,-1.1800725036964304,-0.086004106373464492,1.6402672240346692,0.40936438163926997,0.28843227490733592,1.0060169851182306,0.31368870432716744,-0.15109999999999998,0.0055999999999999999,-0.034799999999999998,0.2868,-0.10339999999999999,-0.0077999999999999996,-0.15109999999999998,-0.0055999999999999999,0.034799999999999998,0.2868,-0.10339999999999999,0.0077999999999999996,0,0,0,0,0,0,0,0,0,0,0,0,-4.5864046749333198e-05,0.00013146710703890174,3.2324541054951084e-05,0.00056855430046742761,-6.5235927301787733e-05,-0.00043598254239052281,0.00018192921235060666,0,0,0,0,-3.1324283930600494e-07,0,0,0,0,0,-3.1324283930600494e-07,0,0,0,0,0,0,0,0,0,0,0,0,0,-0.0016228251981109665,0.025754274780749598,0.00064716906444939326,0.1137352490129806,-0.01448391872480026,-0.088823283835304245,0.033030951558793431,0,0,0,0,-0.0001246700247203858,0,0,0,0,0,-0.0001246700247203858,0
173,FRAME,NONE,168,168,1.6799999999999999,RECOVERY,1.1000000000000014,0,0,0,0,0,-1.4046433174043835,0.33584947852922303,-0.15599752718967405,-0.43372655262122184,0.018652841203318248,0.28069671381812528,-1.2929644011359311,-1.1800734209773653,-0.086001477031323714,1.6402678705254903,0.40937575272527932,0.28843097018878988,1.0060082654673828,0.31369234291141446,-0.15109999262958024,0.0055999999999999999,-0.034799999999999998,0.28679998525916051,-0.10340000626485678,-0.0077999999999999996,-0.15109999262958024,-0.0055999999999999999,0.034799999999999998,0.28679998525916051,-0.10340000626485678,0.0077999999999999996,0,0,0,0,0,-0.00071787390952303951,-0.00022353172744504508,-8.355137217956569e-05,0.00266403854808269,2.6710747187175034e-05,-0.0016633908221712855,3.0385251890013447e-05,-3.245650396221933e-05,0.00051508549561499195,1.2943381288987865e-05,0.002274704980259612,-0.0002896783744960052,-0.0017764656767060849,0.00066061903117586862,2.2074320987654328e-06,0,0,-4.4148641975308655e-06,-2.4934004944077159e-06,0,2.2074320987654328e-06,0,0,-4.4148641975308655e-06,-2.4934004944077159e-06,0,0,0,0,0,0,0.04115844303952565,-0.003946109728460467,0.0037821392569750692,0.017964267990078144,-0.00056884000337783884,-0.00062913667434167481,0.028846811119663369,0.017734988812523333,0.043600759009609913,-0.014708848645739181,0.19910182829152578,-0.029212067158695953,-0.15988098606256607,0.04862149675016747,0.00044000987654320992,0,0,-0.00088001975308641984,-0.00038732621606557549,0,0.00044000987654320992,0,0,-0.00088001975308641984,-0.00038732621606557549,0
174,FRAME,NONE,169,169,1.6899999999999999,RECOVERY,1.1000000000000014,0,0,0,0,0,-1.4046518480785066,0.33584598407357796,-0.15599864659782675,-0.43368586115903768,0.018653255623200363,0.2806712279734177,-1.2929626352461572,-1.1800731528265096,-0.085993804663552192,1.640267482902295,0.40940987573887516,0.288426481339846,1.0059814558046964,0.31370191670779096,-0.15109994133175308,0.0055999999999999999,-0.034799999999999998,0.28679988266350614,-0.10340004986800988,-0.0077999999999999996,-0.15109994133175308,-0.0055999999999999999,0.034799999999999998,0.28679988266350614,-0.10340004986800988,0.0077999999999999996,0,0,0,0,0,-0.00089909965078005896,-0.00048600029860651668,-0.00013063546349071503,0.0055029138102773278,6.12968682004352e-05,-0.0034547382586112996,0.00036834129165027544,0.00030883572950113347,0.0010034822872311,-0.00026185243185983254,0.0045505908662979433,-0.0006494772704757068,-0.0036336022636418441,0.0011543591473539561,8.7707654320987657e-06,0,0,-1.7541530864197531e-05,-8.0597671606175147e-06,0,8.7707654320987657e-06,0,0,-1.7541530864197531e-05,-8.0597671606175147e-06,0,0,0,0,0,0,0.081490964145147782,-0.0078130333085237348,0.0074883827429071603,0.035568048997077793,-0.0011262651571895671,-0.0012456485324758243,0.057114756464350214,0.056161407405719288,0.047266445387765532,-0.04442070222265837,0.22765395226692631,-0.040025612790123288,-0.19047944834649222,0.039465969753627039,0.00087119012345679024,0,0,-0.0017423802469135805,-0.00073802666662042826,0,0.00087119012345679024,0,0,-0.0017423802469135805,-0.00073802666662042826,0
175,FRAME,NONE,170,170,1.7,RECOVERY,1.1000000000000014,0,0,0,0,0,-1.4046595547095508,0.33583968362515226,-0.15600006632330066,-0.43361592237245228,0.018654045447002707,0.28062720085165987,-1.2929559654866141,-1.1800672442627753,-0.085981407385579092,1.6402626334768531,0.40946676454260528,0.28841798064338037,1.0059355934221099,0.31371543009436154,-0.15109980298799999,0.0055999999999999999,-0.034799999999999998,0.28679960597599996,-0.10340016746019999,-0.0077999999999999996,-0.15109980298799999,-0.0055999999999999999,0.034799999999999998,0.28679960597599996,-0.10340016746019999,0.0077999999999999996,0,0,0,0,0,-0.00055458672304668495,-0.00078661016617433631,-0.00014198170739723937,0.0085127899200752866,0.00010358607534639502,-0.0053710879713892781,0.0010076473046287198,0.0010907716441521664,0.0014604144033703026,-0.00087547066316417954,0.0068277840255981381,-0.001090190630298471,-0.0055860546436359293,0.0014499384262484094,1.9602e-05,0,0,-3.9203999999999999e-05,-1.7253933826816281e-05,0,1.9602e-05,0,0,-3.9203999999999999e-05,-1.7253933826816281e-05,0,0,0,0,0,0,0.12100310641709391,-0.011601302190850185,0.011119239825387166,0.052813762396724306,-0.0016723520711638164,-0.0018496203047125661,0.084807721039261721,0.099742993935336699,0.044154136534108046,-0.077913636093440708,0.22777554193650906,-0.047938798541369287,-0.19991467369084859,0.019794093758240816,0.0012936,0,0,-0.0025872,-0.0010970918518440897,0,0.0012936,0,0,-0.0025872,-0.0010970918518440897,0
176,FRAME,NONE,171,171,1.71,RECOVERY,1.1000000000000014,0,0,0,0,0,-1.4046612341261324,0.33583019652083224,-0.15600142984096926,-0.43351504545317643,0.018655289681619096,0.28056339764950711,-1.2929414132841432,-1.1800513373936266,-0.085964596375484786,1.6402499734890317,0.40954643141938712,0.28840467752724003,1.0058697347118237,0.31373091547631593,-0.15109953535683951,0.0055999999999999999,-0.034799999999999998,0.28679907071367899,-0.10340039494668642,-0.0077999999999999996,-0.15109953535683951,-0.0055999999999999999,0.034799999999999998,0.28679907071367899,-0.10340039494668642,0.0077999999999999996,0,0,0,0,0,0.00030472101806723996,-0.0011245748723103187,-0.00011831641963598756,0.01168985585697558,0.00015339266709861043,-0.0074094010514562658,0.0019421080798247431,0.0023036956082078675,0.0018865650179132609,-0.0018201251537286467,0.0091061017050281245,-0.0016082532413030926,-0.0076318957374588159,0.0015502410225187724,3.461372839506173e-05,0,0,-6.922745679012346e-05,-3.000160419749931e-05,0,3.461372839506173e-05,0,0,-6.922745679012346e-05,-3.000160419749931e-05,0,0,0,0,0,0,0.15970041295559159,-0.015311447826100203,0.014675219872005978,0.069703827564743054,-0.0022071773550292185,-0.0024411367213620179,0.11192958984959907,0.14242009043707871,0.041105195263367589,-0.11072721866289825,0.22786922663456388,-0.055683082134383444,-0.20913188091387092,0.00052076368758924296,0.0017072987654320987,0,0,-0.0034145975308641973,-0.0014487525926143441,0,0.0017072987654320987,0,0,-0.0034145975308641973,-0.0014487525926143441,0
177,FRAME,NONE,172,172,1.72,RECOVERY,1.1000000000000014,0,0,0,0,0,-1.4046517927848685,0.33581714998562795,-0.15600238794164767,-0.43338157753721473,0.018657065340913902,0.28047861434037802,-1.2929160617978239,-1.1800211703506112,-0.085943676085220827,1.6402262309737785,0.40964888657670584,0.28838581557855431,1.0057829555073607,0.31374643491481191,-0.15109909706790123,0.0055999999999999999,-0.034799999999999998,0.28679819413580243,-0.10340076749228394,-0.0077999999999999996,-0.15109909706790123,-0.0055999999999999999,0.034799999999999998,0.28679819413580243,-0.10340076749228394,0.0077999999999999996,0,0,0,0,0,0.0016678438523592019,-0.0014991185703107698,-6.0363448420930885e-05,0.015030334697950251,0.00021051738863520541,-0.0095665619152156336,0.0031655537797321978,0.0039391734528937405,0.0022825183086376544,-0.0030900150364221446,0.011385168558289416,-0.0022038522729861398,-0.0097686922619133476,0.0014603537000001943,5.3719135802469129e-05,0,0,-0.00010743827160493826,-4.6228985679103163e-05,0,5.3719135802469129e-05,0,0,-0.00010743827160493826,-4.6228985679103163e-05,0,0,0,0,0,0,0.19758842686086839,-0.018944001664934172,0.018156832250354488,0.086240663876859372,-0.0027308176185144046,-0.0030202825127342969,0.13848424790056343,0.18422228479919589,0.038116676423435858,-0.14291300543478602,0.22792809893742993,-0.063347529249968559,-0.21812011663291386,-0.018302287383559213,0.0021123456790123458,0,0,-0.0042246913580246915,-0.0017930592592640959,0,0.0021123456790123458,0,0,-0.0042246913580246915,-0.0017930592592640959,0
178,FRAME,NONE,173,173,1.73,RECOVERY,1.1000000000000014,0,0,0,0,0,-1.4046262471349895,0.33580017902158121,-0.15600259871187838,-0.4332139033204736,0.018659447307907393,0.28037167840279437,-1.292877055663485,-1.1799725539245687,-0.085918946009312033,1.6401881731883032,0.40977413479055291,0.2883606004817803,1.0056743608665855,0.31376012255031593,-0.151098447616,0.0055999999999999999,-0.034799999999999998,0.28679689523199997,-0.1034013195264,-0.0077999999999999996,-0.151098447616,-0.0055999999999999999,0.034799999999999998,0.28679689523199997,-0.1034013195264,0.0077999999999999996,0,0,0,0,0,0.0035237651319604121,-0.0019094774141985484,3.1155234516965684e-05,0.018530492169435326,0.00027474735178478532,-0.011839385921124582,0.0046718397712440848,0.0059881413041917853,0.0026488985463819781,-0.0046783852624243671,0.013664663683776723,-0.0028752038263024637,-0.011994298070117093,0.0011841952748475881,7.6831999999999999e-05,0,0,-0.000153664,-6.5862789382781228e-05,0,7.6831999999999999e-05,0,0,-0.000153664,-6.5862789382781228e-05,0,0,0,0,0,0,0.23467269123315182,-0.022499495158012479,0.021564586328023591,0.10242669070879866,-0.0032433494713480075,-0.0035871424091395219,0.16447558019735606,0.22512553550124714,0.035189515341822741,-0.17443731577193589,0.22795204172143535,-0.070855606276176708,-0.22689195508796001,-0.036720841151416383,0.0025087999999999998,0,0,-0.0050175999999999997,-0.0021300622221956389,0,0.0025087999999999998,0,0,-0.0050175999999999997,-0.0021300622221956389,0
179,FRAME,NONE,174,174,1.74,RECOVERY,1.1000000000000014,0,0,0,0,0,-1.4045797239913826,0.33577892628334793,-0.1560017275192391,-0.43301044459233934,0.018662508196535012,0.28024144947396462,-1.2928216007397126,-1.1799014075245273,-0.085890698114293187,1.64013266326853,0.40992217985038137,0.28832831150202826,1.0055430695459584,0.31377011882030886,-0.15109754735520986,0.0055999999999999999,-0.034799999999999998,0.28679509471041975,-0.1034020847480716,-0.0077999999999999996,-0.15109754735520986,-0.0055999999999999999,0.034799999999999998,0.28679509471041975,-0.1034020847480716,0.0077999999999999996,0,0,0,0,0,0.00586143065499434,-0.0023549008171546279,0.00015551900147866735,0.022186644505888961,0.00034585601377342903,-0.014224626704216441,0.0064548465160447462,0.0084416841629186834,0.0029863086154741092,-0.0065787613518608623,0.015944209392718123,-0.003620964398509674,-0.014306531363672548,0.0007259368769718666,0.0001038666913580247,0,0,-0.0002077333827160494,-8.8830230123015941e-05,0,0.0001038666913580247,0,0,-0.0002077333827160494,-8.8830230123015941e-05,0,0,0,0,0,0,0.27095874917266943,-0.025978459755995505,0.02489899147260418,0.11826432743628623,-0.0037448495232586575,-0.0041418011408878097,0.18990747174517805,0.26511308648224929,0.032323999397988745,-0.20527789743429725,0.22793945303314911,-0.078153709667239113,-0.23545729600671361,-0.054767060008037438,0.0028967209876543209,0,0,-0.0057934419753086419,-0.0024598118518459611,0,0.0028967209876543209,0,0,-0.0057934419753086419,-0.0024598118518459611,0
180,FRAME,NONE,175,175,1.75,RECOVERY,1.1000000000000014,0,0,0,0,0,-1.4045074609117671,0.33575304194174854,-0.15599944700258683,-0.43276965969410369,0.018666318213565063,0.28008681993145212,-1.2927469638547853,-1.1798037202413103,-0.085859219837002551,1.640056597961266,0.41009301897840728,0.28828818119381011,1.005388230239312,0.31377464128785537,-0.15109635749293826,0.0055999999999999999,-0.034799999999999998,0.28679271498587655,-0.10340309613100246,-0.0077999999999999996,-0.15109635749293826,-0.0055999999999999999,0.034799999999999998,0.28679271498587655,-0.10340309613100246,0.0077999999999999996,0,0,0,0,0,0.0086697484656071445,-0.002834652579929548,0.00031200809419122048,0.025995165622581064,0.00042360321396618222,-0.016718983226247392,0.0085084795186994612,0.011290403033836771,0.003295378534341753,-0.0087839432111103122,0.018223452744439705,-0.004438278019647246,-0.016703443990251365,8.8854074686839368e-05,0.00013473817283950619,0,0,-0.00026947634567901237,-0.00011505902641970045,0,0.00013473817283950619,0,0,-0.00026947634567901237,-0.00011505902641970045,0,0,0,0,0,0,0.30645214377964874,-0.029381426909543634,0.028160557051687147,0.13375599343504749,-0.0042353943839749872,-0.0046843434382892778,0.21478380754923065,0.30417014234229711,0.029520400095066346,-0.23541557262807267,0.22788866335374247,-0.085194924957787688,-0.24382598949712619,-0.072468710226869515,0.0032761679012345678,0,0,-0.0065523358024691357,-0.0027823585185479671,0,0.0032761679012345678,0,0,-0.0065523358024691357,-0.0027823585185479671,0
181,FRAME,NONE,176,176,1.76,RECOVERY,1.1000000000000014,0,0,0,0,0,-1.4044048065737775,0.33572218353657529,-0.15599543706667177,-0.43249004290904919,0.01867094502125919,0.27990671540576523,-1.2926504725539645,-1.1796755994638506,-0.085824790543606352,1.6399569844043078,0.41028664890527017,0.28823954594163531,1.0052090006661534,0.3137718959018026,-0.15109484008399998,0.0055999999999999999,-0.034799999999999998,0.28678968016799999,-0.10340438592859999,-0.0077999999999999996,-0.15109484008399998,-0.0055999999999999999,0.034799999999999998,0.28678968016799999,-0.10340438592859999,0.0077999999999999996,0,0,0,0,0,0.011937589068344467,-0.0033480118906099319,0.00049990320614780759,0.029952493611808448,0.00050773526761186706,-0.019319106539123533,0.010826669330474339,0.014525087009764626,0.0035767166173754361,-0.011287072804422316,0.020501982659792972,-0.0053248628976654278,-0.019183051153615072,-0.0007234373275655237,0.00016936200000000002,0,0,-0.00033872400000000005,-0.00014447740049397528,0,0.00016936200000000002,0,0,-0.00033872400000000005,-0.00014447740049397528,0,0,0,0,0,0,0.3411584181543173,-0.032708928069317245,0.031349792432863371,0.1489041080808077,-0.0047150606632256264,-0.0052148540316540428,0.23910847261471496,0.34236180064761701,0.026772980049431794,-0.26495799595072089,0.22778739399320624,-0.092180027340543758,-0.25197499302409554,-0.089707289484125541,0.0036471999999999993,0,0,-0.0072943999999999986,-0.0030977525925998672,0,0.0036471999999999993,0,0,-0.0072943999999999986,-0.0030977525925998672,0
182,FRAME,NONE,177,177,1.77,RECOVERY,1.1000000000000014,0,0,0,0,0,-1.4042672211478766,0.3356860158199339,-0.15598938488055683,-0.43217012379092667,0.01867645360134626,0.27970009522676226,-1.2925295148465967,-1.179513218501115,-0.085787685504655042,1.6398308565051776,0.41050305863160313,0.2881816839358568,1.0050045692162397,0.31376017254130406,-0.15109295802469136,0.0055999999999999999,-0.034799999999999998,0.28678591604938269,-0.10340598567901234,-0.0077999999999999996,-0.15109295802469136,-0.0055999999999999999,0.034799999999999998,0.28678591604938269,-0.10340598567901234,0.0077999999999999996,0,0,0,0,0,0.015653786043420083,-0.0038942741973475078,0.00071848512085604245,0.034055136573170677,0.00059798511542799885,-0.022021606259354995,0.013403371606775136,0.018137639046789111,0.0038308381353303889,-0.01408310313012473,0.02277920062430383,-0.0062818785664581211,-0.021742943850733276,-0.0017052917149956714,0.0002076543209876543,0,0,-0.00041530864197530861,-0.00017701407827169779,0,0.0002076543209876543,0,0,-0.00041530864197530861,-0.00017701407827169779,0,0,0,0,0,0,0.3750831153969027,-0.035961494685976737,0.034467206983723776,0.16371109074929238,-0.0051839249707392098,-0.0057334176512922252,0.26288535194683232,0.37974377706195828,0.024076787083805729,-0.29399788991968379,0.22762463293093949,-0.099281307917586936,-0.25988589989867084,-0.10638085695152677,0.0040098765432098763,0,0,-0.0080197530864197526,-0.003406044444473344,0,0.0040098765432098763,0,0,-0.0080197530864197526,-0.003406044444473344,0
183,FRAME,NONE,178,178,1.78,RECOVERY,1.1000000000000014,0,0,0,0,0,-1.4040902766621561,0.33564421059138388,-0.15598098487927192,-0.43180846643740611,0.018682906120854371,0.27946595280675884,-1.2923815389525264,-1.1793128466829148,-0.085748173780899745,1.6396753223417053,0.41074223291775624,0.28811390837030615,1.0047741417891387,0.31373779006750269,-0.15109067504686419,0.0055999999999999999,-0.034799999999999998,0.2867813500937284,-0.10340792621016542,-0.0077999999999999996,-0.15109067504686419,-0.0055999999999999999,0.034799999999999998,0.2867813500937284,-0.10340792621016542,0.0077999999999999996,0,0,0,0,0,0.019807137048212773,-0.0044727519558914724,0.00096703440483343487,0.038299677789894446,0.00069407252770396452,-0.024823056751494602,0.016232567215981271,0.022119962551003791,0.0040582523590515507,-0.017167030602815991,0.025054475318411762,-0.0073104890560171665,-0.024380769151588488,-0.0028510544665960591,0.00024953187654320992,0,0,-0.00049906375308641983,-0.00021259828938344216,0,0.00024953187654320992,0,0,-0.00049906375308641983,-0.00021259828938344216,0,0,0,0,0,0,0.40823177860763243,-0.039139658210182476,0.037513310071859228,0.17817936081622676,-0.0056420639162443661,-0.0062401190275139405,0.28611833055078378,0.41610302786043718,0.021446299198479846,-0.32220032323393433,0.22742349977525333,-0.10583793161558774,-0.26765338382472859,-0.12287918444500723,0.0043642567901234566,0,0,-0.0087285135802469133,-0.0037072844444666075,0,0.0043642567901234566,0,0,-0.0087285135802469133,-0.0037072844444666075,0
184,FRAME,NONE,179,179,1.79,RECOVERY,1.1000000000000014,0,0,0,0,0,-1.4038696573552638,0.33559644652609671,-0.15596993876818394,-0.43140366871498681,0.018690361800358293,0.27920331596328057,-1.2922040530473056,-1.1790708192500949,-0.085706520457474011,1.6394875158931212,0.41100414813797137,0.28803547415473646,1.0045169538332079,0.31370315145197214,-0.15108795571200001,0.0055999999999999999,-0.034799999999999998,0.286775911424,-0.10341023764480001,-0.0077999999999999996,-0.15108795571200001,-0.0055999999999999999,0.034799999999999998,0.286775911424,-0.10341023764480001,0.0077999999999999996,0,0,0,0,0,0.024386405189340106,-0.0050827752539943354,0.001244831154081595,0.042682780264463802,0.00079570436145654649,-0.027720003018859879,0.01930826239737091,0.026459699603997855,0.0042597641192999858,-0.020527109594803417,0.027327670619808897,-0.008398637198769876,-0.027096011527227848,-0.004162875403895816,0.00029491199999999998,0,0,-0.00058982399999999997,-0.00025115976716102995,0,0.00029491199999999998,0,0,-0.00058982399999999997,-0.00025115976716102995,0,0,0,0,0,0,0.4406099508867341,-0.042243950092594865,0.040488611064860631,0.19231133765733627,-0.0060895541094697298,-0.0067350428906293074,0.30881129343177061,0.45142467411940501,0.018881403005960307,-0.3495452363699858,0.22718125710294301,-0.11180308630676095,-0.27528918934316415,-0.13922966636770173,0.0047104,0,0,-0.0094208,-0.0040015229629125626,0,0.0047104,0,0,-0.0094208,-0.0040015229629125626,0
185,FRAME,NONE,180,180,1.8,RECOVERY,1.1000000000000014,0,0,0,0,0,-1.403601160013797,0.33554240899725535,-0.1559559555295347,-0.43095436144170035,0.018698876785172149,0.27891124718436272,-1.2919946250057384,-1.1787836526908348,-0.085662978498513745,1.6392647801498093,0.41128878633015242,0.28794593562633075,1.0042322215585942,0.31365453255942477,-0.15108476540528396,0.0055999999999999999,-0.034799999999999998,0.28676953081056789,-0.10341294940550864,-0.0077999999999999996,-0.15108476540528396,-0.0055999999999999999,0.034799999999999998,0.28676953081056789,-0.10341294940550864,0.0077999999999999996,0,0,0,0,0,0.029380320748865044,-0.0057236923149870163,0.0015511547926790844,0.047201190627992606,0.00090257486903963556,-0.030708966300271329,0.022624488965778941,0.031148456033391891,0.0044358804191707568,-0.024157935330215707,0.029598100460470622,-0.0095465507821523854,-0.029886552938451771,-0.0056356477939500937,0.00034371261728395066,0,0,-0.00068742523456790132,-0.00029262874864169341,0,0.00034371261728395066,0,0,-0.00068742523456790132,-0.00029262874864169341,0,0,0,0,0,0,0.47222317533443509,-0.045274901783874263,0.043393619330318864,0.20610944064834621,-0.0065264721601439287,-0.0072182739709484422,0.33096812559499389,0.48602110545525878,0.016358657116688491,-0.37653305747897825,0.22685414760248435,-0.11814512897431739,-0.28266868324799965,-0.15485995319280965,0.0050483654320987656,0,0,-0.010096730864197531,-0.0042888103703175862,0,0.0050483654320987656,0,0,-0.010096730864197531,-0.0042888103703175862,0
186,FRAME,NONE,181,181,1.8100000000000001,RECOVERY,1.1000000000000014,0,0,0,0,0,-1.4032806942907265,0.33548178989388766,-0.15593875143062705,-0.43045920753378519,0.018708504019982454,0.27858884383937832,-1.2917508821433246,-1.1784478501294271,-0.085617802849090596,1.6390043571865169,0.41159611014718078,0.28784454313909341,1.0039192227744389,0.31359043849609314,-0.15108107032967902,0.0055999999999999999,-0.034799999999999998,0.28676214065935801,-0.10341609021977284,-0.0077999999999999996,-0.15108107032967902,-0.0055999999999999999,0.034799999999999998,0.28676214065935801,-0.10341609021977284,0.0077999999999999996,0,0,0,0,0,0.034777583247599914,-0.0063948698830412522,0.0018852839220553322,0.051851742438873638,0.0010143660564941768,-0.033786449372087232,0.026175304560601607,0.036180121713103031,0.0045869372616337556,-0.028057770744382982,0.031864753571858584,-0.010761539778256224,-0.032749385192187841,-0.007260074467752009,0.00039585224691358027,0,0,-0.00079170449382716054,-0.00033693597456738167,0,0.00039585224691358027,0,0,-0.00079170449382716054,-0.00033693597456738167,0,0,0,0,0,0,0.50307699505096315,-0.048233044734681083,0.046228844235824837,0.21957608916498197,-0.0069528946779955974,-0.0076898969987814637,0.3525927120456549,0.51976321253921487,0.013886405747925989,-0.40296173536236157,0.22645446169602956,-0.12446361470089262,-0.28985272315318333,-0.17000570655498204,0.0053782123456790135,0,0,-0.010756424691358027,-0.0045691970370492774,0,0.0053782123456790135,0,0,-0.010756424691358027,-0.0045691970370492774,0
187,FRAME,NONE,182,182,1.8200000000000001,RECOVERY,1.1000000000000014,0,0,0,0,0,-1.4029042830015506,0.3354142874352854,-0.15591805003316708,-0.42991690112237962,0.018719293127446236,0.27823523833830127,-1.2914705109551654,-1.1780600502565728,-0.08557123975328107,1.6387036247349216,0.41192608140158959,0.28773070483076563,1.0035772338547504,0.31350933107006973,-0.15107683750000001,0.0055999999999999999,-0.034799999999999998,0.28675367499999999,-0.10341968812499999,-0.0077999999999999996,-0.15107683750000001,-0.0055999999999999999,0.034799999999999998,0.28675367499999999,-0.10341968812499999,0.0077999999999999996,0,0,0,0,0,0.040566863828058082,-0.0070956934928512955,0.0022464962194432116,0.056631358887256261,0.0011307480898224867,-0.036948941555449227,0.029954792936764545,0.041543720284176189,0.0047136085341292766,-0.032217170037462939,0.034127189694391213,-0.012035823076170238,-0.035683607401515438,-0.0090357619250497345,0.00045125000000000005,0,0,-0.00090250000000000009,-0.00038401268938267896,0,0.00045125000000000005,0,0,-0.00090250000000000009,-0.00038401268938267896,0,0,0,0,0,0,0.53317695313654545,-0.051118910395675669,0.048994795148969414,0.23271370258296886,-0.0073688982727533646,-0.0081499967044384863,0.37368893778895468,0.55251886014129337,0.011473000580790316,-0.42862416009259441,0.22599448548488166,-0.13034839431699807,-0.29690363916035079,-0.18490838137083521,0.0056999999999999993,0,0,-0.011399999999999999,-0.0048427333333364575,0,0.0056999999999999993,0,0,-0.011399999999999999,-0.0048427333333364575,0
188,FRAME,NONE,183,183,1.8300000000000001,RECOVERY,1.1000000000000014,0,0,0,0,0,-1.4024680623950965,0.3353396059831395,-0.15589358220326074,-0.42932616664605044,0.018731290291211081,0.27784959824240363,-1.2911512568519545,-1.1776169757237436,-0.085523530678408011,1.6383600137857677,0.41227865394106861,0.28760382667757001,1.0032055506264086,0.31340972325759214,-0.15107203473698766,0.0055999999999999999,-0.034799999999999998,0.28674406947397529,-0.10342377047356049,-0.0077999999999999996,-0.15107203473698766,-0.0055999999999999999,0.034799999999999998,0.28674406947397529,-0.10342377047356049,0.0077999999999999996,0,0,0,0,0,0.046736807939353482,-0.0078255676266724312,0.0026340683839672276,0.061537054922828377,0.0012513797472729201,-0.040192923429349402,0.033957064295280018,0.047230498915928898,0.0048163972732495619,-0.03663025394623487,0.036384643281556217,-0.013368507664596185,-0.038687457975394857,-0.010958242095168713,0.00050982558024691366,0,0,-0.0010196511604938273,-0.00043379064123411082,0,0.00050982558024691366,0,0,-0.0010196511604938273,-0.00043379064123411082,0,0,0,0,0,0,0.56252859269141009,-0.053933030217518454,0.051691981437343527,0.24552470027803236,-0.0077745595541458667,-0.0085986578182296325,0.3942606878300946,0.58438167689911502,0.009110687110777671,-0.45367205227631047,0.22545803195189729,-0.13608907700704553,-0.30378928563667973,-0.19939621938844243,0.0060137876543209876,0,0,-0.012027575308641975,-0.0051094696295814201,0,0.0060137876543209876,0,0,-0.012027575308641975,-0.0051094696295814201,0
189,FRAME,NONE,184,184,1.8400000000000001,RECOVERY,1.1000000000000014,0,0,0,0,0,-1.4019682823959849,0.33525745585250238,-0.15586508612159045,-0.42868575792488106,0.018744538143832253,0.27743112632925926,-1.2907909238926707,-1.1771154402782542,-0.085474911807816079,1.6379710196559969,0.41265377426722072,0.2874633346774737,1.0028034846952425,0.31329016622816636,-0.15106663066138271,0.0055999999999999999,-0.034799999999999998,0.28673326132276544,-0.10342836393782467,-0.0077999999999999996,-0.15106663066138271,-0.0055999999999999999,0.034799999999999998,0.28673326132276544,-0.10342836393782467,0.0077999999999999996,0,0,0,0,0,0.053276038306266225,-0.0085839157618596319,0.0030472761287738126,0.066565938824236295,0.0013759089156592601,-0.043514871250921232,0.038176255651073666,0.053231353822158489,0.00489582227634483,-0.041290611082989148,0.038636350333429159,-0.014757604616311149,-0.041759393114249033,-0.013023686312818583,0.00057149928395061719,0,0,-0.0011429985679012344,-0.00048620208197430737,0,0.00057149928395061719,0,0,-0.0011429985679012344,-0.00048620208197430737,0,0,0,0,0,0,0.59113745681578411,-0.056675935650869785,0.054320912468538048,0.2580115016258977,-0.0081699551319017304,-0.0090359650704650175,0.41431184717427577,0.61536341308010556,0.0067975900005373679,-0.47812670262659118,0.22483921652230454,-0.14172099125395188,-0.31051212706079134,-0.21344774560033697,0.0063196345679012349,0,0,-0.01263926913580247,-0.0053694562963599313,0,0.0063196345679012349,0,0,-0.01263926913580247,-0.0053694562963599313,0
190,FRAME,NONE,185,185,1.8500000000000001,RECOVERY,1.1000000000000014,0,0,0,0,0,-1.401401306816068,0.33516755312262947,-0.15583230729331071,-0.42799445722157065,0.018759075660020882,0.27697906061504185,-1.290387374513642,-1.1765523486473004,-0.085425614232881114,1.6375342015641079,0.41305138094773719,0.28730867458524378,1.0023703627641236,0.31314924953133577,-0.15106059468799998,0.0055999999999999999,-0.034799999999999998,0.286721189376,-0.10343349451519998,-0.0077999999999999996,-0.15106059468799998,-0.0055999999999999999,0.034799999999999998,0.286721189376,-0.10343349451519998,0.0077999999999999996,0,0,0,0,0,0.060173158164740025,-0.0093701803122312969,0.0034853942176027025,0.071715213229240057,0.0015039731286573474,-0.046911261085175279,0.042606531235806343,0.059537767177531009,0.0049523490732603093,-0.046192787998766693,0.040881427612002308,-0.016202927489675223,-0.044897700516610684,-0.015227197007175453,0.00063619200000000005,0,0,-0.0012723840000000001,-0.00054117976716130944,0,0.00063619200000000005,0,0,-0.0012723840000000001,-0.00054117976716130944,0,0,0,0,0,0,0.61900908860989534,-0.059348158146390051,0.056882097610143859,0.27017652600229031,-0.0085551616157495906,-0.0094620031914547584,0.43384630082669934,0.64544806589073023,0.0045337985855181673,-0.50196488729781219,0.22413602176030167,-0.14719369773819047,-0.31708674119224067,-0.22709158896447312,0.0066175999999999995,0,0,-0.013235199999999999,-0.0056227437037967287,0,0.0066175999999999995,0,0,-0.013235199999999999,-0.0056227437037967287,0
191,FRAME,NONE,186,186,1.8600000000000001,RECOVERY,1.1000000000000014,0,0,0,0,0,-1.4007636135321957,0.33506961944873814,-0.1557949985572194,-0.42725107429485459,0.018774938055656023,0.27649267433694008,-1.2899385292536458,-1.1759246849347036,-0.085375864826350872,1.6370471638960216,0.41347140281946076,0.2871392761276802,1.0019055306849103,0.31298562228802285,-0.15105389701980246,0.0055999999999999999,-0.034799999999999998,0.28670779403960495,-0.1034391875331679,-0.0077999999999999996,-0.15105389701980246,-0.0055999999999999999,0.034799999999999998,0.28670779403960495,-0.1034391875331679,0.0077999999999999996,0,0,0,0,0,0.067416754746258981,-0.010183822466770432,0.0039476965441757163,0.07698217564539532,0.0016352001449788805,-0.050378572647278512,0.047242082933497319,0.066140315139973094,0.0049864982480551934,-0.051329908828945392,0.043119070768635193,-0.017701478571074958,-0.048101127938093846,-0.017565518092108046,0.00070382520987654338,0,0,-0.0014076504197530868,-0.00059865695605024194,0,0.00070382520987654338,0,0,-0.0014076504197530868,-0.00059865695605024194,0,0,0,0,0,0,0.64614903117397127,-0.061950229154739668,0.059376046229751879,0.28202219278293555,-0.0089302556154180791,-0.0098768569115089758,0.45286793379256662,0.67459687934645629,0.0023208587921971779,-0.52512673569704571,0.22334896785144998,-0.1523856148409608,-0.32353709025656485,-0.24039855269275545,0.0069077432098765433,0,0,-0.013815486419753087,-0.0058693822221553282,0,0.0069077432098765433,0,0,-0.013815486419753087,-0.0058693822221553282,0
192,FRAME,NONE,187,187,1.8700000000000001,RECOVERY,1.1000000000000014,0,0,0,0,0,-1.4000517946279647,0.33496338187567004,-0.15575292009376529,-0.42645444545033673,0.018792156692954448,0.27597127589860426,-1.2894423664747612,-1.1752295423445009,-0.08532588426792001,1.636507603387529,0.41391376236310989,0.28695464501382228,1.0014083402053617,0.31279793916949361,-0.1510465086419753,0.0055999999999999999,-0.034799999999999998,0.28669301728395058,-0.10344546765432099,-0.0077999999999999996,-0.1510465086419753,-0.0055999999999999999,0.034799999999999998,0.28669301728395058,-0.10344546765432099,0.0077999999999999996,0,0,0,0,0,0.07499540299385668,-0.011024321929342721,0.0044334562527791541,0.08236421846166378,0.0017692085642792789,-0.053913292861386686,0.052077130746845071,0.073029704764460135,0.0049987662491042528,-0.056695322712707608,0.045348406969031307,-0.019250639786494439,-0.051368442321741981,-0.020035168061030562,0.00077432098765432096,0,0,-0.0015486419753086419,-0.00065856741160441601,0,0.00077432098765432096,0,0,-0.0015486419753086419,-0.00065856741160441601,0,0,0,0,0,0,0.67256282760823927,-0.06448268012657897,0.061803267694952972,0.29355092134355876,-0.009295313740635823,-0.010280610960937783,0.47138063107707862,0.70285975914019527,0.0001540207696104634,-0.5476933574899423,0.22246712562110083,-0.15744878556142594,-0.32984998673102339,-0.25327858157786487,0.0071901234567901227,0,0,-0.014380246913580245,-0.0061094222221502736,0,0.0071901234567901227,0,0,-0.014380246913580245,-0.0061094222221502736,0
193,FRAME,NONE,188,188,1.8799999999999999,RECOVERY,1.1000000000000014,0,0,0,0,0,-1.3992625564971617,0.33484857265442097,-0.15570583943147712,-0.42560343259363159,0.018810758992185071,0.27541420878139944,-1.2888969220786892,-1.1744640908394144,-0.085275889501368787,1.6359132574417674,0.41437837095884139,0.28675426333195031,1.0008781618384754,0.31258491892680224,-0.15103840131599999,0.0055999999999999999,-0.034799999999999998,0.28667680263200002,-0.10345235888139999,-0.0077999999999999996,-0.15103840131599999,-0.0055999999999999999,0.034799999999999998,0.28667680263200002,-0.10345235888139999,0.0077999999999999996,0,0,0,0,0,0.082897669492904433,-0.011891176563270977,0.0049419458984245358,0.087858828481893414,0.0019056084786226103,-0.0575119191409642,0.057105923292237355,0.080197510322776999,0.0049895786634474026,-0.062283775978744238,0.047568413281057209,-0.020850454282303477,-0.054698127672714314,-0.022631089723665343,0.00084760200000000014,0,0,-0.0016952040000000003,-0.00072084540049324741,0,0.00084760200000000014,0,0,-0.0016952040000000003,-0.00072084540049324741,0,0,0,0,0,0,0.69825602101292727,-0.066946042512568388,0.064164271373338064,0.30476513105988529,-0.0096504126011314612,-0.010673350070051301,0.48938827768543669,0.73025726338604713,-0.001969065216850252,-0.56969894767167073,0.22148425923129711,-0.16244472546736444,-0.33602512888031288,-0.26569428987738286,0.0074648000000000006,0,0,-0.014929600000000001,-0.0063429140741144696,0,0.0074648000000000006,0,0,-0.014929600000000001,-0.0063429140741144696,0
194,FRAME,NONE,189,189,1.8899999999999999,RECOVERY,1.1000000000000014,0,0,0,0,0,-1.3983927199068706,0.33472492906244145,-0.15565353145140295,-0.42469692229046996,0.018830768350287935,0.27482085142422963,-1.2883002892182984,-1.1736255921380454,-0.085226092694651062,1.6352619278679541,0.41486513062873104,0.28653763592817622,1.0003143776519074,0.3123453173750203,-0.15102954757372838,0.0055999999999999999,-0.034799999999999998,0.2866590951474568,-0.10345988456233085,-0.0077999999999999996,-0.15102954757372838,-0.0055999999999999999,0.034799999999999998,0.2866590951474568,-0.10345988456233085,0.0077999999999999996,0,0,0,0,0,0.091112116600316567,-0.012783901944753658,0.0054724376449841825,0.093463586001569704,0.002044002157304789,-0.061170962396461241,0.062322738321557804,0.087634850032181077,0.0049593849447672478,-0.068089301666141022,0.04977809215365725,-0.022499534295841728,-0.058088944899348238,-0.025349053858578219,0.00092359150617283962,0,0,-0.0018471830123456792,-0.0007854256930867054,0,0.00092359150617283962,0,0,-0.0018471830123456792,-0.0007854256930867054,0,0,0,0,0,0,0.72323415448826245,-0.069340847763368282,0.06645956663249801,0.31566724130764057,-0.0099956288066336187,-0.011055158969159647,0.50689475862284195,0.75675759011517574,-0.0040472918158909743,-0.59109377923027839,0.22040051260149851,-0.16727207353933737,-0.34208404482871657,-0.27770441185709371,0.0077318320987654334,0,0,-0.015463664197530867,-0.0065699081482073485,0,0.0077318320987654334,0,0,-0.015463664197530867,-0.0065699081482073485,0
195,FRAME,NONE,190,190,1.8999999999999999,RECOVERY,1.1000000000000014,0,0,0,0,0,-1.3974392200183239,0.33459219322857103,-0.15559577838919342,-0.42373382483825206,0.018852204066756289,0.27419061707464593,-1.2876506180041489,-1.1727113938387708,-0.085176701802473442,1.6345514714084446,0.41537393280191454,0.28630427264603348,0.99971638294048848,0.31207793784963067,-0.15101992071145678,0.0055999999999999999,-0.034799999999999998,0.28663984142291354,-0.10346806739526172,-0.0077999999999999996,-0.15101992071145678,-0.0055999999999999999,0.034799999999999998,0.28663984142291354,-0.10346806739526172,0.0077999999999999996,0,0,0,0,0,0.099627306756381456,-0.013702030829249335,0.0060242034997225781,0.099176163449629137,0.0021839847628234346,-0.06488694977716325,0.067721883269013808,0.095332662125080514,0.0049086328271295832,-0.074105651563349806,0.051976423533087179,-0.024195895753090224,-0.061539808569288645,-0.028185177960807217,0.0010022133580246913,0,0,-0.0020044267160493827,-0.00085224356345739438,0,0.0010022133580246913,0,0,-0.0020044267160493827,-0.00085224356345739438,0,0,0,0,0,0,0.74750277113447217,-0.071667627329638994,0.068689662840023716,0.32625967146254969,-0.010331038966870928,-0.011426122388572933,0.52390395889449526,0.78234376006014461,-0.0060807604272683502,-0.61185116850215326,0.21921377594616431,-0.17187429555851064,-0.34804162971024954,-0.28934166716787502,0.0079912790123456787,0,0,-0.015982558024691357,-0.0067904548147965094,0,0.0079912790123456787,0,0,-0.015982558024691357,-0.0067904548147965094,0
196,FRAME,NONE,191,191,1.9099999999999999,RECOVERY,1.1000000000000014,0,0,0,0,0,-1.3963991063637307,0.33445011196345442,-0.15553236983441684,-0.42271307335326458,0.018875081277071146,0.27352295361382878,-1.2869461152057979,-1.1717189388955438,-0.085127920038108471,1.6337798148366871,0.41590465909939278,0.28605371801311441,0.99908358148052168,0.31178161381580416,-0.151009494784,0.0055999999999999999,-0.034799999999999998,0.28661898956799997,-0.1034769294336,-0.0077999999999999996,-0.151009494784,-0.0055999999999999999,0.034799999999999998,0.28661898956799997,-0.1034769294336,0.0077999999999999996,0,0,0,0,0,0.10843180696404119,-0.014645112535080338,0.006596515582662674,0.10499432361744845,0.0023251450957784982,-0.068656427154940441,0.073297695821334344,0.10328172523338397,0.0048377697362218808,-0.080326325036184087,0.054162367672580536,-0.02593702020701194,-0.065049777493553229,-0.031135887201935719,0.0010833920000000001,0,0,-0.0021667840000000002,-0.00092123478938263559,0,0.0010833920000000001,0,0,-0.0021667840000000002,-0.00092123478938263559,0,0,0,0,0,0,0.77106741405178458,-0.073926912662041003,0.070855069363506079,0.33654484090033843,-0.010656719691572024,-0.011786325058601286,0.54041976350559839,0.8070322302755617,-0.0080716895887664175,-0.63199761521914866,0.21791841164506276,-0.176298224533189,-0.35389923142309376,-0.300577546427927,0.0082431999999999991,0,0,-0.016486399999999998,-0.0070046044443883293,0,0.0082431999999999991,0,0,-0.016486399999999998,-0.0070046044443883293,0
197,FRAME,NONE,192,192,1.9199999999999999,RECOVERY,1.1000000000000014,0,0,0,0,0,-1.395269542777509,0.33429843659619746,-0.15546310272676897,-0.42163362287759037,0.018899410894022708,0.27281734335801072,-1.2861850439476845,-1.1706457593341031,-0.085079946407749005,1.6329449449077209,0.41645718015536615,0.28578553224189324,0.99841538739061741,0.31145522010559196,-0.15099824459876543,0.0055999999999999999,-0.034799999999999998,0.28659648919753083,-0.10348649209104938,-0.0077999999999999996,-0.15099824459876543,-0.0055999999999999999,0.034799999999999998,0.28659648919753083,-0.10348649209104938,0.0077999999999999996,0,0,0,0,0,0.11751419342112943,-0.015612712248612251,0.0071886464292661711,0.11091591749737353,0.0024670663664819641,-0.072475961358542729,0.079044544509818876,0.11147330673059175,0.0047471990353542548,-0.086745603867732779,0.056334791765988435,-0.027721860243754004,-0.068617793197750521,-0.034196728889365757,0.0011670524691358025,0,0,-0.002334104938271605,-0.00099233565234516097,0,0.0011670524691358025,0,0,-0.002334104938271605,-0.00099233565234516097,0,0,0,0,0,0,0.79393362634042675,-0.07611923521123462,0.072956295570536012,0.34652516899673186,-0.010972747590465537,-0.012135851709554819,0.55644605746135223,0.83084411877043518,-0.01002269095988495,-0.65156671359867246,0.21650823390811924,-0.18060427900298825,-0.35965626912021209,-0.31137567197830895,0.0084876543209876538,0,0,-0.016975308641975308,-0.0072124074074197964,0,0.0084876543209876538,0,0,-0.016975308641975308,-0.0072124074074197964,0
198,FRAME,NONE,193,193,1.9299999999999999,RECOVERY,1.1000000000000014,0,0,0,0,0,-1.3940478072804015,0.33413692281800761,-0.15538778134882364,-0.4204944495095192,0.018925199557188566,0.27207330283877174,-1.2853657233994085,-1.169489472760932,-0.085032976057401385,1.6320449027593324,0.41703135493471255,0.28549928080823933,0.99771122561656667,0.31109767923801684,-0.15098614570982716,0.0055999999999999999,-0.034799999999999998,0.28657229141965429,-0.1034967761466469,-0.0077999999999999996,-0.15098614570982716,-0.0055999999999999999,0.034799999999999998,0.28657229141965429,-0.1034967761466469,0.0077999999999999996,0,0,0,0,0,0.12686305629178052,-0.016604410255477292,0.0077998693249278382,0.11693888175333902,0.0026093269910680535,-0.076342142167949323,0.084956829322851507,0.11989860760879267,0.0046373159170241818,-0.093357659308157537,0.058492532350742921,-0.029549105787071706,-0.072242902875957471,-0.037363400641501898,0.0012531203950617285,0,0,-0.002506240790123457,-0.0010654829375310315,0,0.0012531203950617285,0,0,-0.002506240790123457,-0.0010654829375310315,0,0,0,0,0,0,0.81610695110062648,-0.078245126427880257,0.07499385082870437,0.35620307512745542,-0.011279199273280098,-0.012474787071743647,0.57198672576695797,0.85378156881865674,-0.011935088264254656,-0.67056132035669958,0.21497922147825643,-0.18479297481430179,-0.36531959146879345,-0.32173535234394923,0.0087247012345679012,0,0,-0.017449402469135802,-0.0074139140740850373,0,0.0087247012345679012,0,0,-0.017449402469135802,-0.0074139140740850373,0
199,FRAME,NONE,194,194,1.9399999999999999,RECOVERY,1.1000000000000014,0,0,0,0,0,-1.3927312919152206,0.33396533053350391,-0.15530621731497132,-0.41929454956099349,0.018952449590822099,0.27129038256456828,-1.284486528460266,-1.1682477871819272,-0.084987200089408521,1.6310777917215578,0.41762703080238101,0.2851945501261518,0.99697052933309827,0.31070795209276192,-0.15097317441200001,0.0055999999999999999,-0.034799999999999998,0.28654634882399999,-0.1035078017498,-0.0077999999999999996,-0.15097317441200001,-0.0055999999999999999,0.034799999999999998,0.28654634882399999,-0.1035078017498,0.0077999999999999996,0,0,0,0,0,0.13646700460396166,-0.017619801102391336,0.0084294586698246982,0.12306123584624562,0.0027515014099017475,-0.080251584079111829,0.091028982337624728,0.12854893810696488,0.0045084972700691617,-0.10015683027486677,0.060634376195553563,-0.03141771974004004,-0.07592418502712639,-0.040631435936244742,0.0013415219999999999,0,0,-0.0026830439999999999,-0.0011406139338268617,0,0.0013415219999999999,0,0,-0.0026830439999999999,-0.0011406139338268617,0,0,0,0,0,0,0.83759293143261104,-0.080305117762638281,0.076968244505602051,0.36558097866823447,-0.011576151349744339,-0.012803215875477891,0.58704565342761672,0.87583132860280521,-0.013809124795871597,-0.68895921077949396,0.21333001410661634,-0.18881689807445645,-0.37090276709256242,-0.33168364168903453,0.0089543999999999995,0,0,-0.017908799999999999,-0.0076091748148210403,0,0.0089543999999999995,0,0,-0.017908799999999999,-0.0076091748148210403,0
200,FRAME,NONE,195,195,1.95,RECOVERY,1.1000000000000014,0,0,0,0,0,-1.3913175025329292,0.3337834237203342,-0.15521822955623416,-0.41803293874546804,0.01898115897041068,0.27046816676572505,-1.2835458894378673,-1.1669184939987927,-0.084942806112000002,1.6300417661538351,0.41824404245862362,0.28487092641343853,0.99619274191602414,0.31028505051929195,-0.15095930773491356,0.0055999999999999999,-0.034799999999999998,0.28651861546982715,-0.10351958842532344,-0.0077999999999999996,-0.15095930773491356,-0.0055999999999999999,0.034799999999999998,0.28651861546982715,-0.10351958842532344,0.0077999999999999996,0,0,0,0,0,0.14631467126082123,-0.018658492694200009,0.009076690372688689,0.1292810788368457,0.002893160926096019,-0.084200927850232504,0.097255468369956383,0.13741523418084878,0.0043611334211067498,-0.10713684352374742,0.062759132632875247,-0.033325443748560835,-0.079660958217808719,-0.043997073475282589,0.0014321840987654322,0,0,-0.0028643681975308644,-0.0012176664338274523,0,0.0014321840987654322,0,0,-0.0028643681975308644,-0.0012176664338274523,0,0,0,0,0,0,0.85839711043660827,-0.082299740666169102,0.078879985968819982,0.37466129899479433,-0.011863680429586892,-0.01312122285106767,0.60162672544852991,0.89697077539585557,-0.015644517224917831,-0.70672262974580402,0.21156054459181561,-0.19259894111098297,-0.37642298036655308,-0.34126502269277159,0.0091768098765432089,0,0,-0.018353619753086418,-0.0077982400000647933,0,0.0091768098765432089,0,0,-0.018353619753086418,-0.0077982400000647933,0
201,FRAME,NONE,196,196,1.96,RECOVERY,1.1000000000000014,0,0,0,0,0,-1.3898279633852098,0.33375204726625946,-0.15526590008467145,-0.41670254330862971,0.018865027524306473,0.26960179006623219,-1.2823444174271172,-1.1654994824983103,-0.084899977420986386,1.6289350548510828,0.41888221345503851,0.28452804125118059,0.99537731016874209,0.30982801062325627,-0.15094452343708642,0.0055999999999999999,-0.034799999999999998,0.28648904687417281,-0.10353215507847655,-0.0077999999999999996,-0.15094452343708642,-0.0055999999999999999,0.034799999999999998,0.28648904687417281,-0.10353215507847655,0.0077999999999999996,0,0,0,0,0,0.15639667327806855,-0.019727265573225378,0.0097327987756793619,0.13559661016848334,0.003038526621448307,-0.088185497318649095,0.10361823498477912,0.14648835361488199,0.0041956069255708051,-0.11429128286978285,0.064865587087389875,-0.035269698562259699,-0.083452644634457451,-0.047456736390100174,0.001525034098765432,0,0,-0.003050068197530864,-0.0012965787338281576,0,0.001525034098765432,0,0,-0.003050068197530864,-0.0012965787338281576,0,0,0,0,0,0,0.87852503121284553,-0.084229526589133089,0.080729584585949032,0.38344645548286049,-0.012141863122536388,-0.013428892728823099,0.61573382683489852,0.91726145921122715,-0.017446360911256564,-0.72394850058721261,0.20965998185643042,-0.19632072895223174,-0.38186215324309547,-0.35037264504586552,0.009391990123456791,0,0,-0.018783980246913582,-0.0079811599999410343,0,0.009391990123456791,0,0,-0.018783980246913582,-0.0079811599999410343,0
202,FRAME,NONE,197,197,1.97,RECOVERY,1.1000000000000014,0,0,0,0,0,-1.3882125799491525,0.33354876645000781,-0.15516465078115188,-0.41531463048194028,0.018896661108877031,0.26869988239937198,-1.2812765039772018,-1.163988726926495,-0.084858893973488586,1.6277559404964395,0.41954135420037142,0.28416553244219334,0.99452368902333499,0.30933591579148995,-0.1509288,0.0055999999999999999,-0.034799999999999998,0.28645759999999998,-0.10354552,-0.0077999999999999996,-0.1509288,-0.0055999999999999999,0.034799999999999998,0.28645759999999998,-0.10354552,0.0077999999999999996,0,0,0,0,0,0.16669792176639875,-0.020811731838172781,0.010412750687443389,0.14200603212570354,0.00317800254937861,-0.092204620069603505,0.11013638660690758,0.15576046336507332,0.0040122062028816186,-0.12161581353549167,0.066952332270003856,-0.037251858327605469,-0.087298201282670629,-0.051004526376199899,0.0016200000000000003,0,0,-0.0032400000000000007,-0.001377289633826273,0,0.0016200000000000003,0,0,-0.0032400000000000007,-0.001377289633826273,0,0,0,0,0,0,0.89798223686155021,-0.086095006982190594,0.082517549724580058,0.39193886750815804,-0.012410776038321455,-0.013726310239054292,0.62937084259192355,0.93669390961781396,-0.019215294283989048,-0.74061925311397214,0.20762698528034584,-0.19994379339152712,-0.38723178625882371,-0.35902853410665903,0.0096000000000000009,0,0,-0.019200000000000002,-0.0081579851850949181,0,0.0096000000000000009,0,0,-0.019200000000000002,-0.0081579851850949181,0
203,FRAME,NONE,198,198,1.98,RECOVERY,1.1000000000000014,0,0,0,0,0,-1.386493120404505,0.33333449451763386,-0.15505649231541008,-0.41386216228902345,0.018929712735697914,0.26775763177704776,-1.2801427579112286,-1.1623842732310088,-0.084819733296928754,1.626502738580373,0.42022126010043859,0.28378300408462848,0.99363134614308868,0.30880792009573227,-0.15091211662217283,0.0055999999999999999,-0.034799999999999998,0.28642423324434568,-0.10355970087115307,-0.0077999999999999996,-0.15091211662217283,-0.0055999999999999999,0.034799999999999998,0.28642423324434568,-0.10355970087115307,0.0077999999999999996,0,0,0,0,0,0.17720898518332917,-0.021918398736830567,0.011108180604517719,0.14850768173575052,0.0033156626861451329,-0.096253737260689073,0.11679246216377304,0.16522223180723827,0.0038113010398910241,-0.12910366793206229,0.069018126792996792,-0.039268574430090242,-0.091197280359633925,-0.054637307072233354,0.0017170103950617281,0,0,-0.0034340207901234561,-0.0014597384375300559,0,0.0017170103950617281,0,0,-0.0034340207901234561,-0.0014597384375300559,0,0,0,0,0,0,0.91677427048295035,-0.087896713296002071,0.084244390752304027,0.40014095444641268,-0.012670495786670734,-0.014013560112071376,0.64254165772480676,0.95520886974009844,-0.020948839883280779,-0.75663692557070839,0.20546668883111852,-0.20327509796344567,-0.39256373487006613,-0.36734535832513848,0.0098008987654320985,0,0,-0.019601797530864197,-0.0083287659259981273,0,0.0098008987654320985,0,0,-0.019601797530864197,-0.0083287659259981273,0
204,FRAME,NONE,199,199,1.99,RECOVERY,1.1000000000000014,0,0,0,0,0,-1.3846675425643327,0.33310900997456733,-0.15494127228854263,-0.41234422465460885,0.018964163218660787,0.26677475452028387,-1.2789418285035257,-1.1606842822903503,-0.084782667952690766,1.6251738671377982,0.42092171673623135,0.28338016095359153,0.99269974341614231,0.30824316965004528,-0.15089445321323455,0.0055999999999999999,-0.034799999999999998,0.28638890642646914,-0.1035747147687506,-0.0077999999999999996,-0.15089445321323455,-0.0055999999999999999,0.034799999999999998,0.28638890642646914,-0.1035747147687506,0.0077999999999999996,0,0,0,0,0,0.18791864386458523,-0.02304691772764773,0.011818375180310406,0.15509993884881462,0.003451074144416266,-0.10032960634070619,0.1235810641684762,0.17486464075987529,0.003593229405216003,-0.13674855204690584,0.071061666046626226,-0.041317360286874383,-0.095149475980071951,-0.058351433542702669,0.0018159944691358029,0,0,-0.0036319889382716059,-0.0015438649523462356,0,0.0018159944691358029,0,0,-0.0036319889382716059,-0.0015438649523462356,0,0,0,0,0,0,0.93490667517727311,-0.08963517698122786,0.085910617036711795,0.40805513567334961,-0.012921098977312849,-0.014290727078184462,0.65525015723874891,0.97287283779057265,-0.0226522601730339,-0.77210514988435008,0.20316858159452611,-0.2065087557751033,-0.39783747169647166,-0.37520908330576641,0.0099947456790123439,0,0,-0.019989491358024688,-0.0084935525926713162,0,0.0099947456790123439,0,0,-0.019989491358024688,-0.0084935525926713162,0
205,FRAME,NONE,200,200,2,RECOVERY,1.1000000000000014,0,0,0,0,0,-1.3827339161845649,0.33287209471730878,-0.15481884536036841,-0.41075991940523937,0.018999989098708404,0.26575099922086726,-1.2776724188859818,-1.1588869804158113,-0.084747868708824434,1.6237677675394349,0.42164249342137111,0.28295665687889099,0.99172835662348724,0.30764089142487822,-0.150875790388,0.0055999999999999999,-0.034799999999999998,0.28635158077599998,-0.1035905781702,-0.0077999999999999996,-0.150875790388,-0.0055999999999999999,0.034799999999999998,0.28635158077599998,-0.1035905781702,0.0077999999999999996,0,0,0,0,0,0.19881572840402154,-0.024196948304046978,0.012542624938325472,0.16178124288523213,0.0035838053132832776,-0.10442901591387764,0.13049683137002735,0.18467968856304973,0.0033582558364303461,-0.1445457709297493,0.073081498424887315,-0.043398749545592308,-0.099154029793563359,-0.062141488738348682,0.0019168819999999997,0,0,-0.0038337639999999995,-0.0016296094893834823,0,0.0019168819999999997,0,0,-0.0038337639999999995,-0.0016296094893834823,0,0,0,0,0,0,0.95238499404474597,-0.091310929488528314,0.087516737945394218,0.41568383056469399,-0.013162662219976431,-0.014557895867703665,0.66750022613895099,0.9896831668682049,-0.024326593788884243,-0.78701589917962167,0.20073122823760503,-0.20962439865226945,-0.40306083985641727,-0.38263134035279589,0.010181599999999999,0,0,-0.020363199999999998,-0.0086523955555167786,0,0.010181599999999999,0,0,-0.020363199999999998,-0.0086523955555167786,0
206,FRAME,NONE,201,201,2.0099999999999998,RECOVERY,1.1000000000000014,0,0,0,0,0,-1.3806904224334489,0.33262353395416511,-0.15468907320308931,-0.40910836369693943,0.019037162665821439,0.26468614642730343,-1.2763332856878287,-1.1569906885190893,-0.084715502835962159,1.6222829517192032,0.4223833467047291,0.28251218596267968,0.99071666282027104,0.30700033987527831,-0.1508561094605432,0.0055999999999999999,-0.034799999999999998,0.28631221892108638,-0.10360730695853827,-0.0077999999999999996,-0.1508561094605432,-0.0055999999999999999,0.034799999999999998,0.28631221892108638,-0.10360730695853827,0.0077999999999999996,0,0,0,0,0,0.20988912512940508,-0.025368156801233742,0.013280224812766188,0.16855008817740608,0.0037134267725520685,-0.10854878624500161,0.13753443949790117,0.19465830409723939,0.0031066975294383181,-0.15248887003049827,0.075076290611378327,-0.045509848259919772,-0.1032106927772003,-0.066004060349758586,0.0020196033580246911,0,0,-0.0040392067160493822,-0.0017169128634565711,0,0.0020196033580246911,0,0,-0.0040392067160493822,-0.0017169128634565711,0,0,0,0,0,0,0.96921477018559654,-0.092924502268563886,0.089063262845942237,0.42302945849617146,-0.013395262124390116,-0.01481515121093911,0.67929574943061466,1.005640079067005,-0.025972930508925962,-0.80136552796816751,0.1981529499008039,-0.21260928502978005,-0.40824038047365674,-0.38961962257708094,0.01036152098765432,0,0,-0.02072304197530864,-0.0088053451851102804,0,0.01036152098765432,0,0,-0.02072304197530864,-0.0088053451851102804,0
207,FRAME,NONE,202,202,2.02,RECOVERY,1.1000000000000014,0,0,0,0,0,-1.3785353533059319,0.33236311613754493,-0.15455182444893972,-0.40738868949031565,0.019075651990690216,0.26358000832635925,-1.2749232386685345,-1.1549938143338665,-0.084685734758235667,1.6207179901388249,0.42314401923359868,0.28204645991369259,0.98966414276794323,0.30632081021788304,-0.1508353924382716,0.0055999999999999999,-0.034799999999999998,0.28627078487654323,-0.10362491642746913,-0.0077999999999999996,-0.1508353924382716,-0.0055999999999999999,0.034799999999999998,0.28627078487654323,-0.10362491642746913,0.0077999999999999996,0,0,0,0,0,0.22112778162557264,-0.02656021517187631,0.014030474708693154,0.17540501914566523,0.00383951221242452,-0.11268576964043255,0.14468860202030345,0.20479249014438983,0.0028387972262518268,-0.16057308148911265,0.077044557422903392,-0.047650935246187909,-0.10731883740303649,-0.069933881189890301,0.0021240895061728398,0,0,-0.0042481790123456795,-0.0018057163930856879,0,0.0021240895061728398,0,0,-0.0042481790123456795,-0.0018057163930856879,0,0,0,0,0,0,0.98540154670005242,-0.094476426771994901,0.090550701105946721,0.43009443884350729,-0.013618975300282533,-0.015062577838200909,0.69064061211894079,1.0207542203000131,-0.027593098419036177,-0.81516643186452242,0.19543119551879151,-0.21548201967550029,-0.41337792990620015,-0.39616289438534902,0.010534567901234568,0,0,-0.021069135802469136,-0.0089524518518541152,0,0.010534567901234568,0,0,-0.021069135802469136,-0.0089524518518541152,0
208,FRAME,NONE,203,203,2.0299999999999998,RECOVERY,1.1000000000000014,0,0,0,0,0,-1.3762671109825106,0.33209063290805024,-0.1544069746315169,-0.40560004307470243,0.019115420966159136,0.26243242842139503,-1.2734411403437909,-1.1528948387162015,-0.084658726891437122,1.619071490089421,0.42392423785318717,0.28155916725775593,0.98857028607221031,0.3056016622514805,-0.15081362201599999,0.0055999999999999999,-0.034799999999999998,0.28622724403200001,-0.10364342128639999,-0.0077999999999999996,-0.15081362201599999,-0.0055999999999999999,0.034799999999999998,0.28622724403200001,-0.10364342128639999,0.0077999999999999996,0,0,0,0,0,0.23252071229786439,-0.027772799735539744,0.014792680080395821,0.1823446253294505,0.0039616393565391874,-0.11683685071974764,0.15195407091591129,0.21507338850323965,0.0025548355610575946,-0.16879219866778872,0.078984914521754157,-0.049819488653429778,-0.1114782513753243,-0.073927318237465567,0.0022302720000000002,0,0,-0.0044605440000000003,-0.0018959619004936534,0,0.0022302720000000002,0,0,-0.0044605440000000003,-0.0018959619004936534,0,0,0,0,0,0,1.0009508666883411,-0.09596723444948177,0.091979562092998568,0.43688119098242678,-0.013833878357382314,-0.015300260479799181,0.7015386992091307,1.0349854766134037,-0.029186043859208421,-0.82834870492820567,0.19257028264885179,-0.21810371144556639,-0.41849619042466646,-0.40234213577350353,0.0107008,0,0,-0.0214016,-0.0090937659259771042,0,0.0107008,0,0,-0.0214016,-0.0090937659259771042,0
209,FRAME,NONE,204,204,2.04,RECOVERY,1.1000000000000014,0,0,0,0,0,-1.3738842071321893,0.33180587905045877,-0.15425440612055569,-0.40374158464264515,0.019156429358604399,0.26124328120847057,-1.2718859056045573,-1.1506923465638017,-0.084634638047014515,1.6173421461654691,0.42472371752403376,0.281050070140624,0.98743457774043675,0.30484226385313373,-0.15079078157002468,0.0055999999999999999,-0.034799999999999998,0.28618156314004939,-0.103662835665479,-0.0077999999999999996,-0.15079078157002468,-0.0055999999999999999,0.034799999999999998,0.28618156314004939,-0.103662835665479,0.0077999999999999996,0,0,0,0,0,0.24405700396917418,-0.029005589906740823,0.01556615252663519,0.1893675362949174,0.0040793908863349191,-0.12099894659309274,0.15932563745893108,0.2254921996766579,0.0022550763490676584,-0.17714005558767676,0.080895963075880428,-0.052013009475099237,-0.11568876121152982,-0.077980723905360372,0.0023380829876543212,0,0,-0.0046761659753086424,-0.00198759171160523,0,0.0023380829876543212,0,0,-0.0046761659753086424,-0.00198759171160523,0,0,0,0,0,0,1.0158682732506905,-0.097397456751684902,0.09335035517468869,0.44339213428865548,-0.014040047905418095,-0.015528283866044049,0.71199389570638572,1.0483908675629205,-0.030756047553551213,-0.84099880991839182,0.18956237863479442,-0.22063349317508196,-0.42357748248483817,-0.40806458371789311,0.010860276543209875,0,0,-0.02172055308641975,-0.0092293377778121521,0,0.010860276543209875,0,0,-0.02172055308641975,-0.0092293377778121521,0
210,FRAME,NONE,205,205,2.0499999999999998,RECOVERY,1.1000000000000014,0,0,0,0,0,-1.3713852621592146,0.33150865246170746,-0.15409400804985574,-0.40181248791587326,0.019198632869324009,0.26001247185111842,-1.2702565013291909,-1.1483849947226683,-0.084613625364455769,1.6155286889776674,0.42554215711470478,0.28051890706825394,0.98625651084797972,0.30404204777337329,-0.15076685515219754,0.0055999999999999999,-0.034799999999999998,0.28613371030439505,-0.10368317312063209,-0.0077999999999999996,-0.15076685515219754,-0.0055999999999999999,0.034799999999999998,0.28613371030439505,-0.10368317312063209,0.0077999999999999996,0,0,0,0,0,0.25572582150432149,-0.030258266906477014,0.016350210401376315,0.19647241643958915,0.0041923553647212836,-0.1251690069591222,0.16679813301736557,0.23604120585449806,0.0019397146099865703,-0.18561217486615655,0.082776162094450045,-0.054232158516931417,-0.11994980102502106,-0.082088609911823429,0.002447455209876544,0,0,-0.0048949104197530879,-0.0020805486560498965,0,0.002447455209876544,0,0,-0.0048949104197530879,-0.0020805486560498965,0,0,0,0,0,0,1.0301593094873278,-0.098767625129264652,0.094663589718607971,0.44962968813791859,-0.014237560554118503,-0.015746732727245628,0.72201008661590693,1.060972896168022,-0.032304406797287188,-0.85311456258785334,0.18640691102939089,-0.22306137507588364,-0.42862607671501074,-0.41333629352505175,0.011013056790123456,0,0,-0.022026113580246913,-0.0093592177777615526,0,0.011013056790123456,0,0,-0.022026113580246913,-0.0093592177777615526,0
211,FRAME,NONE,206,206,2.0600000000000001,RECOVERY,1.1000000000000014,0,0,0,0,0,-1.3687690043933174,0.33119875413087951,-0.15392567623808817,-0.39981193982372959,0.019241983206054719,0.25873993585451871,-1.2685519459886592,-1.1459715224467117,-0.084595843754814784,1.613629902668146,0.42637924076592276,0.27996542697028537,0.98503558171993633,0.30320049165489726,-0.150741827484,0.0055999999999999999,-0.034799999999999998,0.28608365496799998,-0.1037044466386,-0.0077999999999999996,-0.150741827484,-0.0055999999999999999,0.034799999999999998,0.28608365496799998,-0.1037044466386,0.0077999999999999996,0,0,0,0,0,0.26751641345577176,-0.03153051246204918,0.017144179438600457,0.20365795971435433,0.0043001281570373556,-0.12934401413843538,0.17436642986444276,0.24671165760001834,0.0016089882131219146,-0.19420234683943383,0.084624101296468246,-0.056474236976616909,-0.12426128274583004,-0.086247449775861407,0.002558322,0,0,-0.0051166440000000001,-0.002174776067160461,0,0.002558322,0,0,-0.0051166440000000001,-0.002174776067160461,0,0,0,0,0,0,1.0438295184984805,-0.1000782710328814,0.095919775092347295,0.45559627190594149,-0.014426492913212168,-0.01595569179371403,0.73159115694289534,1.0727239994162696,-0.033831734394876301,-0.86467727776651238,0.1831048973920113,-0.225345041988817,-0.43365036714593241,-0.41818240103796978,0.011159200000000001,0,0,-0.022318400000000002,-0.0094834562962622937,0,0.011159200000000001,0,0,-0.022318400000000002,-0.0094834562962622937,0
212,FRAME,NONE,207,207,2.0699999999999998,RECOVERY,1.1000000000000014,0,0,0,0,0,-1.3660342692232825,0.33087598813113567,-0.15374931310221579,-0.39773914023471119,0.019286428164719111,0.25742563873959601,-1.2667713092448947,-1.1434507615706679,-0.084581445600193331,1.6116446420408788,0.42723463914063414,0.2793894223287216,0.98377128519306312,0.30231709877785606,-0.15071568395061727,0.0055999999999999999,-0.034799999999999998,0.28603136790123457,-0.1037266686419753,-0.0077999999999999996,-0.15071568395061727,-0.0055999999999999999,0.034799999999999998,0.28603136790123457,-0.1037266686419753,0.0077999999999999996,0,0,0,0,0,0.27941811772494063,-0.032822007499965375,0.017947393389742265,0.21092288428260211,0.0044023123472803107,-0.13352098305713875,0.18202544200319054,0.25749568584282345,0.0012630799220890443,-0.2029057204214868,0.086438260042290271,-0.058739059356707757,-0.12862280836793971,-0.090452257932582825,0.0026706172839506175,0,0,-0.005341234567901235,-0.0022702177819751423,0,0.0026706172839506175,0,0,-0.005341234567901235,-0.0022702177819751423,0,0,0,0,0,0,1.056884443384376,-0.10132992591319553,0.097119420663497533,0.46129430496844948,-0.014606921592427723,-0.016155245795759374,0.74074099169255214,1.0836598598701341,-0.035339935188123672,-0.87570516180024427,0.17965503585043452,-0.2275131014718712,-0.43864881693889135,-0.4225864334946039,0.011298765432098765,0,0,-0.022597530864197531,-0.0096021037036819745,0,0.011298765432098765,0,0,-0.022597530864197531,-0.0096021037036819745,0
213,FRAME,NONE,208,208,2.0800000000000001,RECOVERY,1.1000000000000014,0,0,0,0,0,-1.3631799981736512,0.3305401616234937,-0.15356482756322221,-0.39559330174175744,0.019331911721487054,0.25606957571753614,-1.2649137115423639,-1.1408216087298553,-0.084570582156373003,1.6095717882597163,0.42810800596676857,0.27879064578315121,0.98246312555257753,0.30139144649624561,-0.15068841059501234,0.0055999999999999999,-0.034799999999999998,0.28597682119002465,-0.1037498509942395,-0.0077999999999999996,-0.15068841059501234,-0.0055999999999999999,0.034799999999999998,0.28597682119002465,-0.1037498509942395,0.0077999999999999996,0,0,0,0,0,0.29142036723352421,-0.034132430836667033,0.018759194672239677,0.2182659271358787,0.0044985196475961246,-0.13769696119498129,0.18977012600416734,0.26838485479742102,0.0009021895093594412,-0.21171645007543871,0.088217202013476936,-0.061024499006054334,-0.13303425908460786,-0.094699178445753485,0.0027842755802469131,0,0,-0.0055685511604938263,-0.0023668181412341005,0,0.0027842755802469131,0,0,-0.0055685511604938263,-0.0023668181412341005,0,0,0,0,0,0,1.0693296272452422,-0.10252312122086743,0.098263035799649595,0.46672620670116793,-0.0147789232014938,-0.016345479463691779,0.74946347587007855,1.0937731192861566,-0.03682958097397937,-0.88617872962992728,0.17605923885680164,-0.22952169494425134,-0.44362898226568692,-0.42657450720809398,0.011431812345679011,0,0,-0.022863624691358022,-0.0097152103703534998,0,0.011431812345679011,0,0,-0.022863624691358022,-0.0097152103703534998,0
214,FRAME,NONE,209,209,2.0899999999999999,RECOVERY,1.1000000000000014,0,0,0,0,0,-1.3602052379245031,0.33019108487222837,-0.15337213494388274,-0.3933736495015418,0.019378374135282296,0.25467177136494923,-1.2629783236929226,-1.1380830644747195,-0.084563401810006142,1.60741031303937,0.42899898318090368,0.27816893234860052,0.98111060001137096,0.30042311520894099,-0.15065999411199998,0.0055999999999999999,-0.034799999999999998,0.285919988224,-0.10377400500479998,-0.0077999999999999996,-0.15065999411199998,-0.0055999999999999999,0.034799999999999998,0.285919988224,-0.10377400500479998,0.0077999999999999996,0,0,0,0,0,0.30351269559934091,-0.035461457871760166,0.019578935027635181,0.22568583868489922,0.0045883712989987693,-0.1418690285120276,0.19759548185637466,0.27937114822854658,0.00052648830260945689,-0.22062929501408535,0.089959444819426304,-0.063329493255592784,-0.13749538801325345,-0.098983748076744704,0.0028992320000000007,0,0,-0.0057984640000000014,-0.0024645219893822123,0,0.0028992320000000007,0,0,-0.0057984640000000014,-0.0024645219893822123,0,0,0,0,0,0,1.0811706131813066,-0.10365838840655749,0.099351129868394408,0.4718943964798224,-0.014942574350139034,-0.016526477527821368,0.75776249448067612,1.1030712548054655,-0.038302327060035779,-0.89610185154131994,0.17231770143344427,-0.23137162426675739,-0.44859204375108375,-0.430146703484513,0.011558400000000002,0,0,-0.023116800000000003,-0.0098228266667138575,0,0.011558400000000002,0,0,-0.023116800000000003,-0.0098228266667138575,0
215,FRAME,NONE,210,210,2.1000000000000001,RECOVERY,1.1000000000000014,0,0,0,0,0,-1.3571091392742396,0.32982857127166615,-0.15317115685824598,-0.39107942112799432,0.019425752060812079,0.25323227929986747,-1.2609643664541264,-1.1352341857652843,-0.084560052390320814,1.6051592023594345,0.42990719486315709,0.27752405591803936,0.97971321779231246,0.29941177153471071,-0.15063042184232098,0.0055999999999999999,-0.034799999999999998,0.28586084368464199,-0.10379914143402715,-0.0077999999999999996,-0.15063042184232098,-0.0055999999999999999,0.034799999999999998,0.28586084368464199,-0.10379914143402715,0.0077999999999999996,0,0,0,0,0,0.31568474281124498,-0.036808759288380351,0.020405976187579777,0.23318137734429495,0.0046714989613080059,-0.14603429736748832,0.20549655383137147,0.29044627989353033,0.00013614296815872562,-0.22963848710626511,0.091663556042145822,-0.065651931491389481,-0.14200609995962954,-0.10330211251544374,0.0030154222469135805,0,0,-0.0060308444938271611,-0.0025632746745683777,0,0.0030154222469135805,0,0,-0.0060308444938271611,-0.0025632746745683777,0,0,0,0,0,0,1.0924129442927966,-0.10473625892092608,0.10038421223732281,0.47680129368013796,-0.015097951648092052,-0.016698324718458252,0.76564193252954549,1.1115569881592346,-0.039759357707211396,-0.905470290374355,0.16843181872561175,-0.2330478832322791,-0.45354086971538532,-0.43331244760080878,0.011678587654320987,0,0,-0.023357175308641974,-0.0099250029630265635,0,0.011678587654320987,0,0,-0.023357175308641974,-0.0099250029630265635,0
216,FRAME,NONE,211,211,2.1099999999999999,RECOVERY,1.1000000000000014,0,0,0,0,0,-1.353890956045374,0.32945243738399443,-0.15296182109252204,-0.38870986664000129,0.019473978672265146,0.25175118185857215,-1.2588711101011274,-1.1322741388768489,-0.084560678950642967,1.6028175432972447,0.4308322543017466,0.27685589371877273,0.97827047801217837,0.29835707295863212,-0.15059968176671604,0.0055999999999999999,-0.034799999999999998,0.2857993635334321,-0.10382527049829135,-0.0077999999999999996,-0.15059968176671604,-0.0055999999999999999,0.034799999999999998,0.2857993635334321,-0.10382527049829135,0.0077999999999999996,0,0,0,0,0,0.3279262608975958,-0.038173999765241134,0.021239690546042973,0.24075130412892967,0.0047475455902539297,-0.15018991244373395,0.21346843136060681,0.30160228799173128,-0.00026869885153477102,-0.23873870082157245,0.093328081193938539,-0.067990450920238366,-0.14656620540756116,-0.10764999702876088,0.0031327826172839511,0,0,-0.0062655652345679023,-0.0026630220486427436,0,0.0031327826172839511,0,0,-0.0062655652345679023,-0.0026630220486427436,0,0,0,0,0,0,1.10306216367994,-0.10575726421463365,0.10136279227402577,0.48144931767784033,-0.015245131705081493,-0.016861105765912557,0.77310567502188843,1.1192784124325339,-0.041203346199981949,-0.91435330657752001,0.16439788401184652,-0.23467327820769768,-0.45845942313160748,-0.43600143773345201,0.011792434567901236,0,0,-0.023584869135802471,-0.010021789629624522,0,0.011792434567901236,0,0,-0.023584869135802471,-0.010021789629624522,0
217,FRAME,NONE,212,212,2.1200000000000001,RECOVERY,1.1000000000000014,0,0,0,0,0,-1.3505500439333828,0.32906250298768736,-0.15274406147701625,-0.38626424846311919,0.019522983797797624,0.25022858977315615,-1.2566978739924093,-1.1292021400054497,-0.084565426367351509,1.6003844283430031,0.43177375648703586,0.27616424689963459,0.97678189368416124,0.2972587715941355,-0.15056776250000001,0.0055999999999999999,-0.034799999999999998,0.28573552499999999,-0.103852401875,-0.0077999999999999996,-0.15056776250000001,-0.0055999999999999999,0.034799999999999998,0.28573552499999999,-0.103852401875,0.0077999999999999996,0,0,0,0,0,0.34022711958267715,-0.039556836704838144,0.022079461835919984,0.24839437727903607,0.0048161662997209332,-0.15433305068789285,0.22150624992595644,0.31283184814218101,-0.00068792395584091337,-0.24792555323781551,0.094951513722382752,-0.070345397055543435,-0.15117528842226169,-0.11202214127011278,0.0032512499999999994,0,0,-0.0065024999999999987,-0.0027637104671608681,0,0.0032512499999999994,0,0,-0.0065024999999999987,-0.0027637104671608681,0,0,0,0,0,0,1.1131238144429636,-0.10672193573834046,0.10228737934609407,0.48584088784865442,-0.015384191130835976,-0.017014905400494388,0.78015760696290548,1.1262325935801343,-0.042634968533059037,-0.9227366681785476,0.16021898159884751,-0.23621326002018495,-0.46335234148264792,-0.43823460297187644,0.011900000000000003,0,0,-0.023800000000000005,-0.010113237036979417,0,0.011900000000000003,0,0,-0.023800000000000005,-0.010113237036979417,0
218,FRAME,NONE,213,213,2.1299999999999999,RECOVERY,1.1000000000000014,0,0,0,0,0,-1.3470858592987134,0.3286585911359981,-0.15251781774875814,-0.38374184148491358,0.019572694064991798,0.24866464184956649,-1.2544440261295937,-1.1260175019140053,-0.084574437429759786,1.5978590322324884,0.43273128457619425,0.27544898577766186,0.97524697224373313,0.29611663013322986,-0.15053465328513579,0.0055999999999999999,-0.034799999999999998,0.28566930657027162,-0.10388054470763457,-0.0077999999999999996,-0.15053465328513579,-0.0055999999999999999,0.034799999999999998,0.28566930657027162,-0.10388054470763457,0.0077999999999999996,0,0,0,0,0,0.35257731192527553,-0.040956918982189103,0.02292468580817382,0.25610934693095128,0.0048770292070623852,-0.1584609212828095,0.22960519196342083,0.32412693986333396,-0.0011213982221959518,-0.2571934341851434,0.096532460825915489,-0.072714716120642064,-0.15583325223721411,-0.11641468908819841,0.0033707618765432094,0,0,-0.0067415237530864189,-0.0028652867893823319,0,0.0033707618765432094,0,0,-0.0067415237530864189,-0.0028652867893823319,0,0,0,0,0,0,1.1226034396820954,-0.10763080494270696,0.10315848282111865,0.48997842356830579,-0.015515206535084139,-0.017159808352513864,0.78680161335779808,1.1324009987673245,-0.044054509424663879,-0.93058014268898592,0.1559001575973662,-0.23758378959057302,-0.46823025152187281,-0.44006205479674154,0.012001343209876543,0,0,-0.024002686419753085,-0.010199395555528235,0,0.012001343209876543,0,0,-0.024002686419753085,-0.010199395555528235,0
219,FRAME,NONE,214,214,2.1400000000000001,RECOVERY,1.1000000000000014,0,0,0,0,0,-1.3434979579021067,0.32824052822494643,-0.15228303540437471,-0.38114193316342837,0.019623033057435936,0.24705950464580489,-1.2521089827117013,-1.122719601208183,-0.084587854331795428,1.5952405596593002,0.43370440570355417,0.27470995257722175,0.97366522863941696,0.29493047781237153,-0.15050034398730863,0.0055999999999999999,-0.034799999999999998,0.2856006879746173,-0.10390970761078765,-0.0077999999999999996,-0.15050034398730863,-0.0055999999999999999,0.034799999999999998,0.2856006879746173,-0.10390970761078765,0.0077999999999999996,0,0,0,0,0,0.36496695993342243,-0.042373885718388599,0.023774770911529564,0.26389494984953088,0.0049298162594418465,-0.16257076565828918,0.23776048777989181,0.3354798681175275,-0.001569014144334191,-0.26653715609159523,0.098069516874330076,-0.075097072847354895,-0.16053989345269915,-0.12082338236604762,0.0034912563209876552,0,0,-0.0069825126419753103,-0.0029676983782714328,0,0.0034912563209876552,0,0,-0.0069825126419753103,-0.0029676983782714328,0,0,0,0,0,0,1.1315065824975634,-0.10848440327839355,0.10397661206669044,0.49386434421251985,-0.015638254527554615,-0.017295899352281114,0.79304157921176754,1.1377862922939963,-0.045462960243554396,-0.93787733666084172,0.15144480980180952,-0.23876524520724529,-0.47309470457751468,-0.44149621399175443,0.012096523456790121,0,0,-0.024193046913580242,-0.010280315555569186,0,0.012096523456790121,0,0,-0.024193046913580242,-0.010280315555569186,0
220,FRAME,NONE,215,215,2.1499999999999999,RECOVERY,1.1000000000000014,0,0,0,0,0,-1.3397859935834298,0.32780814407003522,-0.15203966554280202,-0.37846382368811288,0.019673921482710216,0.2454133721498428,-1.2496922076842321,-1.1193079045516547,-0.084605817712646469,1.5925282891106565,0.43469267491368085,0.27394704432071476,0.97203617437467915,0.29370016248590891,-0.15046482508799999,0.0055999999999999999,-0.034799999999999998,0.28552965017599996,-0.1039398986752,-0.0077999999999999996,-0.15046482508799999,-0.0055999999999999999,0.034799999999999998,0.28552965017599996,-0.1039398986752,0.0077999999999999996,0,0,0,0,0,0.37738632014899975,-0.043807365083139392,0.024629138970679008,0.27174990423784784,0.0049742240391076513,-0.1666598575528227,0.24596741648284626,0.34688266570921389,-0.0020306574270670397,-0.27595098091836023,0.09956135702195168,-0.07749002102478697,-0.16529514632876441,-0.1252446133680335,0.0036126719999999995,0,0,-0.007225343999999999,-0.0030708931004937157,0,0.0036126719999999995,0,0,-0.007225343999999999,-0.0030708931004937157,0,0,0,0,0,0,1.1398387859895944,-0.1092832621960606,0.1047422764504003,0.49750106915702197,-0.015753411717976035,-0.017423263130106247,0.79888138953001508,1.142424561923483,-0.046861993500749155,-0.94467643072415619,0.14685262292910006,-0.23983911923625145,-0.47793362232373404,-0.44249128527781845,0.0121856,0,0,-0.024371199999999999,-0.010356047407400482,0,0.0121856,0,0,-0.024371199999999999,-0.010356047407400482,0
221,FRAME,NONE,216,216,2.1600000000000001,RECOVERY,1.1000000000000014,0,0,0,0,0,-1.3359263151658349,0.32720110953652004,-0.15164187959662967,-0.37571299620820664,0.019871526886337854,0.24373060418548526,-1.2473889117341797,-1.1157819478939988,-0.084628467480336769,1.589721540040933,0.43569563284399321,0.27316015215672601,0.97035932571284167,0.29242558554501086,-0.15042808767906174,0.0055999999999999999,-0.034799999999999998,0.28545617535812345,-0.10397112547279752,-0.0077999999999999996,-0.15042808767906174,-0.0055999999999999999,0.034799999999999998,0.28545617535812345,-0.10397112547279752,0.0077999999999999996,0,0,0,0,0,0.38982085614659262,-0.045242418409640335,0.025503952921552234,0.27967273606852577,0.0050038106339462714,-0.1707278123189066,0.25424570019111936,0.35832835935599716,-0.0025062540143491741,-0.28543068470607835,0.10100656933291208,-0.079893855232079924,-0.17009856589917383,-0.12967320807160398,0.0037349481728395058,0,0,-0.0074698963456790116,-0.0031748193264194424,0,0.0037349481728395058,0,0,-0.0074698963456790116,-0.0031748193264194424,0,0,0,0,0,0,1.147605593258417,-0.11002791314636853,0.10545598533983917,0.50089101777753764,-0.015860754716077036,-0.017541984416299391,0.80432492931774202,1.1463401421268893,-0.048253137041633087,-0.95100580859375228,0.14212472651167762,-0.24084930909842872,-0.48273927563291519,-0.44302371236301652,0.012268632098765435,0,0,-0.02453726419753087,-0.010426641481528498,0,0.012268632098765435,0,0,-0.02453726419753087,-0.010426641481528498,0
222,FRAME,NONE,217,217,2.1699999999999999,RECOVERY,1.1000000000000014,0,0,0,0,0,-1.3319656984261712,0.32674025558867564,-0.15138151552604065,-0.37287641856765019,0.019922728018912358,0.24200313418459579,-1.2448063699819265,-1.1121413373645348,-0.084655942792933453,1.5868196754165349,0.4367128063003391,0.27234916721607316,0.96863420305669568,0.29110669832447683,-0.15039012345679012,0.0055999999999999999,-0.034799999999999998,0.28538024691358022,-0.10400339506172838,-0.0077999999999999996,-0.15039012345679012,-0.0055999999999999999,0.034799999999999998,0.28538024691358022,-0.10400339506172838,0.0077999999999999996,0,0,0,0,0,0.40227082620760141,-0.046707351134917641,0.026365596995580987,0.28766243634931488,0.0050306557387212944,-0.17476736988310534,0.2625425036285457,0.36980946855175167,-0.0029957201678997014,-0.29497109709023528,0.10240385155218523,-0.082307007206755545,-0.17494993184142271,-0.13410508761529383,0.0038580246913580249,0,0,-0.0077160493827160498,-0.0032794259301242856,0,0.0038580246913580249,0,0,-0.0077160493827160498,-0.0032794259301242856,0,0,0,0,0,0,1.1548125474042572,-0.11071888757997762,0.10611824810259783,0.50403660944979178,-0.015960360131586235,-0.017652147941170645,0.80937608358014868,1.1495279709927697,-0.049636427119567617,-0.95684552516073218,0.1372669134498683,-0.24174872606308462,-0.48751578382966176,-0.44312264728993411,0.012345679012345678,0,0,-0.024691358024691357,-0.010492148148182057,0,0.012345679012345678,0,0,-0.024691358024691357,-0.010492148148182057,0
223,FRAME,NONE,218,218,2.1800000000000002,RECOVERY,1.1000000000000014,0,0,0,0,0,-1.3278805650700636,0.32626465686851092,-0.15111250240140228,-0.36995961682031003,0.019974169344177898,0.24023541046313016,-1.2421406897101384,-1.1083857585229637,-0.084688381883694763,1.5838221180991283,0.43774370987503691,0.2715140120125909,0.96686032707601322,0.28974348379270498,-0.15035092471600001,0.0055999999999999999,-0.034799999999999998,0.28530184943199999,-0.10403671399140001,-0.0077999999999999996,-0.15035092471600001,-0.0055999999999999999,0.034799999999999998,0.28530184943199999,-0.10403671399140001,0.0077999999999999996,0,0,0,0,0,0.41472214254772594,-0.04818760278955838,0.027229866028073688,0.29571748042324764,0.0050483202290460567,-0.17877818776417789,0.27087707207237527,0.38131891877585256,-0.0034989825567405264,-0.304567595209293,0.10375190760190944,-0.084728829753341617,-0.17984888157576706,-0.13853566101740267,0.0039818420000000019,0,0,-0.0079636840000000039,-0.0033846622893830836,0,0.0039818420000000019,0,0,-0.0079636840000000039,-0.0033846622893830836,0,0,0,0,0,0,1.1614651915273435,-0.11135671694754837,0.10672957410626727,0.50694026354951016,-0.016052304574232276,-0.017753838435030138,0.81403873732243726,1.1519852943664421,-0.051012384845623704,-0.96217870640569192,0.13228508303902986,-0.24249685728089387,-0.49226592064882668,-0.44281322089750885,0.012416799999999999,0,0,-0.024833599999999997,-0.010552617777694062,0,0.012416799999999999,0,0,-0.024833599999999997,-0.010552617777694062,0
224,FRAME,NONE,219,219,2.1899999999999999,RECOVERY,1.1000000000000014,0,0,0,0,0,-1.3236709477948232,0.32577416411355414,-0.15083481810311547,-0.36696194445791464,0.020025756251859528,0.23842773336988779,-1.2393915136687288,-1.1045149589890177,-0.084725922444068263,1.580728323512349,0.43878784445237728,0.27065459062100633,0.96503722542518033,0.28833598510412878,-0.15031048434409877,0.0055999999999999999,-0.034799999999999998,0.28522096868819752,-0.10407108830751605,-0.0077999999999999996,-0.15031048434409877,-0.0055999999999999999,0.034799999999999998,0.28522096868819752,-0.10407108830751605,0.0077999999999999996,0,0,0,0,0,0.42716565535442941,-0.049682747600076474,0.028096240538069747,0.30383646240965079,0.0050565670842194297,-0.18275767067875942,0.27924488753364929,0.39284917443908052,-0.0040159678648121755,-0.31421467121834912,0.10504955321296583,-0.087156944352373422,-0.18479525025439925,-0.142961352033244,0.0041063411358024694,0,0,-0.0082126822716049389,-0.0034904782856781669,0,0.0041063411358024694,0,0,-0.0082126822716049389,-0.0034904782856781669,0,0,0,0,0,0,1.1675690687279037,-0.11194193269974111,0.10729047271843838,0.50960439945241798,-0.01613666465374379,-0.017847140628187992,0.81831677554980853,1.1537089223229158,-0.052381426768402517,-0.96698738086875569,0.1271854737514011,-0.24305062802640331,-0.49699215092902094,-0.44212236721408171,0.012482054320987654,0,0,-0.024964108641975308,-0.010608100740709669,0,0.012482054320987654,0,0,-0.024964108641975308,-0.010608100740709669,0
225,FRAME,NONE,220,220,2.2000000000000002,RECOVERY,1.1000000000000014,0,0,0,0,0,-1.319336969998598,0.32526863245439269,-0.1505484456816325,-0.3638827692392641,0.020077391802131032,0.23658042903800039,-1.2365585294562962,-1.1005287750341821,-0.084768701240991007,1.5775378246747613,0.43984470093929623,0.26977087312554343,0.96316442207092523,0.2868842567520401,-0.15026879581516048,0.0055999999999999999,-0.034799999999999998,0.28513759163032099,-0.10410652355711357,-0.0077999999999999996,-0.15026879581516048,-0.0055999999999999999,0.034799999999999998,0.28513759163032099,-0.10410652355711357,0.0077999999999999996,0,0,0,0,0,0.4395923766212852,-0.05119234359610985,0.028964217585592845,0.31201793357819896,0.0050551775251370867,-0.18670325700785179,0.28764148543734747,0.40439309722231087,-0.0045466110921085767,-0.32390734282666811,0.10629561707693747,-0.089589842313869683,-0.18978872459434748,-0.1473781083616843,0.0042314637283950617,0,0,-0.0084629274567901234,-0.0035968243041972769,0,0.0042314637283950617,0,0,-0.0084629274567901234,-0.0035968243041972769,0,0,0,0,0,0,1.1731297221061645,-0.11247506628721619,0.10780145330670199,0.51203143653424055,-0.016213516979849404,-0.017932139250954316,0.82221408326746359,1.154753977727907,-0.053744602523247975,-0.9713492991425543,0.12196793144333973,-0.24354366445752951,-0.50167359033514991,-0.44097556730168797,0.0125415012345679,0,0,-0.0250830024691358,-0.0106586474074577,0,0.0125415012345679,0,0,-0.0250830024691358,-0.0106586474074577,0
226,FRAME,NONE,221,221,2.21,RECOVERY,1.1000000000000014,0,0,0,0,0,-1.3148788441351573,0.32474792157657711,-0.15025337318567022,-0.36072147364119184,0.020128976915209387,0.23469384904592233,-1.2336414689870783,-1.0964270970445715,-0.084816854665910435,1.5742501766558157,0.44091375679391603,0.26886279377472894,0.96124145093329338,0.28538842293689509,-0.150225853184,0.0055999999999999999,-0.034799999999999998,0.28505170636799998,-0.10414302479359999,-0.0077999999999999996,-0.150225853184,-0.0055999999999999999,0.034799999999999998,0.28505170636799998,-0.10414302479359999,0.0077999999999999996,0,0,0,0,0,0.45199348540379763,-0.052715931686423564,0.029833311379709057,0.32026039791432287,0.0050439516449406864,-0.19061241932179968,0.29606245559748789,0.41594425399363866,-0.005090859915277135,-0.3336416572012002,0.10748891184183262,-0.092027817641524012,-0.19482872206110224,-0.15178086337927776,0.0043571520000000004,0,0,-0.0087143040000000008,-0.0037036512338273209,0,0.0043571520000000004,0,0,-0.0087143040000000008,-0.0037036512338273209,0,0,0,0,0,0,1.178152694762354,-0.11295664916063405,0.10826302523864903,0.51422379417070341,-0.016282938162277751,-0.018008919033639229,0.82573454548060365,1.1551253465391653,-0.05510215000188029,-0.97525912618356969,0.1166389135619228,-0.24395545088123916,-0.50630952877162017,-0.43938717070118871,0.012595199999999997,0,0,-0.025190399999999995,-0.01070430814813228,0,0.012595199999999997,0,0,-0.025190399999999995,-0.01070430814813228,0
227,FRAME,NONE,222,222,2.2200000000000002,RECOVERY,1.1000000000000014,0,0,0,0,0,-1.3102968700165314,0.32421189589140104,-0.14994959348436709,-0.35747745535303427,0.020180410567128774,0.23276837007269047,-1.2306401079482165,-1.0922098899543093,-0.084870518439296549,1.5708649915307373,0.44199447917613288,0.26793031677271295,0.95926784762970319,0.28384863948445455,-0.15018165108024692,0.0055999999999999999,-0.034799999999999998,0.28496330216049381,-0.10418059658179012,-0.0077999999999999996,-0.15018165108024692,-0.0055999999999999999,0.034799999999999998,0.28496330216049381,-0.10418059658179012,0.0077999999999999996,0,0,0,0,0,0.46436033299071566,-0.054253034791511431,0.030703053866488302,0.32856230785318979,0.005022709003656394,-0.19448266499954228,0.30450344319854294,0.42749560415309418,-0.0056486540921461825,-0.3434125253503395,0.10862839534817592,-0.094468951331494466,-0.19991491516977988,-0.15616585177570808,0.0044833487654320978,0,0,-0.0089666975308641955,-0.0038109104671599225,0,0.0044833487654320978,0,0,-0.0089666975308641955,-0.0038109104671599225,0,0,0,0,0,0,1.1826435297967002,-0.11338721277065512,0.10867569788187047,0.51618389173753199,-0.016345004810757468,-0.018077564706552862,0.82888204719443059,1.1548081172657598,-0.056453882250305509,-0.97867846483967735,0.11120760279537123,-0.24420392793683687,-0.51090666678660357,-0.43740736573399941,0.012643209876543214,0,0,-0.025286419753086428,-0.01074513333334387,0,0.012643209876543214,0,0,-0.025286419753086428,-0.01074513333334387,0
228,FRAME,NONE,223,223,2.23,RECOVERY,1.1000000000000014,0,0,0,0,0,-1.3055914330643485,0.32366042471498618,-0.14963710408359299,-0.3541501278128954,0.020231589991310236,0.2308043935465067,-1.2275542652472495,-1.0878771849615096,-0.084929827747753359,1.5673819261488089,0.44308632470087955,0.26697341474809905,0.95724315262989779,0.28226510590138093,-0.15013618470241974,0.0055999999999999999,-0.034799999999999998,0.28487236940483951,-0.10421924300294319,-0.0077999999999999996,-0.15013618470241974,-0.0055999999999999999,0.034799999999999998,0.28487236940483951,-0.10421924300294319,0.0077999999999999996,0,0,0,0,0,0.47668444798123222,-0.055803157036020685,0.031572995293902506,0.33692206019268689,0.0049912891847470713,-0.19831153694412329,0.31296014978182268,0.43904041633895385,-0.0062199375602832452,-0.35321522649799375,0.10971306389774005,-0.09691189620026075,-0.20504685539683432,-0.16052901069395775,0.0046099974320987667,0,0,-0.0092199948641975334,-0.0039185539004941983,0,0.0046099974320987667,0,0,-0.0092199948641975334,-0.0039185539004941983,0,0,0,0,0,0,1.1866077703094291,-0.11376728856793963,0.10903998060395703,0.51791414861045104,-0.016399793535017172,-0.018138161000005308,0.83166047341414417,1.1538356237017489,-0.057799720697554458,-0.9816484488428534,0.10567814776277218,-0.24435358205524005,-0.51545201183056388,-0.43500204176274981,0.01268559012345679,0,0,-0.02537118024691358,-0.010781173333390681,0,0.01268559012345679,0,0,-0.02537118024691358,-0.010781173333390681,0
229,FRAME,NONE,224,224,2.2400000000000002,RECOVERY,1.1000000000000014,0,0,0,0,0,-1.3007630025109769,0.32309338245505487,-0.14931590693666796,-0.35073892078381058,0.020282410885532325,0.22880234528567728,-1.2243838024497995,-1.0834290816275303,-0.084994917190502214,1.5638006870007775,0.44418874045408768,0.26599207884870774,0.9551669105217665,0.28063805927057539,-0.15008944981200001,0.0055999999999999999,-0.034799999999999998,0.28477889962399999,-0.1042589676598,-0.0077999999999999996,-0.15008944981200001,-0.0055999999999999999,0.034799999999999998,0.28477889962399999,-0.1042589676598,0.0077999999999999996,0,0,0,0,0,0.48895754125805529,-0.057365783004021308,0.03244270475065196,0.3453379921951179,0.0049495523115441224,-0.20209661439535412,0.32142833423531714,0.45057231662712915,-0.0068046485060972717,-0.36304549432719657,0.11074195830343136,-0.099356022972599267,-0.21022395540639116,-0.16486589261096307,0.0047370419999999995,0,0,-0.0094740839999999989,-0.0040265339338277362,0,0.0047370419999999995,0,0,-0.0094740839999999989,-0.0040265339338277362,0,0,0,0,0,0,1.1900509594007698,-0.1140974080031481,0.10935638277249975,0.51941698416518656,-0.016447380944785511,-0.018190792644306703,0.83407370914494683,1.1522029187827076,-0.059139548793524233,-0.98414641161226335,0.10005985486435942,-0.24435165879438392,-0.51994795815246686,-0.4322044270810288,0.0127224,0,0,-0.0254448,-0.010812478518501534,0,0.0127224,0,0,-0.0254448,-0.010812478518501534,0
230,FRAME,NONE,225,225,2.25,RECOVERY,1.1000000000000014,0,0,0,0,0,-1.2958121295514249,0.32251064880477104,-0.1489860082497558,-0.34724328096795487,0.020332767623887332,0.22676267513093951,-1.2211286232074088,-1.0788657386289671,-0.085065920717875304,1.560121016262265,0.44530116386694818,0.26498629428864706,0.95303867352176996,0.27896778804916167,-0.15004144272750616,0.0055999999999999999,-0.034799999999999998,0.28468288545501236,-0.10429977368161975,-0.0077999999999999996,-0.15004144272750616,-0.0055999999999999999,0.034799999999999998,0.28468288545501236,-0.10429977368161975,0.0077999999999999996,0,0,0,0,0,0.50117151084586464,-0.0589403770599825,0.033311770675822014,0.35380837788667829,0.0048973795215393858,-0.2058355138394049,0.32990381378531886,0.46208447471460801,-0.0074027285361537298,-0.37289815473023902,0.11171426099502724,-0.10179892937614843,-0.21544581455988365,-0.16917309923557833,0.0048644270617283951,0,0,-0.0097288541234567903,-0.0041348034708642289,0,0.0048644270617283951,0,0,-0.0097288541234567903,-0.0041348034708642289,0,0,0,0,0,0,1.192978640170949,-0.11437810252694088,0.10962541375508945,0.52069481777746374,-0.016487843649791112,-0.018235544369767161,0.83612563939203932,1.1498275566312888,-0.060474593158443835,-0.98601960034472302,0.094370901933260587,-0.24390854071507095,-0.52442666321761422,-0.42918390694687836,0.0127536987654321,0,0,-0.025507397530864201,-0.010839099259252194,0,0.0127536987654321,0,0,-0.025507397530864201,-0.010839099259252194,0
231,FRAME,NONE,226,226,2.2599999999999998,RECOVERY,1.1000000000000014,0,0,0,0,0,-1.2907394454473049,0.32191210894295957,-0.1486474182822492,-0.34366267265680833,0.020382553473288968,0.2246858565681962,-1.2177886726755116,-1.0741873921332381,-0.085142971761225289,1.5563427239061727,0.44642302567398823,0.26395610026118477,0.95085799423056883,0.27725459728586382,-0.14999216031856791,0.0055999999999999999,-0.034799999999999998,0.28458432063713579,-0.10434166372921728,-0.0077999999999999996,-0.14999216031856791,-0.0055999999999999999,0.034799999999999998,0.28458432063713579,-0.10434166372921728,0.0077999999999999996,0,0,0,0,0,0.51331844664429249,-0.060526382738102867,0.034179801336255533,0.36233142456309542,0.0048346733965822343,-0.20952589001408889,0.33838246498797742,0.47356886775975493,-0.0080141403692661484,-0.38276588633409103,0.11262937634209658,-0.10423419378690069,-0.22071248867074345,-0.17344957074990064,0.0049920978024691363,0,0,-0.0099841956049382726,-0.00424331591901278,0,0.0049920978024691363,0,0,-0.0099841956049382726,-0.00424331591901278,0,0,0,0,0,0,1.1953963557201941,-0.11460990358997829,0.10984758291931702,0.52175006882300767,-0.016521258259762594,-0.018272500906696788,0.83782014916062242,1.1469658725904441,-0.061801146590337308,-0.98768077121003106,0.088591115760955352,-0.2437631007752572,-0.52878826458435668,-0.42552187592720392,0.012779545679012343,0,0,-0.025559091358024685,-0.010861085925906178,0,0.012779545679012343,0,0,-0.025559091358024685,-0.010861085925906178,0
232,FRAME,NONE,227,227,2.27,RECOVERY,1.1000000000000014,0,0,0,0,0,-1.2855456595841388,0.32129765374003189,-0.14830015114247486,-0.33999657841520042,0.020431660814081574,0.22257238634072488,-1.21436393692156,-1.069394361273772,-0.085226203525260627,1.5524656985355831,0.44755375139379011,0.26290161041290905,0.94862442374835509,0.27549879663416366,-0.14994160000000001,0.0055999999999999999,-0.034799999999999998,0.28448319999999999,-0.10438464,-0.0077999999999999996,-0.14994160000000001,-0.0055999999999999999,0.034799999999999998,0.28448319999999999,-0.10438464,0.0077999999999999996,0,0,0,0,0,0.52539063502419669,-0.062123222202438044,0.035046425268484477,0.37090526950900604,0.0047613583470608864,-0.21316543700738871,0.34686022471876732,0.48502379216641689,-0.008638751467960476,-0.39265177015443964,0.11348608331024634,-0.10667419139165357,-0.22602157985157079,-0.17768353675412241,0.0051200000000000004,0,0,-0.010240000000000001,-0.0043520251893823525,0,0.0051200000000000004,0,0,-0.010240000000000001,-0.0043520251893823525,0,0,0,0,0,0,1.1973096491487336,-0.11479334264292079,0.11002339963277341,0.52258515667754413,-0.016547701384428608,-0.018301746985405723,0.83916112345589811,1.1436773182355031,-0.063116864977875997,-0.98921461406942246,0.082724388267979565,-0.24405585323933332,-0.53301013577478074,-0.42114192561601427,0.012799999999999999,0,0,-0.025599999999999998,-0.010878488888865778,0,0.012799999999999999,0,0,-0.025599999999999998,-0.010878488888865778,0
233,FRAME,NONE,228,228,2.2799999999999998,RECOVERY,1.1000000000000014,0,0,0,0,0,-1.2802315574834073,0.32066717996888316,-0.14794422457908338,-0.33624449979709387,0.020479981364282498,0.22042278404995416,-1.2108544423233183,-1.0644869162899098,-0.085315746790584499,1.5484896885030839,0.44869274734019315,0.2618226164333517,0.94633756263353741,0.27370092655078138,-0.14988975972587654,0.0055999999999999999,-0.034799999999999998,0.2843795194517531,-0.10442870423300493,-0.0077999999999999996,-0.14988975972587654,-0.0055999999999999999,0.034799999999999998,0.2843795194517531,-0.10442870423300493,0.0077999999999999996,0,0,0,0,0,0.5373805632756592,-0.063730295780069224,0.035911291682055695,0.37952797693810114,0.0046773809482271158,-0.21675188944593171,0.35533309115767314,0.49644241412446499,-0.0092764776688236683,-0.40255017861547948,0.11428386410745617,-0.10911531085168735,-0.23137269138623906,-0.18187240926222092,0.0052480800246913588,0,0,-0.010496160049382718,-0.0044608856967900956,0,0.0052480800246913588,0,0,-0.010496160049382718,-0.0044608856967900956,0,0,0,0,0,0,1.1987240635567946,-0.11492895113642879,0.11015337326304951,0.5232025007167983,-0.016567249633517779,-0.018323367336204072,0.84015244728306726,1.1395812931069838,-0.06442568967139628,-0.98997054662319783,0.07682504403930257,-0.24358956962455824,-0.53723985352638337,-0.41673320324855934,0.012815120987654322,0,0,-0.025630241975308644,-0.01089135851853329,0,0.012815120987654322,0,0,-0.025630241975308644,-0.01089135851853329,0
234,FRAME,NONE,229,229,2.29,RECOVERY,1.1000000000000014,0,0,0,0,0,-1.2747979987709428,0.32002059052001747,-0.14757965976852991,-0.33240595809079754,0.020527406406978404,0.21823759174390364,-1.2072602549573983,-1.0594655129912827,-0.0854117330786371,1.5444146949632735,0.44983942867593923,0.2607193041958753,0.94399696992063031,0.27186134844891924,-0.14983663798360494,0.0055999999999999999,-0.034799999999999998,0.28427327596720986,-0.1044738577139358,-0.0077999999999999996,-0.14983663798360494,-0.0055999999999999999,0.034799999999999998,0.28427327596720986,-0.1044738577139358,0.0077999999999999996,0,0,0,0,0,0.54928092389587158,-0.065346981569306739,0.036774070821105953,0.38819753516022076,0.0045827102268734057,-0.22028302376896122,0.3637971247677374,0.50781541802855656,-0.0099272652613884016,-0.4124511810869036,0.1150225841910324,-0.11154598278414474,-0.23676637692209845,-0.18601820081909359,0.0053762848395061714,0,0,-0.010752569679012343,-0.0045698523597530183,0,0.0053762848395061714,0,0,-0.010752569679012343,-0.0045698523597530183,0,0,0,0,0,0,1.1996451420446044,-0.11501726052116258,0.11023801317773614,0.52360452031649551,-0.016579979616758733,-0.018337446689401949,0.84079800564733087,1.1348207256606235,-0.065725485236846348,-0.99017098077969212,0.070887324188223522,-0.24275705972368056,-0.54142099821824496,-0.41207557247457949,0.012824967901234569,0,0,-0.025649935802469138,-0.010899745185172227,0,0.012824967901234569,0,0,-0.025649935802469138,-0.010899745185172227,0
235,FRAME,NONE,230,230,2.2999999999999998,RECOVERY,1.1000000000000014,0,0,0,0,0,-1.269245915103254,0.31935779462015312,-0.14720648109904227,-0.32848049509138605,0.020573827020366978,0.21601737349247382,-1.2035814799781155,-1.0543306079293386,-0.085514292095812267,1.5402406648813458,0.4509931990240138,0.2595916967776688,0.94160223509509544,0.2699805625343995,-0.14978223378799999,0.0055999999999999999,-0.034799999999999998,0.284164467576,-0.10452010128019999,-0.0077999999999999996,-0.14978223378799999,-0.0055999999999999999,0.034799999999999998,0.284164467576,-0.10452010128019999,0.0077999999999999996,0,0,0,0,0,0.56108461870484905,-0.066972635124723318,0.037634454281049251,0.39691185398095163,0.0044773378966880776,-0.22375665958249971,0.37224844926444056,0.51913882863767746,-0.010590987373560595,-0.42235359823107332,0.11570161059122064,-0.11397045204616096,-0.24220111135060396,-0.19011392071171251,0.0055045619999999984,0,0,-0.011009123999999997,-0.0046788806004935402,0,0.0055045619999999984,0,0,-0.011009123999999997,-0.0046788806004935402,0,0,0,0,0,0,1.2000784277123904,-0.11505880224778257,0.11027782874442423,0.52379363485236108,-0.016585967943880103,-0.018344069775309477,0.84110168355389003,1.099774335766579,-0.068045025546047133,-0.93983029487321179,0.068322932467584918,-0.15206415062182788,-0.55684391125798705,-0.45796460050012699,0.012829600000000002,0,0,-0.025659200000000004,-0.010903699259288968,0,0.012829600000000002,0,0,-0.025659200000000004,-0.010903699259288968,0
236,FRAME,NONE,231,231,2.3100000000000001,RECOVERY,1.1000000000000014,0,0,0,0,0,-1.2635987100035559,0.31883566851043776,-0.14697307260452003,-0.32446148100531458,0.020474140301525237,0.21375895383606161,-1.1996275408651669,-1.0490827364185291,-0.085623552826108312,1.5359676229986521,0.45215346088776365,0.25843989515495208,0.93915294769361823,0.26805907003468499,-0.14972654667535801,0.0055999999999999999,-0.034799999999999998,0.28405309335071605,-0.10456743532594567,-0.0077999999999999996,-0.14972654667535801,-0.0055999999999999999,0.034799999999999998,0.28405309335071605,-0.10456743532594567,0.0077999999999999996,0,0,0,0,0,0.57279225256757893,-0.068629041875782115,0.038469020142368936,0.40566917831091487,0.0043658051325113851,-0.22716825265001106,0.3806484288148535,0.52981090474388814,-0.011288165772309344,-0.43124778698436783,0.11638904284038409,-0.11458726579658129,-0.24790325514725819,-0.19517749282909613,0.0056328596543209885,0,0,-0.011265719308641977,-0.0047879263449387977,0,0.0056328596543209885,0,0,-0.011265719308641977,-0.0047879263449387977,0,0,0,0,0,0,1.2000294636603801,-0.11505410776694916,0.11027332933070465,0.5237722637001202,-0.01658529122461052,-0.018343321324236765,0.84106736600794607,1.0945690958413801,-0.069422039708777472,-0.94026564416760383,0.062246134735211012,-0.15313171714700924,-0.56055584820302595,-0.45126636775666418,0.012829076543209875,0,0,-0.025658153086419749,-0.010903271111147028,0,0.012829076543209875,0,0,-0.025658153086419749,-0.010903271111147028,0
237,FRAME,NONE,232,232,2.3199999999999998,RECOVERY,1.1000000000000014,0,0,0,0,0,-1.2578125296240636,0.31813968255559416,-0.14658269650574687,-0.32036089470044476,0.020518550784617947,0.21147049331078244,-1.1957807801679405,-1.0437343898344609,-0.085740055411258453,1.5316157091416585,0.45332097988082148,0.25729995146173718,0.93664416999215028,0.26607701267781758,-0.14966957669753087,0.0055999999999999999,-0.034799999999999998,0.28393915339506171,-0.10461585980709877,-0.0077999999999999996,-0.14966957669753087,-0.0055999999999999999,0.034799999999999998,0.28393915339506171,-0.10461585980709877,0.0077999999999999996,0,0,0,0,0,0.58438233738263556,-0.070271180411673489,0.039323412055471116,0.41446644249483217,0.0042388801403641452,-0.23052055238874314,0.38906227637530205,0.54103021055450506,-0.011979428167736145,-0.4411589111144254,0.11694653328592486,-0.11703308638910115,-0.25341222831466448,-0.1991392480668458,0.0057611265432098773,0,0,-0.011522253086419755,-0.0048969460227164807,0,0.0057611265432098773,0,0,-0.011522253086419755,-0.0048969460227164807,0,0,0,0,0,0,1.1995037929888017,-0.11500370852932276,0.11022502430416836,0.52354282623549875,-0.016578026068678621,-0.018335286066493945,0.84069893801470041,1.148462754349544,-0.068715919052976526,-1.0409100210412303,0.049303972391445683,-0.33418712308580512,-0.54143381601562401,-0.34197567544760887,0.012823456790123455,0,0,-0.02564691358024691,-0.010898511111044618,0,0.012823456790123455,0,0,-0.02564691358024691,-0.010898511111044618,0
238,FRAME,NONE,233,233,2.3300000000000001,RECOVERY,1.1000000000000014,0,0,0,0,0,-1.2519110225812757,0.31742720989031997,-0.14618375917276374,-0.31617214511178215,0.020561668535053913,0.2091488274528033,-1.1918500336526356,-1.038262132207439,-0.085863141389463035,1.5271444447763636,0.45449239155348214,0.25609923342717006,0.93408470312732494,0.26407628507334807,-0.149611324416,0.0055999999999999999,-0.034799999999999998,0.28382264883199998,-0.1046653742464,-0.0077999999999999996,-0.149611324416,-0.0055999999999999999,0.034799999999999998,0.28382264883199998,-0.1046653742464,0.0077999999999999996,0,0,0,0,0,0.5958557532101566,-0.071920218587041215,0.040174625915779735,0.42330170358521013,0.0041013531950963768,-0.23380908977808432,0.39745218087587364,0.55278015983087903,-0.012662484153368875,-0.45206598740519244,0.11737512228821301,-0.1212710082582974,-0.25873193146757067,-0.20201700633804831,0.0058893119999999998,0,0,-0.011778624,-0.00500589656715969,0,0.0058893119999999998,0,0,-0.011778624,-0.00500589656715969,0,0,0,0,0,0,1.1985069587978823,-0.11490813598556371,0.11013342303240618,0.5231077418342216,-0.016564249085813037,-0.018320048732391125,0.84000028457935394,1.1410470615669244,-0.069847621174644325,-1.0388245329129298,0.04332356760741729,-0.33139187750719223,-0.54544244730114766,-0.33671789452599521,0.012812799999999997,0,0,-0.025625599999999995,-0.010889469629592197,0,0.012812799999999997,0,0,-0.025625599999999995,-0.010889469629592197,0
239,FRAME,NONE,234,234,2.3399999999999999,RECOVERY,1.1000000000000014,0,0,0,0,0,-1.2458953869767062,0.31669818572718467,-0.14577629373403944,-0.31189486431324653,0.02060338758124779,0.20679460387397133,-1.1878355581795728,-1.0326787866378433,-0.085993305094325831,1.5225743893935546,0.45566848232658574,0.25487453129657123,0.93146953136279886,0.26203667255105662,-0.14955179089595061,0.0055999999999999999,-0.034799999999999998,0.28370358179190125,-0.10471597773844196,-0.0077999999999999996,-0.14955179089595061,-0.0055999999999999999,0.034799999999999998,0.28370358179190125,-0.10471597773844196,0.0077999999999999996,0,0,0,0,0,0.60720627614435874,-0.073575419312254253,0.04102244167938756,0.4321725361308093,0.0039533082749324353,-0.23703187197310649,0.40581452958792602,0.56385115178584355,-0.013376380591229031,-0.461935401772684,0.1178130046380732,-0.12366092393924499,-0.26432107726068743,-0.2058736059573657,0.0060173659506172848,0,0,-0.01203473190123457,-0.0051147354153083247,0,0.0060173659506172848,0,0,-0.01203473190123457,-0.0051147354153083247,0,0,0,0,0,0,1.1970445041878499,-0.11476792158633246,0.10999903488300909,0.52246942987201461,-0.016544036885742401,-0.018297694052238436,0.8389752907071083,1.1032729997756396,-0.071993061336976527,-0.98601254734098642,0.040780899305398188,-0.23834890331406178,-0.56072133109597022,-0.38224817719534343,0.012797165432098767,0,0,-0.025594330864197535,-0.010876197037087976,0,0.012797165432098767,0,0,-0.025594330864197535,-0.010876197037087976,0
240,FRAME,NONE,235,235,2.3500000000000001,RECOVERY,1.1000000000000014,0,0,0,0,0,-1.2397668820287764,0.31595255283398854,-0.14536033547061838,-0.30752870906913915,0.020643602848556809,0.20440848986066754,-1.1837376463146803,-1.0269851091717221,-0.086130669001287616,1.5179057367409099,0.45684865164624361,0.25362601494838516,0.9287982815821112,0.25995881295420076,-0.14949097770034567,0.0055999999999999999,-0.034799999999999998,0.28358195540069137,-0.10476766895470617,-0.0077999999999999996,-0.14949097770034567,-0.0055999999999999999,0.034799999999999998,0.28358195540069137,-0.10476766895470617,0.0077999999999999996,0,0,0,0,0,0.61842790916720802,-0.075236022523415436,0.041866661454065562,0.44107642680177506,0.0037948524514047031,-0.24018695700809325,0.41414577768272642,0.57484561982639182,-0.014102345380108405,-0.47178623835201217,0.11819074027432097,-0.12603798632457863,-0.26994635808949008,-0.20966196988195518,0.006145238913580247,0,0,-0.012290477827160494,-0.0052234205079014495,0,0.006145238913580247,0,0,-0.012290477827160494,-0.0052234205079014495,0,0,0,0,0,0,1.1951219722589312,-0.1145835967822893,0.10982236922356788,0.52163030972460245,-0.016517466078195334,-0.01826830675634597,0.83762784140316404,1.0954054579420669,-0.073186425339315242,-0.98402224356197721,0.034775416664079017,-0.23709575008648565,-0.56426396399245071,-0.37519646680861385,0.012776612345679013,0,0,-0.025553224691358026,-0.010858743703726081,0,0.012776612345679013,0,0,-0.025553224691358026,-0.010858743703726081,0
241,FRAME,NONE,236,236,2.3599999999999999,RECOVERY,1.1000000000000014,0,0,0,0,0,-1.2335268257896692,0.31519026176395459,-0.14493592159677482,-0.30307336171869304,0.020682210388335127,0.20199117185666998,-1.1795566256448999,-1.0211818742413155,-0.086275352001927999,1.5131386646265144,0.45803229713207216,0.25235377157007965,0.92607060420100906,0.25784343315341751,-0.149428886884,0.0055999999999999999,-0.034799999999999998,0.28345777376799997,-0.10482044614859999,-0.0077999999999999996,-0.149428886884,-0.0055999999999999999,0.034799999999999998,0.28345777376799997,-0.10482044614859999,0.0077999999999999996,0,0,0,0,0,0.62951488497493013,-0.076901245353540773,0.042707109482374703,0.45001077326011202,0.00362611578800082,-0.24327245547294138,0.42244244908144596,0.58575926094468489,-0.014840109098015336,-0.48161584664392354,0.11850851297135478,-0.12840283894097471,-0.27560635654053645,-0.21337753529353798,0.0062728820000000005,0,0,-0.012545764000000001,-0.0053319102893828463,0,0.0062728820000000005,0,0,-0.012545764000000001,-0.0053319102893828463,0,0,0,0,0,0,1.1927449061113544,-0.11435569302409469,0.1096039354216735,0.52059280076771108,-0.016484613272900479,-0.018231971575023868,0.83596182167272282,1.0870910572202686,-0.074351361899309409,-0.98173166977355564,0.028797485430026581,-0.23583501823597197,-0.56767090737736003,-0.36773309767840212,0.012751200000000001,0,0,-0.025502400000000001,-0.010837160000012891,0,0.012751200000000001,0,0,-0.025502400000000001,-0.010837160000012891,0
242,FRAME,NONE,237,237,2.3700000000000001,RECOVERY,1.1000000000000014,0,0,0,0,0,-1.2271765928350906,0.31441127108329758,-0.14450309104074416,-0.29852853107071636,0.020719107606079357,0.19954335492916689,-1.1752928580858568,-1.0152699239528284,-0.086427471183247923,1.5082734198080314,0.4592188219056707,0.25105795816956566,0.92328615445130047,0.25569126224833,-0.14936552098765432,0.0055999999999999999,-0.034799999999999998,0.28333104197530862,-0.10487430716049383,-0.0077999999999999996,-0.14936552098765432,-0.0055999999999999999,0.034799999999999998,0.28333104197530862,-0.10487430716049383,0.0077999999999999996,0,0,0,0,0,0.64046166854760778,-0.078570282386350401,0.043543632060724653,0.45897288328131719,0.0034472511785990628,-0.24628653221066618,0.43070113727402748,0.59658744097079719,-0.015589372618094594,-0.49142087174748328,0.1187666899829215,-0.13075468668929807,-0.28129977623703728,-0.21701663183552322,0.0064002469135802488,0,0,-0.012800493827160498,-0.0054401637079017073,0,0.0064002469135802488,0,0,-0.012800493827160498,-0.0054401637079017073,0,0,0,0,0,0,1.1899188488453465,-0.11408474176240896,0.10934424284491681,0.5193593223770655,-0.01644555507958646,-0.018188773238582232,0.83398111652098528,1.0783198198033306,-0.075485140451116151,-0.97910857042138311,0.022862749202434696,-0.23449293223863632,-0.57094542763952427,-0.35990747975500614,0.012720987654320988,0,0,-0.025441975308641975,-0.010811496296281309,0,0.012720987654320988,0,0,-0.025441975308641975,-0.010811496296281309,0
243,FRAME,NONE,238,238,2.3799999999999999,RECOVERY,1.1000000000000014,0,0,0,0,0,-1.2207176119295937,0.31361554759523869,-0.14406188422608768,-0.29389395330575413,0.020754193488158188,0.19706576221772132,-1.1709467391822306,-1.0092501254218995,-0.086587139454289891,1.5033102471915647,0.46040763093173059,0.24973867783629369,0.92044460867626832,0.25350310051670705,-0.14930088303204939,0.0055999999999999999,-0.034799999999999998,0.28320176606409875,-0.10492924942275803,-0.0077999999999999996,-0.14930088303204939,-0.0055999999999999999,0.034799999999999998,0.28320176606409875,-0.10492924942275803,0.0077999999999999996,0,0,0,0,0,0.65126295945062607,-0.080242305992374391,0.044376097392376156,0.46795997412695006,0.0032584341250394729,-0.24922740802523785,0.43891850610342215,0.6073256573407515,-0.016349811907037659,-0.5011980180523512,0.11896576795540348,-0.13309269758574743,-0.28702526509332693,-0.2205756848886381,0.0065272859506172844,0,0,-0.013054571901234569,-0.0055481402153084725,0,0.0065272859506172844,0,0,-0.013054571901234569,-0.0055481402153084725,0,0,0,0,0,0,1.1866493435611358,-0.11377127444789253,0.10904380086088875,0.51793229392839135,-0.016400368107981914,-0.018138796477331194,0.8316896109531533,1.0690842561414393,-0.076585488936638246,-0.97612449803052836,0.016986925574780098,-0.23300378817578404,-0.57408978224815499,-0.35176436713288406,0.012686034567901235,0,0,-0.025372069135802471,-0.010781802962898934,0,0.012686034567901235,0,0,-0.025372069135802471,-0.010781802962898934,0
244,FRAME,NONE,239,239,2.3900000000000001,RECOVERY,1.1000000000000014,0,0,0,0,0,-1.2141513636701757,0.3128030665595562,-0.14361234285425509,-0.28916939288330978,0.020787368826597204,0.1945591343661861,-1.1665186974013169,-1.0031234108060134,-0.086754467421388676,1.4982494594469844,0.46159813726477877,0.24839610421785072,0.91754564914943393,0.25127974855055724,-0.14923497651199999,0.0055999999999999999,-0.034799999999999998,0.28306995302400001,-0.1049852699648,-0.0077999999999999996,-0.14923497651199999,-0.0055999999999999999,0.034799999999999998,0.28306995302400001,-0.1049852699648,0.0077999999999999996,0,0,0,0,0,0.66191369385722154,-0.08191646674682701,0.045204395372614184,0.47696917216732737,0.003059862453371474,-0.25209336138876343,0.44709129051163116,0.61796912609362598,-0.017121082396827358,-0.51094336170809385,0.1191064284944171,-0.13541476245281375,-0.29278157188200038,-0.2240519191781809,0.0066539520000000012,0,0,-0.013307904000000002,-0.005655799767159686,0,0.0066539520000000012,0,0,-0.013307904000000002,-0.005655799767159686,0,0,0,0,0,0,1.1829419333589486,-0.11341582253120572,0.10870311883718012,0.51631413479741339,-0.016349128967815461,-0.018082126021580849,0.8290911899744271,1.0593886174625755,-0.077649335736354463,-0.97277114469052073,0.011184793950319571,-0.23133761261909247,-0.57710172452568598,-0.34332851291687949,0.012646399999999995,0,0,-0.02529279999999999,-0.01074813037033745,0,0.012646399999999995,0,0,-0.02529279999999999,-0.01074813037033745,0
245,FRAME,NONE,240,240,2.3999999999999999,RECOVERY,1.1000000000000014,0,0,0,0,0,-1.2074793781109521,0.311973811906752,-0.14315450968890517,-0.28435464345163447,0.020818536441414934,0.19202422893759025,-1.1620091934203038,-0.99689074290002699,-0.086929561102226438,1.4930913799574028,0.46278975950161894,0.24703038258723742,0.91458897723862831,0.24902206213314343,-0.14916780539046914,0.0055999999999999999,-0.034799999999999998,0.28293561078093826,-0.10504236541810122,-0.0077999999999999996,-0.14916780539046914,-0.0055999999999999999,0.034799999999999998,0.28293561078093826,-0.10504236541810122,0.0077999999999999996,0,0,0,0,0,0.67240904628193465,-0.083591893928406658,0.046028437304593703,0.4859975127527883,0.0028517559685133018,-0.25488273013672086,0.45521629724395091,0.62851342969000301,-0.017902798621764748,-0.52065344094616162,0.11918946383440987,-0.13771944983812928,-0.29856729958384065,-0.22744225514697569,0.0067801985432098776,0,0,-0.013560397086419755,-0.0057631028227152215,0,0.0067801985432098776,0,0,-0.013560397086419755,-0.0057631028227152215,0,0,0,0,0,0,1.1788021613390145,-0.11301891746300909,0.10832270614138198,0.51450726435985816,-0.016291914268815759,-0.018018846601641353,0.82618973859000955,1.0493081399554072,-0.078668153108765737,-0.96916210551079018,0.0054632716645075519,-0.22967714616378698,-0.57995283627904071,-0.33450581345392805,0.012602143209876546,0,0,-0.025204286419753093,-0.01071052888892976,0,0.012602143209876546,0,0,-0.025204286419753093,-0.01071052888892976,0
246,FRAME,NONE,241,241,2.4100000000000001,RECOVERY,1.1000000000000014,0,0,0,0,0,-1.2007032323718785,0.31112777644588441,-0.14268842834256784,-0.27944952875757545,0.020847601400021804,0.18946181981221263,-1.1574187194078449,-0.99055314221221336,-0.087112523393823971,1.4878363906280612,0.46398192654146697,0.24564171522108813,0.91157430315775712,0.24673090344761772,-0.14909937409264196,0.0055999999999999999,-0.034799999999999998,0.28279874818528394,-0.1051005320212543,-0.0077999999999999996,-0.14909937409264196,-0.0055999999999999999,0.034799999999999998,0.28279874818528394,-0.1051005320212543,0.0077999999999999996,0,0,0,0,0,0.68274443101543514,-0.085267696097924825,0.046848155544668577,0.49504194033134102,0.0026343560472460986,-0.25759391313984481,0.46329040550782052,0.63895528889273412,-0.018694445459002673,-0.53032660381830965,0.11921569392770726,-0.14000830537608949,-0.30438062860758119,-0.23074203544725946,0.0069059796543209876,0,0,-0.013811959308641975,-0.0058700103449382812,0,0.0069059796543209876,0,0,-0.013811959308641975,-0.0058700103449382812,0,0,0,0,0,0,1.1742355706015588,-0.11258109069396278,0.10790307214108504,0.51251410199144976,-0.016228800620711411,-0.01794904294782278,0.82298914180509986,1.0388248054790661,-0.079639849768081694,-0.96525143919889977,-0.00015991146212757101,-0.2279260826094226,-0.58264920668738007,-0.3253592455133153,0.012553323456790123,0,0,-0.025106646913580246,-0.010669048888974075,0,0.012553323456790123,0,0,-0.025106646913580246,-0.010669048888974075,0
247,FRAME,NONE,242,242,2.4199999999999999,RECOVERY,1.1000000000000014,0,0,0,0,0,-1.19382454823447,0.31026496206517123,-0.142214143066177,-0.2744539035541097,0.020874471233184155,0.1868726965691053,-1.1527477983005618,-0.98411163712217231,-0.087303450011406492,1.4824848478810366,0.46517407338017308,0.24423021647971563,0.90850136466647669,0.24440722142419824,-0.14902968750000001,0.0055999999999999999,-0.034799999999999998,0.28265937499999999,-0.10515976562499998,-0.0077999999999999996,-0.14902968750000001,-0.0055999999999999999,0.034799999999999998,0.28265937499999999,-0.10515976562499998,0.0077999999999999996,0,0,0,0,0,0.69291550325187645,-0.086942961755379661,0.047663503076297992,0.50409930880984244,0.002407925169703052,-0.2602253719411714,0.47131056758265377,0.64928992579958433,-0.019495595617126382,-0.53995846973013961,0.11918626560516732,-0.14227797149031773,-0.31022028371758825,-0.233949440057242,0.0070312500000000002,0,0,-0.0140625,-0.005976483800494703,0,0.0070312500000000002,0,0,-0.0140625,-0.005976483800494703,0,0,0,0,0,0,1.1692477042468103,-0.11210287367472735,0.10744472620388031,0.51033706706791426,-0.016159864633231064,-0.017872799790435278,0.81949328462490056,1.0283904840444058,-0.080517661198847845,-0.96180801531398075,-0.0057192085230195477,-0.22739294375698216,-0.58502620471384548,-0.31516678419059307,0.012500000000000001,0,0,-0.025000000000000001,-0.010623740740768606,0,0.012500000000000001,0,0,-0.025000000000000001,-0.010623740740768606,0
248,FRAME,NONE,243,243,2.4300000000000002,RECOVERY,1.1000000000000014,0,0,0,0,0,-1.1868449897276965,0.30938537992441556,-0.14173169854204032,-0.26936765450306605,0.020899056147100536,0.18425766385150175,-1.1479969830751737,-0.97756734369622167,-0.087502435306166498,1.4770372212334584,0.46636565185357032,0.24279615579128178,0.90536989748340535,0.24205191464647288,-0.14895875094439506,0.0055999999999999999,-0.034799999999999998,0.2825175018887901,-0.10522006169726419,-0.0077999999999999996,-0.14895875094439506,-0.0055999999999999999,0.034799999999999998,0.2825175018887901,-0.10522006169726419,0.0077999999999999996,0,0,0,0,0,0.70291815990079198,-0.088616760073839437,0.048474453011986135,0.51316638215520771,0.0021727463897064508,-0.26277563234679219,0.47927380937710223,0.65952309857362224,-0.02030479868297963,-0.54956276412458926,0.11910130975724686,-0.14455616425122914,-0.3160811527018581,-0.23704537113107133,0.0071559648395061745,0,0,-0.014311929679012349,-0.0060824851597536533,0,0.0071559648395061745,0,0,-0.014311929679012349,-0.0060824851597536533,0,0,0,0,0,0,1.1638441053749962,-0.11158479785596309,0.10694817769735861,0.50797857896497667,-0.016085182916103342,-0.017790201859788947,0.81570605205461222,1.0179406727245377,-0.081297736828009337,-0.95871047797124742,-0.011190631033497489,-0.22784105258029375,-0.58710898502983833,-0.30407282765917976,0.012442232098765429,0,0,-0.024884464197530858,-0.010574654814785034,0,0.012442232098765429,0,0,-0.024884464197530858,-0.010574654814785034,0
249,FRAME,NONE,244,244,2.4399999999999999,RECOVERY,1.1000000000000014,0,0,0,0,0,-1.1797662607071304,0.30848905063833182,-0.14124113968076915,-0.26419070107074732,0.020921269231160045,0.18161754071660555,-1.1431668560169699,-0.97092117515069987,-0.087709545985066084,1.4714935925985448,0.46755609957531802,0.24133909319469105,0.90217974161243952,0.23966631400157681,-0.14888657020212345,0.0055999999999999999,-0.034799999999999998,0.28237314040424688,-0.10528141532819506,-0.0077999999999999996,-0.14888657020212345,-0.0055999999999999999,0.034799999999999998,0.28237314040424688,-0.10528141532819506,0.0077999999999999996,0,0,0,0,0,0.71274854007635213,-0.090288141708227243,0.049280998023051831,0.52223983523163864,0.0019291227445337941,-0.26524328595903734,0.48717723093021403,0.66964873925407509,-0.021121550353686569,-0.55913267928956456,0.11896245298449737,-0.14683479254192361,-0.32196246341818502,-0.24003089661042559,0.007280080024691357,0,0,-0.014560160049382714,-0.0061879768967904036,0,0.007280080024691357,0,0,-0.014560160049382714,-0.0061879768967904036,0,0,0,0,0,0,1.1580303170863444,-0.11102739468833049,0.10641393598911092,0.50544105705836273,-0.01600483207905689,-0.017701333886193923,0.81163132909943647,1.0062267633340061,-0.082090010742746911,-0.95378401768209109,-0.016417888436676131,-0.22549690656049892,-0.58935276370269962,-0.29419805094993423,0.01238007901234568,0,0,-0.024760158024691361,-0.010521841481460348,0,0.01238007901234568,0,0,-0.024760158024691361,-0.010521841481460348,0
250,FRAME,NONE,245,245,2.4500000000000002,RECOVERY,1.1000000000000014,0,0,0,0,0,-1.1725901024306822,0.30757600444985372,-0.14074251142265862,-0.25892299641405059,0.020941026660954432,0.17895315997042452,-1.1382580279854593,-0.96417436891114017,-0.08792486631324023,1.4658545676476671,0.46874490091326027,0.2398594599404433,0.89893064821504165,0.23725129671426437,-0.14881315148800001,0.0055999999999999999,-0.034799999999999998,0.28222630297599999,-0.1053438212352,-0.0077999999999999996,-0.14881315148800001,-0.0055999999999999999,0.034799999999999998,0.28222630297599999,-0.1053438212352,0.0077999999999999996,0,0,0,0,0,0.72240302525782452,-0.091956139676853579,0.050083149697382985,0.53131625486908707,0.0016773766049460181,-0.26762699164088311,0.4950180068530709,0.67964763384030236,-0.021946598897834568,-0.56863844447823109,0.11877295198851334,-0.14906610238243911,-0.3278682079759121,-0.24292933215007001,0.007403551999999999,0,0,-0.014807103999999998,-0.0062929219893828603,0,0.007403551999999999,0,0,-0.014807103999999998,-0.0062929219893828603,0,0,0,0,0,0,1.1518118824810821,-0.11043119562248985,0.10584251044672806,0.50272692072379754,-0.015918888731820326,-0.017606280599960309,0.8072730007645742,0.99354901519438377,-0.082874757687291523,-0.94752509290974007,-0.021418976462878048,-0.22122347302047651,-0.59164426456675967,-0.28506519261867203,0.012313600000000003,0,0,-0.024627200000000005,-0.010465351111092758,0,0.012313600000000003,0,0,-0.024627200000000005,-0.010465351111092758,0
251,FRAME,NONE,246,246,2.46,RECOVERY,1.1000000000000014,0,0,0,0,0,-1.165318291134118,0.30664628139249112,-0.14023585854399678,-0.25356452825487102,0.020958247896194139,0.17626536748836691,-1.1332711376780233,-0.95732822247389382,-0.088148477963022775,1.4601208237089802,0.46993155861508829,0.23835777114704226,0.89562237745292128,0.23480772735857541,-0.1487385014494321,0.0055999999999999999,-0.034799999999999998,0.28207700289886417,-0.10540727376798271,-0.0077999999999999996,-0.1487385014494321,-0.0055999999999999999,0.034799999999999998,0.28207700289886417,-0.10540727376798271,0.0077999999999999996,0,0,0,0,0,0.73187823911600991,-0.093619770313276826,0.050880937825732171,0.54039214115778922,0.0014178489664990416,-0.26992547690080659,0.50279338670755269,0.68951971955796276,-0.022779045507432399,-0.57808318114775936,0.11853407345523981,-0.15125926200233314,-0.33379534870952021,-0.24573220046279903,0.0075263378024691355,0,0,-0.015052675604938271,-0.0063972839190122588,0,0.0075263378024691355,0,0,-0.015052675604938271,-0.0063972839190122588,0,0,0,0,0,0,1.1451943446594366,-0.10979673210910153,0.10523441043780092,0.49983858933700642,-0.015827429484122281,-0.017505126731398223,0.8026349520552265,0.98092968340235398,-0.083557099189134065,-0.94168749904421922,-0.026291991165605655,-0.21803933564622235,-0.59360983932027489,-0.2749952494114638,0.012242854320987656,0,0,-0.024485708641975312,-0.010405234074049863,0,0.012242854320987656,0,0,-0.024485708641975312,-0.010405234074049863,0
252,FRAME,NONE,247,247,2.4700000000000002,RECOVERY,1.1000000000000014,0,0,0,0,0,-1.157952635609774,0.30569993144081326,-0.13972122546872157,-0.24811531974051063,0.020972855873184967,0.17355502152247432,-1.1282068508925214,-0.95038397451998091,-0.088380447223388878,1.4542929040247119,0.47111558238236506,0.23683427470039664,0.89225474124085125,0.23233665270500839,-0.14866262716049383,0.0055999999999999999,-0.034799999999999998,0.28192525432098764,-0.10547176691358025,-0.0077999999999999996,-0.14866262716049383,-0.0055999999999999999,0.034799999999999998,0.28192525432098764,-0.10547176691358025,0.0077999999999999996,0,0,0,0,0,0.74117104700154013,-0.095278034285864538,0.051674409617467873,0.54946390896305486,0.0011508986834522505,-0.2721375391875735,0.5105006953190534,0.69926622750834944,-0.02361774088161725,-0.58747219445911547,0.11824711216520123,-0.15342688909536356,-0.33974040476231759,-0.24842923713829929,0.0076483950617283946,0,0,-0.015296790123456789,-0.0065010266708638575,0,0.0076483950617283946,0,0,-0.015296790123456789,-0.0065010266708638575,0,0,0,0,0,0,1.138183246721636,-0.10912453559882596,0.10459014532992043,0.49677848227371485,-0.015730530945691396,-0.01739795701081779,0.79772106797659459,0.96826380339948281,-0.084135406794513812,-0.93608215543161677,-0.031008507918456329,-0.21558908592199388,-0.59528982336770619,-0.26420109761379762,0.012167901234567902,0,0,-0.024335802469135803,-0.010341540740733957,0,0.012167901234567902,0,0,-0.024335802469135803,-0.010341540740733957,0
253,FRAME,NONE,248,248,2.48,RECOVERY,1.1000000000000014,0,0,0,0,0,-1.1504949747917794,0.30473701464813197,-0.13919865608579379,-0.24257543028799675,0.020984777191587738,0.17082299199624576,-1.1230658597898286,-0.94334289792372683,-0.08862083278065512,1.4483713798197979,0.47229650085839231,0.23528923336513499,0.88882756935767493,0.22983914261580943,-0.14858553611600001,0.0055999999999999999,-0.034799999999999998,0.28177107223199999,-0.10553729430139999,-0.0077999999999999996,-0.14858553611600001,-0.0055999999999999999,0.034799999999999998,0.28177107223199999,-0.10553729430139999,0.0077999999999999996,0,0,0,0,0,0.75027855509203834,-0.096929917682144012,0.052463628847137983,0.5585278896539918,0.00087690164678189478,-0.2742620470849369,0.51813733302008702,0.70888499562595242,-0.024461753643322676,-0.5968048242563917,0.11791390329687068,-0.15557104372077302,-0.34570114517687434,-0.25101622241507499,0.0077696820000000008,0,0,-0.015539364000000002,-0.0066041147338269379,0,0.0077696820000000008,0,0,-0.015539364000000002,-0.0066041147338269379,0,0,0,0,0,0,1.1307841317679075,-0.10841513754232354,0.10391022449067748,0.4935490189096482,-0.015628269726256298,-0.017284856168529122,0.79253523353388,0.95531300163792521,-0.084625937867843781,-0.93028497463287785,-0.035525626127103083,-0.21312222877149789,-0.59677132833224622,-0.2531144088777082,0.012088800000000002,0,0,-0.024177600000000004,-0.010274321481512638,0,0.012088800000000002,0,0,-0.024177600000000004,-0.010274321481512638,0
254,FRAME,NONE,249,249,2.4900000000000002,RECOVERY,1.1000000000000014,0,0,0,0,0,-1.1429471753511888,0.3037576012704486,-0.1386681935725996,-0.23694495641016486,0.020993942295248418,0.16807015978809023,-1.1178488821573751,-0.93620627460746186,-0.088869682296255331,1.4423568075395841,0.47347386044830247,0.23372285382598118,0.88534071833731376,0.22731632825670689,-0.14850723622558024,0.0055999999999999999,-0.034799999999999998,0.2816144724511605,-0.10560384920825679,-0.0077999999999999996,-0.14850723622558024,-0.0055999999999999999,0.034799999999999998,0.2816144724511605,-0.10560384920825679,0.0077999999999999996,0,0,0,0,0,0.75919810919623587,-0.098574393154866713,0.053248674933554729,0.56758033303940458,0.00059624990807522621,-0.27629794139669128,0.52570077582194596,0.71837248754110794,-0.025310259638974125,-0.60607789395177303,0.11753659964265917,-0.15768933367079352,-0.35167583132896252,-0.25349152531585345,0.0078901574320987648,0,0,-0.01578031486419753,-0.0067065131004941103,0,0.0078901574320987648,0,0,-0.01578031486419753,-0.0067065131004941103,0,0,0,0,0,0,1.1230025428984782,-0.10766906939025458,0.1031951572876629,0.49015261862053155,-0.015520722435545612,-0.017165908934842333,0.78708133373228328,0.94201030483381798,-0.08503132099740851,-0.92416748274870564,-0.039819332041252098,-0.21040350290185694,-0.59807852484078383,-0.24187764451157057,0.012005609876543208,0,0,-0.024011219753086416,-0.010203626666684118,0,0.012005609876543208,0,0,-0.024011219753086416,-0.010203626666684118,0
255,FRAME,NONE,250,250,2.5,RECOVERY,1.1000000000000014,0,0,0,0,0,-1.1353111293044493,0.3027617718757083,-0.13812988022461287,-0.23122403252149942,0.02100028564693825,0.16529741600457776,-1.1125566606748241,-0.92897544817290467,-0.089127037973434603,1.4362498219407625,0.47464723285124549,0.23213544669171912,0.88179405273109568,0.22476931210949236,-0.14842773580775309,0.0055999999999999999,-0.034799999999999998,0.28145547161550616,-0.10567142456340987,-0.0077999999999999996,-0.14842773580775309,-0.0055999999999999999,0.034799999999999998,0.28145547161550616,-0.10567142456340987,0.0077999999999999996,0,0,0,0,0,0.76792729321442832,-0.10021042112643797,0.054029641953587101,0.57661740950358931,0.00030935075130342389,-0.27824423611316684,0.53318857551176591,0.72772520172262878,-0.026162380063270846,-0.61528817391136581,0.11711751665604564,-0.15977911377881016,-0.35766271567369001,-0.2558537753053064,0.0080097807654320972,0,0,-0.016019561530864194,-0.0068081872671606203,0,0.0080097807654320972,0,0,-0.016019561530864194,-0.0068081872671606203,0,0,0,0,0,0,1.114844023213577,-0.10688686259327959,0.1024454530884677,0.48659170078209085,-0.015407965683287988,-0.017041200040067556,0.78136325357700653,0.92847162372261538,-0.085332225679621287,-0.91792193518402954,-0.043886375654111909,-0.207742193088431,-0.59917058552766411,-0.23033156005075606,0.011918390123456793,0,0,-0.023836780246913585,-0.010129506666650689,0,0.011918390123456793,0,0,-0.023836780246913585,-0.010129506666650689,0
256,FRAME,NONE,251,251,2.5099999999999998,RECOVERY,1.1000000000000014,0,0,0,0,0,-1.1275887516385346,0.30174961743742257,-0.13758375729144412,-0.22541283172183502,0.021003745896945307,0.1625056612447297,-1.107189962183136,-0.92165177057300929,-0.089392929897520748,1.4300510440613567,0.47581621078142339,0.23052727155040498,0.87818746402383996,0.22219925275060076,-0.148347043584,0.0055999999999999999,-0.034799999999999998,0.28129408716799997,-0.1057400129536,-0.0077999999999999996,-0.148347043584,-0.0055999999999999999,0.034799999999999998,0.28129408716799997,-0.1057400129536,0.0077999999999999996,0,0,0,0,0,0.77646392725574598,-0.1018369510482045,0.054806637593178907,0.58563521233440685,1.6625714729701785e-05,-0.28010001925083033,0.54059835967259184,0.73694192001556025,-0.027016904152566551,-0.62443633265545362,0.11665887212957693,-0.16184417753256214,-0.3636592430395158,-0.25809815651686857,0.0081285120000000009,0,0,-0.016257024000000002,-0.0069091032338271241,0,0.0081285120000000009,0,0,-0.016257024000000002,-0.0069091032338271241,0,0,0,0,0,0,1.1063141158134298,-0.1060690486020588,0.10166162126068264,0.48286868477005074,-0.015290076079212032,-0.016910814214514885,0.77538487807324985,0.91469556823015052,-0.085524025408081905,-0.91153523505582701,-0.047711147956736033,-0.20510019831269932,-0.6000479456744201,-0.2185099653333189,0.011827199999999998,0,0,-0.023654399999999996,-0.010052011851849341,0,0.011827199999999998,0,0,-0.023654399999999996,-0.010052011851849341,0
257,FRAME,NONE,252,252,2.52,RECOVERY,1.1000000000000014,0,0,0,0,0,-1.1197819779561595,0.30072123941163431,-0.13702986481931942,-0.21951156655599888,0.021004266045546154,0.15969580485662829,-1.101749576958323,-0.91423660977259347,-0.089667376056485934,1.4237610952876534,0.47698041029383703,0.22889856314106788,0.87452086787030536,0.21960734897915499,-0.14826516867283951,0.0055999999999999999,-0.034799999999999998,0.28113033734567899,-0.10580960662808642,-0.0077999999999999996,-0.14826516867283951,-0.0055999999999999999,0.034799999999999998,0.28113033734567899,-0.10580960662808642,0.0077999999999999996,0,0,0,0,0,0.78480606541406417,-0.10345292271085731,0.055579782038589889,0.59462976023552461,-0.00028149043456355584,-0.28186445355739503,0.54792783162433323,0.74601911308723179,-0.027872860571432484,-0.63351887861248235,0.11616329369691092,-0.16388111774506414,-0.36966367458717841,-0.26022397461197277,0.0082463117283950622,0,0,-0.016492623456790124,-0.0070092275041976071,0,0.0082463117283950622,0,0,-0.016492623456790124,-0.0070092275041976071,0,0,0,0,0,0,1.0974183637982662,-0.1052161588672528,0.10084417117189877,0.47898598996013736,-0.015167130233046408,-0.016774836188494471,0.76915009222621566,0.90055950893064285,-0.085618041078885931,-0.90478127309223666,-0.051264362154607168,-0.20208073645715252,-0.60075432857076283,-0.20664542069261105,0.011732098765432105,0,0,-0.023464197530864209,-0.0099711925926129763,0,0.011732098765432105,0,0,-0.023464197530864209,-0.0099711925926129763,0
258,FRAME,NONE,253,253,2.5299999999999998,RECOVERY,1.1000000000000014,0,0,0,0,0,-1.1118927621444186,0.29967674979622433,-0.13646824149987336,-0.21352048974764326,0.021001793599503701,0.15686876418780074,-1.0962363179913577,-0.90673138831126465,-0.089950387108949398,1.4173806664891071,0.47813947665536161,0.22724964919550369,0.87079419053209639,0.21699477325836131,-0.14818212058390123,0.0055999999999999999,-0.034799999999999998,0.28096424116780244,-0.10588019750368395,-0.0077999999999999996,-0.14818212058390123,-0.0055999999999999999,0.034799999999999998,0.28096424116780244,-0.10588019750368395,0.0077999999999999996,0,0,0,0,0,0.79295199320549647,-0.10505726760204201,0.056349206811218952,0.6035970000144395,-0.00058455077081444491,-0.28353677707552472,0.55517477028376971,0.7549531101941731,-0.02872926497414427,-0.64253195811729835,0.11563358488648479,-0.16588579226170519,-0.37567432961093106,-0.26223106493072079,0.008363141135802471,0,0,-0.016726282271604942,-0.0071085270856793836,0,0.008363141135802471,0,0,-0.016726282271604942,-0.0071085270856793836,0,0,0,0,0,0,1.0881623102683109,-0.1043287248395217,0.099993612189706774,0.47494603572807514,-0.015039204754519709,-0.01663335069231639,0.76266278104110363,0.88616911985750502,-0.0855954528934319,-0.89783657839737074,-0.054542210395913671,-0.19896637310015675,-0.60125307449282461,-0.19459445679333165,0.011633145679012347,0,0,-0.023266291358024695,-0.0098870992592398066,0,0.011633145679012347,0,0,-0.023266291358024695,-0.0098870992592398066,0
259,FRAME,NONE,254,254,2.54,RECOVERY,1.1000000000000014,0,0,0,0,0,-1.1039230740700705,0.29861627117147321,-0.13589892452498648,-0.20743989490564241,0.020996280722869104,0.1540254638307767,-1.0906510202757906,-0.89913754756871,-0.090241961355968819,1.4109104561253074,0.47929308199156673,0.22558084729583378,0.86700738127808674,0.21436272768054057,-0.148097909212,0.0055999999999999999,-0.034799999999999998,0.28079581842399998,-0.1059517771698,-0.0077999999999999996,-0.148097909212,-0.0055999999999999999,0.034799999999999998,0.28079581842399998,-0.1059517771698,0.0077999999999999996,0,0,0,0,0,0.80090022467176991,-0.10664891030707645,0.057115053549766204,0.61253280943756128,-0.0008920973214118777,-0.28511630355912643,0.56233702994212342,0.76374249548438189,-0.029584769629301122,-0.65147561018042976,0.11507244948899265,-0.16786044520706728,-0.38168873607703491,-0.26411586374783941,0.0084789619999999996,0,0,-0.016957923999999999,-0.0072069694893824032,0,0.0084789619999999996,0,0,-0.016957923999999999,-0.0072069694893824032,0,0,0,0,0,0,1.0785514983237936,-0.10340727796952609,0.099110453681697699,0.47075124144959019,-0.014906376253360595,-0.016486442456290794,0.75592682952311618,0.8716084490764664,-0.085438817145448709,-0.89084148066076452,-0.057539296471204038,-0.19597655325186147,-0.60151472202868428,-0.18224939507004156,0.011530399999999998,0,0,-0.023060799999999996,-0.0097997822221668196,0,0.011530399999999998,0,0,-0.023060799999999996,-0.0097997822221668196,0
260,FRAME,NONE,255,255,2.5499999999999998,RECOVERY,1.1000000000000014,0,0,0,0,0,-1.095874897304812,0.29753993672070239,-0.13532194944723352,-0.20127011720134239,0.020987684382550775,0.15116683486537286,-1.0849945401047949,-0.89145653840157701,-0.09054208250153542,1.4043511542854985,0.48044092564514146,0.22389244029136235,0.86316041581055569,0.21171245598340452,-0.14801254483120987,0.0055999999999999999,-0.034799999999999998,0.28062508966241972,-0.1060243368934716,-0.0077999999999999996,-0.14801254483120987,-0.0055999999999999999,0.034799999999999998,0.28062508966241972,-0.1060243368934716,0.0077999999999999996,0,0,0,0,0,0.80864949915485163,-0.10822676994848061,0.057877472743924976,0.62143300024334591,-0.0012036622172609691,-0.28660242273688907,0.56941253995905561,0.77238527917570243,-0.030438041317053244,-0.66034878773051364,0.11448279895706071,-0.16980532332674242,-0.38770462405150474,-0.26587605283212162,0.0085937366913580258,0,0,-0.017187473382716052,-0.00730452273012272,0,0.0085937366913580258,0,0,-0.017187473382716052,-0.00730452273012272,0,0,0,0,0,0,1.0685914710649416,-0.10245234970792631,0.098195205015462431,0.46640402650040769,-0.014768721339297693,-0.016334196210727785,0.74894612267745431,0.85682514527868348,-0.085149710265519651,-0.88369581566827282,-0.060235538572178671,-0.19292697687800509,-0.60155834856023827,-0.16972632928366482,0.011423920987654322,0,0,-0.022847841975308644,-0.0097092918518656979,0,0.011423920987654322,0,0,-0.022847841975308644,-0.0097092918518656979,0
261,FRAME,NONE,256,256,2.5600000000000001,RECOVERY,1.1000000000000014,0,0,0,0,0,-1.0877502268835868,0.29644789022977303,-0.13473735004523729,-0.19501153401532267,0.020975966489277721,0.14829381409928752,-1.0792677543795415,-0.88368984198519596,-0.090850722182309884,1.3977034803706971,0.48158273797070794,0.22218474082929893,0.85925328879705665,0.20904520662389814,-0.14792603808893826,0.0055999999999999999,-0.034799999999999998,0.28045207617787654,-0.10609786762440246,-0.0077999999999999996,-0.14792603808893826,-0.0055999999999999999,0.034799999999999998,0.28045207617787654,-0.10609786762440246,0.0077999999999999996,0,0,0,0,0,0.81619877774957617,-0.10978976165986784,0.058636622424110343,0.63029332130417126,-0.0015187688782503355,-0.28799460041870228,0.57639930437237297,0.78087899838995556,-0.031287763834611515,-0.66914952649379522,0.11386773871754907,-0.17171898474462738,-0.39371990304823967,-0.2675103903335127,0.008707428172839508,0,0,-0.017414856345679016,-0.0074011553264197172,0,0.008707428172839508,0,0,-0.017414856345679016,-0.0074011553264197172,0,0,0,0,0,0,1.0582877715919816,-0.10146447150538271,0.097248375558591796,0.4619068102562528,-0.014626316622059625,-0.016176696685937481,0.74172454550931866,0.84174586125834727,-0.084735954797195145,-0.87626020519704362,-0.062609018840337205,-0.18957352234984237,-0.60140976417405456,-0.15717360578419715,0.011313767901234567,0,0,-0.022627535802469134,-0.0096156785185652627,0,0.011313767901234567,0,0,-0.022627535802469134,-0.0096156785185652627,0
262,FRAME,NONE,257,257,2.5699999999999998,RECOVERY,1.1000000000000014,0,0,0,0,0,-1.0795510670990396,0.29534028606403001,-0.13414515819299225,-0.18866456555217612,0.020961094034865811,0.14540734330858218,-1.0734715599310098,-0.8758389584337779,-0.091167837778227651,1.3909681637556226,0.48271828041949244,0.2204580605964698,0.8552860177495909,0.20636224817673426,-0.14783840000000001,0.0055999999999999999,-0.034799999999999998,0.28027679999999999,-0.10617235999999999,-0.0077999999999999996,-0.14783840000000001,-0.0055999999999999999,0.034799999999999998,0.28027679999999999,-0.10617235999999999,0.0077999999999999996,0,0,0,0,0,0.82354723944200747,-0.11133679808955185,0.059392666812160377,0.63910946192760087,-0.0018369332302039347,-0.28929237844144484,0.58329540142313796,0.78922019640086938,-0.032132760412997147,-0.67787399183445451,0.11323061858025396,-0.17359679377373927,-0.39973281933498583,-0.26901952494780557,0.0088199999999999997,0,0,-0.017639999999999999,-0.0074968363004940253,0,0.0088199999999999997,0,0,-0.017639999999999999,-0.0074968363004940253,0,0,0,0,0,0,1.0476459430051421,-0.10044417481255571,0.096270474678676762,0.45726201209285117,-0.014479238711375035,-0.016014028612230009,0.734265983023911,0.82645193769853575,-0.084179132733598616,-0.86867327301398678,-0.064655043540418067,-0.18613182860449662,-0.60104123800391873,-0.14448665826963247,0.0112,0,0,-0.0224,-0.0095189925925984187,0,0.0112,0,0,-0.0224,-0.0095189925925984187,0
263,FRAME,NONE,258,258,2.5800000000000001,RECOVERY,1.1000000000000014,0,0,0,0,0,-1.0712794293350654,0.2942172891211578,-0.13354540373184007,-0.18222967542207416,0.020943039226941639,0.14250836847972626,-1.0676068728576167,-0.86790543805717857,-0.091493377390569827,1.384146000534008,0.48384735034231302,0.21871280495382414,0.85125863241035693,0.20366481612494203,-0.14774964194069135,0.0055999999999999999,-0.034799999999999998,0.28009928388138272,-0.10624780435041234,-0.0077999999999999996,-0.14774964194069135,-0.0055999999999999999,0.034799999999999998,0.28009928388138272,-0.10624780435041234,0.0077999999999999996,0,0,0,0,0,0.83069427694253317,-0.11286679092903834,0.060145774938254119,0.64787705528733985,-0.002157664949457027,-0.29049537445147422,0.59009898299638663,0.79740803714392627,-0.032971346489283487,-0.68652299195407496,0.11257463784674071,-0.17544162131671731,-0.40574072780831805,-0.27040012349890535,0.0089314163209876559,0,0,-0.017862832641975312,-0.0075915351782716856,0,0.0089314163209876559,0,0,-0.017862832641975312,-0.0075915351782716856,0,0,0,0,0,0,1.0366715284046497,-0.099391991080105629,0.095262011743308117,0.45247205138592772,-0.014327564216972538,-0.01584627671991547,0.72657432022643187,0.81096430483040827,-0.083472380572012506,-0.86096497776244618,-0.066363117032092189,-0.18264024369982201,-0.60044588000046639,-0.13165848624679954,0.011082676543209873,0,0,-0.022165353086419745,-0.0094192844444368484,0,0.011082676543209873,0,0,-0.022165353086419745,-0.0094192844444368484,0
264,FRAME,NONE,259,259,2.5899999999999999,RECOVERY,1.1000000000000014,0,0,0,0,0,-1.062937329942264,0.29307907475813849,-0.13293811434341801,-0.17570737118796695,0.020921779622691032,0.13959783905492135,-1.0616746278813654,-0.85989079769089938,-0.09182726470801332,1.3772377039165411,0.48496977317642725,0.21694922817013546,0.84717120319342454,0.20095424570675616,-0.1476597756428642,0.0055999999999999999,-0.034799999999999998,0.27991955128572837,-0.10632419070356543,-0.0077999999999999996,-0.1476597756428642,-0.0055999999999999999,0.034799999999999998,0.27991955128572837,-0.10632419070356543,0.0077999999999999996,0,0,0,0,0,0.8376394922237127,-0.11437865246134647,0.060896119229696094,0.65659168197410511,-0.002480468731010859,-0.29160328152206294,0.59680827397816016,0.80543948249747754,-0.033802208024437397,-0.69509329138970344,0.11190335623961212,-0.17724959864773571,-0.41174173693499516,-0.27165269467274156,0.0090416418765432108,0,0,-0.018083283753086422,-0.0076852219893827622,0,0.0090416418765432108,0,0,-0.018083283753086422,-0.0076852219893827622,0,0,0,0,0,0,1.0253700708907332,-0.098308451758692988,0.094223496120076897,0.4475393475112085,-0.014171369748580791,-0.015673525739304008,0.71865344212208349,0.79524567594441153,-0.082616894946929698,-0.85306315025290846,-0.067717401794897825,-0.17896563790323339,-0.59963704891669023,-0.11877748148134137,0.010961856790123459,0,0,-0.021923713580246917,-0.0093166044444481511,0,0.010961856790123459,0,0,-0.021923713580246917,-0.0093166044444481511,0
265,FRAME,NONE,260,260,2.6000000000000001,RECOVERY,1.1000000000000014,0,0,0,0,0,-1.0545267881579881,0.29192582869024575,-0.13232331542133433,-0.16909820487731567,0.020897298263599172,0.13667670718232999,-1.0556757777256238,-0.85179664840722902,-0.092169421551058575,1.370244134706214,0.48608541746710526,0.21516781298086943,0.84302379767165703,0.1982317622314872,-0.147568813188,0.0055999999999999999,-0.034799999999999998,0.27973762637599997,-0.10640150879019999,-0.0077999999999999996,-0.147568813188,-0.0055999999999999999,0.034799999999999998,0.27973762637599997,-0.10640150879019999,0.0077999999999999996,0,0,0,0,0,0.84438269177389014,-0.11587129712391689,0.061643874077499786,0.66524887365666441,-0.0028048455759686185,-0.29261586760499464,0.60342157153016807,0.8133129506628145,-0.034623684388222081,-0.70358425495913313,0.11122028981084275,-0.17902093407478198,-0.41773346878665185,-0.27277567312853218,0.0091506420000000005,0,0,-0.018301284000000001,-0.0077778672671606486,0,0.0091506420000000005,0,0,-0.018301284000000001,-0.0077778672671606486,0,0,0,0,0,0,1.0137471135636185,-0.097194088298978007,0.093155437176573846,0.44246631984441809,-0.014010731915928398,-0.015495860400705707,0.71050723371606572,0.77937651140114195,-0.081593694570836206,-0.84510749781552263,-0.068715447268802299,-0.17532489648752758,-0.59858751163432977,-0.10573978991047783,0.010837599999999996,0,0,-0.021675199999999992,-0.0092110029629652312,0,0.010837599999999996,0,0,-0.021675199999999992,-0.0092110029629652312,0
266,FRAME,NONE,261,261,2.6099999999999999,RECOVERY,1.1000000000000014,0,0,0,0,0,-1.0460498240734626,0.29075774685958539,-0.13170102993873004,-0.16240277345749735,0.020869583813736933,0.13374592697300222,-1.0496112925181769,-0.84362453867764309,-0.092519738395777762,1.3631660188173584,0.48719417897264411,0.21336880948863982,0.8388165338176915,0.19549873224418551,-0.14747676700128395,0.0055999999999999999,-0.034799999999999998,0.27955353400256788,-0.10647974804890864,-0.0077999999999999996,-0.14747676700128395,-0.0055999999999999999,0.034799999999999998,0.27955353400256788,-0.10647974804890864,0.0077999999999999996,0,0,0,0,0,0.85092388157857213,-0.11734364308055911,0.062389214387076203,0.67384411684310175,-0.0031302940937673884,-0.29353297481635493,0.60993724428404994,0.82102701272550038,-0.035434081915854121,-0.71199544134601389,0.11052904729423607,-0.18075609657748626,-0.42371348716768176,-0.27376749047095111,0.0092583826172839521,0,0,-0.018516765234567904,-0.0078694420486420669,0,0.0092583826172839521,0,0,-0.018516765234567904,-0.0078694420486420669,0,0,0,0,0,0,1.0018081995235337,-0.096049432151621109,0.092058344280389892,0.43725538776128214,-0.013845727328743998,-0.0153133654344307,0.70213958001358034,0.76329232346017406,-0.08041107108738843,-0.83697653010528228,-0.069339367341492153,-0.17150875628792195,-0.59731959754727448,-0.09267494631780282,0.010709965432098758,0,0,-0.021419930864197516,-0.0091025303703556881,0,0.010709965432098758,0,0,-0.021419930864197516,-0.0091025303703556881,0
267,FRAME,NONE,262,262,2.6200000000000001,RECOVERY,1.1000000000000014,0,0,0,0,0,-1.0375084566503467,0.28957503527018313,-0.13107127830806578,-0.1556217192740374,0.020838630704851081,0.13080645376620081,-1.0434821592238355,-0.83537610815271901,-0.092878103189375658,1.3560042258792937,0.48829599841298998,0.2115526910493197,0.83454952792830339,0.19275641242206817,-0.147383649845679,0.0055999999999999999,-0.034799999999999998,0.27936729969135804,-0.10655889763117284,-0.0077999999999999996,-0.147383649845679,-0.0055999999999999999,0.034799999999999998,0.27936729969135804,-0.10655889763117284,0.0077999999999999996,0,0,0,0,0,0.85726326184245727,-0.11879461379657719,0.063132314119663094,0.68237285673236203,-0.0034563118144746354,-0.29435451855744366,0.61635373145796069,0.82857879713201799,-0.03623190580996985,-0.72032378556123877,0.10983350246401291,-0.18245110920054042,-0.42967986073759734,-0.27462917205488824,0.0093648302469135809,0,0,-0.018729660493827162,-0.0079599178745677623,0,0.0093648302469135809,0,0,-0.018729660493827162,-0.0079599178745677623,0,0,0,0,0,0,0.98955887187070846,-0.094875014767282884,0.090932726799116126,0.43190897063752681,-0.013676432596756253,-0.015126125570789134,0.69355436601982978,0.74703070857995435,-0.07905687791288224,-0.82873511477288275,-0.069583521565413919,-0.16761040653935633,-0.59582143082992367,-0.079547594153545065,0.010579012345679021,0,0,-0.021158024691358041,-0.0089912370370218153,0,0.010579012345679021,0,0,-0.021158024691358041,-0.0089912370370218153,0
268,FRAME,NONE,263,263,2.6299999999999999,RECOVERY,1.1000000000000014,0,0,0,0,0,-1.0289047017887742,0.28837790978594047,-0.13043407822844996,-0.14875573045103216,0.020804439292414767,0.12785924340485783,-1.0372893811117612,-0.82705296273500273,-0.093244376511977159,1.3487595431061337,0.48939084902192437,0.20971978730462901,0.83022293660293955,0.19000614880308775,-0.14728947481599999,0.0055999999999999999,-0.034799999999999998,0.27917894963199996,-0.1066389464064,-0.0077999999999999996,-0.14728947481599999,-0.0055999999999999999,0.034799999999999998,0.27917894963199996,-0.1066389464064,0.0077999999999999996,0,0,0,0,0,0.86340122146566756,-0.12022313961084469,0.063873344831471016,0.69083050114630162,-0.0037823965062060809,-0.29508048647264529,0.62266954189905699,0.83596762689709947,-0.037015219474111766,-0.72857014364147155,0.10913737686292779,-0.18410830470827338,-0.43562991578428023,-0.27535844235402201,0.0094699520000000002,0,0,-0.018939904,-0.0080492667893825032,0,0.0094699520000000002,0,0,-0.018939904,-0.0080492667893825032,0,0,0,0,0,0,0.97700467370536626,-0.093671367596623326,0.089779094100343071,0.4264294878488758,-0.013502924329693739,-0.014934225540091063,0.68475547674001258,0.73062236638860023,-0.07752196337709738,-0.82043500910122802,-0.069442667190722229,-0.16370458841750979,-0.59408266029070678,-0.066332284852504975,0.010444799999999992,0,0,-0.020889599999999984,-0.0088771733333312119,0,0.010444799999999992,0,0,-0.020889599999999984,-0.0088771733333312119,0
269,FRAME,NONE,264,264,2.6400000000000001,RECOVERY,1.1000000000000014,0,0,0,0,0,-1.020240570448778,0.28716659588687993,-0.12978944451451824,-0.14180554125324041,0.020767016027948726,0.12490525152290584,-1.0310339772637738,-0.81865675561477702,-0.093618407578857893,1.3414328230064643,0.49047874595024854,0.20787052495515423,0.82583692961261779,0.18724924357498773,-0.14719425533298766,0.0055999999999999999,-0.034799999999999998,0.2789885106659753,-0.10671988296696049,-0.0077999999999999996,-0.14719425533298766,-0.0055999999999999999,0.034799999999999998,0.2789885106659753,-0.10671988296696049,0.0077999999999999996,0,0,0,0,0,0.86933833228856772,-0.12162815929805175,0.064612474217897009,0.69921242453229382,-0.0041080474924256108,-0.29571093724687686,0.62888325305649695,0.84319124445978999,-0.037782345077511797,-0.73673248574326333,0.10844464912019847,-0.18572520096889061,-0.44156151394341148,-0.27595581775193834,0.009573715580246913,0,0,-0.019147431160493826,-0.0081374613412343866,0,0.009573715580246913,0,0,-0.019147431160493826,-0.0081374613412343866,0,0,0,0,0,0,0.96415114812773839,-0.092439022090303205,0.088597955551661958,0.42081935877105608,-0.013325279137285139,-0.014737750072646666,0.6757467971793325,0.71398616963147532,-0.075820129805080627,-0.81192489474135598,-0.068899986045145578,-0.15953780902300263,-0.5921305192999049,-0.053182907209237129,0.010307387654320987,0,0,-0.020614775308641975,-0.0087603896296514772,0,0.010307387654320987,0,0,-0.020614775308641975,-0.0087603896296514772,0
270,FRAME,NONE,265,265,2.6499999999999999,RECOVERY,1.1000000000000014,0,0,0,0,0,-1.0115179586549832,0.28594049722232207,-0.12913648279118276,-0.13477196951866752,0.020727206384575574,0.12194545127917206,-1.0247179794536483,-0.81018913784580693,-0.094000023413527395,1.3340248933912684,0.49155974200432834,0.2060052832852512,0.82139170632407132,0.18448703244804898,-0.14709800513738272,0.0055999999999999999,-0.034799999999999998,0.27879601027476542,-0.10680169563322468,-0.0077999999999999996,-0.14709800513738272,-0.0055999999999999999,0.034799999999999998,0.27879601027476542,-0.10680169563322468,0.0077999999999999996,0,0,0,0,0,0.8750752688335226,-0.12300834290433575,0.065350055668000728,0.7075139644899755,-0.0044327166101351002,-0.29624600161736586,0.63499387377079519,0.85024735028972898,-0.038531622070213378,-0.74480864153629867,0.10775937714202488,-0.18729906088873344,-0.44747252617027833,-0.27642210049820676,0.0096760892839506171,0,0,-0.019352178567901234,-0.0082244745819755327,0,0.0096760892839506171,0,0,-0.019352178567901234,-0.0082244745819755327,0,0,0,0,0,0,0.9510038382380509,-0.09117850969898271,0.087389820520663547,0.41508100277979226,-0.013143573629259062,-0.014536783898766033,0.66653221234298954,0.69716178934031703,-0.073940741262823462,-0.80327405140745434,-0.067952785259423054,-0.15521451758163107,-0.58995184776533538,-0.040057969865267551,0.010166834567901238,0,0,-0.020333669135802476,-0.0086409362963155156,0,0.010166834567901238,0,0,-0.020333669135802476,-0.0086409362963155156,0
271,FRAME,NONE,266,266,2.6600000000000001,RECOVERY,1.1000000000000014,0,0,0,0,0,-1.0027548880829378,0.28482336105311939,-0.12861057389012764,-0.1276502969933975,0.020560803367433815,0.11897804046626237,-1.0181942838937792,-0.80165180860898244,-0.09438904002026216,1.3265366501757383,0.49263393349308904,0.20412454373737957,0.81688747908921222,0.1817208015650236,-0.14700073828400001,0.0055999999999999999,-0.034799999999999998,0.27860147656799999,-0.1068843724586,-0.0077999999999999996,-0.14700073828400001,-0.0055999999999999999,0.034799999999999998,0.27860147656799999,-0.1068843724586,0.0077999999999999996,0,0,0,0,0,0.88062413960123576,-0.12440492229375763,0.066057647905763711,0.7157315871773875,-0.0047638575928684122,-0.29668558926310967,0.64094512693242656,0.85713448024659633,-0.039261159902768267,-0.75279796677141242,0.10708559341501001,-0.18882949132052324,-0.45336055089871818,-0.27675697714924369,0.0097770420000000014,0,0,-0.019554084000000003,-0.0083102800671606969,0,0.0097770420000000014,0,0,-0.019554084000000003,-0.0083102800671606969,0,0,0,0,0,0,0.93756828713653051,-0.089890361873322194,0.086155198374938652,0.40921683925080948,-0.01295788441534413,-0.014331411748759272,0.65711560723618434,0.68026112589020249,-0.071854239756218019,-0.79468772901158946,-0.066607242538985201,-0.15105306052240475,-0.5875102054517245,-0.026800507567509291,0.010023200000000001,0,0,-0.020046400000000002,-0.0085188637036909265,0,0.010023200000000001,0,0,-0.020046400000000002,-0.0085188637036909265,0
272,FRAME,NONE,267,267,2.6699999999999999,RECOVERY,1.1000000000000014,0,0,0,0,0,-0.99392109301808751,0.28356731474710462,-0.12794045629285705,-0.12045251137686201,0.020516933076941926,0.11600949986131998,-1.0117616417071327,-0.793046448240875,-0.09478524661158276,1.3189689340558401,0.49370145387262854,0.20222869345884073,0.81232449530609696,0.17895189290506411,-0.14690246913580246,0.0055999999999999999,-0.034799999999999998,0.27840493827160495,-0.1069679012345679,-0.0077999999999999996,-0.14690246913580246,-0.0055999999999999999,0.034799999999999998,0.27840493827160495,-0.1069679012345679,0.0077999999999999996,0,0,0,0,0,0.88596369044387902,-0.12573276616212903,0.066792649652882979,0.72385831309181836,-0.0050854620311215366,-0.29703060352915295,0.64684538527662538,0.86385257280753303,-0.039968706865337739,-0.76070239611653045,0.10642723229124518,-0.19032012209918153,-0.45922273027931282,-0.27695811064955694,0.009876543209876543,0,0,-0.019753086419753086,-0.0083948518560493512,0,0.009876543209876543,0,0,-0.019753086419753086,-0.0083948518560493512,0,0,0,0,0,0,0.92385003792340559,-0.088575110063982096,0.084894598482078254,0.40322928755983339,-0.012768288105268987,-0.014121718352936513,0.6475008668641189,0.66319473792347816,-0.069579906851816031,-0.7859985371538869,-0.064849199577915462,-0.14678010516924744,-0.58483484894428228,-0.013575020320552578,0.0098765432098765395,0,0,-0.019753086419753079,-0.0083942222221800034,0,0.0098765432098765395,0,0,-0.019753086419753079,-0.0083942222221800034,0
273,FRAME,NONE,268,268,2.6800000000000002,RECOVERY,1.1000000000000014,0,0,0,0,0,-0.98503488497314629,0.28229808564753989,-0.12726291588546135,-0.11317393017329457,0.020469923310843224,0.11303798366530876,-1.0052705798452666,-0.78437475715283178,-0.095188414157568915,1.3113226022534077,0.49476247813891394,0.20031814129539594,0.80770302448362596,0.17618163935203246,-0.1468032123579753,0.0055999999999999999,-0.034799999999999998,0.27820642471595058,-0.10705226949572098,-0.0077999999999999996,-0.1468032123579753,-0.0055999999999999999,0.034799999999999998,0.27820642471595058,-0.10705226949572098,0.0077999999999999996,0,0,0,0,0,0.89110637898223422,-0.12703293398262927,0.067526368681111087,0.73189056250621876,-0.0054046496321367432,-0.29728101243125271,0.65263855964062933,0.87039837500506589,-0.040652758039804587,-0.76851793751449016,0.1057886094234517,-0.19176509342390818,-0.46505724787760383,-0.27702847755565474,0.0099745629876543222,0,0,-0.019949125975308644,-0.008478164511604297,0,0.0099745629876543222,0,0,-0.019949125975308644,-0.008478164511604297,0,0,0,0,0,0,0.90985463369890363,-0.087233285721622797,0.083608530209673224,0.39712076708258937,-0.012574861308762264,-0.013907788441607874,0.63769187623199419,0.64586580813763561,-0.067139897641510515,-0.77702520862588109,-0.062664332472484041,-0.14210280067782077,-0.58195715078063204,-0.00055607301714666324,0.009726923456790118,0,0,-0.019453846913580236,-0.0082670622222197343,0,0.009726923456790118,0,0,-0.019453846913580236,-0.0082670622222197343,0
274,FRAME,NONE,269,269,2.6899999999999999,RECOVERY,1.1000000000000014,0,0,0,0,0,-0.97609822661566725,0.28101596194786838,-0.12657797090520578,-0.10581552155088834,0.020419795074865538,0.11006443593037742,-0.99872216698887473,-0.77563848074077368,-0.095598301772378852,1.3035985753055503,0.49581722606109757,0.19839339159036257,0.80302335034854488,0.17341132335395101,-0.14670298291199999,0.0055999999999999999,-0.034799999999999998,0.278005965824,-0.10713746452479998,-0.0077999999999999996,-0.14670298291199999,-0.0055999999999999999,0.034799999999999998,0.278005965824,-0.10713746452479998,0.0077999999999999996,0,0,0,0,0,0.89605360034093251,-0.12830443597305263,0.068258927009034631,0.73982360503290701,-0.0057209477949167822,-0.2974372063994129,0.65832354416088168,0.87676988897028574,-0.041311504818167949,-0.77624290028904808,0.1051739456417955,-0.19316217811273795,-0.47086187329492546,-0.27696923210989988,0.010071072000000004,0,0,-0.020142144000000008,-0.0085601931004937459,0,0.010071072000000004,0,0,-0.020142144000000008,-0.0085601931004937459,0,0,0,0,0,0,0.89558761756325278,-0.085865420296904749,0.082297502925314514,0.39089369719480299,-0.012377680635552599,-0.01368970674508348,0.62769252034501177,0.61280955853032504,-0.068905915282628516,-0.73849482370380581,-0.058499024312430592,-0.091420795930302612,-0.58373865355204613,-0.012403924385048781,0.0095743999999999985,0,0,-0.019148799999999997,-0.008137434074143024,0,0.0095743999999999985,0,0,-0.019148799999999997,-0.008137434074143024,0
275,FRAME,NONE,270,270,2.7000000000000002,RECOVERY,1.1000000000000014,0,0,0,0,0,-0.96711306594599633,0.27972124182299818,-0.12588563873212691,-0.098378301015061273,0.020366573813164042,0.10708979649472274,-0.99211748237542907,-0.76683935937342607,-0.096014644253932274,1.2957977442476267,0.49686595705174985,0.19645489773314118,0.79828578701772746,0.17064225470983446,-0.14660179604972839,0.0055999999999999999,-0.034799999999999998,0.27780359209945676,-0.10722347335773086,-0.0077999999999999996,-0.14660179604972839,-0.0055999999999999999,0.034799999999999998,0.27780359209945676,-0.10722347335773086,0.0077999999999999996,0,0,0,0,0,0.9008068944495069,-0.12954630126502881,0.068990433743213148,0.74765270192539957,-0.0060338936519037257,-0.29749963662318529,0.66389929224155753,0.88265456617567239,-0.042030876345457158,-0.78328783398856627,0.10461862893720308,-0.19359350934251424,-0.47673202094864475,-0.27727655604335572,0.010166041506172842,0,0,-0.020332083012345684,-0.0086409131930871574,0,0.010166041506172842,0,0,-0.020332083012345684,-0.0086409131930871574,0,0,0,0,0,0,0.88105453261667921,-0.084472045240488208,0.080962025996592898,0.38455049727219903,-0.012176822695368605,-0.013467557993673428,0.61750668420837196,0.59546861179315957,-0.066116159574344802,-0.72979910948900439,-0.055480164544291499,-0.087439311579479151,-0.58028015710781533,0.00099894868856031938,0.0094190320987654272,0,0,-0.018838064197530854,-0.0080053881481439992,0,0.0094190320987654272,0,0,-0.018838064197530854,-0.0080053881481439992,0
276,FRAME,NONE,271,271,2.71,RECOVERY,1.1000000000000014,0,0,0,0,0,-0.95808133487965352,0.27841423320644587,-0.12518593600487485,-0.090863331471595282,0.020310289323102144,0.10411500038599045,-0.98545761524559017,-0.75798538941726024,-0.096438919299287995,1.287932818625779,0.49790959863984163,0.19452152140351228,0.79348870992957199,0.1678657922330839,-0.14649966730745678,0.0055999999999999999,-0.034799999999999998,0.2775993346149136,-0.10731028278866173,-0.0077999999999999996,-0.14649966730745678,-0.0055999999999999999,0.034799999999999998,0.2775993346149136,-0.10731028278866173,0.0077999999999999996,0,0,0,0,0,0.90536793917180436,-0.13075757947550359,0.06972098375124712,0.75537311032060006,-0.0063430353277326591,-0.29746881287173627,0.66936481488601507,0.88867926120614893,-0.042633828009654845,-0.79083888247882816,0.10406434235090967,-0.19491096434432753,-0.48246747643708177,-0.27694925313612867,0.010259443358024693,0,0,-0.020518886716049387,-0.0087203008634566259,0,0.010259443358024693,0,0,-0.020518886716049387,-0.0087203008634566259,0,0,0,0,0,0,0.86626092195941229,-0.083053692003033711,0.079602608791099427,0.37809358669050364,-0.011972364097938941,-0.013241426917687864,0.60713825282727729,0.60903767037351342,-0.054363535441880051,-0.77980136609479,-0.055169597659582292,-0.17493261951835593,-0.56680860738816952,0.063804133248954176,0.0092608790123456762,0,0,-0.018521758024691352,-0.0078709748147637315,0,0.0092608790123456762,0,0,-0.018521758024691352,-0.0078709748147637315,0
277,FRAME,NONE,272,272,2.7200000000000002,RECOVERY,1.1000000000000014,0,0,0,0,0,-0.94900494789870959,0.27709525354972092,-0.12447887874654998,-0.083271723247471938,0.020250975660073937,0.10114097724712393,-0.97874366430917992,-0.74906577414930309,-0.096867320814125371,1.2799809665980502,0.49894724389876804,0.19255667844625463,0.78863643748898582,0.16510326964711189,-0.1463966125,0.0055999999999999999,-0.034799999999999998,0.27739322500000002,-0.10739787937499999,-0.0077999999999999996,-0.1463966125,-0.0055999999999999999,0.034799999999999998,0.27739322500000002,-0.10739787937499999,0.0077999999999999996,0,0,0,0,0,0.90973854334359217,-0.13193734224962797,0.070450656383961946,0.76298008748044976,-0.0066479331659084085,-0.29734530120159375,0.67471917896827893,0.89483531958314266,-0.043118147054294759,-0.79888386131046207,0.10351523698401144,-0.19709216173288135,-0.48806819309640814,-0.27600047337837663,0.010351249999999999,0,0,-0.020702499999999999,-0.0087983326893824321,0,0.010351249999999999,0,0,-0.020702499999999999,-0.0087983326893824321,0,0,0,0,0,0,0.85121232869167829,-0.081610892035201554,0.078219760676424888,0.37152538482544173,-0.011764381452992219,-0.013011398247436887,0.59659111120692787,0.59090081771712155,-0.051091878130668511,-0.77022779922830686,-0.051337223290759404,-0.16927114855840031,-0.56303821112296815,0.07615043454964332,0.0091000000000000057,0,0,-0.018200000000000011,-0.0077342444444739034,0,0.0091000000000000057,0,0,-0.018200000000000011,-0.0077342444444739034,0
278,FRAME,NONE,273,273,2.73,RECOVERY,1.1000000000000014,0,0,0,0,0,-0.93988580077291661,0.27576462956419862,-0.12376448249984966,-0.075604634069449519,0.02018867103290501,0.098168650785678852,-0.9719767372313266,-0.74008868302559738,-0.09730128224037389,1.2719551413995698,0.49997990337952186,0.19057967816885465,0.78372734606764383,0.16234578276551637,-0.14629264771476544,0.0055999999999999999,-0.034799999999999998,0.27718529542953085,-0.10748624944244937,-0.0077999999999999996,-0.14629264771476544,-0.0055999999999999999,0.034799999999999998,0.27718529542953085,-0.10748624944244937,0.0077999999999999996,0,0,0,0,0,0.9139206397361328,-0.13308468477140512,0.071179514252412146,0.77046889502559079,-0.0069481609189769311,-0.29712972156066481,0.67996150544935219,0.90049727756049136,-0.043655665572268215,-0.8062434384633943,0.10303759788509448,-0.19829638731549554,-0.49372824065954113,-0.2754262444451358,0.010441434469135799,0,0,-0.020882868938271598,-0.008874985752346104,0,0.010441434469135799,0,0,-0.020882868938271598,-0.008874985752346104,0,0,0,0,0,0,0.83591429591370459,-0.080144176787652066,0.076813991020160163,0.36484831105273841,-0.01155295137025707,-0.012777556713230612,0.58586914435252491,0.55726488556701037,-0.051953126760546919,-0.73153566631789513,-0.045532976817030946,-0.1182737225410152,-0.56386296119342871,0.063929545173133095,0.0089364543209876583,0,0,-0.017872908641975317,-0.0075952474074339471,0,0.0089364543209876583,0,0,-0.017872908641975317,-0.0075952474074339471,0
279,FRAME,NONE,274,274,2.7400000000000002,RECOVERY,1.1000000000000014,0,0,0,0,0,-0.93072576935131246,0.27442269694577481,-0.12304276247073355,-0.067863269000523849,0.02012341769036767,0.095198938247665732,-0.96515795013939742,-0.73105582859809326,-0.097740434125570735,1.2638560978287823,0.50100799585646993,0.18859075069994471,0.778761872675795,0.15959474475820917,-0.14618778930582715,0.0055999999999999999,-0.034799999999999998,0.27697557861165434,-0.10757537909004691,-0.0077999999999999996,-0.14618778930582715,-0.0055999999999999999,0.034799999999999998,0.27697557861165434,-0.10757537909004691,0.0077999999999999996,0,0,0,0,0,0.91791627796375563,-0.13419872723846729,0.071907602065214571,0.77783480315358156,-0.0072433068978584349,-0.29682274529751684,0.68509096754344601,0.90598061729448287,-0.044157209589505697,-0.81351457463681998,0.10260457744767082,-0.19945763618370166,-0.49934545232027672,-0.27472188247491397,0.010529970395061731,0,0,-0.021059940790123462,-0.008950237637531111,0,0.010529970395061731,0,0,-0.021059940790123462,-0.008950237637531111,0,0,0,0,0,0,0.82037236672571867,-0.078654077711045656,0.075385809189896111,0.35806478474811915,-0.011338150459462125,-0.012539987045379154,0.5749762372692695,0.53904795511483528,-0.048344341944742131,-0.72211753693263159,-0.04083799830509327,-0.11310309481517289,-0.55954561599930175,0.07642706964017254,0.0087703012345679027,0,0,-0.017540602469135805,-0.0074540340740461564,0,0.0087703012345679027,0,0,-0.017540602469135805,-0.0074540340740461564,0
280,FRAME,NONE,275,275,2.75,RECOVERY,1.1000000000000014,0,0,0,0,0,-0.92152670842471973,0.27306980008260717,-0.12231373367975841,-0.060048880334438469,0.020055261799457585,0.092232749916775839,-0.95828842715124674,-0.72196907067970773,-0.098184426432164004,1.2556848499068334,0.50203199492847528,0.18659052544518062,0.77374043702123829,0.15685134511601809,-0.146082053888,0.0055999999999999999,-0.034799999999999998,0.27676410777599997,-0.1076652541952,-0.0077999999999999996,-0.146082053888,-0.0055999999999999999,0.034799999999999998,0.27676410777599997,-0.1076652541952,0.0077999999999999996,0,0,0,0,0,0.92172761735286335,-0.13527861629753279,0.072634945531436901,0.78507309483504906,-0.0075329750761527897,-0.29642509258533911,0.69010678883945953,0.91127823666278807,-0.044622552411163058,-0.82068578920204693,0.10222083791899261,-0.20055844921179899,-0.50491915297952716,-0.27389770305233235,0.010616832000000001,0,0,-0.021233664000000003,-0.0090240664338270271,0,0.010616832000000001,0,0,-0.021233664000000003,-0.0090240664338270271,0,0,0,0,0,0,0.80459208422794859,-0.077141126256042733,0.073935724553223697,0.35117722528730949,-0.011120055330336019,-0.012298773974192639,0.5639162749623633,0.52056155077750965,-0.044583024726915776,-0.71239123980493257,-0.035725314452145218,-0.1074859759610941,-0.5550220912706183,0.088585972288848791,0.0086015999999999974,0,0,-0.017203199999999995,-0.0073106548147822137,0,0.0086015999999999974,0,0,-0.017203199999999995,-0.0073106548147822137,0
281,FRAME,NONE,276,276,2.7599999999999998,RECOVERY,1.1000000000000014,0,0,0,0,0,-0.91229045065944847,0.27170629174628563,-0.12157741112014152,-0.052162767448559355,0.019984253316111686,0.089270988639824606,-0.95136929992531893,-0.7128302638648375,-0.098632885173793997,1.2474423820447413,0.50305241261484979,0.18457958171570873,0.76866348961620445,0.15411679069716253,-0.14597545833091358,0.0055999999999999999,-0.034799999999999998,0.27655091666182713,-0.10775586041872345,-0.0077999999999999996,-0.14597545833091358,-0.0055999999999999999,0.034799999999999998,0.27655091666182713,-0.10775586041872345,0.0077999999999999996,0,0,0,0,0,0.92535691978990708,-0.13632352643714615,0.07336155033397368,0.79217906998109044,-0.0078167861453237696,-0.29593752977014298,0.69500824138335549,0.91639184831003306,-0.045048870084044013,-0.82776239943291863,0.10189007115862792,-0.20160735570292354,-0.51044589414568908,-0.27295016302913699,0.010701994098765431,0,0,-0.021403988197530862,-0.0090964507338267553,0,0.010701994098765431,0,0,-0.021403988197530862,-0.0090964507338267553,0,0,0,0,0,0,0.78857899152062294,-0.075605853873303805,0.072464246477733904,0.3441880520460352,-0.010898742592607402,-0.012054002229981202,0.55269314243700796,0.50207771026183901,-0.040592212328140198,-0.70287380162181723,-0.030229368651324418,-0.10222543820680163,-0.55020554879436911,0.10082417710284564,0.0084304098765432111,0,0,-0.016860819753086422,-0.0071651599999750237,0,0.0084304098765432111,0,0,-0.016860819753086422,-0.0071651599999750237,0
282,FRAME,NONE,277,277,2.77,RECOVERY,1.1000000000000014,0,0,0,0,0,-0.90301880560236858,0.27033253276676178,-0.12083380992154587,-0.044206276615389818,0.019910445849147921,0.086314549379150687,-0.94440170723307315,-0.70364123371350706,-0.099085403833844884,1.239129601918175,0.50406979635164784,0.18255837833112215,0.76353151913832451,0.15139234185543535,-0.14586801975308641,0.0055999999999999999,-0.034799999999999998,0.27633603950617286,-0.10784718320987653,-0.0077999999999999996,-0.14586801975308641,-0.0055999999999999999,0.034799999999999998,0.27633603950617286,-0.10784718320987653,0.0077999999999999996,0,0,0,0,0,0.92880654256525741,-0.13733266133444219,0.074087401178072471,0.79914804957599395,-0.0080943785168748131,-0.29536086665315653,0.6997946437272452,0.92131979086802485,-0.045434396657725862,-0.83474326523448328,0.10161625054596612,-0.20260295797593503,-0.51592326395541455,-0.27188121951027544,0.010785432098765429,0,0,-0.021570864197530858,-0.0091673696338265276,0,0.010785432098765429,0,0,-0.021570864197530858,-0.0091673696338265276,0,0,0,0,0,0,0.77233863170396777,-0.074048792013489101,0.07097188433101749,0.33709968440002103,-0.010674288856004884,-0.011805756543054937,0.54131072469840391,0.48343293446578839,-0.036423676156027707,-0.69325344531467881,-0.024340713829507088,-0.096841488660542874,-0.54514640754815824,0.11286750820606317,0.0082567901234567951,0,0,-0.01651358024691359,-0.0070176000000615746,0,0.0082567901234567951,0,0,-0.01651358024691359,-0.0070176000000615746,0
283,FRAME,NONE,278,278,2.7799999999999998,RECOVERY,1.1000000000000014,0,0,0,0,0,-0.89371355875722946,0.26894889169140174,-0.12008294551848057,-0.036180800773155102,0.019833896518269493,0.08336431879253893,-0.93738679455417806,-0.694403868047477,-0.099541573106948514,1.2307475167400517,0.50508473762576911,0.18052752255619003,0.75834502433709616,0.14867916630695702,-0.14575975551599998,0.0055999999999999999,-0.034799999999999998,0.276119511032,-0.10793920781139998,-0.0077999999999999996,-0.14575975551599998,-0.0055999999999999999,0.034799999999999998,0.276119511032,-0.10793920781139998,0.0077999999999999996,0,0,0,0,0,0.93207893122950636,-0.13830525515278638,0.074812460919266049,0.80597537976973888,-0.0083654092677694601,-0.29469595371746704,0.70446535895125173,0.92606050699934883,-0.045777343607164567,-0.8416274683392122,0.10140325688203777,-0.2035441854761344,-0.52134882229665225,-0.27069281286501573,0.010867122,0,0,-0.021734244,-0.0092368027338279868,0,0.010867122,0,0,-0.021734244,-0.0092368027338279868,0,0,0,0,0,0,0.7558765478782099,-0.072470472127258934,0.06945914748066527,0.32991454172499207,-0.010446770730257085,-0.01155412164372395,0.5297729067517517,0.4650541530715202,-0.031928705038694605,-0.68436965117824045,-0.018112138611137141,-0.092598433108978528,-0.53971546216502464,0.1253777002368367,0.0080807999999999991,0,0,-0.016161599999999998,-0.006868025185235993,0,0.0080807999999999991,0,0,-0.016161599999999998,-0.006868025185235993,0
284,FRAME,NONE,279,279,2.79,RECOVERY,1.1000000000000014,0,0,0,0,0,-0.88437647073208348,0.26755574442852065,-0.11932483382211191,-0.028087779255896214,0.019754665807051108,0.080421174841243642,-0.93032571369492367,-0.68512002357352009,-0.10000095070598818,1.2222970525513908,0.50609786148928859,0.17848749462159946,0.75310454269239147,0.14597848559813503,-0.14565068321817284,0.0055999999999999999,-0.034799999999999998,0.27590136643634566,-0.10803191926455309,-0.0077999999999999996,-0.14565068321817284,-0.0055999999999999999,0.034799999999999998,0.27590136643634566,-0.10803191926455309,0.0077999999999999996,0,0,0,0,0,0.93517661247839912,-0.13924057378722465,0.075536669774695184,0.81265643592502945,-0.0086295550255454708,-0.29394367930917426,0.70901979266440229,0.93062087392945525,-0.046072970758499754,-0.84843065825804809,0.10125400777374338,-0.2044549266381146,-0.52671757319871504,-0.26937366550553871,0.01094704039506173,0,0,-0.02189408079012346,-0.0093047301375312474,0,0.01094704039506173,0,0,-0.02189408079012346,-0.0093047301375312474,0,0,0,0,0,0,0.73919828314357838,-0.070871425665273838,0.067926545294268281,0.32263504339667426,-0.01021626482509266,-0.011299182262298382,0.51808357360225354,0.44698629231038067,-0.027083870469610249,-0.67632293040409408,-0.011557331544564953,-0.089635774418936331,-0.53390059855579208,0.13841255674051922,0.0079024987654320953,0,0,-0.015804997530864191,-0.0067164859258311838,0,0.0079024987654320953,0,0,-0.015804997530864191,-0.0067164859258311838,0
285,FRAME,NONE,280,280,2.7999999999999998,RECOVERY,1.1000000000000014,0,0,0,0,0,-0.87500927645739568,0.26615347387572769,-0.11855949139421323,-0.01992869748353138,0.019672817411951531,0.077485986426466896,-0.9232196224302236,-0.6757914505688879,-0.10046303252211851,1.2137789035748907,0.50710981778124398,0.17643842402342774,0.74781067287312186,0.14329169299684624,-0.14554082068923457,0.0055999999999999999,-0.034799999999999998,0.27568164137846912,-0.10812530241415061,-0.0077999999999999996,-0.14554082068923457,-0.0055999999999999999,0.034799999999999998,0.27568164137846912,-0.10812530241415061,0.0077999999999999996,0,0,0,0,0,0.93810218708175219,-0.14013791605482012,0.076259944621342543,0.81918662661425312,-0.0088865127897905256,-0.29310496678325249,0.71345739099097849,0.93500023284555644,-0.046319021016556772,-0.85515392694729409,0.10117211025114647,-0.20533690096451312,-0.53202683426776809,-0.26792456173020535,0.011025164469135802,0,0,-0.022050328938271604,-0.0093711324523446105,0,0.011025164469135802,0,0,-0.022050328938271604,-0.0093711324523446105,0,0,0,0,0,0,0.72230938060030114,-0.069252184078194237,0.066374587139417462,0.31526360879079318,-0.0099828477502402462,-0.011041023129088359,0.50624661025511097,0.42798550778183619,-0.022338285330901486,-0.66666692099648373,-0.0045570881274104025,-0.0842829391294736,-0.52807638551033431,0.14999300616609645,0.0077219456790123481,0,0,-0.015443891358024696,-0.0065630325925963851,0,0.0077219456790123481,0,0,-0.015443891358024696,-0.0065630325925963851,0
286,FRAME,NONE,281,281,2.8100000000000001,RECOVERY,1.1000000000000014,0,0,0,0,0,-0.86561368447431375,0.26474246953343777,-0.11778693562182176,-0.011705086612511946,0.019588418088452342,0.074559613054662771,-0.91606968416963308,-0.66642001891660896,-0.10092733112631931,1.2051939740124449,0.50812130369431152,0.1743807566023092,0.7424640060070361,0.14061999436353093,-0.14543018598399998,0.0055999999999999999,-0.034799999999999998,0.275460371968,-0.10821934191359998,-0.0077999999999999996,-0.14543018598399998,-0.0055999999999999999,0.034799999999999998,0.275460371968,-0.10821934191359998,0.0077999999999999996,0,0,0,0,0,0.94085832287138149,-0.14099661482701561,0.076982178384376654,0.82556139756218194,-0.0091360006868352658,-0.29218077162464062,0.7177776385488942,0.93918058408509197,-0.046519736465117784,-0.86176399667797776,0.10116286601119517,-0.20614058542070407,-0.53727910090892173,-0.26637380538221678,0.011101471999999999,0,0,-0.022202943999999999,-0.0094359907893831751,0,0.011101471999999999,0,0,-0.022202943999999999,-0.0094359907893831751,0,0,0,0,0,0,0.70521538334860423,-0.067613278816680361,0.064803782383703559,0.30780265728307354,-0.0097465961154284513,-0.010779728974403973,0.49426590171552409,0.40790811818181005,-0.017775242589189444,-0.65509076640823949,0.0028914091737552994,-0.076114209135377808,-0.52228019966266137,0.1598818795310597,0.0075392000000000002,0,0,-0.0150784,-0.0064077155556216403,0,0.0075392000000000002,0,0,-0.0150784,-0.0064077155556216403,0
287,FRAME,NONE,282,282,2.8199999999999998,RECOVERY,1.1000000000000014,0,0,0,0,0,-0.85619137629244901,0.26332312710382955,-0.11700718489109958,-0.0034185231475552073,0.019501537495572648,0.071642904531840912,-0.90887706764776932,-0.65700783888718606,-0.10139342725142086,1.1965436236413312,0.50913307510146788,0.17231561231501366,0.73706509085494343,0.13796421688920191,-0.14531879737654321,0.0055999999999999999,-0.034799999999999998,0.2752375947530864,-0.10831402222993827,-0.0077999999999999996,-0.14531879737654321,-0.0055999999999999999,0.034799999999999998,0.2752375947530864,-0.10831402222993827,0.0077999999999999996,0,0,0,0,0,0.94344774780213703,-0.14181603810127918,0.077703239518363276,0.83177623553059832,-0.0093777586547895211,-0.29117207855467986,0.72198005642681595,0.94315839520919265,-0.046674525868340561,-0.86825574227545887,0.10122993843462158,-0.20685918514722068,-0.54247243826102132,-0.26472692413958415,0.011175941358024693,0,0,-0.022351882716049386,-0.0094992867634570433,0,0.011175941358024693,0,0,-0.022351882716049386,-0.0094992867634570433,0,0,0,0,0,0,0.68792183448871569,-0.065955241331392647,0.063214640394717497,0.30025460824924088,-0.0095075865303859176,-0.01051538452855535,0.48214533298869444,0.3880653077875662,-0.012937443089854062,-0.64416646182341442,0.010638531592610523,-0.069006258572382184,-0.51611511670185406,0.17014054849134874,0.0073543209876543213,0,0,-0.014708641975308643,-0.0062505851851357708,0,0.0073543209876543213,0,0,-0.014708641975308643,-0.0062505851851357708,0
288,FRAME,NONE,283,283,2.8300000000000001,RECOVERY,1.1000000000000014,0,0,0,0,0,-0.84674400581628051,0.26189584807552291,-0.11622025875872402,0.0049293714848198493,0.019412248040126576,0.068736700686999774,-0.90164294663953903,-0.64755685101242511,-0.10186082164368612,1.1878288591669357,0.51014590246300395,0.17024357289936479,0.73161455724181568,0.13532545588073924,-0.14520667335427159,0.0055999999999999999,-0.034799999999999998,0.27501334670854322,-0.10840932764886912,-0.0077999999999999996,-0.14520667335427159,-0.0055999999999999999,0.034799999999999998,0.27501334670854322,-0.10840932764886912,0.0077999999999999996,0,0,0,0,0,0.94587324309961063,-0.14259559000937236,0.07842297158370734,0.83782667214170548,-0.0096115490562447836,-0.29007989863338307,0.72606420016685136,0.9469418902408433,-0.046778485326914865,-0.87464732591444605,0.10137563664304738,-0.20752071059215171,-0.54760140324295881,-0.2629709944123898,0.011248551506172839,0,0,-0.022497103012345677,-0.0095610024930858906,0,0.011248551506172839,0,0,-0.022497103012345677,-0.0095610024930858906,0,0,0,0,0,0,0.67043427712086456,-0.06427860307299163,0.061607670540050341,0.29262188106502124,-0.0092658956048412948,-0.01024807452185263,0.46988878907982423,0.36856819868785751,-0.00778130511299574,-0.63412205337731731,0.018658351192968325,-0.063293703939301671,-0.50954915524953348,0.18093212318173735,0.0071673679012345714,0,0,-0.014334735802469143,-0.0060916918518533203,0,0.0071673679012345714,0,0,-0.014334735802469143,-0.0060916918518533203,0
289,FRAME,NONE,284,284,2.8399999999999999,RECOVERY,1.1000000000000014,0,0,0,0,0,-0.83727319883926821,0.26046103929417341,-0.11542617811898638,0.013336931400342956,0.019320624722232418,0.065841831124707539,-0.89436849970063037,-0.63806900108236919,-0.10232899695795916,1.1790506771230422,0.51116058783432883,0.16816519810317063,0.72611306279008425,0.13270479700095411,-0.14509383261199998,0.0055999999999999999,-0.034799999999999998,0.274787665224,-0.10850524227979999,-0.0077999999999999996,-0.14509383261199998,-0.0055999999999999999,0.034799999999999998,0.274787665224,-0.10850524227979999,0.0077999999999999996,0,0,0,0,0,0.9481376365071934,-0.14333471175965573,0.079141192920259312,0.84370828763745065,-0.0098371572162500743,-0.28890526636757269,0.7300296577597426,0.9505297591829498,-0.046830151970600475,-0.88093818334300522,0.10160310545848095,-0.20812505922600671,-0.55266342136601199,-0.26110828167594941,0.011319282000000002,0,0,-0.022638564000000003,-0.0096211206004941097,0,0.011319282000000002,0,0,-0.022638564000000003,-0.0096211206004941097,0,0,0,0,0,0,0.65275825434527512,-0.062583895492137373,0.059983382187292648,0.28490689510613854,-0.0090215999485231697,-0.0099778836846058806,0.4575001549941124,0.34884936078921625,-0.0025210681230125598,-0.62383552657141461,0.026993620853843492,-0.05730363842097741,-0.50275113548825523,0.19134828487518685,0.0069784000000000018,0,0,-0.013956800000000004,-0.0059310859259337212,0,0.0069784000000000018,0,0,-0.013956800000000004,-0.0059310859259337212,0
290,FRAME,NONE,285,285,2.8500000000000001,RECOVERY,1.1000000000000014,0,0,0,0,0,-0.82778055260454209,0.25901911251911292,-0.11462496536459355,0.021802446757942039,0.019226744983768182,0.062959115006713681,-0.88705490993376068,-0.62854625582876611,-0.10279742468309813,1.1702100955000756,0.51217796457217357,0.16608107171484465,0.72056128881449544,0.13010329024722025,-0.14498029404602469,0.0055999999999999999,-0.034799999999999998,0.27456058809204936,-0.10860175006087901,-0.0077999999999999996,-0.14498029404602469,-0.0055999999999999999,0.034799999999999998,0.27456058809204936,-0.10860175006087901,0.0077999999999999996,0,0,0,0,0,0.9502437956443639,-0.14403288251091506,0.07985769641959202,0.84941671457258683,-0.010054391883386532,-0.28764923683502541,0.73387604765956704,0.95391887745662762,-0.046828906689375116,-0.88712403644587434,0.10191550906012425,-0.20866678336057126,-0.55765642595272391,-0.25914402871488607,0.011388112987654323,0,0,-0.022776225975308647,-0.009679624211604565,0,0.011388112987654323,0,0,-0.022776225975308647,-0.009679624211604565,0,0,0,0,0,0,0.63489930926217741,-0.060871650039490501,0.05834228470403556,0.2771120697483192,-0.0087747761711602108,-0.0097048967471252585,0.44498331573676186,0.32890201080576498,0.0028282159929976514,-0.61328611490552021,0.035628452472180605,-0.051018882002915045,-0.49572182602458659,0.20136739621760269,0.0067874765432098709,0,0,-0.013574953086419742,-0.0057688177777792671,0,0.0067874765432098709,0,0,-0.013574953086419742,-0.0057688177777792671,0
291,FRAME,NONE,286,286,2.8599999999999999,RECOVERY,1.1000000000000014,0,0,0,0,0,-0.8182676354309576,0.25757048396604881,-0.11381664453895603,0.030324164296814296,0.019130688561669242,0.060089360862468431,-0.87970336478124911,-0.61899062353323664,-0.10326557509174666,1.1613081963941247,0.51319889801553131,0.1639918624359592,0.71495993427102977,0.12752191642665639,-0.14486607674819751,0.0055999999999999999,-0.034799999999999998,0.27433215349639506,-0.10869883476403208,-0.0077999999999999996,-0.14486607674819751,-0.0055999999999999999,0.034799999999999998,0.27433215349639506,-0.10869883476403208,0.0077999999999999996,0,0,0,0,0,0.95219462148738065,-0.14468962017522979,0.080572249397076287,0.85494764143953472,-0.010263085612062262,-0.28631288283446255,0.73760301682506069,0.9571077993990651,-0.046773587650740522,-0.89320390564111563,0.10231567450792456,-0.20914543686606502,-0.56257785788650372,-0.25708093375159735,0.011455025209876544,0,0,-0.022910050419753088,-0.009736496956049695,0,0.011455025209876544,0,0,-0.022910050419753088,-0.009736496956049695,0,0,0,0,0,0,0.61686298497179903,-0.059142398165711395,0.056684887457869967,0.26923982436728872,-0.0085255008824810467,-0.0094291984397208827,0.43234215631297379,0.30882233008344695,0.0082918020001196413,-0.60265898426448139,0.044535080509222613,-0.044726358859256687,-0.48843195660619454,0.21112995636830278,0.0065946567901234545,0,0,-0.013189313580246909,-0.005604937777826946,0,0.0065946567901234545,0,0,-0.013189313580246909,-0.005604937777826946,0
292,FRAME,NONE,287,287,2.8700000000000001,RECOVERY,1.1000000000000014,0,0,0,0,0,-0.80873598640314492,0.25611557383573336,-0.1130012414774673,0.03890028790892084,0.019032537348196963,0.057233366428216061,-0.87231505584461777,-0.60940409984078481,-0.10373289643611294,1.1523460173872533,0.51422427806233206,0.16189816297752335,0.70930973165676536,0.12496167157218831,-0.1447512,0.0055999999999999999,-0.034799999999999998,0.27410239999999997,-0.10879648,-0.0077999999999999996,-0.1447512,-0.0055999999999999999,0.034799999999999998,0.27410239999999997,-0.10879648,0.0077999999999999996,0,0,0,0,0,0.95399304198247292,-0.14530448214746425,0.081284593564402915,0.860296816223867,-0.010463095064368867,-0.2848972920711153,0.74121023879470371,0.96009532405829656,-0.046663070649372723,-0.89917721613116397,0.10280621067030871,-0.2095613105377564,-0.5674250650848478,-0.25492142958752001,0.011520000000000001,0,0,-0.023040000000000001,-0.0097917229671611039,0,0.011520000000000001,0,0,-0.023040000000000001,-0.0097917229671611039,0,0,0,0,0,0,0.59865482457436625,-0.057396671321460348,0.055011699816386664,0.26129257833877184,-0.0082738506922142973,-0.0091508734927028528,0.41958056172794866,0.28864532221312134,0.013873797667512955,-0.59202008799497108,0.053690439488218722,-0.038532736478247287,-0.48087007679498139,0.22068015842879041,0.0063999999999999899,0,0,-0.01279999999999998,-0.0054394962962708848,0,0.0063999999999999899,0,0,-0.01279999999999998,-0.0054394962962708848,0
293,FRAME,NONE,288,288,2.8799999999999999,RECOVERY,1.1000000000000014,0,0,0,0,0,-0.79918711512410101,0.25465480582832317,-0.11217878393498594,0.047528979246101534,0.018932375260612755,0.054391918514339964,-0.86489117873204802,-0.59978871705207071,-0.10419883650473412,1.1433246520715015,0.51525502222893749,0.15980063622520407,0.70361143296933282,0.12242348783490599,-0.14463568326661727,0.0055999999999999999,-0.034799999999999998,0.27387136653323457,-0.1088946692233753,-0.0077999999999999996,-0.14463568326661727,-0.0055999999999999999,0.034799999999999998,0.27387136653323457,-0.1088946692233753,0.0077999999999999996,0,0,0,0,0,0.95564200580095049,-0.14587706595893621,0.081994445102849645,0.86546004988944958,-0.010654301230121337,-0.28340356438728426,0.74469741180284832,0.96288070584332752,-0.046496111697390263,-0.90504430740101505,0.10338948329768893,-0.20991609159562996,-0.57219525942240335,-0.25266733058302154,0.011583019283950618,0,0,-0.023166038567901236,-0.0098452868819751127,0,0.011583019283950618,0,0,-0.023166038567901236,-0.0098452868819751127,0,0,0,0,0,0,0.58028037117010856,-0.055635000957397894,0.053323231147176693,0.25327275103849467,-0.0080199022100886138,-0.008870006636381312,0.40670241698688886,0.26831855150843964,0.019539113116119611,-0.58125490638716304,0.063080318005448444,-0.03228407658963095,-0.47305060279195787,0.22992468630970153,0.0062035654320987677,0,0,-0.012407130864197535,-0.0052725437036868494,0,0.0062035654320987677,0,0,-0.012407130864197535,-0.0052725437036868494,0
294,FRAME,NONE,289,289,2.8900000000000001,RECOVERY,1.1000000000000014,0,0,0,0,0,-0.78962250152873636,0.25318860664294812,-0.11134930169634524,0.056208358361006752,0.01883028812304113,0.051565792900502033,-0.8574329329347451,-0.59014648572391826,-0.10466281867006075,1.134245131239233,0.51629206772828584,0.15769984114561075,0.6978658264683173,0.11990832496052788,-0.14451954619101234,0.0055999999999999999,-0.034799999999999998,0.27363909238202466,-0.1089933857376395,-0.0077999999999999996,-0.14451954619101234,-0.0055999999999999999,0.034799999999999998,0.27363909238202466,-0.1089933857376395,0.0077999999999999996,0,0,0,0,0,0.95714447624465626,-0.14640700985281896,0.082701494837183032,0.87043321979291166,-0.0108366095639373,-0.28183280904713609,0.74806425694419088,0.96546169508846535,-0.046272288387050331,-0.91080231425890723,0.10406781703041768,-0.21020699206954901,-0.57688607714068696,-0.25032293586132598,0.011644065580246917,0,0,-0.023288131160493834,-0.0098971738412348409,0,0.011644065580246917,0,0,-0.023288131160493834,-0.0098971738412348409,0,0,0,0,0,0,0.56174516785925155,-0.053857918524184249,0.05161999081783078,0.24518276184218188,-0.0077637320458326066,-0.0085866826010663512,0.39371160709499425,0.2477710905596231,0.025241737403834674,-0.57020742915081524,0.072691650712664035,-0.025769296661537489,-0.46499335761313043,0.23874029932521856,0.0060054123456790148,0,0,-0.01201082469135803,-0.0051041303703730501,0,0.0060054123456790148,0,0,-0.01201082469135803,-0.0051041303703730501,0
295,FRAME,NONE,290,290,2.8999999999999999,RECOVERY,1.1000000000000014,0,0,0,0,0,-0.78004359575670845,0.25171740546175864,-0.11051282666623465,0.064936504381062049,0.018726363563733774,0.048755754258047575,-0.84994152173353055,-0.5804794831503014,-0.10512428227247513,1.1251086057863233,0.51733637856954584,0.15559649638381309,0.69207371142651908,0.11741702911767947,-0.144402808588,0.0055999999999999999,-0.034799999999999998,0.27340561717599998,-0.1090926127002,-0.0077999999999999996,-0.144402808588,-0.0055999999999999999,0.034799999999999998,0.27340561717599998,-0.1090926127002,0.0077999999999999996,0,0,0,0,0,0.95850342530926702,-0.14689399327875782,0.083405408509695286,0.87521227302746762,-0.011009950038456456,-0.28018614208459341,0.75131051639403956,0.96783612765451998,-0.04599127694931357,-0.91644845598403135,0.10484331631194221,-0.21043147752886071,-0.58149512657466595,-0.24789252459651717,0.011703122000000003,0,0,-0.023406244000000007,-0.0099473694893825737,0,0.011703122000000003,0,0,-0.023406244000000007,-0.0099473694893825737,0,0,0,0,0,0,0.5430547577420225,-0.052065955472479768,0.049902488195939794,0.23702503012555862,-0.0075054168091749007,-0.0083009861170680842,0.38061201705746583,0.22715895604735747,0.03103798772514238,-0.55919063714993111,0.082486112851776205,-0.019452928740545938,-0.45665340123735021,0.24736199554203919,0.0058056000000000002,0,0,-0.0116112,-0.0049343066666276969,0,0.0058056000000000002,0,0,-0.0116112,-0.0049343066666276969,0
296,FRAME,NONE,291,291,2.9100000000000001,RECOVERY,1.1000000000000014,0,0,0,0,0,-0.77045939820232501,0.25030657341755563,-0.10975305428744526,0.07371490397115317,0.018545866164517498,0.045960873965342042,-0.84234064338337089,-0.57078976317082786,-0.10558264420904702,1.1159161621195524,0.51838893405452469,0.15349121159503354,0.68623592393682398,0.11495047446859753,-0.14428549043832098,0.0055999999999999999,-0.034799999999999998,0.27317098087664199,-0.10919233312742715,-0.0077999999999999996,-0.14428549043832098,-0.0055999999999999999,0.034799999999999998,0.27317098087664199,-0.10919233312742715,0.0077999999999999996,0,0,0,0,0,0.95972956888102989,-0.14737224785553202,0.084089037959481916,0.87979415463823529,-0.011185230918655465,-0.27846537395729043,0.75439387437670491,0.9700048742094125,-0.045651528632547483,-0.92198612700190585,0.1057175392874532,-0.21059605064435993,-0.58601914516543396,-0.2453756959504852,0.011760172246913572,0,0,-0.023520344493827144,-0.0099958599745673948,0,0.011760172246913572,0,0,-0.023520344493827144,-0.0099958599745673948,0,0,0,0,0,0,0.52421468391865123,-0.050259643252945047,0.048171232649094835,0.22880197526435123,-0.0072450331098441604,-0.0080130019146966592,0.36740753187950631,0.20637786232180488,0.036861553277915682,-0.54797324251010249,0.092452216992888747,-0.013020852050737997,-0.44805919541895944,0.2556134688760231,0.0056041876543209976,0,0,-0.011208375308641995,-0.004763122962957167,0,0.0056041876543209976,0,0,-0.011208375308641995,-0.004763122962957167,0
297,FRAME,NONE,292,292,2.9199999999999999,RECOVERY,1.1000000000000014,0,0,0,0,0,-0.76085580577368628,0.24882410348415157,-0.10889999008880864,0.082534554084012196,0.018440993639431007,0.043185309155165233,-0.83478958857673824,-0.56107938566611315,-0.10603731284512607,1.1066688832462852,0.5194507293552949,0.15138457537092589,0.6803533285232104,0.11250951519866977,-0.14416761188271604,0.0055999999999999999,-0.034799999999999998,0.27293522376543211,-0.10929252989969135,-0.0077999999999999996,-0.14416761188271604,-0.0055999999999999999,0.034799999999999998,0.27293522376543211,-0.10929252989969135,0.0077999999999999996,0,0,0,0,0,0.96081015096045153,-0.14777162952085565,0.084786221637133563,0.88417307537422973,-0.011340349509203918,-0.27667023273588925,0.75739941152664669,0.97196368490095608,-0.045254045883755256,-0.9274079208342334,0.10669236065179999,-0.21069189456987547,-0.59045631048304514,-0.24278025521899671,0.011815200617283949,0,0,-0.023630401234567899,-0.010042631948641717,0,0.011815200617283949,0,0,-0.023630401234567899,-0.010042631948641717,0,0,0,0,0,0,0.505230489489362,-0.048439513316240169,0.046426733544886509,0.22051601663428372,-0.0069826575575689725,-0.00772281472426215,0.35410203656631478,0.18536447411870993,0.042668026095440958,-0.53641222437672553,0.10257394140233966,-0.0062817415011351407,-0.43922901511173063,0.26338358467468265,0.0054012345679012299,0,0,-0.01080246913580246,-0.004590629629624976,0,0.0054012345679012299,0,0,-0.01080246913580246,-0.004590629629624976,0
298,FRAME,NONE,293,293,2.9300000000000002,RECOVERY,1.1000000000000014,0,0,0,0,0,-0.75124210173675576,0.24733799641043228,-0.10804009227942996,0.091396970477653605,0.018334507532873665,0.040428057788712404,-0.8272089189005144,-0.55135048947280874,-0.10648772512672212,1.0973680037028677,0.52052278126756069,0.14927737370363603,0.67442679772716307,0.1100948693642176,-0.14404919321599999,0.0055999999999999999,-0.034799999999999998,0.27269838643200001,-0.10939318576639999,-0.0077999999999999996,-0.14404919321599999,-0.0055999999999999999,0.034799999999999998,0.27269838643200001,-0.10939318576639999,0.0077999999999999996,0,0,0,0,0,0.96175612566637203,-0.14812733595803171,0.085479108592919517,0.88834617553418527,-0.011486426557095071,-0.27480254603298937,0.76028369746636437,0.9737121636917867,-0.044798168110638664,-0.93271437148944036,0.10776901811549999,-0.21072168547438264,-0.59480372546766858,-0.24010802425699154,0.011868191999999996,0,0,-0.023736383999999992,-0.010087672567159894,0,0.011868191999999996,0,0,-0.023736383999999992,-0.010087672567159894,0,0,0,0,0,0,0.48610771755438648,-0.0466060971130259,0.044669500250906068,0.21216957361108316,-0.006718366762078023,-0.0074305092760747326,0.34069941612309507,0.16430890665414255,0.048528575407186247,-0.52488920759985458,0.1128071847866785,0.00020172388877359726,-0.43010941528892621,0.27096034913805245,0.0051968000000000101,0,0,-0.01039360000000002,-0.0044168770370334176,0,0.0051968000000000101,0,0,-0.01039360000000002,-0.0044168770370334176,0
299,FRAME,NONE,294,294,2.9399999999999999,RECOVERY,1.1000000000000014,0,0,0,0,0,-0.74161961762004169,0.24584868668858834,-0.10717340368400431,0.10030007688392287,0.018226500512775259,0.037689839681459655,-0.81959985131818502,-0.54160514239227742,-0.10693327620733885,1.0880145958164964,0.5216061097176049,0.14717014166143824,0.66845725401385703,0.10770735471352993,-0.14393025488113581,0.0055999999999999999,-0.034799999999999998,0.2724605097622716,-0.10949428335103455,-0.0077999999999999996,-0.14393025488113581,-0.0055999999999999999,0.034799999999999998,0.2724605097622716,-0.10949428335103455,0.0077999999999999996,0,0,0,0,0,0.96257044401803005,-0.14843921669439408,0.086167268152658627,0.89230971202617426,-0.011623489934548883,-0.27286343076124564,0.76304654008328365,0.97524986303403893,-0.044283474375611531,-0.93790570498623049,0.10894850434753356,-0.2106878600921,-0.59905849878882367,-0.23736104823623566,0.011919131876543212,0,0,-0.023838263753086425,-0.010130969489382385,0,0.011919131876543212,0,0,-0.023838263753086425,-0.010130969489382385,0,0,0,0,0,0,0.46685191121394759,-0.044759926093962198,0.042900042134743986,0.203765065570473,-0.0064522373330998832,-0.0071361703004444565,0.32720355555504532,0.1430767426749413,0.054359089022466833,-0.51310424818706846,0.12314186954937023,0.0068390619847175094,-0.42073811516385451,0.27811848965112601,0.0049909432098765348,0,0,-0.0099818864197530697,-0.0042419155556194799,0,0.0049909432098765348,0,0,-0.0099818864197530697,-0.0042419155556194799,0
300,FRAME,NONE,295,295,2.9500000000000002,RECOVERY,1.1000000000000014,0,0,0,0,0,-0.7319896550271664,0.24435660800735937,-0.10629996870985334,0.10924175962247862,0.018117067368344342,0.034971363584395454,-0.81196360722265459,-0.53184549221212796,-0.10737339461423435,1.0786098896031431,0.52270175135451136,0.14506361650179403,0.6624456277513866,0.10534764839949289,-0.14381081746330865,0.0055999999999999999,-0.034799999999999998,0.27222163492661727,-0.10959580515618764,-0.0077999999999999996,-0.14381081746330865,-0.0055999999999999999,0.034799999999999998,0.27222163492661727,-0.10959580515618764,0.0077999999999999996,0,0,0,0,0,0.96325603861392395,-0.14870716345347923,0.086850247526452817,0.89606002762432047,-0.01175159098487133,-0.27085399907444607,0.76568776078719969,0.97657369854528553,-0.043710986330189328,-0.94297645645318173,0.1102318555064874,-0.21058490423468829,-0.60321848777094567,-0.23454565446396902,0.011968006320987656,0,0,-0.023936012641975313,-0.010172510878272284,0,0.011968006320987656,0,0,-0.023936012641975313,-0.010172510878272284,0,0,0,0,0,0,0.44746861356827633,-0.042901531709709763,0.041118868563991474,0.19530491188818,-0.006184345880363231,-0.0068398825276814908,0.31361833986736903,0.12170141969747306,0.060158990707083471,-0.50111315685386071,0.13354986113378597,0.013536862922894355,-0.41110698241975108,0.28489890866307405,0.004783723456790112,0,0,-0.0095674469135802239,-0.0040657955555772896,0,0.004783723456790112,0,0,-0.0095674469135802239,-0.0040657955555772896,0
301,FRAME,NONE,296,296,2.96,RECOVERY,1.1000000000000014,0,0,0,0,0,-0.72235317237772101,0.24285943984700881,-0.10541615131982807,0.1182197160246032,0.01800959045204361,0.032273402137119794,-0.80430469655211445,-0.52207366842137171,-0.10780749593394263,1.0691550666874328,0.52381074682773465,0.14295844357674448,0.65639288425843811,0.10301644162425055,-0.14369090168400001,0.0055999999999999999,-0.034799999999999998,0.27198180336799999,-0.10969773356859999,-0.0077999999999999996,-0.14369090168400001,-0.0055999999999999999,0.034799999999999998,0.27198180336799999,-0.10969773356859999,0.0077999999999999996,0,0,0,0,0,0.96381547780075238,-0.14892954370776479,0.08752828601886245,0.89959351227702644,-0.011870282809386404,-0.26877532150119893,0.76820908940416421,0.97768389142798839,-0.043080294561469862,-0.94792796812330771,0.11161950157020928,-0.21041712283364211,-0.60728063843721869,-0.23166307006297418,0.012014802,0,0,-0.024029604,-0.010212285400493931,0,0.012014802,0,0,-0.024029604,-0.010212285400493931,0,0,0,0,0,0,0.4279633677176013,-0.041031445410929082,0.039326488906239521,0.18679153193993003,-0.0059147690135967117,-0.0065417306880959708,0.29994765406526813,0.10024443980682918,0.0659374836760665,-0.48902534889261329,0.14399946052345847,0.020121759247912485,-0.40120005989241481,0.29138523263628341,0.0045752000000000084,0,0,-0.0091504000000000169,-0.0038885674073785292,0,0.0045752000000000084,0,0,-0.0091504000000000169,-0.0038885674073785292,0
302,FRAME,NONE,297,297,2.9700000000000002,RECOVERY,1.1000000000000014,0,0,0,0,0,-0.71271170639022863,0.24136016715317268,-0.10452535593769802,0.12723189903945817,0.017901170356968477,0.029596574095656455,-0.79662130161072398,-0.51229181438356819,-0.10823500050546375,1.0596513302406769,0.52493414138591554,0.14085527404512119,0.65030001498264223,0.1007143869982334,-0.14357052839506171,0.0055999999999999999,-0.034799999999999998,0.27174105679012345,-0.10980005086419752,-0.0077999999999999996,-0.14357052839506171,-0.0055999999999999999,0.034799999999999998,0.27174105679012345,-0.10980005086419752,0.0077999999999999996,0,0,0,0,0,0.96425195403573982,-0.149107744965087,0.088200226356655725,0.90290672559220875,-0.011980122368442474,-0.26662852281636545,0.77060865720742777,0.97857858734142211,-0.042392236656667998,-0.952756963431034,0.11311184471695657,-0.21018246904973004,-0.61124248896879396,-0.22871794981124335,0.012059506172839504,0,0,-0.024119012345679008,-0.010250282226419855,0,0.012059506172839504,0,0,-0.024119012345679008,-0.010250282226419855,0,0,0,0,0,0,0.40834171676214492,-0.039150198648280052,0.037523412529078558,0.17822734510144622,-0.0056435833425288878,-0.0062417995119979338,0.28619538315394033,0.078658822595528699,0.071652083591701443,-0.47672245875318708,0.15446992183337782,0.026745928425747634,-0.39103174816729203,0.29748972162617349,0.0043654320987654279,0,0,-0.0087308641975308559,-0.0037102814814948815,0,0.0043654320987654279,0,0,-0.0087308641975308559,-0.0037102814814948815,0
303,FRAME,NONE,298,298,2.98,RECOVERY,1.1000000000000014,0,0,0,0,0,-0.70306649958309486,0.23985947145818232,-0.10362796828544293,0.13627610229384499,0.01779160797668242,0.026941548690819696,-0.78891435476193672,-0.50250209667454326,-0.10865534066707599,1.0500999274188121,0.52607298372207378,0.13875479419574988,0.64416803447906223,0.098442082628025687,-0.14344971857279012,0.0055999999999999999,-0.034799999999999998,0.27149943714558022,-0.10990273921312839,-0.0077999999999999996,-0.14344971857279012,-0.0055999999999999999,0.034799999999999998,0.27149943714558022,-0.10990273921312839,0.0077999999999999996,0,0,0,0,0,0.9645683476583502,-0.14924192924885943,0.088865488358524314,0.9059962886736741,-0.012081276358099729,-0.26441469134967521,0.77288614415849421,0.97925706787989897,-0.041647252889635833,-0.95746241729837145,0.11470890000687683,-0.20988220426512716,-0.61510127340056453,-0.22571327563045071,0.012102106691358028,0,0,-0.024204213382716055,-0.010286491030123829,0,0.012102106691358028,0,0,-0.024204213382716055,-0.010286491030123829,0,0,0,0,0,0,0.38860920380213959,-0.037258322872423526,0.035710148800099907,0.16961477074845602,-0.0053708654768884565,-0.0059401737296975732,0.27236541213859006,0.056988045592093473,0.077304248533964504,-0.4642758069639541,0.164930587922274,0.03329264498308504,-0.38059192983663781,0.3032669482392128,0.0041544790123456783,0,0,-0.0083089580246913566,-0.003530988148120473,0,0.0041544790123456783,0,0,-0.0083089580246913566,-0.003530988148120473,0
304,FRAME,NONE,299,299,2.9900000000000002,RECOVERY,1.1000000000000014,0,0,0,0,0,-0.69341873930930364,0.23835779947020747,-0.10272406868148659,0.14535007322281546,0.017680980221990723,0.024308990670075668,-0.78118506947903732,-0.49270667302597021,-0.10906794556325647,1.0405020818947095,0.52722831938605308,0.13665762995981864,0.63799798951463094,0.096200121485624387,-0.14332849331199998,0.0055999999999999999,-0.034799999999999998,0.271256986624,-0.11000578068479999,-0.0077999999999999996,-0.14332849331199998,-0.0055999999999999999,0.034799999999999998,0.271256986624,-0.11000578068479999,0.0077999999999999996,0,0,0,0,0,0.96476747376909189,-0.14933217071544969,0.089523533602079319,0.90885891609655611,-0.012173890116027514,-0.26213489973259474,0.77504139600521671,0.97971834825326398,-0.040846151685988707,-0.96204247957031308,0.11641045647540205,-0.20951661615006834,-0.61885432756552672,-0.2226526108464591,0.012142591999999999,0,0,-0.024285183999999998,-0.010320901989382264,0,0.012142591999999999,0,0,-0.024285183999999998,-0.010320901989382264,0,0,0,0,0,0,0.36877137193780996,-0.035356349534019602,0.03388720708689421,0.16095622825668357,-0.0050966920264040108,-0.0056369380715049619,0.25846162602441658,0.035089292022144614,0.082789194229895835,-0.45134336545959997,0.17537179746840437,0.040214985121689306,-0.36992207195718496,0.30847285920114487,0.0039423999999999952,0,0,-0.0078847999999999904,-0.0033507377777616809,0,0.0039423999999999952,0,0,-0.0078847999999999904,-0.0033507377777616809,0
305,FRAME,NONE,300,300,3,RECOVERY,1.1000000000000014,0,0,0,0,0,-0.68376958488904371,0.23685559634329145,-0.10181374237677196,0.15445152688212771,0.017569362919320475,0.021699554133528975,-0.77343466145776008,-0.48290772970947798,-0.10947226370079577,1.0308590778274058,0.52840119285158182,0.13456446187274851,0.6317909479277517,0.093989030411096505,-0.14320687382009875,0.0055999999999999999,-0.034799999999999998,0.27101374764019753,-0.11010915725291603,-0.0077999999999999996,-0.14320687382009875,-0.0055999999999999999,0.034799999999999998,0.27101374764019753,-0.11010915725291603,0.0077999999999999996,0,0,0,0,0,0.96485210686159983,-0.14937858668493514,0.090173805946818369,0.91149142209514911,-0.012258130207046303,-0.25979020609870951,0.77707426410724734,0.97995885372034186,-0.039991469005037916,-0.96648928460756345,0.11821633595624492,-0.20907790456269337,-0.62249971483970823,-0.21954381844642781,0.012180951135802467,0,0,-0.024361902271604934,-0.010353505785679062,0,0.012180951135802467,0,0,-0.024361902271604934,-0.010353505785679062,0,0,0,0,0,0,0.34883376426938389,-0.03344481008372871,0.032055096757052384,0.15225413700185436,-0.0048211396008041871,-0.0053321772677302239,0.24448790981662136,0.013114485921533747,0.088171153197549867,-0.43823606212078925,0.18575045783481015,0.047068418486534425,-0.35898342810342099,0.31333523121776508,0.0037292543209876466,0,0,-0.0074585086419752932,-0.0031695807407861043,0,0.0037292543209876466,0,0,-0.0074585086419752932,-0.0031695807407861043,0
306,FRAME,NONE,301,301,3.0099999999999998,RECOVERY,1.1000000000000014,0,0,0,0,0,-0.67412016803252595,0.23535330520848338,-0.10089707965415318,0.16357814695532216,0.017456830663787948,0.019113882687872657,-0.76566434861097954,-0.47310749595156337,-0.10986777494335723,1.0211722962025582,0.52959264610517798,0.13247607186856478,0.62554799521783677,0.091809245116695831,-0.14308488141116049,0.0055999999999999999,-0.034799999999999998,0.27076976282232096,-0.11021285080051357,-0.0077999999999999996,-0.14308488141116049,-0.0055999999999999999,0.034799999999999998,0.27076976282232096,-0.11021285080051357,0.0077999999999999996,0,0,0,0,0,0.96482497691400271,-0.14938133732371706,0.090815732711966662,0.91389072326177145,-0.012334183657593627,-0.25738165262672091,0.77898460445778039,0.97998063797169466,-0.03908272862203771,-0.97080720081272887,0.12012546563209825,-0.20857524778033765,-0.62603399612759514,-0.2163859062221038,0.012217173728395068,0,0,-0.024434347456790136,-0.010384293604197986,0,0.012217173728395068,0,0,-0.024434347456790136,-0.010384293604197986,0,0,0,0,0,0,0.32880192389709167,-0.031524235972211476,0.030214327178165572,0.14351091635969493,-0.004544284809817653,-0.0050259760486835161,0.23044814852040732,-0.0087584569244403276,0.093530354742001054,-0.42532285154217586,0.19602098703913606,0.053330584063315811,-0.34773164047485761,0.31812309918385212,0.0035151012345678999,0,0,-0.0070302024691357998,-0.0029875674074225644,0,0.0035151012345678999,0,0,-0.0070302024691357998,-0.0029875674074225644,0
307,FRAME,NONE,302,302,3.02,RECOVERY,1.1000000000000014,0,0,0,0,0,-0.66447159330106298,0.23385136670844908,-0.099974175912561414,0.17272758678751007,0.017343456683247861,0.016552609614214345,-0.75787535107279336,-0.46330811695004409,-0.11025391827323652,1.0114429338111512,0.53080370216422379,0.13039295691714176,0.6192702680051998,0.089661312286654429,-0.14296253749999999,0.0055999999999999999,-0.034799999999999998,0.270525075,-0.11031684312499999,-0.0077999999999999996,-0.14296253749999999,-0.0055999999999999999,0.034799999999999998,0.270525075,-0.11031684312499999,0.0077999999999999996,0,0,0,0,0,0.96468876566842465,-0.1493406252476599,0.091448725913768431,0.91605384120865851,-0.012402257126850752,-0.25491026422872831,0.78077227680765671,0.97978368458185305,-0.038120861910197895,-0.97499574163840697,0.12213675569702764,-0.20801129288142706,-0.62945434764920538,-0.21318135646275077,0.012251249999999991,0,0,-0.024502499999999983,-0.010413257133827514,0,0.012251249999999991,0,0,-0.024502499999999983,-0.010413257133827514,0,0,0,0,0,0,0.30868139392115779,-0.029595158650128007,0.028365407717824389,0.13472898570592928,-0.004266204263172999,-0.0047184191446749115,0.21634622714097365,-0.042198685738653596,0.091453132722088548,-0.38574124286511191,0.20738810569770338,0.095237268793804675,-0.33920596065245556,0.30385361314746312,0.0032999999999999987,0,0,-0.0065999999999999974,-0.0028047481481080494,0,0.0032999999999999987,0,0,-0.0065999999999999974,-0.0028047481481080494,0
308,FRAME,NONE,303,303,3.0299999999999998,RECOVERY,1.1000000000000014,0,0,0,0,0,-0.65482493860459223,0.23235021853634827,-0.09904513173519712,0.18189747044539215,0.017229312714084542,0.014016358048473206,-0.75006889121104092,-0.45351182225992631,-0.11063019218156118,1.0016723813697901,0.53203538121911853,0.12831584601093624,0.61295890826485266,0.087545617987440816,-0.1428398635962469,0.0055999999999999999,-0.034799999999999998,0.27027972719249382,-0.11042111594319012,-0.0077999999999999996,-0.1428398635962469,-0.0055999999999999999,0.034799999999999998,0.27027972719249382,-0.11042111594319012,0.0077999999999999996,0,0,0,0,0,0.96444610309663048,-0.14925669504639494,0.09207218355723093,0.91797790519781064,-0.012462576017825133,-0.25237704738839978,0.78243714389416175,0.97913666425692159,-0.037253665967595939,-0.9785220256700311,0.12427322774605232,-0.20667050240446155,-0.63281811534064425,-0.21030883395915453,0.012283170765432097,0,0,-0.024566341530864195,-0.010440388567160147,0,0.012283170765432097,0,0,-0.024566341530864195,-0.010440388567160147,0,0,0,0,0,0,0.28847771744181105,-0.027658109568138804,0.026508847743619838,0.12591076441628338,-0.0039869745705988745,-0.0044095912860145454,0.20218603068352239,-0.064242931064328879,0.096348129045090158,-0.37211224372640794,0.21744339966905946,0.10163792902750934,-0.32744316772720383,0.3077988127821174,0.0030840098765432108,0,0,-0.0061680197530864216,-0.0026211733332795473,0,0.0030840098765432108,0,0,-0.0061680197530864216,-0.0026211733332795473,0
309,FRAME,NONE,304,304,3.04,RECOVERY,1.1000000000000014,0,0,0,0,0,-0.64518125573371354,0.23085029497971871,-0.098110052941104586,0.1910853938033274,0.017114468889514199,0.011505741172653463,-0.74224619364717914,-0.44372538366490566,-0.11099899159258844,0.99187249329775062,0.53328916671914484,0.12625954686905252,0.60661390569838691,0.085455135607471339,-0.14271688129841975,0.0055999999999999999,-0.034799999999999998,0.27003376259683953,-0.1105256508963432,-0.0077999999999999996,-0.14271688129841975,-0.0055999999999999999,0.034799999999999998,0.27003376259683953,-0.1105256508963432,0.0077999999999999996,0,0,0,0,0,0.96409956404909591,-0.14912983272963062,0.092685490977184842,0.91966015474422802,-0.012515383531913296,-0.24978298915341446,0.78397907077639428,0.97849882596056648,-0.036193899329296092,-0.98243798651293512,0.12648562369040883,-0.20597853430087687,-0.63600321100374946,-0.20702538020710842,0.012312927432098768,0,0,-0.024625854864197536,-0.010465680600493105,0,0.012312927432098768,0,0,-0.024625854864197536,-0.010465680600493105,0,0,0,0,0,0,0.26819643755927713,-0.025713620176904071,0.024645156623142647,0.11705867186648175,-0.003706672341823885,-0.0040995772030125088,0.1879714441532534,-0.063526421778536957,0.11552721677118849,-0.4107276452236519,0.22491403298241508,0.037193688112377443,-0.309486588721819,0.34845025041089356,0.0028671901234567721,0,0,-0.0057343802469135442,-0.0024368933333740461,0,0.0028671901234567721,0,0,-0.0057343802469135442,-0.0024368933333740461,0
310,FRAME,NONE,305,305,3.0499999999999998,RECOVERY,1.1000000000000014,0,0,0,0,0,-0.63554157092453079,0.22935202647018235,-0.097169050619555636,0.20028892565513653,0.016998993641028394,0.0090213624155863967,-0.7344084852824615,-0.43394184574071498,-0.11135407016814711,0.98202362163953139,0.53456509369292671,0.1241962753249187,0.60023884404477768,0.083405110383298647,-0.14259361228799999,0.0055999999999999999,-0.034799999999999998,0.26978722457600002,-0.11063042955519999,-0.0077999999999999996,-0.14259361228799999,-0.0055999999999999999,0.034799999999999998,0.26978722457600002,-0.11063042955519999,0.0077999999999999996,0,0,0,0,0,0.96365166508453814,-0.14896036509654195,0.093288022223371819,0.92109794219789243,-0.012560939670654803,-0.24712905628608006,0.78539792427871291,0.97786613582135085,-0.034943121632172169,-0.98673657857450414,0.12877150840570062,-0.205926628642214,-0.63900784711508063,-0.20333982895093666,0.012340512000000008,0,0,-0.024681024000000017,-0.010489126433827628,0,0.012340512000000008,0,0,-0.024681024000000017,-0.010489126433827628,0,0,0,0,0,0,0.24784309737378798,-0.023762221927084617,0.022774843723984108,0.10817512743225167,-0.0034253741865767234,-0.003788461625978986,0.17370635255537098,-0.08594440342901688,0.12011981771069963,-0.39632131707767471,0.2345401750777909,0.044192220338724886,-0.29726972357035919,0.35126002954136842,0.0026496000000000054,0,0,-0.0052992000000000108,-0.0022519585185856728,0,0.0026496000000000054,0,0,-0.0052992000000000108,-0.0022519585185856728,0
311,FRAME,NONE,306,306,3.0600000000000001,RECOVERY,1.1000000000000014,0,0,0,0,0,-0.62590688545439943,0.22785583913979243,-0.096222241146821264,0.20950560885146888,0.016882953613555317,0.0065638156614256458,-0.72655699532922025,-0.42416806094847864,-0.11169785402523189,0.97213776172626054,0.53586459688725885,0.12214101429620824,0.5938337487560853,0.081388339028452605,-0.14247007832350617,0.0055999999999999999,-0.034799999999999998,0.26954015664701236,-0.11073543342501975,-0.0077999999999999996,-0.14247007832350617,-0.0055999999999999999,0.034799999999999998,0.26954015664701236,-0.11073543342501975,0.0077999999999999996,0,0,0,0,0,0.96310486147630314,-0.14874865902950804,0.09387914148418823,0.92228873531029765,-0.012599520188599198,-0.2444161945758396,0.78669357254320293,0.97677993789198614,-0.033791502975082099,-0.99036441285448862,0.13117642719196465,-0.20509468989410237,-0.64194860547515664,-0.20000017961628105,0.012365917061728394,0,0,-0.024731834123456788,-0.010510719770864818,0,0.012365917061728394,0,0,-0.024731834123456788,-0.010510719770864818,0,0,0,0,0,0,0.2274232399855676,-0.021804446269340482,0.020898418413734791,0.099262550489316967,-0.0031431567145859722,-0.0034763292852240404,0.15939464089507382,-0.11971743503091936,0.1173143329850912,-0.35560692213471023,0.2451597387145843,0.086285378824713099,-0.28775434297134694,0.3352891226293675,0.0024312987654321067,0,0,-0.0048625975308642135,-0.0020664192592126374,0,0.0024312987654321067,0,0,-0.0048625975308642135,-0.0020664192592126374,0
312,FRAME,NONE,307,307,3.0699999999999998,RECOVERY,1.1000000000000014,0,0,0,0,0,-0.61627817626695269,0.22636215438491958,-0.09526974618506058,0.21873296146262361,0.016766413594741927,0.0041336854643469305,-0.71869295534600297,-0.41440624698287526,-0.11202990022764875,0.96221633338244161,0.537188622236766,0.12009438152703665,0.58739987193527454,0.079405106790973026,-0.1423463012345679,0.0055999999999999999,-0.034799999999999998,0.26929260246913578,-0.11084064395061728,-0.0077999999999999996,-0.1423463012345679,-0.0055999999999999999,0.034799999999999998,0.26929260246913578,-0.11084064395061728,0.0077999999999999996,0,0,0,0,0,0.96246154439172726,-0.14849512071372448,0.094458204543604873,0.92323011979143799,-0.012631415501365751,-0.24164532831706911,0.78786588469169849,0.97547178712073246,-0.032596834972470345,-0.99384871701719835,0.1336747031799923,-0.20420092106571974,-0.64476293397450757,-0.19663404649834931,0.012389135802469139,0,0,-0.024778271604938278,-0.010530454819011881,0,0.012389135802469139,0,0,-0.024778271604938278,-0.010530454819011881,0,0,0,0,0,0,0.20694240849484238,-0.019840824654331943,0.019016390059985486,0.09032336041340247,-0.0028600965355802467,-0.0031632649110577716,0.14504019417756231,-0.14196873625124673,0.12146116595217193,-0.34099754733674104,0.25436928043381934,0.092604710920339561,-0.27499983502432546,0.33766434628528658,0.0022123456790123443,0,0,-0.0044246913580246886,-0.0018803259259000948,0,0.0022123456790123443,0,0,-0.0044246913580246886,-0.0018803259259000948,0
313,FRAME,NONE,308,308,3.0800000000000001,RECOVERY,1.1000000000000014,0,0,0,0,0,-0.60665639662465642,0.22487138843865731,-0.09431169266329012,0.22796847796677,0.016649436458579688,0.0017315472677063362,-0.71081759927517252,-0.40465862520606399,-0.11234979072468129,0.95226078738591657,0.53853809095085869,0.11805699587489385,0.58093849007659515,0.077455658098485619,-0.14222230291599999,0.0055999999999999999,-0.034799999999999998,0.26904460583200002,-0.11094604252139999,-0.0077999999999999996,-0.14222230291599999,-0.0055999999999999999,0.034799999999999998,0.26904460583200002,-0.11094604252139999,0.0077999999999999996,0,0,0,0,0,0.96172403824021346,-0.1482001947844781,0.095024560265744865,0.92391980186315681,-0.012656929553154596,-0.23881735995509479,0.78891473059730477,0.9739405631669612,-0.031362279656038661,-0.99718436380122344,0.13626381280064104,-0.20324259567569558,-0.64744860217564315,-0.19324689269057532,0.012410162000000001,0,0,-0.024820324000000001,-0.01054832628938282,0,0.012410162000000001,0,0,-0.024820324000000001,-0.01054832628938282,0,0,0,0,0,0,0.18640614600184285,-0.017871888532719673,0.017129268030327355,0.081359976580234875,-0.0025762702592882205,-0.0028493532337903441,0.1306468974080397,-0.16424837396847303,0.1253351425735405,-0.32605218886622156,0.2633049319764047,0.098955423607702264,-0.26200397765824279,0.3396187829969588,0.0019927999999999934,0,0,-0.0039855999999999867,-0.0016937288889462554,0,0.0019927999999999934,0,0,-0.0039855999999999867,-0.0016937288889462554,0
314,FRAME,NONE,309,309,3.0899999999999999,RECOVERY,1.1000000000000014,0,0,0,0,0,-0.59704247678728772,0.22338395195285027,-0.093348212740674133,0.23720963046355756,0.016532083123351089,-0.00064203237399422161,-0.7029321634814053,-0.39492743571953604,-0.11265714582076952,0.94227264610641714,0.53991389849277882,0.11602952961352274,0.57445089989176168,0.07554016893716152,-0.14209810532187653,0.0055999999999999999,-0.034799999999999998,0.26879621064375309,-0.11105161047640494,-0.0077999999999999996,-0.14209810532187653,-0.0055999999999999999,0.034799999999999998,0.26879621064375309,-0.11105161047640494,0.0077999999999999996,0,0,0,0,0,0.96089459818542955,-0.14786436340419151,0.09557755210153028,0.92435561081524376,-0.012676378648116571,-0.23593316990339797,0.78983998076486972,0.972186819641363,-0.030090132120999535,-1.0003697607945228,0.1389408018195204,-0.2022218125935657,-0.65000301352767242,-0.18984167083841014,0.012428990024691356,0,0,-0.024857980049382711,-0.010564329396790806,0,0.012428990024691356,0,0,-0.024857980049382711,-0.010564329396790806,0,0,0,0,0,0,0.16581999560679661,-0.015898169355164055,0.015237561692351296,0.072374818365539551,-0.0022917544954385253,-0.0025346789837318749,0.11621863559170724,-0.1864539035240087,0.12897998705095615,-0.31097211174252459,0.27193188749163877,0.10505818201285433,-0.24874801142021896,0.34129817087030778,0.001772720987654329,0,0,-0.0035454419753086579,-0.0015066785185105513,0,0.001772720987654329,0,0,-0.0035454419753086579,-0.0015066785185105513,0
315,FRAME,NONE,310,310,3.1000000000000001,RECOVERY,1.1000000000000014,0,0,0,0,0,-0.58743732471479204,0.22190024959100532,-0.092379443752755738,0.24645386991322996,0.016414412523547837,-0.0029864955721059122,-0.69503788678932732,-0.38521488881323673,-0.11295159336710128,0.93225339217002612,0.5413169069872491,0.11401255962302254,0.5679384298060417,0.073658824681717416,-0.14197373045960493,0.0055999999999999999,-0.034799999999999998,0.26854746091920989,-0.1111573291093358,-0.0077999999999999996,-0.14197373045960493,-0.0055999999999999999,0.034799999999999998,0.26854746091920989,-0.1111573291093358,0.0077999999999999996,0,0,0,0,0,0.95997540781684498,-0.14748814527162699,0.096116519611811335,0.9245355015702903,-0.012690090250160314,-0.2329936165342609,0.79064150631920016,0.97021148509648103,-0.028782679915019538,-1.0034038060360739,0.14170245055047381,-0.20114143203543849,-0.65242356240404753,-0.18642092927316917,0.012445614839506174,0,0,-0.024891229679012347,-0.010578459859753031,0,0.012445614839506174,0,0,-0.024891229679012347,-0.010578459859753031,0,0,0,0,0,0,0.14518950040992867,-0.013920198572325236,0.013341780413647975,0.063370305145040745,-0.0020066258537597588,-0.0022193268911924443,0.10175929373376436,-0.20823585238416431,0.13263414923362499,-0.2965820735603697,0.28018765697968018,0.10983116046438951,-0.23515269522322857,0.34326601443757099,0.0015521679012345639,0,0,-0.0031043358024691278,-0.0013192251851340542,0,0.0015521679012345639,0,0,-0.0031043358024691278,-0.0013192251851340542,0
316,FRAME,NONE,311,311,3.1099999999999999,RECOVERY,1.1000000000000014,0,0,0,0,0,-0.57784182679299612,0.22042067963357093,-0.091405528141703205,0.25569862740140276,0.01629648159498737,-0.0053012928815544154,-0.68713601051824191,-0.37552320601760641,-0.11323279941906991,0.92220456998569567,0.5427479475037883,0.11200670097281397,0.56140242864368073,0.071811750351698136,-0.14184920038400001,0.0055999999999999999,-0.034799999999999998,0.26829840076799999,-0.1112631796736,-0.0077999999999999996,-0.14184920038400001,-0.0055999999999999999,0.034799999999999998,0.26829840076799999,-0.1112631796736,0.0077999999999999996,0,0,0,0,0,0.9589685769755546,-0.14707209456608289,0.096640800001373983,0.924457557263765,-0.012698401755875506,-0.22999953634518949,0.79131917909921634,0.96802210259367971,-0.027437449136327036,-1.0063014022657302,0.144544554959114,-0.20002518938427791,-0.654706067432137,-0.18297635054965872,0.012460032000000006,0,0,-0.024920064000000013,-0.010590713900493487,0,0.012460032000000006,0,0,-0.024920064000000013,-0.010590713900493487,0,0,0,0,0,0,0.12452020351146693,-0.011938507634863631,0.01144243356180831,0.054348856294463989,-0.0017209609439805564,-0.0019033816864821743,0.087272756839412449,-0.22966042848848733,0.13624107679282432,-0.28270404285019035,0.28805909960349929,0.11351372112149843,-0.22124665255640608,0.34539682644676994,0.001331199999999989,0,0,-0.002662399999999978,-0.001131419259253752,0,0.001331199999999989,0,0,-0.002662399999999978,-0.001131419259253752,0
317,FRAME,NONE,312,312,3.1200000000000001,RECOVERY,1.1000000000000014,0,0,0,0,0,-0.56825684858080239,0.21894563359732941,-0.09042661337225695,0.26494131542977256,0.016178345271836102,-0.0075858830811025742,-0.67922777851157845,-0.36585444676136314,-0.11350034234982782,0.91212736412471151,0.54420779808643138,0.11001205583533698,0.55484430845739896,0.069999297670724242,-0.14172453719135802,0.0055999999999999999,-0.034799999999999998,0.26804907438271602,-0.11136914338734567,-0.0077999999999999996,-0.14172453719135802,-0.0055999999999999999,0.034799999999999998,0.26804907438271602,-0.11136914338734567,0.0077999999999999996,0,0,0,0,0,0.95787613972921859,-0.14661679982975681,0.09714972965822169,0.92411999184555493,-0.012701659245467086,-0.22695174430291315,0.79187287185550248,0.96561827652671128,-0.026057858379163051,-1.0090578868930777,0.1474636325425438,-0.19887115761300853,-0.65684849545517565,-0.17951299274423377,0.012472237654320989,0,0,-0.024944475308641977,-0.010601088244938106,0,0.012472237654320989,0,0,-0.024944475308641977,-0.010601088244938106,0,0,0,0,0,0,0.10381764801164307,-0.0099536279934400226,0.0095400305044235773,0.045312891189536436,-0.0014348363758296075,-0.0015869280999112464,0.072762909913855617,-0.25174750493517362,0.13901765669548788,-0.26678487913378568,0.29564464234632659,0.11942653996389191,-0.20729844453337698,0.34596302134620727,0.0011098765432098804,0,0,-0.0022197530864197608,-0.00094331111113316046,0,0.0011098765432098804,0,0,-0.0022197530864197608,-0.00094331111113316046,0
318,FRAME,NONE,313,313,3.1299999999999999,RECOVERY,1.1000000000000014,0,0,0,0,0,-0.5586832355775162,0.21747549587098886,-0.0894428518357923,0.27417932923307647,0.01606005649358427,-0.0098397329579612003,-0.67131443715825634,-0.35621084048707219,-0.11375395658665317,0.90202341224783411,0.54569722015463917,0.1080292778205538,0.54826545873457722,0.068221490496813461,-0.14159976301353086,0.0055999999999999999,-0.034799999999999998,0.2677995260270617,-0.11147520143849876,-0.0077999999999999996,-0.14159976301353086,-0.0055999999999999999,0.034799999999999998,0.2677995260270617,-0.11147520143849876,0.0077999999999999996,0,0,0,0,0,0.95670005249085099,-0.14612288279200347,0.097642645692565533,0.92352115270925128,-0.012700216216664419,-0.22385103436657264,0.79230245854800352,0.96298715249497624,-0.024657096002417278,-1.0116370998484059,0.15045744780604053,-0.19763665858500007,-0.65885203632280454,-0.17605709012273457,0.012482228543209881,0,0,-0.024964457086419763,-0.01060958012271615,0,0.012482228543209881,0,0,-0.024964457086419763,-0.01060958012271615,0,0,0,0,0,0,0.083087377010679475,-0.0079660910987143004,0.0076350806090841961,0.03626482920598121,-0.0011483287590354726,-0.0012700508617896993,0.058233637962291446,-0.27438422751421832,0.140990444604909,-0.24900715805936668,0.30291245607161343,0.12729410652827233,-0.19328645351562868,0.3451130155788032,0.00088825679012345747,0,0,-0.0017765135802469149,-0.00075495111110518431,0,0.00088825679012345747,0,0,-0.0017765135802469149,-0.00075495111110518431,0
319,FRAME,NONE,314,314,3.1400000000000001,RECOVERY,1.1000000000000014,0,0,0,0,0,-0.54912181400907356,0.21601064336948661,-0.088454400745811707,0.28341004812280046,0.015941666219192668,-0.012062317098675049,-0.6633972354026737,-0.34659470371146361,-0.11399348426987617,0.8918946221277434,0.54721694704255219,0.10605932266363698,0.54166726773094287,0.066478155868269551,-0.141474900012,0.0055999999999999999,-0.034799999999999998,0.26754980002399997,-0.1115813349898,-0.0077999999999999996,-0.141474900012,-0.0055999999999999999,0.034799999999999998,0.26754980002399997,-0.1115813349898,0.0077999999999999996,0,0,0,0,0,0.95544219227610205,-0.1455909971396824,0.098118887469961641,0.92265952335541024,-0.012694432306800559,-0.22069818019140003,0.79260781473973063,0.96013059197642692,-0.023238049487064871,-1.0140380300542651,0.15352188166397607,-0.19632527548244308,-0.66071422452548823,-0.1726107324326577,0.012490002,0,0,-0.024980004,-0.01061618726716021,0,0.012490002,0,0,-0.024980004,-0.01061618726716021,0,0,0,0,0,0,0.062334933608806313,-0.0059764284013470986,0.0057280932433812996,0.027207089719524798,-0.00086151470332681938,-0.00095283470242769094,0.04368882598992295,-0.29659260000883259,0.14285256834865173,-0.23171639521812892,0.30973156903729704,0.13404282385852395,-0.17897424053586741,0.3444506978341963,0.00066640000000000384,0,0,-0.0013328000000000077,-0.00056638962960681161,0,0.00066640000000000384,0,0,-0.0013328000000000077,-0.00056638962960681161,0
320,FRAME,NONE,315,315,3.1499999999999999,RECOVERY,1.1000000000000014,0,0,0,0,0,-0.53957339163206164,0.21455144520999531,-0.087461422029286112,0.29263083685813679,0.01582322344465574,-0.014253117688116696,-0.65547742473941928,-0.33700822864754365,-0.11421871757639447,0.88174265164674881,0.54876765778791869,0.10410277231090494,0.53505117424406745,0.064769275848160307,-0.1413499703719506,0.0055999999999999999,-0.034799999999999998,0.26729994074390123,-0.11168752518384197,-0.0077999999999999996,-0.1413499703719506,-0.0055999999999999999,0.034799999999999998,0.26729994074390123,-0.11168752518384197,0.0077999999999999996,0,0,0,0,0,0.95410435509369185,-0.14502182723843779,0.098577798133104078,0.92153372609485329,-0.012684672008347858,-0.21749393601381925,0.79278881808149715,0.95705530049479959,-0.021800044635444243,-1.0162714277527685,0.15665207918678647,-0.19495580210782959,-0.66243152113352188,-0.16916807616605065,0.012495555950617288,0,0,-0.024991111901234576,-0.010620907915308286,0,0.012495555950617288,0,0,-0.024991111901234576,-0.010620907915308286,0,0,0,0,0,0,0.041565860906248933,-0.0039851713519985935,0.0038195777749055792,0.018142092105891617,-0.00057447081843224948,-0.00063536435213530542,0.029132359001949788,-0.3184174461151601,0.14455808253228258,-0.21477229549787813,0.31608871664118299,0.13986071428707253,-0.16438594465983947,0.34388029600703612,0.00044436543209875544,0,0,-0.00088873086419751087,-0.00037767703707503042,0,0.00044436543209875544,0,0,-0.00088873086419751087,-0.00037767703707503042,0
321,FRAME,NONE,316,316,3.1600000000000001,RECOVERY,1.1000000000000014,0,0,0,0,0,-0.5300387585544496,0.21309826241320234,-0.086464082219542202,0.30183904704486902,0.015704775219057623,-0.016411624318587992,-0.64755625918811799,-0.32745359770156762,-0.11442948516258505,0.87156919357268803,0.55034998862628792,0.10216020662148038,0.52841863730827243,0.063094794344948538,-0.14122499629634566,0.0055999999999999999,-0.034799999999999998,0.26704999259269135,-0.11179375314810616,-0.0077999999999999996,-0.14122499629634566,-0.0055999999999999999,0.034799999999999998,0.26704999259269135,-0.11179375314810616,0.0077999999999999996,0,0,0,0,0,0.95268825446374661,-0.14441608681037499,0.099018726106812366,0.92014252479795089,-0.012671303383430912,-0.21423903771874178,0.79284534888172853,0.95376224305412372,-0.02034688783641922,-1.0183334759642226,0.15984365599679973,-0.19352806119670163,-0.66400194341868501,-0.16573312651251698,0.012498888913580249,0,0,-0.024997777827160499,-0.01062374080790171,0,0.012498888913580249,0,0,-0.024997777827160499,-0.01062374080790171,0,0,0,0,0,0,0.020785702003238996,-0.0019928514013295611,0.0019100435712483055,0.0090722557408088201,-0.00028727371408045102,-0.00031772454122272313,0.014568122003576017,-0.34002880331396312,0.1459673015272514,-0.19772399503209526,0.32198515971748609,0.14534061362012768,-0.14957697642425938,0.34309574640371543,0.00022221234567901941,0,0,-0.00044442469135803881,-0.00018886370373866201,0,0.00022221234567901941,0,0,-0.00044442469135803881,-0.00018886370373866201,0
322,FRAME,NONE,317,317,3.1699999999999999,RECOVERY,1.1000000000000014,0,0,0,0,0,-0.52051868807217927,0.21165144763406379,-0.085462552357880875,0.31103201856302498,0.015586366652843835,-0.01853733381100419,-0.63963499524306999,-0.31793298378646118,-0.11462565533312286,0.86137598212746436,0.55196453090785469,0.1002322110869709,0.52177113537569375,0.061454613317909967,-0.1411,0.0055999999999999999,-0.034799999999999998,0.26679999999999998,-0.1119,-0.0077999999999999996,-0.1411,-0.0055999999999999999,0.034799999999999998,0.26679999999999998,-0.1119,0.0077999999999999996,0,0,0,0,0,0.95119552005879704,-0.14377451757432264,0.099441026580834938,0.91848482769553463,-0.012654696782968506,-0.21093420408927696,0.79277729075438474,0.95025472442852033,-0.018880698604899215,-1.0202259076534104,0.1630917823811362,-0.19204898983542704,-0.66542306066200707,-0.16230616123797634,0.012500000000000001,0,0,-0.025000000000000001,-0.01062468518938306,0,0.012500000000000001,0,0,-0.025000000000000001,-0.01062468518938306,0,0,0,0,0,0,0,-0,0,0,-0,-0,0,-0.36140431797851424,0.14707616980868393,-0.1805813963273728,0.32740265663938617,0.15046783303777206,-0.13455521023553185,0.34210904361901134,0,0,0,0,3.4694469519536142e-14,0,0,0,0,0,3.4694469519536142e-14,0
323,FRAME,NONE,318,318,3.1800000000000002,RECOVERY,1.1000000000000014,0,0,0,0,0,-0.5110139375207432,0.21021134492691795,-0.084457007912758342,0.32020708102411122,0.015468040910531259,-0.02062975005013238,-0.63171489179150342,-0.30844850321299722,-0.11480709913468304,0.85116467541961982,0.55361182427391065,0.098319226824771844,0.51511017609503229,0.059848671120189011,-0.14097500370365432,0.0055999999999999999,-0.034799999999999998,0.26655000740730861,-0.11200624685189382,-0.0077999999999999996,-0.14097500370365432,-0.0055999999999999999,0.034799999999999998,0.26655000740730861,-0.11200624685189382,0.0077999999999999996,0,0,0,0,0,0.94962769646243406,-0.14309788785557959,0.09984406296517577,0.91655969023683848,-0.012635223576309588,-0.20758013823894964,0.79258453133700246,0.94653415669455343,-0.017405364440245541,-1.0219451038907701,0.16639170912958745,-0.19051870453594619,-0.66669304762339565,-0.15889094564013675,0.012498888913580249,0,0,-0.024997777827160499,-0.010623740807901016,0,0.012498888913580249,0,0,-0.024997777827160499,-0.010623740807901016,0,0,0,0,0,0,-0.020785702003238624,0.0019928514013295259,-0.0019100435712482715,-0.0090722557408086588,0.00028727371408044587,0.00031772454122271744,-0.014568122003575757,-0.3826639195295134,0.14776419916630312,-0.16298642769918548,0.3323404066510327,0.15569815262295172,-0.11936265746470553,0.3406888165853772,-0.00022221234567901149,0,0,0.00044442469135802298,0.00018886370370396754,0,-0.00022221234567901149,0,0,0.00044442469135802298,0.00018886370370396754,0
324,FRAME,NONE,319,319,3.1899999999999999,RECOVERY,1.1000000000000014,0,0,0,0,0,-0.50152524914107588,0.20877828955052805,-0.083447628727110174,0.32936155525905431,0.015349839178458084,-0.022688383836010632,-0.62379720999348787,-0.29900230065257011,-0.11497376262192777,0.84093708004964896,0.55529236509044644,0.096421836996251981,0.50843727442322584,0.058276794405107232,-0.14085002962804938,0.0055999999999999999,-0.034799999999999998,0.26630005925609879,-0.11211247481615802,-0.0077999999999999996,-0.14085002962804938,-0.0055999999999999999,0.034799999999999998,0.26630005925609879,-0.11211247481615802,0.0077999999999999996,0,0,0,0,0,0.94798624204068893,-0.14238699117278181,0.10022720831275461,0.91436631800955315,-0.012613254897379692,-0.20417752922601684,0.79226696306985767,0.94260144603793006,-0.015925414621573153,-1.0234856362073941,0.16973859051415685,-0.188935026782968,-0.66781031381130118,-0.15549238490626879,0.012495555950617288,0,0,-0.024991111901234576,-0.01062090791530898,0,0.012495555950617288,0,0,-0.024991111901234576,-0.01062090791530898,0,0,0,0,0,0,-0.041565860906251154,0.003985171351998806,-0.0038195777749057834,-0.018142092105892588,0.00057447081843228017,0.00063536435213533936,-0.029132359001951342,-0.40372060089721717,0.14808048959775305,-0.14511272226874761,0.3367740862242341,0.16080855851256098,-0.10399109104761162,0.33895609461504633,-0.00044436543209877918,0,0,0.00088873086419755836,0.00037767703704033595,0,-0.00044436543209877918,0,0,0.00088873086419755836,0.00037767703704033595,0
325,FRAME,NONE,320,320,3.2000000000000002,RECOVERY,1.1000000000000014,0,0,0,0,0,-0.49205335095911218,0.20735260781919679,-0.082434599006168133,0.33849275483796593,0.015231800596576296,-0.024712752753602629,-0.6158832131157812,-0.28959647429223861,-0.1151256074271145,0.83069496269547194,0.55700659608419378,0.094540526289112484,0.50175396981880627,0.056738823422063635,-0.14072509998799998,0.0055999999999999999,-0.034799999999999998,0.26605019997599999,-0.1122186650102,-0.0077999999999999996,-0.14072509998799998,-0.0055999999999999999,0.034799999999999998,0.26605019997599999,-0.1122186650102,0.0077999999999999996,0,0,0,0,0,0.94627252792149941,-0.14164264481015698,0.10058984670441352,0.91190406972655969,-0.012589160413511796,-0.20072705384916836,0.79182448402633221,0.93845974467660909,-0.01444375464829048,-1.024847358336145,0.17312719085407213,-0.18730253336569497,-0.66877286944434788,-0.15211182374783583,0.012490001999999993,0,0,-0.024980003999999986,-0.01061618726716021,0,0.012490001999999993,0,0,-0.024980003999999986,-0.01061618726716021,0,0,0,0,0,0,-0.062334933608804828,0.0059764284013469572,-0.0057280932433811634,-0.027207089719524152,0.000861514703326799,0.00095283470242766839,-0.043688825989921916,-0.42448770276301562,0.14807699757948128,-0.1271365747962383,0.34068109458579299,0.16557551418015792,-0.088434103312773349,0.33703262626168656,-0.00066639999999998801,0,0,0.001332799999999976,0.00056638962967620055,0,-0.00066639999999998801,0,0,0.001332799999999976,0.00056638962967620055,0
326,FRAME,NONE,321,321,3.21,RECOVERY,1.1000000000000014,0,0,0,0,0,-0.48260005392987887,0.2059459168196702,-0.081436672365110208,0.34759874718801237,0.015097368237047189,-0.026702771139906413,-0.60796069762303806,-0.28023310575903793,-0.11526263771489358,0.82044013288292605,0.55875490890752788,0.092675786328938081,0.49506181703433888,0.055234557930150516,-0.14060023698646912,0.0055999999999999999,-0.034799999999999998,0.26580047397293827,-0.11232479856150122,-0.0077999999999999996,-0.14060023698646912,-0.0055999999999999999,0.034799999999999998,0.26580047397293827,-0.11232479856150122,0.0077999999999999996,0,0,0,0,0,0.94448938804121352,-0.14087383567292555,0.10092868176123389,0.90917264716294777,-0.012566416857285698,-0.19722959200275905,0.79124731096800249,0.93411169198266975,-0.012963874669983527,-1.0260283677033188,0.17655221240587271,-0.18562351649936484,-0.66957899587755665,-0.14875173238103506,0.012482228543209874,0,0,-0.024964457086419749,-0.010609580122715456,0,0.012482228543209874,0,0,-0.024964457086419749,-0.010609580122715456,0,0,0,0,0,0,-0.083087377010679475,0.0079660910987143004,-0.0076350806090841961,-0.03626482920598121,0.0011483287590354726,0.0012700508617896993,-0.058233637962291446,-0.44505226856006441,0.1476567338841786,-0.10877418433280495,0.3440607899654613,0.17035775581843854,-0.072727048659598781,0.33473954486716306,-0.00088825679012345747,0,0,0.0017765135802469149,0.00075495111107048984,0,-0.00088825679012345747,0,0,0.0017765135802469149,0.00075495111107048984,0
327,FRAME,NONE,322,322,3.2200000000000002,RECOVERY,1.1000000000000014,0,0,0,0,0,-0.47316377008863086,0.20453494256253313,-0.080415444020543417,0.3566752670108615,0.014981069345468922,-0.028657165014810155,-0.60005903697849738,-0.27091424045258522,-0.11538488492051417,0.81017439534140556,0.56053764033231124,0.090828055959125187,0.48836238990125513,0.053763788774442933,-0.14047546280864195,0.0055999999999999999,-0.034799999999999998,0.26555092561728394,-0.11243085661265431,-0.0077999999999999996,-0.14047546280864195,-0.0055999999999999999,0.034799999999999998,0.26555092561728394,-0.11243085661265431,0.0077999999999999996,0,0,0,0,0,0.94263477299522991,-0.1400644623944069,0.10124875915144126,0.90617133468377897,-0.012538923608163466,-0.19368535117811075,0.79055552750156444,0.9295586993054078,-0.011490619970606908,-1.0270228420228011,0.18000840665338136,-0.1838953782493262,-0.67022741041753986,-0.14541703285049257,0.012472237654320982,0,0,-0.024944475308641963,-0.0106010882449388,0,0.012472237654320982,0,0,-0.024944475308641963,-0.0106010882449388,0,0,0,0,0,0,-0.10381764801164159,0.0099536279934398821,-0.0095400305044234419,-0.045312891189535791,0.0014348363758295872,0.0015869280999112239,-0.07276290991385459,-0.46538635233281389,0.14682305406566593,-0.090046384983444305,0.34689940912269179,0.17513014194878163,-0.056877394834231598,0.33209672371341953,-0.0011098765432098646,0,0,0.0022197530864197291,0.00094331111106377152,0,-0.0011098765432098646,0,0,0.0022197530864197291,0.00094331111106377152,0
328,FRAME,NONE,323,323,3.23,RECOVERY,1.1000000000000014,0,0,0,0,0,-0.4637463878650569,0.20313231729160433,-0.079391203203809477,0.36572042238270075,0.014864986048197611,-0.030575885134599076,-0.59216480161380836,-0.26164193177292977,-0.11549245011430571,0.79989967604247003,0.56235507704059551,0.088997878763951557,0.48165726882598808,0.052326217273140664,-0.140350799616,0.0055999999999999999,-0.034799999999999998,0.26530159923199997,-0.1125368203264,-0.0077999999999999996,-0.140350799616,-0.0055999999999999999,0.034799999999999998,0.26530159923199997,-0.1125368203264,0.0077999999999999996,0,0,0,0,0,0.94071148899622492,-0.13922424662225638,0.10154654677245969,0.90290017368342157,-0.01251040175349652,-0.19009522607653584,0.78973853726543741,0.92480396493601347,-0.010027413588670209,-1.0278292954029877,0.18349020058832655,-0.18212091366038921,-0.67071654377424128,-0.14210979790676667,0.012460031999999994,0,0,-0.024920063999999988,-0.010590713900494181,0,0.012460031999999994,0,0,-0.024920063999999988,-0.010590713900494181,0,0,0,0,0,0,-0.12452020351146804,0.011938507634863739,-0.011442433561808412,-0.054348856294464475,0.0017209609439805718,0.0019033816864821912,-0.087272756839413226,-0.48525610657775275,0.14577578925464851,-0.071550070810944,0.34915819837944007,0.17915529559233562,-0.040843887361974307,0.32949200962407305,-0.0013311999999999972,0,0,0.0026623999999999945,0.0011314192593231409,0,-0.0013311999999999972,0,0,0.0026623999999999945,0.0011314192593231409,0
329,FRAME,NONE,324,324,3.2400000000000002,RECOVERY,1.1000000000000014,0,0,0,0,0,-0.45434858804001005,0.20173832685521181,-0.078364147167405515,0.37473151538740457,0.014749152397419512,-0.032458476070975746,-0.58427926517797524,-0.25241816115386495,-0.11558543319228758,0.78961780943334581,0.56420744434407777,0.087185637685917403,0.47494805902577031,0.0509215928163076,-0.14022626954039505,0.0055999999999999999,-0.034799999999999998,0.26505253908079013,-0.1126426708906642,-0.0077999999999999996,-0.14022626954039505,-0.0055999999999999999,0.034799999999999998,0.26505253908079013,-0.1126426708906642,0.0077999999999999996,0,0,0,0,0,0.93872054864327481,-0.13835408438736538,0.10182148683979611,0.89935916588321629,-0.012481202695557157,-0.18645986426901745,0.78879627233845573,0.91985357717385274,-0.0085751041855139376,-1.02845384343902,0.18699157062097016,-0.18031227233747948,-0.67104428816477935,-0.13882719265801111,0.012445614839506174,0,0,-0.024891229679012347,-0.010578459859752337,0,0.012445614839506174,0,0,-0.024891229679012347,-0.010578459859752337,0,0,0,0,0,0,-0.14518950040992976,0.013920198572325342,-0.013341780413648075,-0.063370305145041231,0.0020066258537597735,0.0022193268911924607,-0.10175929373376512,-0.50484961784558191,0.14432084166730863,-0.052712361956752662,0.35085467651713165,0.18314885483511345,-0.024688018243207432,0.32656472413091914,-0.0015521679012345797,0,0,0.0031043358024691594,0.0013192251852381376,0,-0.0015521679012345797,0,0,0.0031043358024691594,0.0013192251852381376,0
330,FRAME,NONE,325,325,3.25,RECOVERY,1.1000000000000014,0,0,0,0,0,-0.44497104142476307,0.20035324841531024,-0.07733447850131156,0.38370584840961253,0.01463359913853106,-0.034304488675782924,-0.57640370163072763,-0.24324486022945271,-0.11566395219801599,0.77933059917368963,0.56609490845301491,0.085391633317201968,0.4682363830626925,0.049549673419980442,-0.14010189467812345,0.0055999999999999999,-0.034799999999999998,0.26480378935624693,-0.11274838952359505,-0.0077999999999999996,-0.14010189467812345,-0.0055999999999999999,0.034799999999999998,0.26480378935624693,-0.11274838952359505,0.0077999999999999996,0,0,0,0,0,0.93666287386279801,-0.13745488840076731,0.10207303877699439,0.8955484825731217,-0.012451670749753299,-0.18277991329358642,0.7877286750215382,0.91470697257910183,-0.0071409967553240361,-1.0288835426421228,0.19050729411866918,-0.17845793656368694,-0.67121030413910543,-0.13557850342414829,0.012428990024691356,0,0,-0.024857980049382711,-0.010564329396789418,0,0.012428990024691356,0,0,-0.024857980049382711,-0.010564329396789418,0,0,0,0,0,0,-0.16581999560679553,0.015898169355163951,-0.015237561692351197,-0.072374818365539065,0.0022917544954385101,0.0025346789837318584,-0.11621863559170648,-0.52430800164177116,0.14230721517186767,-0.033087130474895865,0.35200074156027661,0.18766846783358632,-0.0084591010231227504,0.32303545555839169,-0.0017727209876543051,0,0,0.0035454419753086102,0.0015066785184411624,0,-0.0017727209876543051,0,0,0.0035454419753086102,0.0015066785184411624,0
331,FRAME,NONE,326,326,3.2599999999999998,RECOVERY,1.1000000000000014,0,0,0,0,0,-0.43561440982952104,0.19897735077017217,-0.076302405788890526,0.39264072586178267,0.014518353044172847,-0.036113480077627692,-0.56853938455741249,-0.23412402170228291,-0.11572825312739406,0.76904013858050335,0.56801759022645115,0.083616478954643664,0.4615238529429882,0.048210022747824634,-0.13997769708399999,0.0055999999999999999,-0.034799999999999998,0.264555394168,-0.11285395747859998,-0.0077999999999999996,-0.13997769708399999,-0.0055999999999999999,0.034799999999999998,0.264555394168,-0.11285395747859998,0.0077999999999999996,0,0,0,0,0,0.93453929549193138,-0.13652758677128277,0.10230068027121883,0.89146846795417789,-0.012422142198140121,-0.17905602342102914,0.78653569868969042,0.90936741714101732,-0.0057289598820765841,-1.0291155860485179,0.19403158545217569,-0.17655890298080776,-0.6712134701852418,-0.13236648354684327,0.012410162000000015,0,0,-0.024820324000000029,-0.010548326289383514,0,0.012410162000000015,0,0,-0.024820324000000029,-0.010548326289383514,0,0,0,0,0,0,-0.18640614600184435,0.017871888532719815,-0.01712926803032749,-0.081359976580235527,0.0025762702592882409,0.0028493532337903666,-0.13064689740804075,-0.54327942304040477,0.14005412017827068,-0.013609802222147582,0.35254570533521656,0.19156315230493826,0.0079118743209760645,0.31950650319974294,-0.001992800000000009,0,0,0.0039856000000000179,0.001693728888842172,0,-0.001992800000000009,0,0,0.0039856000000000179,0.001693728888842172,0
332,FRAME,NONE,327,327,3.27,RECOVERY,1.1000000000000014,0,0,0,0,0,-0.42627927535077542,0.19761013006371086,-0.075266820948959076,0.40153340000221344,0.014404622542907598,-0.037884984439423688,-0.56068849824329692,-0.22505751188663237,-0.11577853139565752,0.75874828745271927,0.56997554016205842,0.081860455257585812,0.45481211365898766,0.046902343749043576,-0.13985369876543211,0.0055999999999999999,-0.034799999999999998,0.26430739753086419,-0.11295935604938272,-0.0077999999999999996,-0.13985369876543211,-0.0055999999999999999,0.034799999999999998,0.26430739753086419,-0.11295935604938272,0.0077999999999999996,0,0,0,0,0,0.93235044993832283,-0.13557255475840782,0.10250408290092759,0.88711962912667186,-0.012392722898737876,-0.17528883641226681,0.78521798202678728,0.90384138411829373,-0.0043399143517586225,-1.0291557386865657,0.19755820822537351,-0.17462667351758818,-0.67105206665268591,-0.12918837336015343,0.012389135802469132,0,0,-0.024778271604938264,-0.010530454819012575,0,0.012389135802469132,0,0,-0.024778271604938264,-0.010530454819012575,0,0,0,0,0,0,-0.20694240849484347,0.019840824654332047,-0.019016390059985584,-0.090323360413402942,0.0028600965355802615,0.0031632649110577885,-0.14504019417756306,-0.56177095982330449,0.13754614443722835,0.0057783759013774194,0.35248706494378501,0.19491683676917115,0.024406558585682303,0.31594383456137742,-0.0022123456790123443,0,0,0.0044246913580246886,0.0018803259259694838,0,-0.0022123456790123443,0,0,0.0044246913580246886,0.0018803259259694838,0
333,FRAME,NONE,328,328,3.2799999999999998,RECOVERY,1.1000000000000014,0,0,0,0,0,-0.41696632890595231,0.19625229186100424,-0.074228701679530329,0.41038121750011208,0.014291749068928042,-0.039618588575821317,-0.55285177384480899,-0.21604719401991704,-0.11581505141442923,0.74845702380677204,0.57196875439095862,0.0801239454842919,0.44810281160993448,0.045626255280621565,-0.13972992167649381,0.0055999999999999999,-0.034799999999999998,0.26405984335298766,-0.11306456657498024,-0.0077999999999999996,-0.13972992167649381,-0.0055999999999999999,0.034799999999999998,0.26405984335298766,-0.11306456657498024,0.0077999999999999996,0,0,0,0,0,0.93009704584107833,-0.13459107815991228,0.10268265718296814,0.88250267427003881,-0.012363857330242266,-0.17147902444838248,0.7837751102636189,0.89813199794455123,-0.0029780369933320172,-1.0290000185304904,0.20108132675105139,-0.17266056624542434,-0.67072533901352815,-0.12604760685561572,0.012365917061728389,0,0,-0.024731834123456777,-0.010510719770864124,0,0.012365917061728389,0,0,-0.024731834123456777,-0.010510719770864124,0,0,0,0,0,0,-0.22742323998556685,0.021804446269340409,-0.020898418413734722,-0.099262550489316634,0.0031431567145859618,0.0034763292852240291,-0.1593946408950733,-0.57992649776648642,0.13463267572837168,0.025529962901782444,0.35184092237822151,0.19829696256242618,0.040974375646873895,0.31206431280628166,-0.0024312987654320907,0,0,0.0048625975308641814,0.0020664192592820263,0,-0.0024312987654320907,0,0,0.0048625975308641814,0.0020664192592820263,0
334,FRAME,NONE,329,329,3.29,RECOVERY,1.1000000000000014,0,0,0,0,0,-0.40767626241205035,0.19490462273564196,-0.073189216622792708,0.4191815404844686,0.014178902458817805,-0.041313890056424038,-0.54502983458363541,-0.20709487192774134,-0.11583809213552416,0.73816828708210946,0.57399716669707945,0.078407243932677326,0.4413976068787171,0.044381391611931262,-0.13960638771199999,0.0055999999999999999,-0.034799999999999998,0.263812775424,-0.1131695704448,-0.0077999999999999996,-0.13960638771199999,-0.0055999999999999999,0.034799999999999998,0.263812775424,-0.1131695704448,0.0077999999999999996,0,0,0,0,0,0.92777971137069615,-0.13358452553082387,0.10283581817573351,0.87761849655286506,-0.012336009578451292,-0.16762727358995222,0.78220659802786829,0.89224285416296401,-0.001647260837191189,-1.0286451394285301,0.20459502667293794,-0.17066073426633965,-0.67023257913974843,-0.1229470871040278,0.012340512000000003,0,0,-0.024681024000000006,-0.010489126433826934,0,0.012340512000000003,0,0,-0.024681024000000006,-0.010489126433826934,0,0,0,0,0,0,-0.24784309737378762,0.023762221927084579,-0.022774843723984074,-0.10817512743225152,0.0034253741865767182,0.0037884616259789808,-0.17370635255537073,-0.59771994078861024,0.13132358126236032,0.045624781839503914,0.35060356658095371,0.20168463149512761,0.057604867383931335,0.30788812202467081,-0.0026495999999999894,0,0,0.0052991999999999788,0.0022519585185509783,0,-0.0026495999999999894,0,0,0.0052991999999999788,0.0022519585185509783,0
335,FRAME,NONE,330,330,3.2999999999999998,RECOVERY,1.1000000000000014,0,0,0,0,0,-0.39840971215117571,0.19356736508622566,-0.072148622076120675,0.42793170194270325,0.014066070970001019,-0.042970472968467573,-0.53722394098974557,-0.19820233693665776,-0.11584799663117305,0.72788412101820144,0.57606065492441738,0.076710730798965107,0.43469816002713951,0.043167313538541009,-0.13948311870158026,0.0055999999999999999,-0.034799999999999998,0.26356623740316049,-0.11327434910365677,-0.0077999999999999996,-0.13948311870158026,-0.0055999999999999999,0.034799999999999998,0.26356623740316049,-0.11327434910365677,0.0077999999999999996,0,0,0,0,0,0.92539890981268713,-0.13255387845525832,0.10296312670256715,0.87246816690968654,-0.012309477885679484,-0.16373427527577047,0.78051244650035245,0.88617759912877903,-0.00035156536808481076,-1.0280875228937003,0.20809339808267047,-0.16862687361552178,-0.66957324166584953,-0.11988984441512231,0.012312927432098764,0,0,-0.024625854864197529,-0.010465680600493105,0,0.012312927432098764,0,0,-0.024625854864197529,-0.010465680600493105,0,0,0,0,0,0,-0.26819643755927819,0.025713620176904175,-0.024645156623142744,-0.11705867186648222,0.0037066723418239002,0.0040995772030125261,-0.18797144415325417,-0.61504950918452317,0.12771721886184473,0.065801752728578133,0.34876182384596666,0.20477448677301557,0.074305870989138656,0.30358280223696105,-0.0028671901234567877,0,0,0.0057343802469135754,0.0024368933332699627,0,-0.0028671901234567877,0,0,0.0057343802469135754,0.0024368933332699627,0
336,FRAME,NONE,331,331,3.3100000000000001,RECOVERY,1.1000000000000014,0,0,0,0,0,-0.38916731021839118,0.19224075118188136,-0.071107178059440834,0.43662904649987855,0.013953240417412896,-0.04458792839192173,-0.52943535382131035,-0.18937131994516576,-0.11584512344288586,0.71760653662423546,0.57815903465873286,0.07503470646036689,0.42800614204540011,0.041983594723628816,-0.13936013640375308,0.0055999999999999999,-0.034799999999999998,0.26332027280750619,-0.11337888405680986,-0.0077999999999999996,-0.13936013640375308,-0.0055999999999999999,0.034799999999999998,0.26332027280750619,-0.11337888405680986,0.0077999999999999996,0,0,0,0,0,0.92295501135865265,-0.13150012434557276,0.1030641673117112,0.86705294720191861,-0.01228454723662065,-0.15980073960850025,0.77869267632272976,0.87994186397927354,0.00090708354004570557,-1.0273291043739585,0.21157026314985727,-0.16656524453087934,-0.66874646171996566,-0.11687543105928858,0.012283170765432097,0,0,-0.024566341530864195,-0.010440388567161535,0,0.012283170765432097,0,0,-0.024566341530864195,-0.010440388567161535,0,0,0,0,0,0,-0.28847771744181105,0.027658109568138804,-0.026508847743619838,-0.12591076441628338,0.0039869745705988745,0.0044095912860145454,-0.20218603068352239,-0.63191836124701362,0.12380056274529511,0.086116040421690965,0.34631758711406446,0.20764385285958892,0.091060576903334578,0.2991193394819881,-0.003084009876543203,0,0,0.006168019753086406,0.0026211733332448528,0,-0.003084009876543203,0,0,0.006168019753086406,0.0026211733332448528,0
337,FRAME,NONE,332,332,3.3199999999999998,RECOVERY,1.1000000000000014,0,0,0,0,0,-0.37994968545620877,0.19092500313533195,-0.070065148092818844,0.44527093234789566,0.013840394295138172,-0.046165854604799356,-0.52166533383555935,-0.18060349965707229,-0.11582985496037214,0.70733753893072226,0.58029206018741453,0.07337942590834752,0.4213232307927402,0.040829804917355238,-0.13923746249999999,0.0055999999999999999,-0.034799999999999998,0.26307492499999996,-0.113483156875,-0.0077999999999999996,-0.13923746249999999,-0.0055999999999999999,0.034799999999999998,0.26307492499999996,-0.113483156875,0.0077999999999999996,0,0,0,0,0,0.92044829299872721,-0.13042425473301733,0.1031385491051455,0.86137429406847499,-0.012261488523750324,-0.15582739905483645,0.77674732911569999,0.87353923190383875,0.0021244458868210914,-1.0263652020852665,0.21501974982495176,-0.16447399655833,-0.66775203012778284,-0.11390745762548254,0.012251249999999984,0,0,-0.024502499999999969,-0.010413257133828208,0,0.012251249999999984,0,0,-0.024502499999999969,-0.010413257133828208,0,0,0,0,0,0,-0.30868139392115856,0.029595158650128083,-0.028365407717824458,-0.13472898570592964,0.0042662042631730103,0.0047184191446749228,-0.21634622714097421,-0.64831369893221247,0.1195874439829242,0.10655728051506275,0.34327168982828393,0.21029702142422863,0.10785496816712037,0.29450582348751125,-0.0032999999999999987,0,0,0.0065999999999999974,0.0028047481482121328,0,-0.0032999999999999987,0,0,0.0065999999999999974,0.0028047481482121328,0
338,FRAME,NONE,333,333,3.3300000000000001,RECOVERY,1.1000000000000014,0,0,0,0,0,-0.37075746438977381,0.18962033289311683,-0.069022798967545429,0.45385473321347952,0.013727513904809658,-0.047703857326060958,-0.51391514154427786,-0.17190053530708899,-0.11580263452514944,0.69707923258253013,0.5824594296552319,0.07174522652920029,0.41465110144284445,0.039705445571119165,-0.13911511858883949,0.0055999999999999999,-0.034799999999999998,0.262830237177679,-0.11358714919948643,-0.0077999999999999996,-0.13911511858883949,-0.0055999999999999999,0.034799999999999998,0.262830237177679,-0.11358714919948643,0.0077999999999999996,0,0,0,0,0,0.91787893848002466,-0.12932726356702087,0.10318590650948324,0.85543386281941358,-0.01224055776459072,-0.15181501226027899,0.77467646901026199,0.86697559000062929,0.0032988324197041896,-1.0251979587636573,0.21843569694642295,-0.16235930410239477,-0.66658936235662325,-0.11098531458953835,0.012217173728395044,0,0,-0.024434347456790087,-0.010384293604197292,0,0.012217173728395044,0,0,-0.024434347456790087,-0.010384293604197292,0,0,0,0,0,0,-0.32880192389709095,0.031524235972211406,-0.030214327178165506,-0.1435109163596946,0.0045442848098176426,0.0050259760486835049,-0.23044814852040682,-0.66417908099241085,0.11513589672842994,0.12698893559620617,0.33962065097981053,0.21258341743504716,0.1246858668024764,0.28983071302732599,-0.0035151012345678925,0,0,0.0070302024691357851,0.0029875674074919534,0,-0.0035151012345678925,0,0,0.0070302024691357851,0.0029875674074919534,0
339,FRAME,NONE,334,334,3.3399999999999999,RECOVERY,1.1000000000000014,0,0,0,0,0,-0.36159127216199954,0.1883269422427421,-0.067980400511186784,0.46237784036533908,0.013614578490334784,-0.049201549997267474,-0.50618603695394226,-0.1632639878570597,-0.11576387831197806,0.68683357975544912,0.58466077412634299,0.070132239826299625,0.40799144354560773,0.038610098625564471,-0.13899312617990123,0.0055999999999999999,-0.034799999999999998,0.26258625235980249,-0.11369084274708395,-0.0077999999999999996,-0.13899312617990123,-0.0055999999999999999,0.034799999999999998,0.26258625235980249,-0.11369084274708395,0.0077999999999999996,0,0,0,0,0,0.91524703833222754,-0.12821014552690863,0.10320589998869073,0.84923351136089542,-0.012221995372405581,-0.14776436796731196,0.77248018418639008,0.86025565028399054,0.0044271638213896902,-1.0238254233733424,0.22181216284454797,-0.16022232820962906,-0.66525831279173331,-0.10811084336493602,0.012180951135802474,0,0,-0.024361902271604948,-0.010353505785678369,0,0.012180951135802474,0,0,-0.024361902271604948,-0.010353505785678369,0,0,0,0,0,0,-0.34883376426938578,0.03344481008372889,-0.032055096757052558,-0.15225413700185517,0.0048211396008042131,0.0053321772677302525,-0.24448790981662266,-0.67962151715297847,0.11032186365354801,0.14778183463598493,0.33538528611209983,0.21496003761681259,0.14151184901167735,0.28487167503333033,-0.0037292543209876627,0,0,0.0074585086419753253,0.0031695807407167154,0,-0.0037292543209876627,0,0,0.0074585086419753253,0.0031695807407167154,0
340,FRAME,NONE,335,335,3.3500000000000001,RECOVERY,1.1000000000000014,0,0,0,0,0,-0.35245173346804004,0.18704502283651894,-0.066938225347065616,0.47083766466072013,0.013501565378498812,-0.050658554103886692,-0.49847927929058977,-0.15469542230140917,-0.11571409124872165,0.67660272411506328,0.58689567291212286,0.068540779965007709,0.40134593518700978,0.037543228703820444,-0.138871506688,0.0055999999999999999,-0.034799999999999998,0.26234301337599997,-0.11379421931519999,-0.0077999999999999996,-0.138871506688,-0.0055999999999999999,0.034799999999999998,0.26234301337599997,-0.11379421931519999,0.0077999999999999996,0,0,0,0,0,0.91255258996248911,-0.12707389434975275,0.10319821669860724,0.84277530413750057,-0.012206025481724406,-0.14367628902455962,0.7701585884136195,0.85338315965756972,0.0055052696927751499,-1.0222423220709376,0.22514340266866495,-0.15806010335005852,-0.6637591253763897,-0.10528788108887174,0.012142592000000001,0,0,-0.024285184000000001,-0.010320901989382958,0,0.012142592000000001,0,0,-0.024285184000000001,-0.010320901989382958,0,0,0,0,0,0,-0.36877137193781029,0.035356349534019636,-0.033887207086894244,-0.16095622825668374,0.005096692026404016,0.0056369380715049679,-0.25846162602441686,-0.69448115005900091,0.10533572417915221,0.16844687422246096,0.33054820878591906,0.21686386218112974,0.15835494026894548,0.27992791507999021,-0.0039424000000000108,0,0,0.0078848000000000217,0.0033507377777616809,0,-0.0039424000000000108,0,0,0.0078848000000000217,0.0033507377777616809,0
341,FRAME,NONE,336,336,3.3599999999999999,RECOVERY,1.1000000000000014,0,0,0,0,0,-0.3433394734883371,0.18577475623182002,-0.065896548648623085,0.47923163863145213,0.013388450124984746,-0.052074499537130461,-0.4907961267095366,-0.14619632466390831,-0.11565377291812255,0.66638873331403037,0.58916364217971628,0.066971037759298455,0.39471626103807994,0.036504341003787036,-0.13875028142720988,0.0055999999999999999,-0.034799999999999998,0.26210056285441974,-0.11389726078687161,-0.0077999999999999996,-0.13875028142720988,-0.0055999999999999999,0.034799999999999998,0.26210056285441974,-0.11389726078687161,0.0077999999999999996,0,0,0,0,0,0.90979549782260405,-0.12591950117802719,0.10316257108344346,0.8360615160760354,-0.012192855329888255,-0.1395516364733532,0.76771182258810922,0.84636602728281052,0.0065338783049727345,-1.0204564858888932,0.22842312702026635,-0.15588505096600647,-0.6620912139863544,-0.10251228506333622,0.01210210669135804,0,0,-0.02420421338271608,-0.010286491030123135,0,0.01210210669135804,0,0,-0.02420421338271608,-0.010286491030123135,0,0,0,0,0,0,-0.38860920380213998,0.03725832287242356,-0.035710148800099942,-0.16961477074845618,0.0053708654768884617,0.0059401737296975793,-0.27236541213859033,-0.70880164522918454,0.10012219853354487,0.18916371503224783,0.32512426769937264,0.21852080022047304,0.17518839680832898,0.27489604721835437,-0.0041544790123456861,0,0,0.0083089580246913722,0.003530988148189862,0,-0.0041544790123456861,0,0,0.0083089580246913722,0.003530988148189862,0
342,FRAME,NONE,337,337,3.3700000000000001,RECOVERY,1.1000000000000014,0,0,0,0,0,-0.33425511881951397,0.18451631394742868,-0.064855647889118268,0.48755721860946782,0.013275206665355076,-0.053449024997059037,-0.48313783599010873,-0.13776810175575296,-0.11558341368262219,0.65619359439728542,0.59146413545252818,0.065423078945687579,0.3881041109072827,0.03549298300255372,-0.13862947160493827,0.0055999999999999999,-0.034799999999999998,0.26185894320987657,-0.11399994913580246,-0.0077999999999999996,-0.13862947160493827,-0.0055999999999999999,0.034799999999999998,0.26185894320987657,-0.11399994913580246,0.0077999999999999996,0,0,0,0,0,0.90697557365217019,-0.12474795293068552,0.10309870541458875,0.82909463651270698,-0.01218267469563265,-0.13539131369674134,0.76514005626087433,0.83920712675298603,0.0075077136634460473,-1.0184590477702926,0.2316458880226524,-0.15368968734564906,-0.66025535744022312,-0.099789960144504655,0.012059506172839516,0,0,-0.024119012345679033,-0.010250282226419161,0,0.012059506172839516,0,0,-0.024119012345679033,-0.010250282226419161,0,0,0,0,0,0,-0.4083417167621442,0.039150198648279982,-0.037523412529078488,-0.17822734510144589,0.0056435833425288774,0.0062417995119979225,-0.28619538315393983,-0.72759973001247924,0.08817207505583402,0.22734207383828808,0.31984124007705672,0.24023756904153759,0.19083370880593198,0.25945789612515435,-0.0043654320987654201,0,0,0.0087308641975308403,0.0037102814814254925,0,-0.0043654320987654201,0,0,0.0087308641975308403,0.0037102814814254925,0
343,FRAME,NONE,338,338,3.3799999999999999,RECOVERY,1.1000000000000014,0,0,0,0,0,-0.32519929840229805,0.18326985753566294,-0.063815802587103121,0.49581188689136391,0.013161807470510293,-0.054781778437360734,-0.47550566221561441,-0.12941218212884859,-0.11550361864485363,0.64601955235862452,0.59379655994016933,0.063897244012385473,0.38151115388927548,0.034508541800896943,-0.138509098316,0.0055999999999999999,-0.034799999999999998,0.26161819663200003,-0.11410226643139999,-0.0077999999999999996,-0.138509098316,-0.0055999999999999999,0.034799999999999998,0.26161819663200003,-0.11410226643139999,0.0077999999999999996,0,0,0,0,0,0.90409253680276969,-0.12356023070114563,0.10300639027227509,0.82187737308299202,-0.012175655395558172,-0.13119627061463798,0.76244348915201443,0.83181403268256093,0.0082973198060894149,-1.0159096444121274,0.23481995182180748,-0.15108029958517571,-0.65827453981023576,-0.097323127140833132,0.012014802000000014,0,0,-0.024029604000000027,-0.010212285400494625,0,0.012014802000000014,0,0,-0.024029604000000027,-0.010212285400494625,0,0,0,0,0,0,-0.4279633677176013,0.041031445410929082,-0.039326488906239521,-0.18679153193993003,0.0059147690135967117,0.0065417306880959708,-0.29994765406526813,-0.74075233556222808,0.082542210473150746,0.24811383120354469,0.31330282744934657,0.24133253131894822,0.20760246629669687,0.2543283516187253,-0.0045752000000000084,0,0,0.0091504000000000169,0.0038885674073785292,0,-0.0045752000000000084,0,0,0.0091504000000000169,0.0038885674073785292,0
344,FRAME,NONE,339,339,3.3900000000000001,RECOVERY,1.1000000000000014,0,0,0,0,0,-0.31617264444567783,0.1820355386698895,-0.062777294048109028,0.5039931539417466,0.013048223706166285,-0.056072417552377705,-0.46790085843881801,-0.12113182110210174,-0.1154174672865004,0.63587540150904287,0.59616053448896433,0.062401472953984065,0.37493862011107798,0.033546520459737057,-0.13838918253669136,0.0055999999999999999,-0.034799999999999998,0.26137836507338269,-0.11420419484381235,-0.0077999999999999996,-0.13838918253669136,-0.0055999999999999999,0.034799999999999998,0.26137836507338269,-0.11420419484381235,0.0077999999999999996,0,0,0,0,0,0.9011460146486383,-0.12235730818564822,0.1028854249707051,0.81441265555166886,-0.012171950839192798,-0.12696750790753603,0.7596223526459438,0.82439208004174147,0.0091585578729090622,-1.0134967711462217,0.23791194457163933,-0.14886303671927009,-0.65610330811428919,-0.094703393112130149,0.011968006320987653,0,0,-0.023936012641975306,-0.01017251087827159,0,0.011968006320987653,0,0,-0.023936012641975306,-0.01017251087827159,0,0,0,0,0,0,-0.44746861356827705,0.042901531709709832,-0.041118868563991544,-0.1953049118881803,0.0061843458803632406,0.006839882527681502,-0.31361833986736953,-0.74356363176028561,0.089452157810421262,0.23498126604570846,0.30479109292241846,0.20267745979960922,0.2265911419160882,0.26924019983533276,-0.0047837234567901198,0,0,0.0095674469135802395,0.0040657955556466785,0,-0.0047837234567901198,0,0,0.0095674469135802395,0.0040657955556466785,0
345,FRAME,NONE,340,340,3.3999999999999999,RECOVERY,1.1000000000000014,0,0,0,0,0,-0.30717579334634543,0.18081349924703849,-0.061740405102972871,0.5120985606343863,0.012934425395857424,-0.0573206103063525,-0.46032467533322036,-0.11292434052801376,-0.11532044748739545,0.62574961693570008,0.59855479883160212,0.060919983278000071,0.36838908772698969,0.03261447393865434,-0.1382697451188642,0.0055999999999999999,-0.034799999999999998,0.26113949023772837,-0.11430571664896542,-0.0077999999999999996,-0.1382697451188642,-0.0055999999999999999,0.034799999999999998,0.26113949023772837,-0.11430571664896542,0.0077999999999999996,0,0,0,0,0,0.89813554309086319,-0.12114015014534027,0.10273563792744178,0.80670363955735302,-0.012171695643155771,-0.12270608124957688,0.75667691126282066,0.81694276004735522,0.01008636296229784,-1.0112100190912132,0.24091577368025585,-0.14702675038918353,-0.653742716971914,-0.091938323144126477,0.011919131876543207,0,0,-0.023838263753086415,-0.010130969489381692,0,0.011919131876543207,0,0,-0.023838263753086415,-0.010130969489381692,0,0,0,0,0,0,-0.46685191121394759,0.044759926093962198,-0.042900042134743986,-0.203765065570473,0.0064522373330998832,0.0071361703004444565,-0.32720355555504532,-0.75589532519740876,0.08328017049870351,0.25645980297916982,0.29707672450862699,0.20424973096238724,0.24322048265315588,0.2635073385315066,-0.0049909432098765348,0,0,0.0099818864197530697,0.0042419155555500909,0,-0.0049909432098765348,0,0,0.0099818864197530697,0.0042419155555500909,0
346,FRAME,NONE,341,341,3.4100000000000001,RECOVERY,1.1000000000000014,0,0,0,0,0,-0.29820938660245849,0.17960387150468921,-0.060705419843216306,0.52012568053038077,0.012820381586996254,-0.058526035505061282,-0.45277836083048412,-0.10479296590115464,-0.11521574002725445,0.61565120112721861,0.60097884996256945,0.059460937946200394,0.3618637657716397,0.031707753996854528,-0.13815080678399999,0.0055999999999999999,-0.034799999999999998,0.26090161356800001,-0.11440681423359998,-0.0077999999999999996,-0.13815080678399999,-0.0055999999999999999,0.034799999999999998,0.26090161356800001,-0.11440681423359998,0.0077999999999999996,0,0,0,0,0,0.89506056716266136,-0.11990971090534167,0.10255688697790837,0.79875371024398767,-0.012175005304848181,-0.11841310553051403,0.75360746410153556,0.8092741735377933,0.010824161282883132,-1.0083675750866383,0.24385347906181187,-0.14477804210002235,-0.65123889846122607,-0.089433246341500017,0.011868191999999998,0,0,-0.023736383999999996,-0.010087672567160588,0,0.011868191999999998,0,0,-0.023736383999999996,-0.010087672567160588,0,0,0,0,0,0,-0.48610771755438614,0.046606097113025872,-0.044669500250906033,-0.21216957361108305,0.0067183667620780187,0.0074305092760747274,-0.34069941612309484,-0.77252618209157076,0.070634608417413647,0.29484800403545286,0.28954385113300063,0.22530313897942134,0.25863342331303163,0.24771187177672488,-0.0051968000000000023,0,0,0.010393600000000005,0.0044168770369640287,0,-0.0051968000000000023,0,0,0.010393600000000005,0.0044168770369640287,0
347,FRAME,NONE,342,342,3.4199999999999999,RECOVERY,1.1000000000000014,0,0,0,0,0,-0.28927407172068909,0.17840677815228173,-0.0596726233538874,0.5280721221919199,0.012706060519499752,-0.059688383409496691,-0.44526315974440656,-0.09673885705725789,-0.11510396426173779,0.60558226543396732,0.60343186841283836,0.058024422435999624,0.35536430975776517,0.030825809011824339,-0.13803238811728394,0.0055999999999999999,-0.034799999999999998,0.26066477623456791,-0.11450747010030864,-0.0077999999999999996,-0.13803238811728394,-0.0055999999999999999,0.034799999999999998,0.26066477623456791,-0.11450747010030864,0.0077999999999999996,0,0,0,0,0,0.89192044174456009,-0.11866693289396962,0.10234905963595467,0.79056648574893407,-0.012181975935925529,-0.11408975904453905,0.7504143462498758,0.80149223640552381,0.011499055130646113,-1.0053130590105042,0.24670665070291586,-0.1425206876095951,-0.64857004850565336,-0.086984085708591979,0.011815200617283956,0,0,-0.023630401234567912,-0.010042631948642411,0,0.011815200617283956,0,0,-0.023630401234567912,-0.010042631948642411,0,0,0,0,0,0,-0.50523048948936433,0.048439513316240392,-0.046426733544886717,-0.22051601663428472,0.0069826575575690037,0.0077228147242621847,-0.35410203656631639,-0.78353923833165973,0.064333319760266627,0.31593314985284282,0.2808247032165534,0.22593487123417633,0.2750964717461446,0.24217066006416432,-0.0054012345679012542,0,0,0.010802469135802508,0.004590629629624976,0,-0.0054012345679012542,0,0,0.010802469135802508,0.004590629629624976,0
348,FRAME,NONE,343,343,3.4300000000000002,RECOVERY,1.1000000000000014,0,0,0,0,0,-0.28037050311539541,0.17722233251596944,-0.058642301444263058,0.53593553153014251,0.012591429796503689,-0.060807356391229937,-0.43778031338184481,-0.088763121173044163,-0.11498575892464152,0.59554493994700852,0.60591298297662777,0.056610524194008492,0.34889236480152663,0.029968072282682688,-0.137914509561679,0.0055999999999999999,-0.034799999999999998,0.26042901912335803,-0.11460766687257283,-0.0077999999999999996,-0.137914509561679,-0.0055999999999999999,0.034799999999999998,0.26042901912335803,-0.11460766687257283,0.0077999999999999996,0,0,0,0,0,0.88871443239928527,-0.11741274522519118,0.10211207330147683,0.78214582051481829,-0.012192684055713065,-0.10973728762250831,0.74709793015771531,0.7936033887711601,0.012110827678088465,-1.0020489120895815,0.24946997312614294,-0.14025934467533882,-0.64573696902630318,-0.08458983314021673,0.011760172246913581,0,0,-0.023520344493827162,-0.0099958599745680887,0,0.011760172246913581,0,0,-0.023520344493827162,-0.0099958599745680887,0,0,0,0,0,0,-0.52421468391865078,0.050259643252945005,-0.0481712326490948,-0.22880197526435103,0.0072450331098441543,0.0080130019146966523,-0.36740753187950603,-0.79398559948276604,0.057909347335911854,0.33705979967602051,0.27159469280946258,0.22643809689179561,0.29145410049793985,0.2365656674381808,-0.0056041876543209898,0,0,0.01120837530864198,0.0047631229629918614,0,-0.0056041876543209898,0,0,0.01120837530864198,0.0047631229629918614,0
349,FRAME,NONE,344,344,3.4399999999999999,RECOVERY,1.1000000000000014,0,0,0,0,0,-0.27149934299863659,0.17605063869662269,-0.057614740376798874,0.54371359418501186,0.012476456556672956,-0.061882669628658113,-0.43033105914104763,-0.080866789281834689,-0.11486174770817602,0.58554128719217569,0.60842126787536122,0.055219235542492848,0.34244957037723911,0.029134012349020005,-0.137797191412,0.0055999999999999999,-0.034799999999999998,0.26019438282399998,-0.1147073872998,-0.0077999999999999996,-0.137797191412,-0.0055999999999999999,0.034799999999999998,0.26019438282399998,-0.1147073872998,0.0077999999999999996,0,0,0,0,0,0.8854417163371141,-0.11614806232728969,0.10184587541612813,0.77349580838978027,-0.012207186444596665,-0.10535700868260273,0.74365862696930274,0.78561252441586849,0.01265724207736435,-0.99857186301698375,0.25213854455910512,-0.13799192567175919,-0.64274096649569457,-0.082252772359828363,0.011703121999999991,0,0,-0.023406243999999982,-0.0099473694893825737,0,0.011703121999999991,0,0,-0.023406243999999982,-0.0099473694893825737,0,0,0,0,0,0,-0.54305475774202183,0.052065955472479698,-0.049902488195939732,-0.23702503012555828,0.0075054168091748912,0.008300986117068072,-0.38061201705746533,-0.80385617358732508,0.051397426554279646,0.35818045739738347,0.26186773494113469,0.22678038382352717,0.30769507792210993,0.23092529457067329,-0.0058055999999999924,0,0,0.011611199999999985,0.0049343066666970858,0,-0.0058055999999999924,0,0,0.011611199999999985,0.0049343066666970858,0
350,FRAME,NONE,345,345,3.4500000000000002,RECOVERY,1.1000000000000014,0,0,0,0,0,-0.26266126225973296,0.17489179174045338,-0.056590226594707721,0.55140403793507375,0.012361107647631406,-0.062914051843320065,-0.42291663009789338,-0.073050870684726793,-0.11473261408309424,0.57557350268666885,0.61095575386780987,0.053850685680573308,0.33603754547161274,0.028323016835486121,-0.13768045380898764,0.0055999999999999999,-0.034799999999999998,0.2599609076179753,-0.11480661426236048,-0.0077999999999999996,-0.13768045380898764,-0.0055999999999999999,0.034799999999999998,0.2599609076179753,-0.11480661426236048,0.0077999999999999996,0,0,0,0,0,0.88210138352332979,-0.11487378262060366,0.10155044356816988,0.76462078547870771,-0.01222552005734962,-0.10095031517325964,0.74009688781101335,0.7775262652994136,0.013138776209174058,-0.9948853029416338,0.25470732782496563,-0.13572373699886828,-0.63958306746786098,-0.079971327248803264,0.01164406558024691,0,0,-0.02328813116049382,-0.009897173841234147,0,0.01164406558024691,0,0,-0.02328813116049382,-0.009897173841234147,0,0,0,0,0,0,-0.56174516785925122,0.053857918524184208,-0.051619990817830745,-0.24518276184218168,0.0077637320458326014,0.008586682601066346,-0.39371160709499398,-0.81310084143970673,0.044888406741903919,0.37909909594041613,0.25165205808974633,0.22675721254840353,0.32381828866168139,0.22536516938930981,-0.0060054123456790218,0,0,0.012010824691358044,0.0051041303704077445,0,-0.0060054123456790218,0,0,0.012010824691358044,0.0051041303704077445,0
351,FRAME,NONE,346,346,3.46,RECOVERY,1.1000000000000014,0,0,0,0,0,-0.25385694133281494,0.17374587782171214,-0.055569046448541846,0.55900463513423371,0.0122453498000216,-0.063901246074931833,-0.41553825458051896,-0.065316263975846417,-0.11459897218399254,0.56564358113334301,0.61351541443186053,0.052504760802515482,0.32965790902788189,0.027534585804043939,-0.13756431673338271,0.0055999999999999999,-0.034799999999999998,0.25972863346676545,-0.11490533077662468,-0.0077999999999999996,-0.13756431673338271,-0.0055999999999999999,0.034799999999999998,0.25972863346676545,-0.11490533077662468,0.0077999999999999996,0,0,0,0,0,0.87869243794052732,-0.11359078724715087,0.10122578554751105,0.7555253327051259,-0.012247701996224046,-0.096518679380558345,0.73641320503119168,0.76935050758707435,0.013555010212202429,-0.99098988109817543,0.25717158572090004,-0.13345678142079112,-0.63626460072246094,-0.077745468972042167,0.01158301928395061,0,0,-0.023166038567901219,-0.0098452868819744188,0,0.01158301928395061,0,0,-0.023166038567901219,-0.0098452868819744188,0,0,0,0,0,0,-0.580280371170107,0.055635000957397734,-0.053323231147176541,-0.25327275103849395,0.0080199022100885912,0.0088700066363812877,-0.40670241698688769,-0.8216394604784405,0.038539856919810045,0.39945447740552531,0.24095039223570591,0.22598631814292336,0.33983060754902428,0.22008888483542391,-0.0062035654320987512,0,0,0.012407130864197502,0.005272543703652155,0,-0.0062035654320987512,0,0,0.012407130864197502,0.005272543703652155,0
352,FRAME,NONE,347,347,3.4700000000000002,RECOVERY,1.1000000000000014,0,0,0,0,0,-0.24508707105082211,0.17261297443689991,-0.054551485922138258,0.56651320517260217,0.012129149801710509,-0.064844010493757653,-0.40819715573290677,-0.057663860532985306,-0.11446151387885019,0.55575370506470534,0.61609918558222787,0.051181550052157486,0.32331225345716352,0.026768107456045277,-0.13744880000000001,0.0055999999999999999,-0.034799999999999998,0.25949759999999999,-0.11500351999999997,-0.0077999999999999996,-0.13744880000000001,-0.0055999999999999999,0.034799999999999998,0.25949759999999999,-0.11500351999999997,0.0077999999999999996,0,0,0,0,0,0.8752137990192157,-0.11229993885477375,0.10087193935195062,0.74621427804188412,-0.012273729543605852,-0.092063656571317237,0.73260811338901122,0.76109347608984479,0.013909573347570259,-0.98689621339352329,0.25952633566967975,-0.13120401063600981,-0.63278645531688049,-0.075569549552094786,0.011520000000000011,0,0,-0.023040000000000022,-0.0097917229671611039,0,0.011520000000000011,0,0,-0.023040000000000022,-0.0097917229671611039,0,0,0,0,0,0,-0.59865482457436747,0.057396671321460459,-0.055011699816386768,-0.26129257833877234,0.0082738506922143129,0.0091508734927028702,-0.4195805617279495,-0.82927744786323032,0.032700929027511261,0.41839445863389724,0.22974561300098673,0.22353709352815332,0.3557669640034955,0.21557500031410548,-0.0064000000000000055,0,0,0.012800000000000011,0.0054394962961668014,0,-0.0064000000000000055,0,0,0.012800000000000011,0.0054394962961668014,0
353,FRAME,NONE,348,348,3.48,RECOVERY,1.1000000000000014,0,0,0,0,0,-0.23635235348412315,0.171493150609902,-0.053537830358289344,0.5739276169577181,0.012012474671657126,-0.065742119248409239,-0.40089455106796285,-0.050094394454049521,-0.11432078071704113,0.54590565686547254,0.61870594114525412,0.049880680589795286,0.31700217992154428,0.026023194813002044,-0.13733392325180246,0.0055999999999999999,-0.034799999999999998,0.2592678465036049,-0.1151011652359679,-0.0077999999999999996,-0.13733392325180246,-0.0055999999999999999,0.034799999999999998,0.2592678465036049,-0.1151011652359679,0.0077999999999999996,0,0,0,0,0,0.87166430325100264,-0.11100208043842405,0.10048897314561948,0.73669269836631579,-0.012303580253902473,-0.087586888441739563,0.72868219118954802,0.75276495862980974,0.014209028792752654,-0.98262199192549748,0.26176649798091978,-0.12898603955022805,-0.62914926144239103,-0.073433968965760058,0.011455025209876542,0,0,-0.022910050419753084,-0.0097364969560510828,0,0.011455025209876542,0,0,-0.022910050419753084,-0.0097364969560510828,0,0,0,0,0,0,-0.61686298497179837,0.059142398165711339,-0.056684887457869912,-0.26923982436728844,0.008525500882481038,0.009429198439720874,-0.43234215631297335,-0.83666091976646317,0.026399820727829315,0.43847280342901307,0.21817309063726364,0.22231413927228522,0.37145843226157882,0.21037159624928553,-0.0065946567901234389,0,0,0.013189313580246878,0.005604937777826946,0,-0.0065946567901234389,0,0,0.013189313580246878,0.005604937777826946,0
354,FRAME,NONE,349,349,3.4900000000000002,RECOVERY,1.1000000000000014,0,0,0,0,0,-0.22765350276193452,0.17038646710743646,-0.052528364184493449,0.58124579141229815,0.011895291832961478,-0.066595363347074152,-0.39363165201068262,-0.042608561360389111,-0.11417733330299513,0.53610126522619539,0.62133451554184627,0.048601829261152925,0.3107292682283157,0.025299428076730076,-0.13721970595397531,0.0055999999999999999,-0.034799999999999998,0.2590394119079506,-0.11519824993912099,-0.0077999999999999996,-0.13721970595397531,-0.0055999999999999999,0.034799999999999998,0.2590394119079506,-0.11519824993912099,0.0077999999999999996,0,0,0,0,0,0.86804270599937539,-0.10969803424105411,0.10007698517053872,0.72696592089410261,-0.012337212104305014,-0.083090106340609537,0.72463606136263292,0.74436025769451553,0.014437569762126845,-0.97812675732494303,0.26388979748242503,-0.12675772785056411,-0.62535728667164892,-0.071362117627109076,0.011388112987654323,0,0,-0.022776225975308647,-0.009679624211604565,0,0.011388112987654323,0,0,-0.022776225975308647,-0.009679624211604565,0,0,0,0,0,0,-0.63489930926217886,0.060871650039490639,-0.058342284704035692,-0.27711206974831987,0.0087747761711602298,0.0097048967471252811,-0.44498331573676286,-0.84413632843552966,0.019085667197875356,0.46113833484406896,0.20631605782944762,0.22395400584919109,0.38680997931486716,0.20366915496131954,-0.0067874765432098944,0,0,0.013574953086419789,0.005768817777918045,0,-0.0067874765432098944,0,0,0.013574953086419789,0.005768817777918045,0
355,FRAME,NONE,350,350,3.5,RECOVERY,1.1000000000000014,0,0,0,0,0,-0.21899124587441879,0.16929297666419993,-0.051523370639129443,0.58846570398394682,0.011777569284605941,-0.067403551569665154,-0.38640966343198374,-0.03520718930015921,-0.11403202932179859,0.52634312171897368,0.62398373709490262,0.047345526032784004,0.3044950341881113,0.024595952460459862,-0.13710616738799999,0.0055999999999999999,-0.034799999999999998,0.25881233477599996,-0.11529475772019999,-0.0077999999999999996,-0.13710616738799999,-0.0055999999999999999,0.034799999999999998,0.25881233477599996,-0.11529475772019999,0.0077999999999999996,0,0,0,0,0,0.86434768352362923,-0.10838860071649581,0.099636103612177104,0.71703952414440131,-0.012374563703961195,-0.078575134235121441,0.72047039248326095,0.73588223206109915,0.014590742136710161,-0.97339922522861611,0.26589281913750873,-0.12450695943324423,-0.62141306185609368,-0.069360585866533667,0.011319281999999998,0,0,-0.022638563999999996,-0.0096211206004927219,0,0.011319281999999998,0,0,-0.022638563999999996,-0.0096211206004927219,0,0,0,0,0,0,-0.65275825434527401,0.062583895492137262,-0.059983382187292544,-0.28490689510613804,0.0090215999485231541,0.0099778836846058632,-0.45750015499411156,-0.8508973069499326,0.012016595216587933,0.48317233511563362,0.19405168164537967,0.22483423523714588,0.40200625463976403,0.19730561038236588,-0.006978399999999994,0,0,0.013956799999999988,0.0059310859258990267,0,-0.006978399999999994,0,0,0.013956799999999988,0.0059310859258990267,0
356,FRAME,NONE,351,351,3.5099999999999998,RECOVERY,1.1000000000000014,0,0,0,0,0,-0.21036632345332601,0.16821272421705757,-0.050523131498409687,0.59558538716200848,0.011659275771416993,-0.068166511408247976,-0.37922978317382461,-0.027890916719167127,-0.11388551846026093,0.51663328072162307,0.62665237192459644,0.04611169007248804,0.29830100699119383,0.023912216359399403,-0.13699332664572839,0.0055999999999999999,-0.034799999999999998,0.2585866532914568,-0.11539067235113085,-0.0077999999999999996,-0.13699332664572839,-0.0055999999999999999,0.034799999999999998,0.2585866532914568,-0.11539067235113085,0.0077999999999999996,0,0,0,0,0,0.86057783523194942,-0.10707455755663221,0.099166486419795863,0.70691933838780652,-0.012415554561049973,-0.074043891386776431,0.71618589973176372,0.72734231155551687,0.014677901666458604,-0.96846331062263036,0.26777083111533262,-0.12226104314582119,-0.61731716157885363,-0.067416005419461758,0.011248551506172847,0,0,-0.022497103012345695,-0.0095610024930865845,0,0.011248551506172847,0,0,-0.022497103012345695,-0.0095610024930865845,0,0,0,0,0,0,-0.67043427712086345,0.064278603072991519,-0.06160767054005023,-0.29262188106502074,0.0092658956048412792,0.010248074521852613,-0.46988878907982345,-0.856789834672117,0.0054865640503054536,0.50386387838427527,0.18137121951783408,0.22418478533854647,0.41707462003603979,0.19167783875493685,-0.0071673679012345635,0,0,0.014334735802469127,0.0060916918517492369,0,-0.0071673679012345635,0,0,0.014334735802469127,0.0060916918517492369,0
357,FRAME,NONE,352,352,3.52,RECOVERY,1.1000000000000014,0,0,0,0,0,-0.20177949052872543,0.16714574714763289,-0.049527926804448709,0.60260293299598444,0.011540380951754633,-0.068884090032562864,-0.37209320156621767,-0.020660343069048872,-0.11373847128846942,0.50697385550652108,0.62933915371720928,0.04490030516986758,0.29214869095653423,0.023247632352070627,-0.13688120262345679,0.0055999999999999999,-0.034799999999999998,0.25836240524691356,-0.11548597777006173,-0.0077999999999999996,-0.13688120262345679,-0.0055999999999999999,0.034799999999999998,0.25836240524691356,-0.11548597777006173,0.0077999999999999996,0,0,0,0,0,0.85673168618002082,-0.10575665878504302,0.098668321082279672,0.69661144552773135,-0.012460085407173558,-0.069498394704334707,0.71178334579218816,0.71874643536765681,0.01470047341771627,-0.9633219476609306,0.26952024352786541,-0.1200232637264733,-0.61307156945537289,-0.06552702909143493,0.01117594135802469,0,0,-0.02235188271604938,-0.0094992867634577371,0,0.01117594135802469,0,0,-0.02235188271604938,-0.0094992867634577371,0,0,0,0,0,0,-0.68792183448871536,0.065955241331392606,-0.06321464039471747,-0.30025460824924066,0.0095075865303859124,0.010515384528555343,-0.48214533298869411,-0.86204072760341366,-0.0007993395767513789,0.52402181523622526,0.16833203049099188,0.22295170209220283,0.43195211947080758,0.18631741714670441,-0.0073543209876543057,0,0,0.014708641975308611,0.0062505851851704652,0,-0.0073543209876543057,0,0,0.014708641975308611,0.0062505851851704652,0
358,FRAME,NONE,353,353,3.5299999999999998,RECOVERY,1.1000000000000014,0,0,0,0,0,-0.1932315172593935,0.16609207553260824,-0.048538034594800494,0.60951649560978804,0.011420855562462251,-0.069556155277377976,-0.36500110093676946,-0.01351598801181399,-0.11359150899190661,0.49736684176840446,0.63204277679515375,0.043711224797958574,0.28603957560208637,0.022601675777570704,-0.136769814016,0.0055999999999999999,-0.034799999999999998,0.25813962803199997,-0.1155806580864,-0.0077999999999999996,-0.136769814016,-0.0055999999999999999,0.034799999999999998,0.25813962803199997,-0.1155806580864,0.0077999999999999996,0,0,0,0,0,0.85280768983158728,-0.10443563391922635,0.098141824360096469,0.68612217836563716,-0.012508038578404134,-0.064940760740640882,0.70726354168771022,0.7101014970034486,0.014661914874923576,-0.95798287431790585,0.27113747172515246,-0.11780200910397713,-0.60867811918943748,-0.06368965707652767,0.011101472000000001,0,0,-0.022202944000000002,-0.0094359907893831751,0,0.011101472000000001,0,0,-0.022202944000000002,-0.0094359907893831751,0,0,0,0,0,0,-0.70521538334860567,0.0676132788166805,-0.064803782383703684,-0.30780265728307415,0.0097465961154284721,0.010779728974403994,-0.49426590171552509,-0.86677759092958495,-0.0070209343988256179,0.54414245518677462,0.15498071771313793,0.22170826995040332,0.44659780238279212,0.18094778738328743,-0.0075392000000000159,0,0,0.015078400000000032,0.0064077155555869458,0,-0.0075392000000000159,0,0,0.015078400000000032,0.0064077155555869458,0
359,FRAME,NONE,354,354,3.54,RECOVERY,1.1000000000000014,0,0,0,0,0,-0.184723189634067,0.16505173240105539,-0.047553730633806586,0.61632429370524278,0.011300671580588919,-0.070182596647820658,-0.35795465511336599,-0.0064583131289799008,-0.11344523299097095,0.48781419802016296,0.63476190315171233,0.042544264987788037,0.27997512857274548,0.021973839210540073,-0.13665917931076543,0.0055999999999999999,-0.034799999999999998,0.25791835862153084,-0.11567469758584939,-0.0077999999999999996,-0.13665917931076543,-0.0055999999999999999,0.034799999999999998,0.25791835862153084,-0.11567469758584939,0.0077999999999999996,0,0,0,0,0,0.8488042310973769,-0.10311218720339356,0.097587241973905905,0.67545811920057197,-0.012559278452246704,-0.060373207300321426,0.70262734755218204,0.70141088354906511,0.014560054729739758,-0.95243909855719511,0.27261985788212817,-0.11558909832746524,-0.60413961340771705,-0.061908073343769181,0.011025164469135807,0,0,-0.022050328938271614,-0.0093711324523459982,0,0.011025164469135807,0,0,-0.022050328938271614,-0.0093711324523459982,0,0,0,0,0,0,-0.72230938060029959,0.069252184078194085,-0.066374587139417324,-0.31526360879079252,0.0099828477502402237,0.011041023129088334,-0.50624661025510986,-0.87106563083041433,-0.013251819654738761,0.56444894043647387,0.14135113863722459,0.22072359948402398,0.46098753790607683,0.17544421910390717,-0.0077219456790123308,0,0,0.015443891358024662,0.006563032592665774,0,-0.0077219456790123308,0,0,0.015443891358024662,0.006563032592665774,0
360,FRAME,NONE,355,355,3.5499999999999998,RECOVERY,1.1000000000000014,0,0,0,0,0,-0.17625531014077345,0.16402473399809006,-0.046575288146105287,0.62302461304804468,0.011179802381411884,-0.070763326338710797,-0.35095502892064406,0.00051222965916731199,-0.11330030789731181,0.47831805979726055,0.63749517395279631,0.041399442831409269,0.27395678333393203,0.02136351431069532,-0.13654931678182713,0.0055999999999999999,-0.034799999999999998,0.2576986335636543,-0.11576808073544692,-0.0077999999999999996,-0.13654931678182713,-0.0055999999999999999,0.034799999999999998,0.2576986335636543,-0.11576808073544692,0.0077999999999999996,0,0,0,0,0,0.84471962966856373,-0.10178699691374159,0.097004848250271974,0.66462609771403991,-0.012613651939697964,-0.055798054625570817,0.69787567333730505,0.69268018438684031,0.014396878481828801,-0.94669389550917638,0.27396449449789695,-0.11338753711429665,-0.59945836843131595,-0.060180772694449526,0.010947040395061738,0,0,-0.021894080790123477,-0.0093047301375298597,0,0.010947040395061738,0,0,-0.021894080790123477,-0.0093047301375298597,0,0,0,0,0,0,-0.7391982831435806,0.07087142566527406,-0.067926545294268489,-0.32263504339667526,0.010216264825092691,0.011299182262298417,-0.5180835736022551,-0.87476285148102573,-0.019209809719589188,0.58425441240489429,0.12743508881224441,0.21925628779267264,0.47514957656369372,0.1701870739390359,-0.0079024987654321265,0,0,0.015804997530864253,0.0067164859260046561,0,-0.0079024987654321265,0,0,0.015804997530864253,0.0067164859260046561,0
361,FRAME,NONE,356,356,3.5600000000000001,RECOVERY,1.1000000000000014,0,0,0,0,0,-0.16782869840117268,0.16301109005412792,-0.045602977552660427,0.62961580892872449,0.011058222892286598,-0.071298280263479466,-0.34400337767086653,0.007395290558756905,-0.11315729542133438,0.46888032010997943,0.64024119304167026,0.040276514245502104,0.26798596120411916,0.020770223756651083,-0.136440244484,0.0055999999999999999,-0.034799999999999998,0.25748048896800002,-0.11586079218859999,-0.0077999999999999996,-0.136440244484,-0.0055999999999999999,0.034799999999999998,0.25748048896800002,-0.11586079218859999,0.0077999999999999996,0,0,0,0,0,0.84055214366038533,-0.10046071473799392,0.096394945724845554,0.65363318809257942,-0.012670989031484409,-0.051217726128215998,0.69300947945516589,0.6839156265194446,0.014175858535347974,-0.94075401030909722,0.27516855965837306,-0.11120397257161178,-0.59463662187644317,-0.058504331864988462,0.010867121999999984,0,0,-0.021734243999999969,-0.0092368027338259051,0,0.010867121999999984,0,0,-0.021734243999999969,-0.0092368027338259051,0,0,0,0,0,0,-0.75587654787821146,0.072470472127259086,-0.069459147480665409,-0.32991454172499274,0.010446770730257108,0.011554121643723974,-0.52977290675175281,-0.87791387569761126,-0.024927495845539216,0.60367448683901204,0.11326291939117716,0.21745740426345334,0.48906539958995521,0.16510992468171842,-0.0080808000000000234,0,0,0.016161600000000047,0.0068680251851319096,0,-0.0080808000000000234,0,0,0.016161600000000047,0.0068680251851319096,0
362,FRAME,NONE,357,357,3.5699999999999998,RECOVERY,1.1000000000000014,0,0,0,0,0,-0.15944419176677183,0.16201080405901649,-0.044637066209660826,0.63609630859080202,0.010935909741847345,-0.071787419087986221,-0.33710084664982903,0.014190542189556204,-0.11301679072660485,0.45950297959107861,0.64299854514596377,0.039175363379977034,0.26206405089640317,0.020193427673395551,-0.13633198024691359,0.0055999999999999999,-0.034799999999999998,0.25726396049382716,-0.11595281679012344,-0.0077999999999999996,-0.13633198024691359,-0.0055999999999999999,0.034799999999999998,0.25726396049382716,-0.11595281679012344,0.0077999999999999996,0,0,0,0,0,0.83629997358087194,-0.099133965230906618,0.09575786470330927,0.64248670534217867,-0.012731103397443749,-0.046634748637262705,0.6880297773562839,0.67512190687288809,0.013898328564918017,-0.93462040577239613,0.27622975288572049,-0.10903838902902759,-0.58967706043951684,-0.056878574200815157,0.010785432098765438,0,0,-0.021570864197530876,-0.0091673696338272215,0,0.010785432098765438,0,0,-0.021570864197530876,-0.0091673696338272215,0,0,0,0,0,0,-0.77233863170396533,0.074048792013488865,-0.070971884331017254,-0.33709968440001992,0.010674288856004849,0.011805756543054899,-0.54131072469840213,-0.88064781943119064,-0.030601809721184092,0.62323816322235048,0.098883961306139856,0.21592813705815367,0.50269549594153529,0.15992231971416296,-0.0082567901234567691,0,0,0.016513580246913538,0.0070175999998881022,0,-0.0082567901234567691,0,0,0.016513580246913538,0.0070175999998881022,0
363,FRAME,NONE,358,358,3.5800000000000001,RECOVERY,1.1000000000000014,0,0,0,0,0,-0.15110264587367486,0.16102387354029529,-0.043677818150663503,0.64246461361779095,0.01081284140409656,-0.072230729264245438,-0.3302485705984155,0.020897728696214667,-0.11287932885003601,0.45018791199453151,0.64576578809938467,0.038095746464921552,0.25619241999532882,0.01963265227263478,-0.1362245416690864,0.0055999999999999999,-0.034799999999999998,0.25704908333817283,-0.11604413958127653,-0.0077999999999999996,-0.1362245416690864,-0.0055999999999999999,0.034799999999999998,0.25704908333817283,-0.11604413958127653,0.0077999999999999996,0,0,0,0,0,0.83196126663857861,-0.097807345347314181,0.095093962780318328,0.63119420075109267,-0.01279379303791299,-0.042051752132626331,0.68293763004352948,0.66630267013082078,0.013563822340924292,-0.92828924704465021,0.27714623888449585,-0.10688540983044871,-0.58458271195761247,-0.055305885470705203,0.010701994098765429,0,0,-0.021403988197530859,-0.0090964507338281431,0,0.010701994098765429,0,0,-0.021403988197530859,-0.0090964507338281431,0,0,0,0,0,0,-0.7885789915206235,0.07560585387330386,-0.07246424647773396,-0.34418805204603542,0.010898742592607409,0.012054002229981209,-0.5526931424370084,-0.88292814918480844,-0.036126759632645888,0.64270306462485549,0.084311822465821251,0.21442098313513569,0.51604330812131671,0.15475627146844909,-0.008430409876543225,0,0,0.01686081975308645,0.0071651599999750237,0,-0.008430409876543225,0,0,0.01686081975308645,0.0071651599999750237,0
364,FRAME,NONE,359,359,3.5899999999999999,RECOVERY,1.1000000000000014,0,0,0,0,0,-0.14280493515244047,0.16005029034483118,-0.042725493832347049,0.64871930227037244,0.010688998336914488,-0.072628224058786051,-0.32344767319040446,0.027516595592172621,-0.11274551427978637,0.4409371946501856,0.64854146992365369,0.03703765518336806,0.25037239665725092,0.019087309963981447,-0.13611794611199998,0.0055999999999999999,-0.034799999999999998,0.25683589222399994,-0.1161347458048,-0.0077999999999999996,-0.13611794611199998,-0.0055999999999999999,0.034799999999999998,0.25683589222399994,-0.1161347458048,0.0077999999999999996,0,0,0,0,0,0.82753412140203442,-0.09648142405417405,0.094403624316625565,0.61976345646086506,-0.012858840985830533,-0.037471468937707378,0.67773415252269287,0.65746334388919192,0.013175793372265099,-0.92176634447989902,0.27791598933503692,-0.10474996936632487,-0.57935619427709051,-0.053783448771446175,0.010616831999999986,0,0,-0.021233663999999972,-0.009024066433827721,0,0.010616831999999986,0,0,-0.021233663999999972,-0.009024066433827721,0,0,0,0,0,0,-0.80459208422795025,0.0771411262560429,-0.07393572455322385,-0.35117722528731021,0.011120055330336042,0.012298773974192665,-0.56391627496236441,-0.88466286619596213,-0.041280808428210969,0.66153406807642479,0.06954769266681593,0.21237178690363193,0.5291271313880741,0.14990046463855647,-0.0086016000000000131,0,0,0.017203200000000026,0.0073106548148862971,0,-0.0086016000000000131,0,0,0.017203200000000026,0.0073106548148862971,0
365,FRAME,NONE,360,360,3.6000000000000001,RECOVERY,1.1000000000000014,0,0,0,0,0,-0.13455195328944577,0.15909004092306578,-0.041780349884260506,0.65485903176453852,0.010564363114530875,-0.072979944570051594,-0.31669926650712033,0.034046995573998505,-0.11261581298259071,0.43175258510493353,0.65132410788608541,0.036000747077595055,0.24460529610978701,0.018556983297205856,-0.13601221069417282,0.0055999999999999999,-0.034799999999999998,0.25662442138834568,-0.11622462090995309,-0.0077999999999999996,-0.13601221069417282,-0.0055999999999999999,0.034799999999999998,0.25662442138834568,-0.11622462090995309,0.0077999999999999996,0,0,0,0,0,0.82301659282200967,-0.095156742022942012,0.093687259874537368,0.60820247910911207,-0.012926016058123784,-0.032896732345820939,0.67242051219068266,0.64860941280690154,0.012738206172360073,-0.91505856568312172,0.27853719273783217,-0.10263797409237607,-0.57400016932985098,-0.052307876177934073,0.010529970395061728,0,0,-0.021059940790123455,-0.0089502376375304171,0,0.010529970395061728,0,0,-0.021059940790123455,-0.0089502376375304171,0,0,0,0,0,0,-0.82037236672571745,0.078654077711045531,-0.075385809189896,-0.35806478474811859,0.011338150459462107,0.012539987045379135,-0.57497623726926872,-0.88599955178824685,-0.046310432369467414,0.68037626454603428,0.054646645597233867,0.21050185460426418,0.54190358329493371,0.14500502527651191,-0.0087703012345678941,0,0,0.017540602469135788,0.0074540340741849342,0,-0.0087703012345678941,0,0,0.017540602469135788,0.0074540340741849342,0
366,FRAME,NONE,361,361,3.6099999999999999,RECOVERY,1.1000000000000014,0,0,0,0,0,-0.12634461363612604,0.15814310661509159,-0.040842638862946208,0.66088254048144479,0.010438920553514952,-0.073285960729190719,-0.31000445050949471,0.040488783848310651,-0.11249075015633916,0.42263602333652317,0.65411221377841033,0.034984895701520538,0.2388923932706539,0.018041152440422766,-0.13590735228523457,0.0055999999999999999,-0.034799999999999998,0.25641470457046911,-0.11631375055755061,-0.0077999999999999996,-0.13590735228523457,-0.0055999999999999999,0.034799999999999998,0.25641470457046911,-0.11631375055755061,0.0077999999999999996,0,0,0,0,0,0.81840669762588658,-0.093833811403458686,0.09294530561186512,0.59651949251233216,-0.012995073654768423,-0.028330474658221055,0.6669979291626823,0.63974335285342698,0.012249584724875751,-0.90815881918897834,0.27900892224698159,-0.10053993227423959,-0.56851812261119183,-0.050883348265915937,0.010441434469135799,0,0,-0.020882868938271598,-0.0088749857523440223,0,0.010441434469135799,0,0,-0.020882868938271598,-0.0088749857523440223,0,0,0,0,0,0,-0.83591429591370392,0.080144176787651997,-0.076813991020160094,-0.36484831105273807,0.01155295137025706,0.0127775567132306,-0.58586914435252446,-0.88694071540418307,-0.051172071234145688,0.69914024266995445,0.039630148480629401,0.20873416686398305,0.554367614570489,0.14011521732502225,-0.0089364543209876496,0,0,0.017872908641975299,0.0075952474073645582,0,-0.0089364543209876496,0,0,0.017872908641975299,0.0075952474073645582,0
367,FRAME,NONE,362,362,3.6200000000000001,RECOVERY,1.1000000000000014,0,0,0,0,0,-0.11818384956231352,0.15720946393778623,-0.039912609010845916,0.6667886500989838,0.01031265783183,-0.073546372278084526,-0.3033643125081254,0.046841862631067044,-0.1123708212880932,0.41358940872115396,0.65690428633102504,0.033989948432110263,0.23323493365756318,0.017539316331887538,-0.13580338750000001,0.0055999999999999999,-0.034799999999999998,0.256206775,-0.11640212062499997,-0.0077999999999999996,-0.13580338750000001,-0.0055999999999999999,0.034799999999999998,0.256206775,-0.11640212062499997,0.0077999999999999996,0,0,0,0,0,0.8137024200913987,-0.092513115680402436,0.092178222634526893,0.58472292936215631,-0.013065756603733752,-0.023775724614694113,0.66146767653987271,0.63087059849881788,0.011714764747677159,-0.90107576082972263,0.27932979570744476,-0.098463290755096411,-0.5629128170384412,-0.049505571831433628,0.010351250000000018,0,0,-0.020702500000000037,-0.008798332689383126,0,0.010351250000000018,0,0,-0.020702500000000037,-0.008798332689383126,0,0,0,0,0,0,-0.85121232869168073,0.081610892035201776,-0.07821976067642511,-0.37152538482544273,0.011764381452992252,0.013011398247436924,-0.59659111120692954,-0.88737726800262595,-0.055599204406564517,0.71717142740235218,0.024493940697367655,0.20637766899546037,0.56654436260628049,0.13558029937198005,-0.0091000000000000299,0,0,0.01820000000000006,0.0077342444442657365,0,-0.0091000000000000299,0,0,0.01820000000000006,0.0077342444442657365,0
368,FRAME,NONE,363,363,3.6299999999999999,RECOVERY,1.1000000000000014,0,0,0,0,0,-0.11007061474987376,0.15628908487220264,-0.038990504020377542,0.67257626763537726,0.010185564600532476,-0.073761309718638854,-0.29677992663183406,0.053106195818287009,-0.11225645486138562,0.40461450811992872,0.65969880969255923,0.03301562988641861,0.22763413692988507,0.017051041003794093,-0.1357003326925432,0.0055999999999999999,-0.034799999999999998,0.25600066538508642,-0.11648971721133827,-0.0077999999999999996,-0.1357003326925432,-0.0055999999999999999,0.034799999999999998,0.25600066538508642,-0.11648971721133827,0.0077999999999999996,0,0,0,0,0,0.80890171820441181,-0.09119510961316328,0.091386496308005605,0.57282142191458885,-0.013137796049805953,-0.019235604201318524,0.65583108061952533,0.62199580749337446,0.01113760063674446,-0.8938153906409313,0.27949880106092895,-0.096412378894330381,-0.55718723535906622,-0.048171742278476336,0.0102594433580247,0,0,-0.0205188867160494,-0.0087203008634587076,0,0.0102594433580247,0,0,-0.0205188867160494,-0.0087203008634587076,0,0,0,0,0,0,-0.86626092195941129,0.083053692003033627,-0.079602608791099344,-0.37809358669050325,0.011972364097938929,0.01324142691768785,-0.60713825282727663,-0.88741991675694298,-0.059767209696845458,0.73492767615243593,0.0092848462709960167,0.20394844333099099,0.57840135703410289,0.13115112376478089,-0.0092608790123456693,0,0,0.018521758024691339,0.0078709748148678149,0,-0.0092608790123456693,0,0,0.018521758024691339,0.0078709748148678149,0
369,FRAME,NONE,364,364,3.6400000000000001,RECOVERY,1.1000000000000014,0,0,0,0,0,-0.10200588342276036,0.15538193715042986,-0.038076562803608334,0.67824438739433379,0.010057633087684571,-0.073930935226847058,-0.29025235329527321,0.059281778780934533,-0.11214806927535831,0.39571310090833534,0.66249426235224362,0.032061700854223656,0.22209118895038185,0.016575881486318011,-0.13559820395027158,0.0055999999999999999,-0.034799999999999998,0.2557964079005432,-0.11657652664226914,-0.0077999999999999996,-0.13559820395027158,-0.0055999999999999999,0.034799999999999998,0.2557964079005432,-0.11657652664226914,0.0077999999999999996,0,0,0,0,0,0.80400253020308332,-0.089880219259847335,0.090570635527949098,0.56082379165836371,-0.013210912385080965,-0.0147133248240478,0.65008952104963158,0.61312220016367902,0.01051942055374025,-0.88637720730667391,0.27951549263286468,-0.094384321888476591,-0.55134478989775915,-0.04688254935613801,0.010166041506172821,0,0,-0.020332083012345643,-0.0086409131930857697,0,0.010166041506172821,0,0,-0.020332083012345643,-0.0086409131930857697,0,0,0,0,0,0,-0.88105453261667932,0.084472045240488222,-0.080962025996592912,-0.38455049727219909,0.012176822695368609,0.013467557993673432,-0.61750668420837207,-0.88713805406800961,-0.063780149100155226,0.75268308728657085,-0.0059582748124231699,0.2017584533121293,0.58991602630981133,0.12668046400073421,-0.0094190320987654272,0,0,0.018838064197530854,0.0080053881483174716,0,-0.0094190320987654272,0,0,0.018838064197530854,0.0080053881483174716,0
370,FRAME,NONE,365,365,3.6499999999999999,RECOVERY,1.1000000000000014,0,0,0,0,0,-0.093990650509691603,0.15448798454111309,-0.037171019267925917,0.68379209280185693,0.0099288581940879979,-0.074055443525460493,-0.28378263866604642,0.06536863982156059,-0.11204606645031082,0.38688696397379524,0.66528911954521652,0.031127943448649078,0.21660724113192989,0.016113390016671333,-0.13549701708799999,0.0055999999999999999,-0.034799999999999998,0.25559403417600002,-0.11666253547519999,-0.0077999999999999996,-0.13549701708799999,-0.0055999999999999999,0.034799999999999998,0.25559403417600002,-0.11666253547519999,0.0077999999999999996,0,0,0,0,0,0.79900278150736337,-0.088568842085892385,0.089731171950279812,0.54873903795614354,-0.013284816218652924,-0.010212182841244786,0.64424443093033423,0.60425304641201427,0.0098619976547413557,-0.87876172889519988,0.27937963556468048,-0.092377209828087795,-0.54538891483287,-0.045638132998461652,0.010071072,0,0,-0.020142144000000001,-0.0085601931004923582,0,0.010071072,0,0,-0.020142144000000001,-0.0085601931004923582,0,0,0,0,0,0,-0.895587617563252,0.085865420296904679,-0.082297502925314445,-0.39089369719480266,0.012377680635552588,0.013689706745083468,-0.62769252034501122,-0.88648452700125779,-0.0674910320405675,0.77007739403125997,-0.021226807166707662,0.19943708969922397,0.60109914399905651,0.12235685630748554,-0.0095743999999999916,0,0,0.019148799999999983,0.0081374340740736351,0,-0.0095743999999999916,0,0,0.019148799999999983,0.0081374340740736351,0
371,FRAME,NONE,366,366,3.6600000000000001,RECOVERY,1.1000000000000014,0,0,0,0,0,-0.086025931735562389,0.15360718713283988,-0.036274102098138576,0.68921855812417521,0.00979923758044292,-0.074135062708674926,-0.27737181413182788,0.071366839709174817,-0.11195082932226348,0.37813786633043134,0.66808185506353723,0.0302141566576619,0.21118341065372445,0.015663118826348778,-0.1353967876420247,0.0055999999999999999,-0.034799999999999998,0.25539357528404938,-0.11674773050427899,-0.0077999999999999996,-0.1353967876420247,-0.0055999999999999999,0.034799999999999998,0.25539357528404938,-0.11674773050427899,0.0077999999999999996,0,0,0,0,0,0.79390039203011709,-0.087261347157580549,0.088868659181317838,0.53657632565986846,-0.013359209382799629,-0.0057355544530295396,0.63829729686473968,0.59539250962365386,0.0091695999129288996,-0.87097565942604871,0.27909095648953053,-0.090395580094492112,-0.53932280701777802,-0.0444354122299883,0.0099745629876543396,0,0,-0.019949125975308679,-0.008478164511604297,0,0.0099745629876543396,0,0,-0.019949125975308679,-0.008478164511604297,0,0,0,0,0,0,-0.90985463369890551,0.087233285721622977,-0.08360853020967339,-0.39712076708259014,0.01257486130876229,0.013907788441607902,-0.63769187623199541,-0.88545910714860065,-0.070851142028836855,0.78699539604015767,-0.036500523716287425,0.19687807731912574,0.61194883433348113,0.11823788684665985,-0.0097269234567901389,0,0,0.019453846913580278,0.0082670622220809564,0,-0.0097269234567901389,0,0,0.019453846913580278,0.0082670622220809564,0
372,FRAME,NONE,367,367,3.6699999999999999,RECOVERY,1.1000000000000014,0,0,0,0,0,-0.078112763637817093,0.15273950161458566,-0.03538603454542448,0.69452305005665615,0.0096687717455681572,-0.074170055012461433,-0.27102089576790439,0.077276490014033666,-0.11186267445205224,0.36946745078527427,0.67087093867500713,0.029320031846759236,0.20582078499157433,0.015224681772071567,-0.13529753086419755,0.0055999999999999999,-0.034799999999999998,0.25519506172839507,-0.11683209876543207,-0.0077999999999999996,-0.13529753086419755,-0.0055999999999999999,0.034799999999999998,0.25519506172839507,-0.11683209876543207,0.0077999999999999996,0,0,0,0,0,0.78869328386242177,-0.085958075420496979,0.087983671928575646,0.52434497171052086,-0.013433785972683533,-0.0012868899505683127,0.63224965896183949,0.58654386426904226,0.0084449748141646186,-0.86302182097439673,0.27864962509035474,-0.08843964828170528,-0.53314993814620038,-0.043273375261528454,0.0098765432098765395,0,0,-0.019753086419753079,-0.008394851856050739,0,0.0098765432098765395,0,0,-0.019753086419753079,-0.008394851856050739,0,0,0,0,0,0,-0.92385003792340692,0.088575110063982221,-0.084894598482078379,-0.403229287559834,0.012768288105269006,0.014121718352936534,-0.6475008668641199,-0.88413289470009593,-0.073973391413149903,0.80372549513790803,-0.05174052853246236,0.19440663196619926,0.62244341102898892,0.11416887686524317,-0.0098765432098765569,0,0,0.019753086419753114,0.0083942222221453089,0,-0.0098765432098765569,0,0,0.019753086419753114,0.0083942222221453089,0
373,FRAME,NONE,368,368,3.6800000000000002,RECOVERY,1.1000000000000014,0,0,0,0,0,-0.070252203504177879,0.15188488155240956,-0.034507034223554819,0.69970492917376648,0.0095374640953467035,-0.074160717524260955,-0.26473088380556209,0.083097716994555662,-0.11178192982598019,0.3608774299109434,0.67365484756534433,0.028445363692027794,0.20052041189080044,0.014797651321118209,-0.135199261716,0.0055999999999999999,-0.034799999999999998,0.25499852343199997,-0.1169156275414,-0.0077999999999999996,-0.135199261716,-0.0055999999999999999,0.034799999999999998,0.25499852343199997,-0.1169156275414,0.0077999999999999996,0,0,0,0,0,0.78337938932215245,-0.084659340062716734,0.087076805113090433,0.51205443074138912,-0.013508233416317114,0.0031302926661424119,0.62610311079443437,0.57770985172965195,0.0076901320846659016,-0.85490114952329055,0.27805614591888128,-0.086507447455168127,-0.52687393879719824,-0.042152034692683436,0.0097770420000000031,0,0,-0.019554084000000006,-0.0083102800671613908,0,0.0097770420000000031,0,0,-0.019554084000000006,-0.0083102800671613908,0,0,0,0,0,0,-0.9375682871365324,0.089890361873322361,-0.086155198374938832,-0.40921683925081026,0.012957884415344156,0.0143314117487593,-0.65711560723618567,-0.88251470408386989,-0.076833875993012613,0.82020944562249953,-0.066924784208055588,0.19197591536102565,0.63257923728167187,0.11017757585933541,-0.010023200000000022,0,0,0.020046400000000044,0.0085188637037950099,0,-0.010023200000000022,0,0,0.020046400000000044,0.0085188637037950099,0
374,FRAME,NONE,369,369,3.6899999999999999,RECOVERY,1.1000000000000014,0,0,0,0,0,-0.062445329228040289,0.15104327766162012,-0.033637312912813182,0.70476365123000784,0.0094053210020633767,-0.074107382825641166,-0.25850276210168727,0.088830687048626705,-0.11170887181035892,0.35236942779480845,0.67643206159338476,0.027589882897655873,0.19528330621563036,0.014381641078217898,-0.13510199486261729,0.0055999999999999999,-0.034799999999999998,0.25480398972523455,-0.1169983043667753,-0.0077999999999999996,-0.13510199486261729,-0.0055999999999999999,0.034799999999999998,0.25480398972523455,-0.1169983043667753,0.0077999999999999996,0,0,0,0,0,0.77795665935133362,-0.083365426962247441,0.08614867294432324,0.49971427971306198,-0.013582233571272773,0.0075124146879555504,0.61985929931509487,0.56889357018736486,0.0069082972943043663,-0.84661763206194673,0.27731112940619362,-0.084600129974484767,-0.52049835340056694,-0.041069823744341746,0.009676089283950624,0,0,-0.019352178567901248,-0.0082244745819748388,0,0.009676089283950624,0,0,-0.019352178567901248,-0.0082244745819748388,0,0,0,0,0,0,-0.95100383823805223,0.091178509698982835,-0.087389820520663672,-0.41508100277979282,0.013143573629259079,0.014536783898766052,-0.66653221234299043,-0.88060454113043085,-0.07938860333893405,0.83633603305058313,-0.082033702100137162,0.1894821891807244,0.64235541651053163,0.10631917747731222,-0.010166834567901253,0,0,0.020333669135802507,0.008640936296419599,0,-0.010166834567901253,0,0,0.020333669135802507,0.008640936296419599,0
375,FRAME,NONE,370,370,3.7000000000000002,RECOVERY,1.1000000000000014,0,0,0,0,0,-0.054693239078242507,0.15021463807360061,-0.032777076372030929,0.70969876830251299,0.0092723518538643038,-0.074010419561953547,-0.25233749760992868,0.094475588398302959,-0.1116437638800941,0.34394507726970447,0.6792010701534682,0.026753361092538099,0.1901104448227891,0.013976254846231374,-0.13500574466701235,0.0055999999999999999,-0.034799999999999998,0.25461148933402467,-0.1170801170330395,-0.0077999999999999996,-0.13500574466701235,-0.0055999999999999999,0.034799999999999998,0.25461148933402467,-0.1170801170330395,0.0077999999999999996,0,0,0,0,0,0.77242307224381057,-0.082076595217952283,0.085199907958961804,0.48733420161851493,-0.013655463844321727,0.01185584429351518,0.61351992473334394,0.56009776090704333,0.0061023600178872206,-0.83817442886227889,0.27641547187687854,-0.082717803671553639,-0.51402683046698761,-0.040025651143137192,0.0095737155802469217,0,0,-0.019147431160493843,-0.0081374613412329988,0,0.0095737155802469217,0,0,-0.019147431160493843,-0.0081374613412329988,0,0,0,0,0,0,-0.96415114812773828,0.092439022090303177,-0.088597955551661944,-0.42081935877105597,0.013325279137285135,0.014737750072646662,-0.67574679717933228,-0.8784063034638856,-0.081594928705401581,0.85199480355763191,-0.097047689152918171,0.18682493879464135,0.65177044043074339,0.10264619581325761,-0.010307387654320986,0,0,0.020614775308641971,0.0087603896296167827,0,-0.010307387654320986,0,0,0.020614775308641971,0.0087603896296167827,0
376,FRAME,NONE,371,371,3.71,RECOVERY,1.1000000000000014,0,0,0,0,0,-0.046997051379986131,0.14939890859652066,-0.031926524159151384,0.71450992976620786,0.0091385690940720687,-0.073870232933123101,-0.24623603985373979,0.10003264226676757,-0.11158682461000118,0.33560593921756288,0.68196037103092233,0.0259355268242248,0.18500276960629061,0.013581128055355154,-0.13491052518400001,0.0055999999999999999,-0.034799999999999998,0.254421050368,-0.11716105359359996,-0.0077999999999999996,-0.13491052518400001,-0.0055999999999999999,0.034799999999999998,0.254421050368,-0.11716105359359996,0.0077999999999999996,0,0,0,0,0,0.76677664268098489,-0.080793077762864832,0.084231160025179358,0.47492396830610822,-0.013727598329931496,0.016156904717603546,0.60708674035730092,0.55132544411808715,0.0052763987201963347,-0.8295777359907941,0.27537017562313526,-0.08086363119859194,-0.50746294459195207,-0.039016899828076594,0.0094699520000000228,0,0,-0.018939904000000046,-0.0080492667893825032,0,0.0094699520000000228,0,0,-0.018939904000000046,-0.0080492667893825032,0,0,0,0,0,0,-0.9770046737053677,0.093671367596623464,-0.08977909410034321,-0.42642948784887641,0.013502924329693758,0.014934225540091085,-0.68475547674001358,-0.87594806874504716,-0.083476310314585522,0.86723873989252853,-0.11194033553291183,0.18407489872300509,0.66081587403288289,0.099127427895763162,-0.010444800000000009,0,0,0.020889600000000019,0.0088771733331924341,0,-0.010444800000000009,0,0,0.020889600000000019,0.0088771733331924341,0
377,FRAME,NONE,372,372,3.7200000000000002,RECOVERY,1.1000000000000014,0,0,0,0,0,-0.039357904103951194,0.14859603296916513,-0.03108584946072079,0.7191968830929274,0.0090039882501402758,-0.073687265099970436,-0.24019932040158834,0.1055020972806647,-0.11153823590569018,0.32735352254988859,0.68470847366593091,0.02513608846856626,0.17996118593095006,0.013195916849669842,-0.13481635015432097,0.0055999999999999999,-0.034799999999999998,0.25423270030864198,-0.11724110236882715,-0.0077999999999999996,-0.13481635015432097,-0.0055999999999999999,0.034799999999999998,0.25423270030864198,-0.11724110236882715,0.0077999999999999996,0,0,0,0,0,0.76101543104951475,-0.079515082058492281,0.083243095314203236,0.46249342247824066,-0.013798308963256284,0.020411882958911939,0.60056155240311715,0.54257879953214239,0.0044328338115955102,-0.82082965406442832,0.2741766651662203,-0.079036305697093537,-0.50081051298632995,-0.038043102585221929,0.0093648302469135688,0,0,-0.018729660493827138,-0.0079599178745691501,0,0.0093648302469135688,0,0,-0.018729660493827138,-0.0079599178745691501,0,0,0,0,0,0,-0.98955887187070635,0.094875014767282689,-0.090932726799115932,-0.43190897063752592,0.013676432596756225,0.015126125570789101,-0.69355436601982834,-0.87326658684310776,-0.085078720712186695,0.88217494810000074,-0.12668350775429937,0.18135976861835199,0.66948168848578182,0.09570334371134491,-0.010579012345678996,0,0,0.021158024691357993,0.0089912370369871208,0,-0.010579012345678996,0,0,0.021158024691357993,0.0089912370369871208,0
378,FRAME,NONE,373,373,3.73,RECOVERY,1.1000000000000014,0,0,0,0,0,-0.031776954360961181,0.14780595310711864,-0.030255238930694994,0.72375947446666433,0.0088686279520693839,-0.073461995500905639,-0.23422825234457612,0.11088421825741042,-0.11149816793376927,0.31918934613627431,0.68744390433424674,0.024354800710282929,0.17498655934656401,0.012820266003650715,-0.13472323299871605,0.0055999999999999999,-0.034799999999999998,0.25404646599743208,-0.11732025195109134,-0.0077999999999999996,-0.13472323299871605,-0.0055999999999999999,0.034799999999999998,0.25404646599743208,-0.11732025195109134,0.0077999999999999996,0,0,0,0,0,0.75513755301102181,-0.078242790868342751,0.082236395241358465,0.45005245893331908,-0.013867266683029636,0.024617038989355376,0.59394621977557871,0.53386011238122499,0.0035748243059526008,-0.81193423702879408,0.27283650546804927,-0.0772364358262249,-0.49407331082223643,-0.037102832953849696,0.009258382617283966,0,0,-0.018516765234567932,-0.0078694420486427608,0,0.009258382617283966,0,0,-0.018516765234567932,-0.0078694420486427608,0,0,0,0,0,0,-1.0018081995235366,0.096049432151621386,-0.092058344280390156,-0.43725538776128342,0.013845727328744039,0.015313365434430746,-0.70213958001358234,-0.87037109822538095,-0.086384401271066835,0.89674808051970478,-0.14125644399842763,0.17863402056169514,0.6777652949254559,0.092399017573101608,-0.010709965432098789,0,0,0.021419930864197578,0.0091025303704250771,0,-0.010709965432098789,0,0,0.021419930864197578,0.0091025303704250771,0
379,FRAME,NONE,374,374,3.7400000000000002,RECOVERY,1.1000000000000014,0,0,0,0,0,-0.024255377799793552,0.14702860934057466,-0.02943487253892868,0.72819764920768848,0.0087325099401401544,-0.073194941074158873,-0.22832372977668594,0.1161792995282892,-0.11146673941957112,0.31111483780931271,0.69016520377529189,0.023591359752041761,0.17007971971450533,0.012453860190592848,-0.13463118681199998,0.0055999999999999999,-0.034799999999999998,0.25386237362399999,-0.1173984912098,-0.0077999999999999996,-0.13463118681199998,-0.0055999999999999999,0.034799999999999998,0.25386237362399999,-0.1173984912098,0.0077999999999999996,0,0,0,0,0,0.7491411892901203,-0.076976363108572199,0.081211755379034065,0.43761100512789297,-0.013934142599515233,0.028768615421379443,0.58724265382320162,0.52517137756763477,0.0027051457861741735,-0.80289469245403422,0.27135153628625175,-0.075463625285859634,-0.48725520708782083,-0.036195122233759897,0.0091506420000000109,0,0,-0.018301284000000022,-0.0077778672671606486,0,0.0091506420000000109,0,0,-0.018301284000000022,-0.0077778672671606486,0,0,0,0,0,0,-1.0137471135636167,0.09719408829897784,-0.093155437176573694,-0.44246631984441737,0.014010731915928373,0.015495860400705682,-0.71050723371606461,-0.86729811786194211,-0.087452544329583159,0.9110940850920457,-0.15563045287797506,0.17605193807859049,0.68565600838038643,0.089142086755877176,-0.01083759999999998,0,0,0.02167519999999996,0.0092110029630346202,0,-0.01083759999999998,0,0,0.02167519999999996,0.0092110029630346202,0
380,FRAME,NONE,375,375,3.75,RECOVERY,1.1000000000000014,0,0,0,0,0,-0.016794367906222164,0.14626394064304532,-0.028624923429697649,0.7325114519992264,0.0085956590618795556,-0.072886656381229945,-0.22248662727785043,0.12138764580876311,-0.11144406501804578,0.30313145228719363,0.69287093505997177,0.022845528204565736,0.1652414552048076,0.012096363558975518,-0.13454022435713581,0.0055999999999999999,-0.034799999999999998,0.25368044871427159,-0.11747580929643456,-0.0077999999999999996,-0.13454022435713581,-0.0055999999999999999,0.034799999999999998,0.25368044871427159,-0.11747580929643456,0.0077999999999999996,0,0,0,0,0,0.74302459564369394,-0.075715934773266519,0.08016988434437558,0.42517900114517565,-0.013998609162469268,0.032862847584069668,0.58045281807126159,0.51651415002398615,0.0018257734193609376,-0.79371235532695317,0.26972389641048977,-0.07371539706465309,-0.4803601906546287,-0.035319991218732152,0.0090416418765432143,0,0,-0.018083283753086429,-0.0076852219893820684,0,0.0090416418765432143,0,0,-0.018083283753086429,-0.0076852219893820684,0,0,0,0,0,0,-1.0253700708907332,0.098308451758692988,-0.094223496120076897,-0.4475393475112085,0.014171369748580791,0.015673525739304008,-0.71865344212208349,-0.86402830795275776,-0.088184589232889743,0.92494911362553389,-0.16979656827925682,0.17335065002547848,0.69316179837651537,0.086061489322176651,-0.010961856790123459,0,0,0.021923713580246917,0.0093166044444481511,0,-0.010961856790123459,0,0,0.021923713580246917,0.0093166044444481511,0
381,FRAME,NONE,376,376,3.7599999999999998,RECOVERY,1.1000000000000014,0,0,0,0,0,-0.0093951352015956523,0.14551188485029587,-0.027825557790567747,0.7367010269112122,0.0084581032582002995,-0.072537733627748707,-0.21671779939998792,0.12650958252876893,-0.1114302239511839,0.29524059070277364,0.69555968170350169,0.022117051810748699,0.16047251590141276,0.011747460366218205,-0.13445035805930863,0.0055999999999999999,-0.034799999999999998,0.25350071611861724,-0.11755219564958765,-0.0077999999999999996,-0.13445035805930863,-0.0055999999999999999,0.034799999999999998,0.25350071611861724,-0.11755219564958765,0.0077999999999999996,0,0,0,0,0,0.73678611297075292,-0.074461619931507989,0.079111502664792888,0.41276637916467307,-0.014060341323880404,0.036895973953636176,0.57357872793598152,0.50789081140857961,0.00094145400151637859,-0.78439571018152354,0.26795560492066661,-0.071996612285350065,-0.47339197112029052,-0.034473892447316364,0.0089314163209876559,0,0,-0.017862832641975312,-0.0075915351782716856,0,0.0089314163209876559,0,0,-0.017862832641975312,-0.0075915351782716856,0,0,0,0,0,0,-1.0366715284046497,0.099391991080105657,-0.095262011743308131,-0.45247205138592783,0.014327564216972542,0.015846276719915474,-0.72657432022643198,-0.86055979112945047,-0.088530547816302596,0.93816958349077217,-0.1837394740383802,0.17039288037447101,0.70028428473561943,0.083224948196529772,-0.011082676543209876,0,0,0.022165353086419752,0.009419284444402154,0,-0.011082676543209876,0,0,0.022165353086419752,0.009419284444402154,0
382,FRAME,NONE,377,377,3.77,RECOVERY,1.1000000000000014,0,0,0,0,0,-0.0020589063398243389,0.14477237886882655,-0.027036934731913344,0.74076661721656967,0.0083198735387288742,-0.072148802578432578,-0.21101808015613752,0.13154546203693471,-0.11142523593801545,0.28744353808356315,0.6982300471583851,0.021405595958858735,0.15577361578240179,0.01140688571002919,-0.1343616,0.0055999999999999999,-0.034799999999999998,0.25332320000000003,-0.11762763999999999,-0.0077999999999999996,-0.1343616,-0.0055999999999999999,0.034799999999999998,0.25332320000000003,-0.11762763999999999,0.0077999999999999996,0,0,0,0,0,0.73042417751952271,-0.07321351179298996,0.078037341624706227,0.40038304253528961,-0.014119017690132999,0.040864246879203266,0.56662245042318438,0.49930295420139714,5.51624630348857e-05,-0.77494896365713772,0.26604910692972217,-0.07030753945716367,-0.46635450495991632,-0.033655492254801557,0.0088200000000000153,0,0,-0.017640000000000031,-0.0074968363004940253,0,0.0088200000000000153,0,0,-0.017640000000000031,-0.0074968363004940253,0,0,0,0,0,0,-1.0476459430051419,0.1004441748125557,-0.096270474678676748,-0.45726201209285111,0.014479238711375032,0.016014028612230006,-0.73426598302391088,-0.85695896296238694,-0.088639191235320713,0.95111051875124142,-0.19742188291871354,0.16756052823082429,0.70700395650692693,0.080448782863833113,-0.0112,0,0,0.0224,0.0095189925926331131,0,-0.0112,0,0,0.0224,0.0095189925926331131,0
383,FRAME,NONE,378,378,3.7799999999999998,RECOVERY,1.1000000000000014,0,0,0,0,0,0.0052130768979902218,0.14404535887328043,-0.026259206177331088,0.74470856499675586,0.0081810039463746011,-0.071720530363618099,-0.2053882825127708,0.13649564161279687,-0.11142912070192321,0.27974161142963089,0.70088066384209613,0.020710901021605426,0.15114542580221443,0.011074350521122173,-0.13427396191106172,0.0055999999999999999,-0.034799999999999998,0.25314792382212348,-0.11770213237559753,-0.0077999999999999996,-0.13427396191106172,-0.0055999999999999999,0.034799999999999998,0.25314792382212348,-0.11770213237559753,0.0077999999999999996,0,0,0,0,0,0.72393733114542003,-0.071971683838572567,0.076948142097247985,0.38803884456164356,-0.014174321658104607,0.044763943540310769,0.55958610381452212,0.49075163214933187,-0.00083132982319003568,-0.76537349980649871,0.26400716726229234,-0.068645401720733579,-0.45925189199015198,-0.032864916790039701,0.0087074281728395184,0,0,-0.017414856345679037,-0.0074011553264190233,0,0.0087074281728395184,0,0,-0.017414856345679037,-0.0074011553264190233,0,0,0,0,0,0,-1.0582877715919836,0.1014644715053829,-0.09724837555859199,-0.46190681025625369,0.014626316622059654,0.016176696685937512,-0.7417245455093201,-0.85324455748450601,-0.088533622215683505,0.96380860549263869,-0.21082325738552843,0.16490141461201341,0.71331717985373411,0.077711097999678957,-0.011313767901234588,0,0,0.022627535802469175,0.0096156785185999571,0,-0.011313767901234588,0,0,0.022627535802469175,0.0096156785185999571,0
384,FRAME,NONE,379,379,3.79,RECOVERY,1.1000000000000014,0,0,0,0,0,0.012419558711541894,0.14333076049218832,-0.025492516765178937,0.74852731053410149,0.0080415315112404642,-0.071253621175261864,-0.19982919788536938,0.14136049467992134,-0.11144186253447926,0.27213606808743318,0.70351019050363095,0.020032687924444063,0.14658857794259875,0.010749587374228396,-0.13418745516879013,0.0055999999999999999,-0.034799999999999998,0.25297491033758024,-0.11777566310652837,-0.0077999999999999996,-0.13418745516879013,-0.0055999999999999999,0.034799999999999998,0.25297491033758024,-0.11777566310652837,0.0077999999999999996,0,0,0,0,0,0.71732423157154401,-0.070736191011793459,0.075844653364919551,0.37574356711903978,-0.01422594252968312,0.04859137706896955,0.55247185734431969,0.48223806305170702,-0.0017155099812787844,-0.75567279154728495,0.2618326417820116,-0.067009511164923402,-0.45208816136284163,-0.032101270294807978,0.0085937366913580136,0,0,-0.017187473382716027,-0.0073045227301220261,0,0.0085937366913580136,0,0,-0.017187473382716027,-0.0073045227301220261,0,0,0,0,0,0,-1.0685914710649398,0.10245234970792613,-0.098195205015462264,-0.46640402650040691,0.014768721339297667,0.016334196210727757,-0.74894612267745297,-0.84941494260387662,-0.088179183859414534,0.97615348435373117,-0.22392956100486527,0.16230993926360376,0.71922593031847892,0.075063618024491172,-0.011423920987654301,0,0,0.022847841975308602,0.0097092918517963089,0,-0.011423920987654301,0,0,0.022847841975308602,0.0097092918517963089,0
385,FRAME,NONE,380,380,3.7999999999999998,RECOVERY,1.1000000000000014,0,0,0,0,0,0.019559270491708029,0.1426285189814876,-0.024737003761415466,0.75222339148996986,0.007901496194047699,-0.070748815851207986,-0.19434159563727832,0.14614040287383101,-0.11146343090154878,0.26462815559868519,0.70611731667773636,0.019370710798306958,0.1421036625749576,0.010432325115226014,-0.13410209078800001,0.0055999999999999999,-0.034799999999999998,0.25280418157599999,-0.11784822283019997,-0.0077999999999999996,-0.13410209078800001,-0.0055999999999999999,0.034799999999999998,0.25280418157599999,-0.11784822283019997,0.0077999999999999996,0,0,0,0,0,0.71058366260128947,-0.069507070966988355,0.074727631933473218,0.3635068992178303,-0.014273576599159359,0.05234290776585987,0.54528193086991505,0.47376333329725434,-0.0025949135003783264,-0.74585043011942409,0.25952857604219504,-0.065399202935461503,-0.44486737338378241,-0.031363644429549878,0.00847896200000001,0,0,-0.01695792400000002,-0.0072069694893830971,0,0.00847896200000001,0,0,-0.01695792400000002,-0.0072069694893830971,0,0,0,0,0,0,-1.0785514983237963,0.10340727796952635,-0.099110453681697949,-0.47075124144959135,0.014906376253360634,0.016486442456290832,-0.75592682952311807,-0.84545911308513133,-0.087502215190410348,0.9879333478338137,-0.23673183607547665,0.15957770084455009,0.7247361964122373,0.072606434230208267,-0.011530400000000027,0,0,0.023060800000000055,0.0097997822220627362,0,-0.011530400000000027,0,0,0.023060800000000055,0.0097997822220627362,0
386,FRAME,NONE,381,381,3.8100000000000001,RECOVERY,1.1000000000000014,0,0,0,0,0,0.026630932132576814,0.14193856938531374,-0.023992796983876827,0.75579744186877862,0.007760940819284739,-0.070206891347093375,-0.18892622258187214,0.15083576134586643,-0.11149376080448682,0.2572190594850447,0.70870076202447485,0.018724703865734833,0.1376912304749231,0.010122314485637399,-0.13401787941609877,0.0055999999999999999,-0.034799999999999998,0.25263575883219752,-0.11791980249631603,-0.0077999999999999996,-0.13401787941609877,-0.0055999999999999999,0.034799999999999998,0.25263575883219752,-0.11791980249631603,0.0077999999999999996,0,0,0,0,0,0.7037145442314322,-0.06828434536932082,0.073597840343504098,0.35133841564130486,-0.01431692820801763,0.056014954338078932,0.53801859453817724,0.4653288807900044,-0.0034655542850869914,-0.73591412459060868,0.25709800506050207,-0.0638179571480324,-0.43759343743459689,-0.030649141610203812,0.0083631411358024953,0,0,-0.016726282271604991,-0.0071085270856807714,0,0.0083631411358024953,0,0,-0.016726282271604991,-0.0071085270856807714,0,0,0,0,0,0,-1.088162310268312,0.1043287248395218,-0.099993612189706857,-0.47494603572807559,0.015039204754519723,0.016633350692316407,-0.76266278104110441,-0.84139162932969636,-0.086513912487991285,0.99914914605633842,-0.24921263841487518,0.15671561754206606,0.7298458564396898,0.070333993501554143,-0.011633145679012356,0,0,0.023266291358024712,0.0098870992592745011,0,-0.011633145679012356,0,0,0.023266291358024712,0.0098870992592745011,0
387,FRAME,NONE,382,382,3.8199999999999998,RECOVERY,1.1000000000000014,0,0,0,0,0,0.033633253443887269,0.14126084668359304,-0.023260018738083647,0.75925019076927081,0.0076199109983538516,-0.069628660096062306,-0.18358380248800221,0.1554469804896311,-0.11153274198725052,0.24990987310687302,0.7112592767789464,0.01809435165534631,0.13335179382626566,0.0098193422830219375,-0.1339348313271605,0.0055999999999999999,-0.034799999999999998,0.25246966265432097,-0.11799039337191358,-0.0077999999999999996,-0.1339348313271605,-0.0055999999999999999,0.034799999999999998,0.25246966265432097,-0.11799039337191358,0.0077999999999999996,0,0,0,0,0,0.69671594261324321,-0.06706802124170283,0.072456045984450906,0.33924755578406202,-0.014355710761729116,0.059604005084012868,0.53068416845078148,0.45693550071066041,-0.004325191750138152,-0.72586744719829732,0.25454432327389753,-0.062264890584620182,-0.43027045625498861,-0.029956964559518795,0.0082463117283950518,0,0,-0.016492623456790104,-0.0070092275041976071,0,0.0082463117283950518,0,0,-0.016492623456790104,-0.0070092275041976071,0,0,0,0,0,0,-1.0974183637982655,0.10521615886725273,-0.10084417117189871,-0.47898598996013714,0.015167130233046399,0.016774836188494461,-0.76915009222621533,-0.83725901052024432,-0.08533673011779791,1.0100823823393945,-0.26134280356221451,0.15402270591482678,0.73454172983891675,0.068102288520166532,-0.011732098765432098,0,0,0.023464197530864195,0.0099711925926476708,0,-0.011732098765432098,0,0,0.023464197530864195,0.0099711925926476708,0
388,FRAME,NONE,383,383,3.8300000000000001,RECOVERY,1.1000000000000014,0,0,0,0,0,0.040564935662055462,0.14059528592603013,-0.022538783764611759,0.76258246092572701,0.0074784550430411299,-0.069014969257219033,-0.17831503558871264,0.15997447136007964,-0.11158026463948958,0.24270171054107875,0.7137916484899528,0.01747940605404243,0.12908582134982333,0.0095231751944470228,-0.13385295641599998,0.0055999999999999999,-0.034799999999999998,0.25230591283199999,-0.11805998704639999,-0.0077999999999999996,-0.13385295641599998,-0.0055999999999999999,0.034799999999999998,0.25230591283199999,-0.11805998704639999,0.0077999999999999996,0,0,0,0,0,0.68958707980878242,-0.065858092353267547,0.071303019915850904,0.32724360281875847,-0.014389647703327037,0.063106628950255941,0.52328102233052987,0.44858370057959951,-0.0051722888874429496,-0.71571247694382079,0.25187114898925778,-0.060737503029735865,-0.42290260283781855,-0.029287095839800482,0.0081285120000000079,0,0,-0.016257024000000016,-0.006909103233827818,0,0.0081285120000000079,0,0,-0.016257024000000016,-0.006909103233827818,0,0,0,0,0,0,-1.1063141158134318,0.10606904860205899,-0.1016616212606828,-0.48286868477005152,0.015290076079212058,0.016910814214514916,-0.77538487807325118,-0.83305784364530455,-0.083933137054112428,1.0206082377847037,-0.27311254301359833,0.15137863693950696,0.73882797096486985,0.065968289184288945,-0.011827200000000019,0,0,0.023654400000000037,0.010052011851814646,0,-0.011827200000000019,0,0,0.023654400000000037,0.010052011851814646,0
389,FRAME,NONE,384,384,3.8399999999999999,RECOVERY,1.1000000000000014,0,0,0,0,0,0.047424673057519164,0.13994182235211988,-0.021829199198021228,0.76579516704297446,0.007336623869688059,-0.068366699854435928,-0.17312059809315083,0.16441865450122309,-0.11163618776499938,0.2355956235679966,0.71629669975873156,0.016879601594751593,0.12489374176950929,0.0092336003662259278,-0.13377226419224689,0.0055999999999999999,-0.034799999999999998,0.2521445283844938,-0.11812857543659014,-0.0077999999999999996,-0.13377226419224689,-0.0055999999999999999,0.034799999999999998,0.2521445283844938,-0.11812857543659014,0.0077999999999999996,0,0,0,0,0,0.68232734328996714,-0.064654540643786493,0.07013953570079727,0.31533566331874346,-0.014418473438749078,0.066519486385472532,0.51581157519081944,0.44027434383775432,-0.0060038544912204006,-0.70545528244260325,0.24908207241362557,-0.059237317845830043,-0.41549389683569121,-0.028637598775833016,0.0080097807654320972,0,0,-0.016019561530864194,-0.0068081872671613142,0,0.0080097807654320972,0,0,-0.016019561530864194,-0.0068081872671613142,0,0,0,0,0,0,-1.1148440232135763,0.10688686259327954,-0.10244545308846764,-0.48659170078209057,0.015407965683287979,0.017041200040067546,-0.78136325357700609,-0.82878682973720752,-0.082275213343641074,1.0306249675871848,-0.28451146786123704,0.14868643186062916,0.74270752390644124,0.063977499979417887,-0.011918390123456786,0,0,0.023836780246913571,0.010129506666754773,0,-0.011918390123456786,0,0,0.023836780246913571,0.010129506666754773,0
390,FRAME,NONE,385,385,3.8500000000000001,RECOVERY,1.1000000000000014,0,0,0,0,0,0.054211154635552025,0.13930039149688195,-0.021131364537276646,0.76888931393041904,0.0071944708944930704,-0.067684765807940361,-0.16800114170161942,0.16877995823683473,-0.11170034172931399,0.22859260489222669,0.71877328993822531,0.016294659697125829,0.1207759434131095,0.0089504232189303624,-0.13369276377441974,0.0055999999999999999,-0.034799999999999998,0.25198552754883946,-0.11819615079174321,-0.0077999999999999996,-0.13369276377441974,-0.0055999999999999999,0.034799999999999998,0.25198552754883946,-0.11819615079174321,0.0077999999999999996,0,0,0,0,0,0.67493629512880227,-0.063457337678189063,0.068966368256635838,0.30353264746263942,-0.014441934209210328,0.069839339916989193,0.50827829501019217,0.43200796398485536,-0.006817793154315771,-0.69509997759207709,0.24618091963203304,-0.057763774392523282,-0.40804845235968973,-0.028007545840212124,0.007890157432098744,0,0,-0.015780314864197488,-0.0067065131004927225,0,0.007890157432098744,0,0,-0.015780314864197488,-0.0067065131004927225,0,0,0,0,0,0,-1.1230025428984771,0.10766906939025447,-0.10319515728766279,-0.49015261862053106,0.015520722435545595,0.017165908934842315,-0.7870813337322824,-0.82446139087324899,-0.080391450221761751,1.0401722068343444,-0.29552389499531984,0.14599482193964583,0.7461779754298542,0.062105114783197503,-0.012005609876543196,0,0,0.024011219753086392,0.010203626666753507,0,-0.012005609876543196,0,0,0.024011219753086392,0.010203626666753507,0
391,FRAME,NONE,386,386,3.8599999999999999,RECOVERY,1.1000000000000014,0,0,0,0,0,0.060923065927163733,0.13867092928206903,-0.020445371627542879,0.77186599444159698,0.0070520519204204926,-0.066970112861847633,-0.1629572931236847,0.1730588137809202,-0.1117725436280857,0.22169362401615506,0.72122031815137222,0.015724326106901127,0.1167327727223155,0.0086734494494216854,-0.133614463884,0.0055999999999999999,-0.034799999999999998,0.25182892776799998,-0.11826270569859999,-0.0077999999999999996,-0.133614463884,-0.0055999999999999999,0.034799999999999998,0.25182892776799998,-0.11826270569859999,0.0077999999999999996,0,0,0,0,0,0.66741368082861285,-0.062266446125112958,0.067784292727923051,0.29184324994349536,-0.014459788906193125,0.073063064377641429,0.50068369841356697,0.42378511602028934,-0.0076116834956556356,-0.68465183830591636,0.24317159451371917,-0.056317421407037126,-0.40057033732709413,-0.027395496480169066,0.0077696820000000008,0,0,-0.015539364000000002,-0.006604114733826244,0,0.0077696820000000008,0,0,-0.015539364000000002,-0.006604114733826244,0,0,0,0,0,0,-1.1307841317679057,0.10841513754232336,-0.1039102244906773,-0.49354901890964736,0.015628269726256271,0.017284856168529095,-0.79253523353387867,-0.82009223024245848,-0.078301995022414528,1.0492680619215988,-0.30613625712661019,0.14332916375627003,0.74923872403095393,0.060337655179735702,-0.012088799999999983,0,0,0.024177599999999966,0.01027432148137386,0,-0.012088799999999983,0,0,0.024177599999999966,0.01027432148137386,0
392,FRAME,NONE,387,387,3.8700000000000001,RECOVERY,1.1000000000000014,0,0,0,0,0,0.067559090866361818,0.1380533720926557,-0.019771304653180354,0.7747263872267236,0.0069094250162394623,-0.066223717411408978,-0.15798965359923364,0.17725566055724051,-0.11185257539922711,0.21489956812610836,0.7236367218284997,0.015168311268985086,0.11276453666656762,0.0084025132893269811,-0.13353737283950617,0.0055999999999999999,-0.034799999999999998,0.25167474567901238,-0.11832823308641974,-0.0077999999999999996,-0.13353737283950617,-0.0055999999999999999,0.034799999999999998,0.25167474567901238,-0.11832823308641974,0.0077999999999999996,0,0,0,0,0,0.65975943774813395,-0.061081821253282008,0.06659408338664391,0.28027593170080095,-0.014471809825018611,0.076187656712918869,0.49303035036158938,0.41560611938000619,-0.0083838330547640616,-0.67411461635364511,0.24005819448950083,-0.054897191117397881,-0.39306367787907065,-0.02680079273661741,0.0076483950617283964,0,0,-0.015296790123456793,-0.0065010266708652453,0,0.0076483950617283964,0,0,-0.015296790123456793,-0.0065010266708652453,0,0,0,0,0,0,-1.1381832467216351,0.10912453559882589,-0.10459014532992035,-0.49677848227371446,0.015730530945691382,0.017397957010817776,-0.79772106797659403,-0.81569595226822778,-0.076054292240217147,1.0579995728289548,-0.31633282248172412,0.14078446210293374,0.75188676774910757,0.058628286424802951,-0.012167901234567893,0,0,0.024335802469135786,0.010341540740699262,0,-0.012167901234567893,0,0,0.024335802469135786,0.010341540740699262,0
393,FRAME,NONE,388,388,3.8799999999999999,RECOVERY,1.1000000000000014,0,0,0,0,0,0.074117913749307249,0.13744765683847007,-0.019109240141721596,0.77747175430734761,0.0067666503882649887,-0.065446585234666663,-0.15309879842237845,0.18137093616852032,-0.11194022028918098,0.20821133168908215,0.72602148204116224,0.014626382284553169,0.10887149916473408,0.0081374335946893372,-0.13346149855056788,0.0055999999999999999,-0.034799999999999998,0.25152299710113579,-0.1183927262320173,-0.0077999999999999996,-0.13346149855056788,-0.0055999999999999999,0.034799999999999998,0.25152299710113579,-0.1183927262320173,0.0077999999999999996,0,0,0,0,0,0.65197370307290092,-0.05990341243935704,0.065396512564599968,0.26883890258762344,-0.014477783353396775,0.079210245301955723,0.4853208638492893,0.40747119697492479,-0.0091327693404599786,-0.66349184684933726,0.23684493806408469,-0.053501732164978451,-0.38553260197211198,-0.026222930751673007,0.0075263378024691364,0,0,-0.015052675604938273,-0.0063972839190122588,0,0.0075263378024691364,0,0,-0.015052675604938273,-0.0063972839190122588,0,0,0,0,0,0,-1.1451943446594357,0.10979673210910143,-0.10523441043780082,-0.49983858933700598,0.015827429484122267,0.017505126731398209,-0.80263495205522573,-0.81126943688496211,-0.073623709036345353,1.0662692378923089,-0.32610713702863059,0.13826738862422402,0.75412645250110544,0.057019422291064784,-0.012242854320987644,0,0,0.024485708641975287,0.010405234074292724,0,-0.012242854320987644,0,0,0.024485708641975287,0.010405234074292724,0
394,FRAME,NONE,389,389,3.8900000000000001,RECOVERY,1.1000000000000014,0,0,0,0,0,0.080598221270829121,0.13685372100092477,-0.018459246978542176,0.78010343848251096,0.006623790245385717,-0.064639750133435009,-0.14828527646811082,0.18540508449673901,-0.11203523078603631,0.20162973118912161,0.72837362058978139,0.014098276625685517,0.10505388462712538,0.007878054674293521,-0.133386848512,0.0055999999999999999,-0.034799999999999998,0.25137369702400003,-0.11845617876479998,-0.0077999999999999996,-0.133386848512,-0.0055999999999999999,0.034799999999999998,0.25137369702400003,-0.11845617876479998,0.0077999999999999996,0,0,0,0,0,0.64405682129141473,-0.058731164680861488,0.064192349622709824,0.25754010507799868,-0.014477510591811311,0.082128098729870078,0.47755789961495732,0.39938073064230695,-0.0098563072354909687,-0.65278923159579894,0.23353605174892822,-0.052131843344913401,-0.37798114882904854,-0.025660404290796114,0.0074035519999999981,0,0,-0.014807103999999996,-0.0062929219893793908,0,0.0074035519999999981,0,0,-0.014807103999999996,-0.0062929219893793908,0,0,0,0,0,0,-1.1518118824810817,0.11043119562248981,-0.10584251044672803,-0.50272692072379743,0.015918888731820319,0.017606280599960306,-0.80727300076457398,-0.80681515119168656,-0.071010560674170109,1.0740425761361638,-0.33545069002355321,0.13574843755202562,0.75595976521243557,0.055522986263972958,-0.012313599999999997,0,0,0.024627199999999995,0.010465351111092758,0,-0.012313599999999997,0,0,0.024627199999999995,0.010465351111092758,0
395,FRAME,NONE,390,390,3.8999999999999999,RECOVERY,1.1000000000000014,0,0,0,0,0,0.086998704632919754,0.13627150266480112,-0.017821386431896524,0.78262286057795205,0.0064809086580434883,-0.063804272489743408,-0.14354960972154354,0.18935855078136646,-0.1121373464338908,0.19515554705716617,0.7306922030761408,0.013583745417654901,0.10131187618815311,0.0076242255088734149,-0.13331342979787655,0.0055999999999999999,-0.034799999999999998,0.25122685959575314,-0.11851858467180489,-0.0077999999999999996,-0.13331342979787655,-0.0055999999999999999,0.034799999999999998,0.25122685959575314,-0.11851858467180489,0.0077999999999999996,0,0,0,0,0,0.63600935113703727,-0.057565020107732803,0.062982359961798684,0.24638719911140006,-0.014470807903114013,0.084938633953981435,0.46974416585996659,0.39133489395109106,-0.010552980553943381,-0.64201099532661399,0.23013592426361362,-0.050786763413937938,-0.37041340666786327,-0.025112471026393548,0.0072800800246913631,0,0,-0.014560160049382726,-0.0061879768967904036,0,0.0072800800246913631,0,0,-0.014560160049382726,-0.0061879768967904036,0,0,0,0,0,0,-1.158030317086344,0.11102739468833045,-0.10641393598911088,-0.50544105705836251,0.016004832079056883,0.017701333886193917,-0.81163132909943625,-0.80234493008937702,-0.068254928619580768,1.0813861466052455,-0.34435153856871015,0.13330066266000715,0.75738554979207229,0.054102099365179943,-0.012380079012345675,0,0,0.024760158024691351,0.010521841481182792,0,-0.012380079012345675,0,0,0.024760158024691351,0.010521841481182792,0
396,FRAME,NONE,391,391,3.9100000000000001,RECOVERY,1.1000000000000014,0,0,0,0,0,0.093318061719931164,0.13570094053518755,-0.017195712187944023,0.78503151654946168,0.006338071411794129,-0.062941237743666639,-0.13889229280966375,0.19323178237576083,-0.11224629039711517,0.18878951128258933,0.73297633907505366,0.013082541357406758,0.097645616493768114,0.00737580525376565,-0.13324124905560494,0.0055999999999999999,-0.034799999999999998,0.25108249811120992,-0.11857993830273579,-0.0077999999999999996,-0.13324124905560494,-0.0055999999999999999,0.034799999999999998,0.25108249811120992,-0.11857993830273579,0.0077999999999999996,0,0,0,0,0,0.62783207196069568,-0.056404919486105487,0.061767304079175051,0.23538754816158078,-0.014457507389228573,0.087639423811757086,0.46188241798001695,0.38333383204051941,-0.011221405807882584,-0.63116150866369403,0.22664902097755402,-0.049465830091713257,-0.3628334378332071,-0.024578362303492515,0.007155964839506185,0,0,-0.01431192967901237,-0.006082485159755735,0,0.007155964839506185,0,0,-0.01431192967901237,-0.006082485159755735,0,0,0,0,0,0,-1.1638441053749984,0.11158479785596331,-0.10694817769735881,-0.50797857896497767,0.016085182916103374,0.017790201859788982,-0.81570605205461377,-0.79784994447065771,-0.065313228530955447,1.0881516040739392,-0.3528089307935911,0.13077933096054642,0.75841140537842022,0.052822367685573593,-0.012442232098765453,0,0,0.024884464197530907,0.010574654814819728,0,-0.012442232098765453,0,0,0.024884464197530907,0.010574654814819728,0
397,FRAME,NONE,392,392,3.9199999999999999,RECOVERY,1.1000000000000014,0,0,0,0,0,0.099554999334362432,0.13514197393964611,-0.016582270395332114,0.78733097445370759,0.0061953458561744409,-0.062051754799755617,-0.13431379253544504,0.19702522742217685,-0.11236177455004845,0.18253231688389229,0.73522518349569188,0.012594428815820636,0.094055207431488971,0.0071326582628035646,-0.1331703125,0.0055999999999999999,-0.034799999999999998,0.25094062499999997,-0.118640234375,-0.0077999999999999996,-0.1331703125,-0.0055999999999999999,0.034799999999999998,0.25094062499999997,-0.118640234375,0.0077999999999999996,0,0,0,0,0,0.61952598950351356,-0.055250803707983451,0.060547936675032998,0.2245482066070176,-0.014437457293429441,0.090228203824443257,0.45397545830807073,0.3753778950616779,-0.01185924512456249,-0.6202479632451352,0.2230797456477418,-0.048171176794727009,-0.35524517856029486,-0.024056023672682076,0.0070312500000000002,0,0,-0.0140625,-0.0059764838004940091,0,0.0070312500000000002,0,0,-0.0140625,-0.0059764838004940091,0,0,0,0,0,0,-1.1692477042468103,0.11210287367472735,-0.10744472620388031,-0.51033706706791426,0.016159864633231064,0.017872799790435278,-0.81949328462490056,-0.7933451470080316,-0.062252355155292816,1.0944746350753654,-0.3608095818749546,0.12832590638573588,0.75903394780786615,0.051614520778676086,-0.012500000000000001,0,0,0.025000000000000001,0.010623740740907384,0,-0.012500000000000001,0,0,0.025000000000000001,0.010623740740907384,0
398,FRAME,NONE,393,393,3.9300000000000002,RECOVERY,1.1000000000000014,0,0,0,0,0,0.10570823548736133,0.13459454281582195,-0.01598109971886294,0.78952287129931353,0.0060528007495471436,-0.061136954368972991,-0.1298145474141969,0.20073934027699439,-0.11248347529960642,0.17638455201768663,0.7374379339880085,0.012119117821512218,0.090540712922562216,0.0068946847803120085,-0.13310062590735802,0.0055999999999999999,-0.034799999999999998,0.25080125181471602,-0.11869946797874567,-0.0077999999999999996,-0.13310062590735802,-0.0055999999999999999,0.034799999999999998,0.25080125181471602,-0.11869946797874567,0.0077999999999999996,0,0,0,0,0,0.61109234104344978,-0.054102615260603587,0.059325005812347821,0.21387590846871818,-0.014410522327241888,0.09270287825682956,0.44602613586906253,0.36746692910035877,-0.01246645291098844,-0.60927201596218672,0.21943282934005492,-0.04689931196399854,-0.34765275887704977,-0.023546071887918994,0.006905979654320985,0,0,-0.01381195930864197,-0.0058700103449375873,0,0.006905979654320985,0,0,-0.01381195930864197,-0.0058700103449375873,0,0,0,0,0,0,-1.1742355706015579,0.1125810906939627,-0.10790307214108495,-0.51251410199144931,0.016228800620711397,0.017949042947822767,-0.8229891418050993,-0.78884301780143828,-0.059131237763847266,1.100470219995503,-0.36834207182867562,0.12606078409092661,0.75925093656413478,0.050419149739500124,-0.012553323456790113,0,0,0.025106646913580225,0.010669048888869992,0,-0.012553323456790113,0,0,0.025106646913580225,0.010669048888869992,0
399,FRAME,NONE,394,394,3.9399999999999999,RECOVERY,1.1000000000000014,0,0,0,0,0,0.11177650173736423,0.13405858768470411,-0.015392231401733363,0.79160890979261433,0.0059105061006693273,-0.060197987254031041,-0.12539496721202859,0.20437456600418402,-0.11261110360826822,0.17034687656464856,0.73961384008249298,0.011656442576540665,0.087102152253947976,0.0066617368250451846,-0.13303219460953086,0.0055999999999999999,-0.034799999999999998,0.25066438921906176,-0.11875763458189875,-0.0077999999999999996,-0.13303219460953086,-0.0055999999999999999,0.034799999999999998,0.25066438921906176,-0.11875763458189875,0.0077999999999999996,0,0,0,0,0,0.60253259989451091,-0.05296029966945983,0.058099252133596763,0.20337705756990493,-0.014376583921577877,0.095061525400357574,0.43803734614624634,0.35960103470564914,-0.013041869879839435,-0.59823855884522514,0.21571290421116829,-0.045649961112908477,-0.34006015982901217,-0.023047640677892074,0.0067801985432098637,0,0,-0.013560397086419727,-0.0057631028227166092,0,0.0067801985432098637,0,0,-0.013560397086419727,-0.0057631028227166092,0,0,0,0,0,0,-1.1788021613390156,0.11301891746300918,-0.10832270614138208,-0.51450726435985861,0.016291914268815776,0.018018846601641367,-0.82618973859001021,-0.78432171184604493,-0.055860191509812807,1.1058712396777581,-0.37541437325233629,0.12371849462902082,0.75907556743387561,0.049358155854593681,-0.012602143209876557,0,0,0.025204286419753114,0.010710528888895066,0,-0.012602143209876557,0,0,0.025204286419753114,0.010710528888895066,0
400,FRAME,NONE,395,395,3.9500000000000002,RECOVERY,1.1000000000000014,0,0,0,0,0,0.11775854557044906,0.13353404960985665,-0.014815689335797886,0.79359085499214488,0.0057685330076851608,-0.059236022585788493,-0.12105543248632357,0.20793136097110737,-0.11274431269720321,0.16441978084078213,0.74175219207223186,0.011206118599254048,0.083739509725981973,0.006433731966754167,-0.13296502348799999,0.0055999999999999999,-0.034799999999999998,0.25053004697599995,-0.1188147300352,-0.0077999999999999996,-0.13296502348799999,-0.0055999999999999999,0.034799999999999998,0.25053004697599995,-0.1188147300352,0.0077999999999999996,0,0,0,0,0,0.59384847924244921,-0.051823806909181765,0.056871408137201089,0.19305771915955908,-0.01433554040232744,0.097302402054037604,0.4300120308589202,0.35178049486343788,-0.013583656741184696,-0.58715459116863156,0.2119245418750082,-0.044424942071418123,-0.33247124752837226,-0.02255890877082712,0.0066539519999999899,0,0,-0.01330790399999998,-0.005655799767159686,0,0.0066539519999999899,0,0,-0.01330790399999998,-0.005655799767159686,0,0,0,0,0,0,-1.182941933358949,0.11341582253120576,-0.10870311883718015,-0.51631413479741362,0.016349128967815468,0.018082126021580856,-0.82909118997442743,-0.77979308648890022,-0.052507464700195239,1.1108175549587318,-0.38201601991083578,0.12144340554711974,0.75850557213357483,0.048360906835971662,-0.0126464,0,0,0.025292800000000001,0.010748130370441533,0,-0.0126464,0,0,0.025292800000000001,0.010748130370441533,0
401,FRAME,NONE,396,396,3.96,RECOVERY,1.1000000000000014,0,0,0,0,0,0.12365313281562988,0.13302087014295189,-0.014251490139272778,0.79547053088692776,0.0056269534952846341,-0.058252246019008795,-0.11679629412809976,0.21141017590145278,-0.11288277674309191,0.15860378474127593,0.74385233091999314,0.010767943735112303,0.080452727303380531,0.0062105586496286422,-0.13289911696795062,0.0055999999999999999,-0.034799999999999998,0.25039823393590127,-0.11887075057724195,-0.0077999999999999996,-0.13289911696795062,-0.0055999999999999999,0.034799999999999998,0.25039823393590127,-0.11887075057724195,0.0077999999999999996,0,0,0,0,0,0.58504193530570825,-0.050693092776732271,0.055642197516183496,0.18292361302982918,-0.014287307091173543,0.099423947184722375,0.4219531777510887,0.34400517297587113,-0.01409201917384334,-0.57602220774605051,0.20807258381295157,-0.043221093001966082,-0.32489004838634067,-0.02208042254117264,0.0065272859506172645,0,0,-0.013054571901234529,-0.0055481402153077786,0,0.0065272859506172645,0,0,-0.013054571901234529,-0.0055481402153077786,0,0,0,0,0,0,-1.1866493435611343,0.1137712744478924,-0.10904380086088862,-0.51793229392839069,0.016400368107981893,0.01813879647733117,-0.8316896109531523,-0.77525225921019902,-0.049058250298564254,1.1152339074186501,-0.3881473623221221,0.1191641676674942,0.75754650254430955,0.047457253733252172,-0.012686034567901221,0,0,0.025372069135802443,0.010781802962898934,0,-0.012686034567901221,0,0,0.025372069135802443,0.010781802962898934,0
402,FRAME,NONE,397,397,3.9700000000000002,RECOVERY,1.1000000000000014,0,0,0,0,0,0.12945905008836928,0.1325189912560176,-0.013699643241264004,0.79724981691349683,0.0054858403507353683,-0.057247857895656055,-0.1126178729061315,0.21481146443062479,-0.11302615308068008,0.15289933668586111,0.7459136437484909,0.010341696739214727,0.077241708758255159,0.0059921235159307142,-0.13283447901234569,0.0055999999999999999,-0.034799999999999998,0.25026895802469135,-0.11892569283950616,-0.0077999999999999996,-0.13283447901234569,-0.0055999999999999999,0.034799999999999998,0.25026895802469135,-0.11892569283950616,0.0077999999999999996,0,0,0,0,0,0.57611516981569144,-0.049568120221685365,0.054412334561061405,0.17298010814449977,-0.014231816332983659,0.10142478475579714,0.41386382039050201,0.3362754496792339,-0.014564821747155982,-0.56484991302025855,0.20416159462856576,-0.042041658718068239,-0.31732031747748607,-0.021609763696162076,0.0064002469135802419,0,0,-0.012800493827160484,-0.0054401637079017073,0,0.0064002469135802419,0,0,-0.012800493827160484,-0.0054401637079017073,0,0,0,0,0,0,-1.1899188488453465,0.11408474176240896,-0.10934424284491681,-0.5193593223770655,0.01644555507958646,0.018188773238582232,-0.83398111652098528,-0.77069659141788815,-0.045524346074105049,1.1191158548992663,-0.39380694041718511,0.11687890410447439,0.75620239593204852,0.046644989066867322,-0.012720987654320988,0,0,0.025441975308641975,0.01081149629621192,0,-0.012720987654320988,0,0,0.025441975308641975,0.01081149629621192,0
403,FRAME,NONE,398,398,3.98,RECOVERY,1.1000000000000014,0,0,0,0,0,0.1351751072553993,0.13202835526085177,-0.013160150972490696,0.79893064442683315,0.0053452669595038345,-0.056224071384126897,-0.1085204590127947,0.21813568489503746,-0.11317407317803503,0.14730678648087075,0.74793556281256446,0.0099271105607509381,0.074106320953830809,0.0057783633757054007,-0.13277111311599998,0.0055999999999999999,-0.034799999999999998,0.250142226232,-0.11897955385139998,-0.0077999999999999996,-0.13277111311599998,-0.0055999999999999999,0.034799999999999998,0.250142226232,-0.11897955385139998,0.0077999999999999996,0,0,0,0,0,0.56707063181536121,-0.048448860628699894,0.053182523628552109,0.16323221878369021,-0.014169017451639362,0.10330372572043812,0.40574703797739597,0.32859124114751337,-0.015002506095325441,-0.55363989064806518,0.20019644500460787,-0.040883514919876594,-0.3097660004676997,-0.021147522759835294,0.0062728820000000005,0,0,-0.012545764000000001,-0.0053319102893835402,0,0.0062728820000000005,0,0,-0.012545764000000001,-0.0053319102893835402,0,0,0,0,0,0,-1.1927449061113524,0.1143556930240945,-0.10960393542167332,-0.5205928007677102,0.016484613272900451,0.018231971575023837,-0.83596182167272137,-0.7661408890946575,-0.042004178958700289,1.1226829956437201,-0.39898366871155,0.1148109671747239,0.75446922857793641,0.045816502848936708,-0.01275119999999998,0,0,0.02550239999999996,0.010837160000012891,0,-0.01275119999999998,0,0,0.02550239999999996,0.010837160000012891,0
404,FRAME,NONE,399,399,3.9900000000000002,RECOVERY,1.1000000000000014,0,0,0,0,0,0.14080013991421433,0.13154890471609476,-0.012633008661551218,0.80051499314022423,0.0052053071411482217,-0.055182110602651206,-0.10450431161146405,0.22138328925357506,-0.11332620320258659,0.14182653887289981,0.74991757264858305,0.0095240264408171949,0.071046388748901165,0.0055691730607340083,-0.13270902229965431,0.0055999999999999999,-0.034799999999999998,0.25001804459930865,-0.11903233104529383,-0.0077999999999999996,-0.13270902229965431,-0.0055999999999999999,0.034799999999999998,0.25001804459930865,-0.11903233104529383,0.0077999999999999996,0,0,0,0,0,0.55791101878029103,-0.047335295047688165,0.051953458677188362,0.15368460219762925,-0.014098876636695637,0.10505976918285223,0.39760595516219344,0.32095263189734075,-0.015404905326329987,-0.54239625310738415,0.19618192125433476,-0.039745439374573761,-0.30223093290592734,-0.020693433639183342,0.0061452389135802348,0,0,-0.01229047782716047,-0.0052234205079014495,0,0.0061452389135802348,0,0,-0.01229047782716047,-0.0052234205079014495,0,0,0,0,0,0,-1.1951219722589284,0.11458359678228902,-0.10982236922356761,-0.52163030972460123,0.016517466078195292,0.018268306756345928,-0.83762784140316193,-0.76156428239326779,-0.038419362937656965,1.1256976193774859,-0.40368853601230326,0.11272478624822189,0.75235966086592554,0.045078425251296808,-0.012776612345678982,0,0,0.025553224691357963,0.010858743703830165,0,-0.012776612345678982,0,0,0.025553224691357963,0.010858743703830165,0
405,FRAME,NONE,400,400,4,RECOVERY,1.1000000000000014,0,0,0,0,0,0.14633301188031156,0.13108058232250522,-0.012118204736058045,0.80200488754930377,0.0050660349861623459,-0.054123208735309181,-0.10056965838545456,0.22455473753298427,-0.11348217128456163,0.13645886141872307,0.75185920123765115,0.0091322017732594629,0.068061702295712262,0.0053644947029217339,-0.1326482091040494,0.0055999999999999999,-0.034799999999999998,0.24989641820809877,-0.11908402226155801,-0.0077999999999999996,-0.1326482091040494,-0.0055999999999999999,0.034799999999999998,0.24989641820809877,-0.11908402226155801,0.0077999999999999996,0,0,0,0,0,0.5486392770709092,-0.046227415367552982,0.050725822870475314,0.1443415577508953,-0.014021376763708748,0.10669210273764348,0.38944374187131597,0.31335995549964801,-0.01577089335407858,-0.53112593826051546,0.19212267428436181,-0.038629019194912156,-0.29471880725038119,-0.020245954254809358,0.0060173659506173038,0,0,-0.012034731901234608,-0.0051147354153069369,0,0.0060173659506173038,0,0,-0.012034731901234608,-0.0051147354153069369,0,0,0,0,0,0,-1.1970445041878517,0.11476792158633263,-0.10999903488300924,-0.52246942987201528,0.016544036885742422,0.01829769405223846,-0.83897529070710952,-0.75695996013827593,-0.034763954229639904,1.1281099373803394,-0.40792476047823989,0.11057329143505067,0.74987973862817026,0.044449040721083501,-0.012797165432098785,0,0,0.02559433086419757,0.010876197037018587,0,-0.012797165432098785,0,0,0.02559433086419757,0.010876197037018587,0
406,FRAME,NONE,401,401,4.0099999999999998,RECOVERY,1.1000000000000014,0,0,0,0,0,0.15177261767572167,0.13062333080701724,-0.01161572082797307,0.80340239335474617,0.0049275246944058279,-0.053048606148618734,-0.096716695088387858,0.22765048836356802,-0.11364162106966816,0.1312040201076895,0.75376002613427029,0.0087514460569189517,0.065152012603893542,0.0051642539756378211,-0.132588675584,0.0055999999999999999,-0.034799999999999998,0.24977735116800004,-0.11913462575359997,-0.0077999999999999996,-0.132588675584,-0.0055999999999999999,0.034799999999999998,0.24977735116800004,-0.11913462575359997,0.0077999999999999996,0,0,0,0,0,0.53925860172936158,-0.045125225429836643,0.049500288247757381,0.1352070275272233,-0.013936517151506343,0.10820010200413394,0.38126361314023804,0.30581343269457523,-0.016100184410922785,-0.51983405435977736,0.18802342604476996,-0.037533973545872748,-0.28723333813336394,-0.019804452824761672,0.0058893120000000233,0,0,-0.011778624000000047,-0.0050058965671610778,0,0.0058893120000000233,0,0,-0.011778624000000047,-0.0050058965671610778,0,0,0,0,0,0,-1.198506958797884,0.11490813598556388,-0.11013342303240634,-0.52310774183422237,0.016564249085813058,0.018320048732391153,-0.84000028457935516,-0.7523357276124909,-0.031117258945945192,1.1300929866344178,-0.41168618862164053,0.10853192065818015,0.74702802878434948,0.04384320395162955,-0.012812800000000015,0,0,0.02562560000000003,0.010889469629488113,0,-0.012812800000000015,0,0,0.02562560000000003,0.010889469629488113,0
407,FRAME,NONE,402,402,4.0199999999999996,RECOVERY,1.1000000000000014,0,0,0,0,0,0.15711788501221469,0.13017709279618411,-0.011125531882458066,0.80470961389834028,0.0047898504157438968,-0.051959548516829962,-0.092945585095952632,0.23067100618687578,-0.11380417497278009,0.12606218033152752,0.75561966975854655,0.008381522302342008,0.062317035533044983,0.0049684056464265004,-0.13253042330246914,0.0055999999999999999,-0.034799999999999998,0.24966084660493826,-0.11918414019290123,-0.0077999999999999996,-0.13253042330246914,-0.0055999999999999999,0.034799999999999998,0.24966084660493826,-0.11918414019290123,0.0077999999999999996,0,0,0,0,0,0.52977243563854182,-0.044028742079036801,0.048277515462516053,0.12628459835482853,-0.01384431326005333,0.10958332937843812,0.37306882895287941,0.29831324094739819,-0.016393238532997484,-0.50852407852782711,0.18388895051192899,-0.036458380781748553,-0.2797782466746942,-0.019369090175776767,0.0057611265432098695,0,0,-0.011522253086419739,-0.0048969460227171746,0,0.0057611265432098695,0,0,-0.011522253086419739,-0.0048969460227171746,0,0,0,0,0,0,-1.1995037929888031,0.11500370852932287,-0.11022502430416847,-0.5235428262354993,0.016578026068678638,0.018335286066493966,-0.8406989380147013,-0.74768772633487801,-0.027502522957668918,1.1316753940767559,-0.41497426226722034,0.10663107055478363,0.74380845663682138,0.043243360738675143,-0.012823456790123469,0,0,0.025646913580246938,0.010898511111114006,0,-0.012823456790123469,0,0,0.025646913580246938,0.010898511111114006,0
408,FRAME,NONE,403,403,4.0300000000000002,RECOVERY,1.1000000000000014,0,0,0,0,0,0.16236777726303622,0.12974181067965776,-0.010647606269566883,0.80592868662606887,0.0046530860934655832,-0.050857284963407322,-0.089256458958999932,0.23361675318251598,-0.11396948584032811,0.12103353853713296,0.75743780514450887,0.0080222784412839806,0.059556447670399658,0.0047768721721222858,-0.13247345332464197,0.0055999999999999999,-0.034799999999999998,0.24954690664928394,-0.11923256467405431,-0.0077999999999999996,-0.13247345332464197,-0.0055999999999999999,0.034799999999999998,0.24954690664928394,-0.11923256467405431,0.0077999999999999996,0,0,0,0,0,0.5201844680648966,-0.042937996146817516,0.047058153587386492,0.11757750520241009,-0.013744796332892648,0.11084153203186808,0.3648626940864248,0.29085967816787767,-0.016650234870076164,-0.49720054647824224,0.17972394079942555,-0.035401352134777075,-0.27235716900062751,-0.018939585609988169,0.0056328596543210102,0,0,-0.01126571930864202,-0.0047879263449387977,0,0.0056328596543210102,0,0,-0.01126571930864202,-0.0047879263449387977,0,0,0,0,0,0,-1.2000294636603845,0.11505410776694958,-0.11027332933070505,-0.52377226370012209,0.016585291224610579,0.018343321324236835,-0.84106736600794907,-0.74299650932432848,-0.023848772813840624,1.1326397849364289,-0.41780225088772216,0.10465642281722448,0.74023333492250765,0.042745293396223398,-0.012829076543209906,0,0,0.025658153086419812,0.010903271111112334,0,-0.012829076543209906,0,0,0.025658153086419812,0.010903271111112334,0
409,FRAME,NONE,404,404,4.04,RECOVERY,1.1000000000000014,0,0,0,0,0,0.16752129591707046,0.12931742646436256,-0.010181905898101236,0.80706177959189884,0.0045173053110278511,-0.049743066226227595,-0.085649413957911341,0.23648819975023333,-0.11413717967018161,0.11611816940196268,0.75921414857453506,0.0076734952596464664,0.056869892153032432,0.004589613934226737,-0.13241776621199999,0.0055999999999999999,-0.034799999999999998,0.24943553242399999,-0.11927989871980001,-0.0077999999999999996,-0.13241776621199999,-0.0055999999999999999,0.034799999999999998,0.24943553242399999,-0.11927989871980001,0.0077999999999999996,0,0,0,0,0,0.51049863260997086,-0.04185303336780808,0.045842839984761519,0.10908863588735784,-0.013638012988421159,0.11197463918934503,0.35664855796061196,0.28345331076091163,-0.016870213989274296,-0.48587128282909853,0.17553290549417455,-0.034365252325404064,-0.26497357997624404,-0.018514184307852299,0.0055045620000000166,0,0,-0.011009124000000033,-0.0046788806004949279,0,0.0055045620000000166,0,0,-0.011009124000000033,-0.0046788806004949279,0,0,0,0,0,0,-1.2000784277123928,0.11505880224778281,-0.11027782874442446,-0.52379363485236208,0.016585967943880137,0.018344069775309516,-0.84110168355389181,-0.73825869840386804,-0.02018578002416227,1.1330332613218252,-0.42017243449543606,0.10265695921898854,0.73630638405711712,0.042322647702405097,-0.012829600000000028,0,0,0.025659200000000056,0.010903699259358357,0,-0.012829600000000028,0,0,0.025659200000000056,0.010903699259358357,0
410,FRAME,NONE,405,405,4.0499999999999998,RECOVERY,1.1000000000000014,0,0,0,0,0,0.1725774830096336,0.12890388162005406,-0.0097283863309691136,0.80811108801493514,0.0043825811426283137,-0.048618142853450459,-0.082124513658257348,0.23928581939773422,-0.11430689012011359,0.11131611288055099,0.76094846325439236,0.0073349733947758993,0.054256976070874777,0.0044065884859652397,-0.13236336201639504,0.0055999999999999999,-0.034799999999999998,0.2493267240327901,-0.11932614228606421,-0.0077999999999999996,-0.13236336201639504,-0.0055999999999999999,0.034799999999999998,0.2493267240327901,-0.11932614228606421,0.0077999999999999996,0,0,0,0,0,0.50071910459897906,-0.040773915225140511,0.044632200241491414,0.10082053703023482,-0.013524024764476821,0.11298275872590005,0.34842981449066779,0.27609450419980031,-0.017053950470559409,-0.47453988125180574,0.17132049210951683,-0.033348212950397305,-0.25763104131948517,-0.018093132655940068,0.0053762848395061749,0,0,-0.01075256967901235,-0.0045698523597516305,0,0.0053762848395061749,0,0,-0.01075256967901235,-0.0045698523597516305,0,0,0,0,0,0,-1.1996451420446073,0.11501726052116286,-0.1102380131777364,-0.52360452031649674,0.016579979616758774,0.018337446689401994,-0.84079800564733287,-0.73347899168164921,-0.016598274872707541,1.1330480295323324,-0.42208116460135114,0.1008255983542327,0.73202639978647843,0.041882447240652529,-0.012824967901234585,0,0,0.02564993580246917,0.010899745185276311,0,-0.012824967901234585,0,0,0.02564993580246917,0.010899745185276311,0
411,FRAME,NONE,406,406,4.0599999999999996,RECOVERY,1.1000000000000014,0,0,0,0,0,0.1775354235244947,0.12850111691696114,-0.0092869969013958178,0.80907883090206068,0.0042489860080586117,-0.047483763436646793,-0.078681787467670045,0.24201008983422934,-0.1144782586795928,0.10662737177692656,0.7626405584167254,0.0070065310006385204,0.051717271326642729,0.0042277512811079356,-0.13231024027412347,0.0055999999999999999,-0.034799999999999998,0.24922048054824691,-0.11937129576699504,-0.0077999999999999996,-0.13231024027412347,-0.0055999999999999999,0.034799999999999998,0.24922048054824691,-0.11937129576699504,0.0077999999999999996,0,0,0,0,0,0.49085029793725382,-0.039700719724354683,0.043426848165810029,0.092775421182530876,-0.013402907620889373,0.11386617312351245,0.34020990194295897,0.26878373092727864,-0.017202179486728447,-0.46321032223845188,0.16709128220214753,-0.03234874035831941,-0.25033305198051448,-0.017676535363039248,0.0052480800246913388,0,0,-0.010496160049382678,-0.0044608856967894017,0,0.0052480800246913388,0,0,-0.010496160049382678,-0.0044608856967894017,0,0,0,0,0,0,-1.198724063556792,0.11492895113642852,-0.11015337326304926,-0.52320250071679719,0.016567249633517741,0.01832336733620403,-0.84015244728306537,-0.72864119977873731,-0.013043120361787286,1.1325424239750137,-0.42354040904857282,0.099023207377399794,0.72740347920667991,0.041485528026242481,-0.012815120987654294,0,0,0.025630241975308589,0.010891358518394512,0,-0.012815120987654294,0,0,0.025630241975308589,0.010891358518394512,0
412,FRAME,NONE,407,407,4.0700000000000003,RECOVERY,1.1000000000000014,0,0,0,0,0,0.18239424776190413,0.12810907225622067,-0.0088576808293557643,0.80996724774744921,0.0041165915322615258,-0.046341172887415086,-0.075321230193951996,0.24466149401627979,-0.11465093370984816,0.10205190643578195,0.76429028889843531,0.0066879985876095111,0.049250315031264487,0.0040530577787044548,-0.13225839999999997,0.0055999999999999999,-0.034799999999999998,0.24911679999999997,-0.11941536,-0.0077999999999999996,-0.13225839999999997,-0.0055999999999999999,0.034799999999999998,0.24911679999999997,-0.11941536,0.0077999999999999996,0,0,0,0,0,0.48089686146774591,-0.038633542094738377,0.042227385844320994,0.084955175049529444,-0.013274751404748489,0.11462533483357436,0.3319923027925768,0.26152168020422556,-0.017314812877795155,-0.45188903277230547,0.16284968392854537,-0.031367748802849309,-0.24308297173535157,-0.017263422095415218,0.0051200000000000048,0,0,-0.01024000000000001,-0.0043520251893837403,0,0.0051200000000000048,0,0,-0.01024000000000001,-0.0043520251893837403,0,0,0,0,0,0,-1.1973096491487349,0.11479334264292092,-0.11002339963277354,-0.52258515667754468,0.016547701384428626,0.01830174698540574,-0.83916112345589899,-0.72373391346976235,-0.0095094616308841196,1.1314603409804529,-0.42455943010194508,0.097195853625748646,0.72244530352686132,0.041153091289622933,-0.012800000000000011,0,0,0.025600000000000022,0.010878488888935167,0,-0.012800000000000011,0,0,0.025600000000000022,0.010878488888935167,0
413,FRAME,NONE,408,408,4.0800000000000001,RECOVERY,1.1000000000000014,0,0,0,0,0,0.18715313366784628,0.12772768649383903,-0.0084403753376147261,0.81077859531939422,0.0039854684099476937,-0.045191610763114128,-0.072042801604418741,0.24724052343831385,-0.1148245549371487,0.097589591121480454,0.76589755209529631,0.0063791760245815341,0.046855611891935697,0.0038824828391996313,-0.1322078396814321,0.0055999999999999999,-0.034799999999999998,0.24901567936286417,-0.11945833627078271,-0.0077999999999999996,-0.1322078396814321,-0.0055999999999999999,0.034799999999999998,0.24901567936286417,-0.11945833627078271,0.0077999999999999996,0,0,0,0,0,0.47086367486459424,-0.037572495417632169,0.041034403756582752,0.07736136872531979,-0.013139659283215704,0.11526086109312783,0.32378054358208169,0.25430905265788339,-0.01739236871934613,-0.44058111541884282,0.15860009360010863,-0.030404823285804437,-0.23588414590997725,-0.016853473537246789,0.0049920978024691701,0,0,-0.0099841956049383403,-0.0042433159190106984,0,0.0049920978024691701,0,0,-0.0099841956049383403,-0.0042433159190106984,0,0,0,0,0,0,-1.1953963557201959,0.11460990358997844,-0.10984758291931718,-0.52175006882300834,0.016521258259762618,0.018272500906696815,-0.83782014916062364,-0.71875451495423404,-0.0060482762564290082,1.1299094254326596,-0.42514044264446715,0.095451813883703704,0.71715393592073762,0.040831510742289634,-0.012779545679012362,0,0,0.025559091358024724,0.010861085926010261,0,-0.012779545679012362,0,0,0.025559091358024724,0.010861085926010261,0
414,FRAME,NONE,409,409,4.0899999999999999,RECOVERY,1.1000000000000014,0,0,0,0,0,0.19181130912003658,0.12735689725887925,-0.0080350117667901295,0.81151514454432161,0.0038556862756095149,-0.044036309647032305,-0.068846425986446746,0.24974767506943746,-0.11499878108423509,0.093240284127405093,0.76746229077043748,0.0060799021218934223,0.044532632113064942,0.0037159883079595189,-0.13215855727249384,0.0055999999999999999,-0.034799999999999998,0.24891711454498769,-0.11950022631838021,-0.0077999999999999996,-0.13215855727249384,-0.0055999999999999999,0.034799999999999998,0.24891711454498769,-0.11950022631838021,0.0077999999999999996,0,0,0,0,0,0.46075584409908077,-0.036517711181638254,0.039848480944591057,0.069995265853785377,-0.012997747148699779,0.11577352824487297,0.31557819478069576,0.24714658990514088,-0.017435778402923735,-0.42929084426365227,0.15434687507565603,-0.029458712525175235,-0.22873989301693681,-0.016446791880569425,0.0048644270617284021,0,0,-0.0097288541234568041,-0.0041348034708635351,0,0.0048644270617284021,0,0,-0.0097288541234568041,-0.0041348034708635351,0,0,0,0,0,0,-1.1929786401709468,0.11437810252694065,-0.10962541375508925,-0.52069481777746274,0.016487843649791081,0.018235544369767126,-0.83612563939203777,-0.71369229723408645,-0.002657799548430595,1.1278596984297395,-0.42529242217870245,0.093762923880742061,0.71153610451957228,0.040530214469145127,-0.012753698765432092,0,0,0.025507397530864184,0.010839099259044027,0,-0.012753698765432092,0,0,0.025507397530864184,0.010839099259044027,0
415,FRAME,NONE,410,410,4.0999999999999996,RECOVERY,1.1000000000000014,0,0,0,0,0,0.19636805416660469,0.12699664076661352,-0.0076415156888777298,0.81217917749659541,0.0037273135791942536,-0.042876493587583976,-0.06573199170927127,0.25218345523641666,-0.11517327050520718,0.089003774236207409,0.76898448959680943,0.0057900017740780295,0.042280814031596961,0.0035535470015882428,-0.132110550188,0.0055999999999999999,-0.034799999999999998,0.248821100376,-0.11954103234019998,-0.0077999999999999996,-0.132110550188,-0.0055999999999999999,0.034799999999999998,0.248821100376,-0.11954103234019998,0.0077999999999999996,0,0,0,0,0,0.45057869651535593,-0.035469339765105051,0.03867018523426155,0.062857834626962455,-0.012849143001184036,0.11616426561243773,0.30738887064334341,0.24003520671320167,-0.017445524710314742,-0.41802392145024803,0.15009424515653458,-0.028529564808189595,-0.2216534238195858,-0.016042869247863887,0.0047370420000000264,0,0,-0.0094740840000000527,-0.0040265339338298178,0,0.0047370420000000264,0,0,-0.0094740840000000527,-0.0040265339338298178,0,0,0,0,0,0,-1.1900509594007722,0.11409740800314835,-0.10935638277249998,-0.51941698416518767,0.016447380944785546,0.018190792644306741,-0.83407370914494861,-0.70847541466488584,0.00062806783811958367,1.1253728442926074,-0.42517371282468908,0.092189448032381147,0.70568387110277875,0.040222813937444701,-0.012722400000000045,0,0,0.02544480000000009,0.010812478518432145,0,-0.012722400000000045,0,0,0.02544480000000009,0.010812478518432145,0
416,FRAME,NONE,411,411,4.1100000000000003,RECOVERY,1.1000000000000014,0,0,0,0,0,0.20082270321373696,0.12664685162734607,-0.007259807018706297,0.81277298450215496,0.0036004174676713676,-0.041713376600777737,-0.062699350787028388,0.25454837920370149,-0.11534769157844138,0.084879805698400132,0.77046417567356817,0.0055093108257296304,0.040099563636673226,0.0033951309230022412,-0.13206381529758024,0.0055999999999999999,-0.034799999999999998,0.24872763059516045,-0.11958075699705681,-0.0077999999999999996,-0.13206381529758024,-0.0055999999999999999,0.034799999999999998,0.24872763059516045,-0.11958075699705681,0.0077999999999999996,0,0,0,0,0,0.44033777555361053,-0.034427550846615848,0.037500073505821373,0.055949759530935755,-0.012693986312399564,0.11643414898301238,0.29921622906889828,0.23297708161184316,-0.017423217046161343,-0.40678338737780012,0.14584340081916225,-0.027614923564527612,-0.21462621559488124,-0.015642335601820531,0.0046099974320987754,0,0,-0.0092199948641975508,-0.0039185539004948922,0,0.0046099974320987754,0,0,-0.0092199948641975508,-0.0039185539004948922,0,0,0,0,0,0,-1.1866077703094251,0.11376728856793926,-0.10903998060395667,-0.51791414861044927,0.01639979353501712,0.018138161000005246,-0.8316604734141414,-0.7032224470125692,0.0038839787117397884,1.1222373789434081,-0.42447664122091666,0.090528393363507001,0.69942148184376218,0.039988602496416559,-0.012685590123456762,0,0,0.025371180246913524,0.010781173333529459,0,-0.012685590123456762,0,0,0.025371180246913524,0.010781173333529459,0
417,FRAME,NONE,412,412,4.1200000000000001,RECOVERY,1.1000000000000014,0,0,0,0,0,0.20517464715890235,0.12630746265161363,-0.0068898001228178494,0.81329886136305896,0.0034750636726822706,-0.040548161239659021,-0.05974831844308099,0.25684299686865353,-0.1155217348461304,0.080868106488651406,0.77190135761319267,0.0052377033027874772,0.037988289719699336,0.0032407002895518322,-0.13201834891975309,0.0055999999999999999,-0.034799999999999998,0.24863669783950615,-0.11961940341820988,-0.0077999999999999996,-0.13201834891975309,-0.0055999999999999999,0.034799999999999998,0.24863669783950615,-0.11961940341820988,0.0077999999999999996,0,0,0,0,0,0.43003883515876667,-0.033392533744602333,0.036338692009923082,0.049271453749045013,-0.012532427376415706,0.11658439374984333,0.29106397145723822,0.22597075777295028,-0.017367845136079946,-0.39557917387137986,0.14160471233211624,-0.026718996940919455,-0.20766499418271056,-0.015243097197935556,0.0044833487654320934,0,0,-0.0089666975308641868,-0.0038109104671592287,0,0.0044833487654320934,0,0,-0.0089666975308641868,-0.0038109104671592287,0,0,0,0,0,0,-1.1826435297967002,0.11338721277065515,-0.10867569788187049,-0.51618389173753199,0.016345004810757471,0.018077564706552866,-0.8288820471944307,-0.69797296510312745,0.007150278527462417,1.1183271294188195,-0.42308560506493231,0.088658486877423059,0.69268343630364548,0.039875523542556593,-0.012643209876543215,0,0,0.025286419753086431,0.010745133333413259,0,-0.012643209876543215,0,0,0.025286419753086431,0.010745133333413259,0
418,FRAME,NONE,413,413,4.1299999999999999,RECOVERY,1.1000000000000014,0,0,0,0,0,0.20942333546680464,0.12597840465245688,-0.0065314039253096447,0.81375910670887719,0.0033513164044019694,-0.039382037233745559,-0.056878672675624596,0.2590677943591605,-0.11569504848116298,0.076968222220972535,0.7732962699202105,0.0049749308869112413,0.035946263753019014,0.00309026897904353,-0.131974146816,0.0055999999999999999,-0.034799999999999998,0.24854829363200001,-0.11965697520639999,-0.0077999999999999996,-0.131974146816,-0.0055999999999999999,0.034799999999999998,0.24854829363200001,-0.11965697520639999,0.0077999999999999996,0,0,0,0,0,0.41968783391220688,-0.032364497687516217,0.035186576726171481,0.042823072132933099,-0.012364626651036159,0.11661634776641953,0.28293584256459819,0.21901762230978061,-0.017280211475612095,-0.38441684478942373,0.1373816887178636,-0.02584175382697915,-0.20077254686880833,-0.014844825130969399,0.0043571520000000178,0,0,-0.0087143040000000355,-0.003703651233826627,0,0.0043571520000000178,0,0,-0.0087143040000000355,-0.003703651233826627,0,0,0,0,0,0,-1.1781526947623568,0.11295664916063433,-0.10826302523864931,-0.51422379417070463,0.016282938162277789,0.018008919033639274,-0.82573454548060576,-0.69246277191362116,0.010230934066497721,1.1141219364527166,-0.42164025464669352,0.087046392506571854,0.68583646888952654,0.039686241576938723,-0.012595200000000011,0,0,0.025190400000000022,0.010704308148028197,0,-0.012595200000000011,0,0,0.025190400000000022,0.010704308148028197,0
419,FRAME,NONE,414,414,4.1399999999999997,RECOVERY,1.1000000000000014,0,0,0,0,0,0.21356827818536586,0.12565960624543696,-0.0061845220101958481,0.8141560194803843,0.0032292382517218362,-0.038216180201236162,-0.05409015382463734,0.26122334931484914,-0.11586733907564264,0.073179769592862931,0.77464899138754995,0.0047208682262478941,0.03397283878232317,0.0029438037869324442,-0.1319312041848395,0.0055999999999999999,-0.034799999999999998,0.24846240836967901,-0.11969347644288642,-0.0077999999999999996,-0.1319312041848395,-0.0055999999999999999,0.034799999999999998,0.24846240836967901,-0.11969347644288642,0.0077999999999999996,0,0,0,0,0,0.40929092892365732,-0.031343672016308242,0.034044253760721017,0.036604524653356202,-0.012190754094206648,0.1165314839635309,0.27483563035693254,0.21212150233467786,-0.017163226454749991,-0.37329673514232553,0.13317190723918237,-0.024978069090788018,-0.19394826480492003,-0.014449372366396781,0.004231463728395066,0,0,-0.0084629274567901321,-0.0035968243041986647,0,0.004231463728395066,0,0,-0.0084629274567901321,-0.0035968243041986647,0,0,0,0,0,0,-1.1731297221061625,0.11247506628721601,-0.10780145330670182,-0.51203143653423977,0.016213516979849376,0.017932139250954288,-0.82221408326746226,-0.68676072049883574,0.013151857348077389,1.109541201016681,-0.41995628225988124,0.085616292699464996,0.67877456299903349,0.039445985002700426,-0.012541501234567898,0,0,0.025083002469135796,0.010658647407388311,0,-0.012541501234567898,0,0,0.025083002469135796,0.010658647407388311,0
420,FRAME,NONE,415,415,4.1500000000000004,RECOVERY,1.1000000000000014,0,0,0,0,0,0.21760904789958788,0.1253509936470564,-0.0058490527198886803,0.81449189654978216,0.0031088900888045705,-0.037051750435999509,-0.05138246414018114,0.26331022440585405,-0.11603831301025798,0.069502287518126024,0.77595970806499415,0.0044753695050954809,0.032067298456920613,0.0028012815317155944,-0.13188951565590121,0.0055999999999999999,-0.034799999999999998,0.24837903131180245,-0.11972891169248397,-0.0077999999999999996,-0.13188951565590121,-0.0055999999999999999,0.034799999999999998,0.24837903131180245,-0.11972891169248397,0.0077999999999999996,0,0,0,0,0,0.3988544695192453,-0.030330306321241455,0.032912239779556679,0.030615490245020471,-0.01201098849939417,0.11633139277888187,0.26676716586097793,0.2052824078998039,-0.017017174328650547,-0.36222602076909011,0.12898256307266598,-0.02412942797298985,-0.18719705560882766,-0.014055905430915391,0.0041063411358024148,0,0,-0.0082126822716048296,-0.0034904782856788608,0,0.0041063411358024148,0,0,-0.0082126822716048296,-0.0034904782856788608,0,0,0,0,0,0,-1.1675690687278988,0.11194193269974065,-0.10729047271843793,-0.50960439945241587,0.016136664653743724,0.017847140628187919,-0.8183167755498052,-0.68098147334091919,0.016009944141803789,1.1043195583609555,-0.41772995424627091,0.084111933846230461,0.67132342943719558,0.039258785977361231,-0.01248205432098762,0,0,0.024964108641975239,0.010608100740848447,0,-0.01248205432098762,0,0,0.024964108641975239,0.010608100740848447,0
421,FRAME,NONE,416,416,4.1600000000000001,RECOVERY,1.1000000000000014,0,0,0,0,0,0.22154528162143439,0.12505249047222661,-0.0055248892494296209,0.81476903048094507,0.0029903309880267822,-0.035889891770993249,-0.048755267352111574,0.26532899747284522,-0.11620768256221566,0.065935249177481128,0.77722864264900327,0.0042382796667880971,0.030228897670146616,0.0026626856783141363,-0.131849075284,0.0055999999999999999,-0.034799999999999998,0.248298150568,-0.11976328600859999,-0.0077999999999999996,-0.131849075284,-0.0055999999999999999,0.034799999999999998,0.248298150568,-0.11976328600859999,0.0077999999999999996,0,0,0,0,0,0.38838499076064453,-0.029324670515313962,0.031791042474101708,0.024855430962678005,-0.011825516833643326,0.11601777444719465,0.25873432301281929,0.19850187286785947,-0.016843027571913916,-0.35121034397510642,0.12481730815425696,-0.023295830413863409,-0.18052179621617612,-0.013664196646849557,0.0039818420000000045,0,0,-0.0079636840000000091,-0.0033846622893816958,0,0.0039818420000000045,0,0,-0.0079636840000000091,-0.0033846622893816958,0,0,0,0,0,0,-1.1614651915273457,0.11135671694754858,-0.10672957410626747,-0.50694026354951116,0.016052304574232307,0.017753838435030173,-0.81403873732243881,-0.6750432946306395,0.018767043402125039,1.0985353585738267,-0.41514411813992069,0.082610001577784919,0.66358762836265373,0.03909143916761932,-0.012416800000000023,0,0,0.024833600000000046,0.010552617777728757,0,-0.012416800000000023,0,0,0.024833600000000046,0.010552617777728757,0
422,FRAME,NONE,417,417,4.1699999999999999,RECOVERY,1.1000000000000014,0,0,0,0,0,0.22537668261419799,0.12476401753138004,-0.005211919736133018,0.81498970743254795,0.0028736181393002303,-0.034731730519329929,-0.04620818824119155,0.26728026186321124,-0.11637517356169626,0.062478080638623895,0.77845605422807929,0.0040094528968182127,0.028456862532597091,0.0025279975987786032,-0.13180987654320986,0.0055999999999999999,-0.034799999999999998,0.24821975308641975,-0.1197966049382716,-0.0077999999999999996,-0.13180987654320986,-0.0055999999999999999,0.034799999999999998,0.24821975308641975,-0.1197966049382716,0.0077999999999999996,0,0,0,0,0,0.37788920682855986,-0.028327054846768555,0.030681161055803353,0.019323606369271495,-0.011634533581746565,0.11559243119661484,0.2507410185037352,0.19178154200719111,-0.016641833460608046,-0.34025531359761357,0.12067968070986757,-0.022477227941434152,-0.17392530304157458,-0.013274076647563004,0.0038580246913580158,0,0,-0.0077160493827160316,-0.0032794259301242856,0,0.0038580246913580158,0,0,-0.0077160493827160316,-0.0032794259301242856,0,0,0,0,0,0,-1.1548125474042574,0.11071888757997767,-0.10611824810259786,-0.50403660944979201,0.015960360131586242,0.017652147941170652,-0.80937608358014901,-0.66893493068112542,0.021417453297360722,1.0921879407762762,-0.41220978727801727,0.081111352853468169,0.65557273058986787,0.038940058998221304,-0.012345679012345684,0,0,0.024691358024691367,0.010492148148147362,0,-0.012345679012345684,0,0,0.024691358024691367,0.010492148148147362,0
423,FRAME,NONE,418,418,4.1799999999999997,RECOVERY,1.1000000000000014,0,0,0,0,0,0.22910302215011735,0.12448549262783465,-0.0049100273443431095,0.81515620520588805,0.0027588067757146045,-0.033578374493660253,-0.043740812211710327,0.26916462831298904,-0.11654051923142782,0.059130142905528857,0.77964223626320062,0.0037887351079594141,0.026750391609315124,0.0023972041453628763,-0.13177191232093827,0.0055999999999999999,-0.034799999999999998,0.24814382464187651,-0.11982887452720248,-0.0077999999999999996,-0.13177191232093827,-0.0055999999999999999,0.034799999999999998,0.24814382464187651,-0.11982887452720248,0.0077999999999999996,0,0,0,0,0,0.36737400430240741,-0.027337769853384847,0.029583086776447168,0.014019088081265035,-0.011438240099669619,0.11505725939469555,0.24279121162335526,0.18512317425423697,-0.016414678505966701,-0.32936658515958089,0.11657311240869661,-0.021673603356794045,-0.16741034160437876,-0.01288539546688513,0.0037349481728394807,0,0,-0.0074698963456789613,-0.0031748193264187485,0,0.0037349481728394807,0,0,-0.0074698963456789613,-0.0031748193264187485,0,0,0,0,0,0,-1.1476055932584173,0.11002791314636858,-0.1054559853398392,-0.50089101777753786,0.015860754716077043,0.017541984416299398,-0.80432492931774224,-0.66264685491757014,0.023937766299060581,1.085325291923217,-0.40893524931445713,0.079664563416647488,0.6472819699315957,0.038779286402920547,-0.01226863209876544,0,0,0.02453726419753088,0.010426641481632581,0,-0.01226863209876544,0,0,0.02453726419753088,0.010426641481632581,0
424,FRAME,NONE,419,419,4.1900000000000004,RECOVERY,1.1000000000000014,0,0,0,0,0,0.23272414120043342,0.12421683035594903,-0.0046190903450348975,0.81527079143866621,0.0026459501054256276,-0.032430912104182495,-0.041352684865581482,0.27098272534829598,-0.11670346713181559,0.055890748935432277,0.78078751647625322,0.0035759808296823318,0.025108655700509516,0.0022702896894409006,-0.13173517491200001,0.0055999999999999999,-0.034799999999999998,0.248070349824,-0.11986010132479998,-0.0077999999999999996,-0.13173517491200001,-0.0055999999999999999,0.034799999999999998,0.248070349824,-0.11986010132479998,0.0077999999999999996,0,0,0,0,0,0.35684643536578892,-0.026357146261373372,0.028497303470998433,0.0089407744005713108,-0.011236843980064703,0.11441424168459058,0.23488890409991794,0.17852860490883971,-0.016163078134626835,-0.31854880775914923,0.11250097572357842,-0.020883936673101202,-0.16097966364294267,-0.012498490919504593,0.0036126719999999795,0,0,-0.0072253439999999591,-0.003070893100491634,0,0.0036126719999999795,0,0,-0.0072253439999999591,-0.003070893100491634,0,0,0,0,0,0,-1.1398387859895913,0.1092832621960603,-0.1047422764504,-0.49750106915702064,0.015753411717975993,0.017423263130106201,-0.79888138953001286,-0.65616630517600916,0.026335581614876646,1.0779135748765016,-0.40533310253554333,0.078238002324021616,0.63872140533040433,0.038620252549446087,-0.01218559999999998,0,0,0.024371199999999961,0.010356047407365787,0,-0.01218559999999998,0,0,0.024371199999999961,0.010356047407365787,0
425,FRAME,NONE,420,420,4.2000000000000002,RECOVERY,1.1000000000000014,0,0,0,0,0,0.23623995205724391,0.12395794190061671,-0.004338982190019075,0.81533572194524473,0.0025350992496754308,-0.031290411535177455,-0.039043311577989674,0.27273520041116583,-0.11686378079412035,0.052759166750345872,0.78189225577767218,0.00337105637449739,0.023530798336456271,0.0021472343269727844,-0.13169965601269137,0.0055999999999999999,-0.034799999999999998,0.24799931202538275,-0.11989029238921231,-0.0077999999999999996,-0.13169965601269137,-0.0055999999999999999,0.034799999999999998,0.24799931202538275,-0.11989029238921231,0.0077999999999999996,0,0,0,0,0,0.34631371096564978,-0.025385534831843744,0.027424288119898485,0.0040874049677833701,-0.011030558432410477,0.11366543914903385,0.22703813993772617,0.17199984815071678,-0.015887966873669168,-0.30780831366205086,0.10846645035798574,-0.020108843310313613,-0.15463591349777067,-0.012112990415896209,0.0034912563209876643,0,0,-0.0069825126419753285,-0.0029676983782714328,0,0.0034912563209876643,0,0,-0.0069825126419753285,-0.0029676983782714328,0,0,0,0,0,0,-1.1315065824975687,0.10848440327839406,-0.10397661206669093,-0.49386434421252223,0.015638254527554688,0.017295899352281197,-0.79304157921177132,-0.64948022548014239,0.028620057605892313,1.0699160723790291,-0.40141633153800704,0.076797172550635215,0.62989717882599994,0.038475401578437138,-0.012096523456790164,0,0,0.024193046913580329,0.010280315555326325,0,-0.012096523456790164,0,0,0.024193046913580329,0.010280315555326325,0
426,FRAME,NONE,421,421,4.21,RECOVERY,1.1000000000000014,0,0,0,0,0,0.23965043988678536,0.12370873483859232,-0.0040695715805505383,0.81535323920330904,0.0024263031868183085,-0.030157919999645622,-0.03681215707463896,0.27442272231131032,-0.11702122646928897,0.04973458266219126,0.78295684548341293,0.0031738039634760596,0.022015937430554102,0.0020280298811229764,-0.13166534671486421,0.0055999999999999999,-0.034799999999999998,0.24793069342972843,-0.1199194552923654,-0.0077999999999999996,-0.13166534671486421,-0.0055999999999999999,0.034799999999999998,0.24793069342972843,-0.1199194552923654,0.0077999999999999996,0,0,0,0,0,0.33578319395071504,-0.024423306157914774,0.02636451142786397,-0.00054242462362097399,-0.010819601679986206,0.11281298353667876,0.21924300525176751,0.16553900039923686,-0.015590676982508989,-0.29715048631156865,0.10447264909281828,-0.019347993222088498,-0.14838172006642267,-0.01172898288793585,0.003370761876543232,0,0,-0.006741523753086464,-0.0028652867893851075,0,0.003370761876543232,0,0,-0.006741523753086464,-0.0028652867893851075,0,0,0,0,0,0,-1.1226034396820976,0.10763080494270716,-0.10315848282111885,-0.48997842356830668,0.015515206535084166,0.017159808352513899,-0.78680161335779952,-0.64257936803369109,0.030762803055785215,1.0613976462593182,-0.39719299543883313,0.075407248948197378,0.6208116584434209,0.03831195492022179,-0.012001343209876565,0,0,0.02400268641975313,0.01019939555549354,0,-0.012001343209876565,0,0,0.02400268641975313,0.01019939555549354,0
427,FRAME,NONE,422,422,4.2199999999999998,RECOVERY,1.1000000000000014,0,0,0,0,0,0.24295566421414902,0.12346911294212015,-0.0038107225301586855,0.81532557098624214,0.0023196087021923103,-0.029034463071223759,-0.034658645010592737,0.27604598041915057,-0.11717559433377053,0.046816157024114499,0.78398170875952855,0.00298409651005562,0.020563163935127818,0.0019126546692140674,-0.13163223749999997,0.0055999999999999999,-0.034799999999999998,0.24786447499999997,-0.11994759812500001,-0.0077999999999999996,-0.13163223749999997,-0.0055999999999999999,0.034799999999999998,0.24786447499999997,-0.11994759812500001,0.0077999999999999996,0,0,0,0,0,0.325262392212604,-0.023470850415607862,0.025318438416358023,-0.0049502483067841163,-0.010604196375600242,0.11185906958202296,0.21150762809956283,0.15914826079004296,-0.015272710812553464,-0.28658036073686449,0.10052259044920908,-0.018600698331349665,-0.14221968032890225,-0.011346751317491773,0.0032512499999999989,0,0,-0.0065024999999999979,-0.002763710467161562,0,0.0032512499999999989,0,0,-0.0065024999999999979,-0.002763710467161562,0,0,0,0,0,0,-1.1131238144429614,0.10672193573834024,-0.10228737934609386,-0.48584088784865342,0.015384191130835945,0.017014905400494353,-0.78015760696290393,-0.63545051628408067,0.032778085384717326,1.0523098467372927,-0.39267630596917513,0.074022446706147049,0.61147058022781164,0.038147623539936705,-0.011899999999999978,0,0,0.023799999999999957,0.010113237037187583,0,-0.011899999999999978,0,0,0.023799999999999957,0.010113237037187583,0
428,FRAME,NONE,423,423,4.2300000000000004,RECOVERY,1.1000000000000014,0,0,0,0,0,0.24615576033946335,0.12323897598531017,-0.0035622944215575533,0.81525492914001674,0.002215060343667097,-0.027921044092315855,-0.032582157550796818,0.27760568752711118,-0.11732668068554004,0.044002975447453969,0.78496729729239711,0.0028017899968490662,0.019171543823976057,0.001801094854773141,-0.13160031823328394,0.0055999999999999999,-0.034799999999999998,0.24780063646656789,-0.11997472950170864,-0.0077999999999999996,-0.13160031823328394,-0.0055999999999999999,0.034799999999999998,0.24780063646656789,-0.11997472950170864,0.0077999999999999996,0,0,0,0,0,0.31475895185083352,-0.022528577071727281,0.024286529027077217,-0.0091377151639780163,-0.0103845690376574,0.11080594744692432,0.20383617831031625,0.15282999007355524,-0.014935115274814642,-0.2761042893768228,0.096619122973434779,-0.017867544287965557,-0.13615230846186643,-0.010966030417137116,0.0031327826172839464,0,0,-0.0062655652345678927,-0.0026630220486413558,0,0.0031327826172839464,0,0,-0.0062655652345678927,-0.0026630220486413558,0,0,0,0,0,0,-1.1030621636799436,0.10575726421463399,-0.1013627922740261,-0.48144931767784194,0.015245131705081546,0.016861105765912616,-0.77310567502189109,-0.62808187838880869,0.034663680972719935,1.0426496791904853,-0.38787748609159234,0.072641468620207941,0.60187808149606836,0.037979957428741114,-0.011792434567901277,0,0,0.023584869135802555,0.010021789629659217,0,-0.011792434567901277,0,0,0.023584869135802555,0.010021789629659217,0
429,FRAME,NONE,424,424,4.2400000000000002,RECOVERY,1.1000000000000014,0,0,0,0,0,0.24925094068595832,0.12301821955365554,-0.0033241420575103584,0.81514350850300299,0.0021127003826815071,-0.026818643657121371,-0.030582034952264168,0.27910258022062168,-0.11747429663926683,0.041294071236578044,0.78591409121899725,0.0026267456242963089,0.017840117765890489,0.001693334060871325,-0.131569578157679,0.0055999999999999999,-0.034799999999999998,0.24773915631535801,-0.12000085856597284,-0.0077999999999999996,-0.131569578157679,-0.0055999999999999999,0.034799999999999998,0.24773915631535801,-0.12000085856597284,0.0077999999999999996,0,0,0,0,0,0.30428065038048085,-0.021596914551945373,0.023269238733925099,-0.013106575235702175,-0.010160949507876337,0.10965591530833044,0.19623286731139503,0.14658662322226679,-0.014579437193099065,-0.26572736715305478,0.092765040727377235,-0.017147868958945506,-0.13018211869898089,-0.010587152168916951,0.0030154222469135545,0,0,-0.006030844493827109,-0.0025632746745683777,0,0.0030154222469135545,0,0,-0.006030844493827109,-0.0025632746745683777,0,0,0,0,0,0,-1.0924129442927955,0.10473625892092599,-0.10038421223732272,-0.47680129368013752,0.015097951648092038,0.016698324718458238,-0.76564193252954482,-0.62046341729266041,0.036399401744068027,1.0324633718994918,-0.38280540337970459,0.071311268165226246,0.59203646978412539,0.037784663424118063,-0.01167858765432099,0,0,0.023357175308641981,0.0099250029628877856,0,-0.01167858765432099,0,0,0.023357175308641981,0.0099250029628877856,0
430,FRAME,NONE,425,425,4.25,RECOVERY,1.1000000000000014,0,0,0,0,0,0.25224149608035484,0.12280673485708274,-0.0030961157055582485,0.81499348596658672,0.0020125687805672243,-0.025728219167962647,-0.028657575148007982,0.28053741999155651,-0.11761826942940203,0.038688428104392873,0.78682259810694466,0.0024588326176701561,0.016567901449996439,0.001589351811394802,-0.13154000588799999,0.0055999999999999999,-0.034799999999999998,0.24768001177599999,-0.1200259949952,-0.0077999999999999996,-0.13154000588799999,-0.0055999999999999999,0.034799999999999998,0.24768001177599999,-0.1200259949952,0.0077999999999999996,0,0,0,0,0,0.29383538999923409,-0.02067630987234103,0.022267019161126736,-0.016858665554318086,-0.0099335704316694581,0.10841131211349074,0.18870194795231854,0.14042072172770204,-0.014207127239933282,-0.25545502193883296,0.088963014905840687,-0.016441318924661032,-0.12431157906618392,-0.010210337148654755,0.0028992319999999933,0,0,-0.0057984639999999867,-0.0024645219893836001,0,0.0028992319999999933,0,0,-0.0057984639999999867,-0.0024645219893836001,0,0,0,0,0,0,-1.0811706131813059,0.10365838840655743,-0.099351129868394353,-0.47189439647982212,0.014942574350139026,0.016526477527821361,-0.75776249448067567,-0.61258179525069956,0.038005567251434003,1.0216891273653521,-0.37747351907091442,0.069973212351620739,0.58195100174224379,0.037585417372740931,-0.011558399999999977,0,0,0.023116799999999955,0.0098228266667138575,0,-0.011558399999999977,0,0,0.023116799999999955,0.0098228266667138575,0
431,FRAME,NONE,426,426,4.2599999999999998,RECOVERY,1.1000000000000014,0,0,0,0,0,0.25512779696634463,0.12260440854686633,-0.0028780611365399988,0.81480701967409908,0.0019147031599469064,-0.024650704463096119,-0.026808033332717227,0.28191099465517572,-0.11775843918406549,0.036184970797801384,0.78769335151711406,0.0022979192458030882,0.01535388618456681,0.0014891273178982299,-0.13151158940498764,0.0055999999999999999,-0.034799999999999998,0.24762317880997528,-0.12005014900576051,-0.0077999999999999996,-0.13151158940498764,-0.0055999999999999999,0.034799999999999998,0.24762317880997528,-0.12005014900576051,0.0077999999999999996,0,0,0,0,0,0.28343119092803876,-0.019767228237610061,0.021280318705302635,-0.02039589643476529,-0.0097026667619012665,0.10707451052065797,0.18124771432621836,0.1343349873172528,-0.013819325848070385,-0.24529358460574774,0.085215570345958946,-0.015748404711913092,-0.11854309866413601,-0.009835443821462132,0.0027842755802469084,0,0,-0.0055685511604938167,-0.0023668181412341005,0,0.0027842755802469084,0,0,-0.0055685511604938167,-0.0023668181412341005,0,0,0,0,0,0,-1.0693296272452415,0.10252312122086735,-0.098263035799649526,-0.4667262067011676,0.01477892320149379,0.016345479463691769,-0.749463475870078,-0.60442524400877717,0.039485411451392616,1.0103120316806367,-0.37189314560620579,0.068614578652181124,0.57162522499335366,0.037385065973668474,-0.011431812345679002,0,0,0.022863624691358005,0.0097152103704228887,0,-0.011431812345679002,0,0,0.022863624691358005,0.0097152103704228887,0
432,FRAME,NONE,427,427,4.2699999999999996,RECOVERY,1.1000000000000014,0,0,0,0,0,0.25791029455182529,0.1224111225367247,-0.0026698196568514785,0.81458624835557925,0.0018191387809953481,-0.023587009514204154,-0.025032621550227993,0.28322411973790157,-0.11789465594636343,0.033782556412277918,0.78852690951386384,0.0021438645234318943,0.014197039476713719,0.0013926429349655593,-0.13148431604938271,0.0055999999999999999,-0.034799999999999998,0.24756863209876542,-0.12007333135802468,-0.0077999999999999996,-0.13148431604938271,-0.0055999999999999999,0.034799999999999998,0.24756863209876542,-0.12007333135802468,0.0077999999999999996,0,0,0,0,0,0.27307618483760482,-0.018870152609156119,0.020309583159480862,-0.023720238049323841,-0.0094684752865067251,0.10564791004003594,0.17387450158895848,0.12833221684752649,-0.013417419010905429,-0.23524878130522023,0.081525151993716571,-0.015069027351617409,-0.11287907456631685,-0.0094626358291813855,0.0026706172839505867,0,0,-0.0053412345679011734,-0.0022702177819751423,0,0.0026706172839505867,0,0,-0.0053412345679011734,-0.0022702177819751423,0,0,0,0,0,0,-1.0568844433843758,0.10132992591319551,-0.097119420663497519,-0.46129430496844936,0.01460692159242772,0.01615524579575937,-0.74074099169255203,-0.59598401900229359,0.040818601778416785,0.99838166426751418,-0.36607238928121344,0.06728569405649916,0.56106031951104329,0.037158000121542342,-0.011298765432098764,0,0,0.022597530864197527,0.009602103703716669,0,-0.011298765432098764,0,0,0.022597530864197527,0.009602103703716669,0
433,FRAME,NONE,428,428,4.2800000000000002,RECOVERY,1.1000000000000014,0,0,0,0,0,0.26058952189091084,0.12222675382836956,-0.0024712281344231313,0.81433329079519734,0.0017259085223382026,-0.022538020191389608,-0.023330508282809612,0.28447763899212625,-0.1180267875642836,0.03147999517169698,0.78932385455698839,0.00199653869877074,0.013096304693240473,0.0012998746013146022,-0.13145817251599998,0.0055999999999999999,-0.034799999999999998,0.24751634503199998,-0.12009555336140001,-0.0077999999999999996,-0.13145817251599998,-0.0055999999999999999,0.034799999999999998,0.24751634503199998,-0.12009555336140001,0.0077999999999999996,0,0,0,0,0,0.26277860837071693,-0.017985583246216869,0.019355256337198857,-0.026833707308217075,-0.0092312341801825334,0.10413393038657735,0.16658668577591271,0.12241530693720692,-0.013002953812502049,-0.22532595132039746,0.077894122560334678,-0.014402690830783108,-0.10732189227391514,-0.0090922838190312851,0.0025583220000000039,0,0,-0.0051166440000000079,-0.0021747760671597671,0,0.0025583220000000039,0,0,-0.0051166440000000079,-0.0021747760671597671,0,0,0,0,0,0,-1.0438295184984787,0.10007827103288122,-0.095919775092347115,-0.45559627190594065,0.014426492913212142,0.015955691793714002,-0.73159115694289401,-0.58724679866603569,0.042006514258084715,0.9858899318620703,-0.36002163568332746,0.065980585673562797,0.55025884447067874,0.036904202746155468,-0.01115919999999998,0,0,0.02231839999999996,0.0094834562963316826,0,-0.01115919999999998,0,0,0.02231839999999996,0.0094834562963316826,0
434,FRAME,NONE,429,429,4.29,RECOVERY,1.1000000000000014,0,0,0,0,0,0.2631660949016848,0.12205117434176768,-0.0022821190184003815,0.81405024542824855,0.0016350428663613977,-0.021504598093524212,-0.021700818042301409,0.28567242587664571,-0.11815471502261347,0.029276037385869969,0.79008479196507053,0.0018558107068162321,0.012050601631235416,0.0012107972585849336,-0.13143314484780247,0.0055999999999999999,-0.034799999999999998,0.24746628969560497,-0.12011682687936788,-0.0077999999999999996,-0.13143314484780247,-0.0055999999999999999,0.034799999999999998,0.24746628969560497,-0.12011682687936788,0.0077999999999999996,0,0,0,0,0,0.2525467967683151,-0.017114037223131436,0.018417780695011522,-0.029738355062786215,-0.0089911825801289886,0.10253500505324355,0.1593886836164535,0.11658728087420578,-0.012577288725743735,-0.21553098266797882,0.074324719280050022,-0.013749415638146153,-0.10187389767690327,-0.0087245517742582761,0.0024474552098765656,0,0,-0.0048949104197531313,-0.0020805486560485087,0,0.0024474552098765656,0,0,-0.0048949104197531313,-0.0020805486560485087,0,0,0,0,0,0,-1.0301593094873269,0.098767625129264555,-0.094663589718607874,-0.44962968813791815,0.014237560554118489,0.01574673272724561,-0.72201008661590615,-0.57820179749659695,0.043058756704281165,0.9728072863676287,-0.35375211987626054,0.064672398065510492,0.53922379745454729,0.036633128114589748,-0.011013056790123462,0,0,0.022026113580246923,0.0093592177777615526,0,-0.011013056790123462,0,0,0.022026113580246923,0.0093592177777615526,0
435,FRAME,NONE,430,430,4.2999999999999998,RECOVERY,1.1000000000000014,0,0,0,0,0,0.26564071332074796,0.12188425075032272,-0.0021023203525352167,0.81373919006451523,0.001546569888714508,-0.020487580441781294,-0.020142630963116779,0.28680938460961036,-0.11827833333879847,0.027169375518337403,0.79081034894258939,0.0017215503860078169,0.011058826739702408,0.0011253835658294367,-0.1314092184299753,0.0055999999999999999,-0.034799999999999998,0.2474184368599506,-0.12013716433452098,-0.0077999999999999996,-0.1314092184299753,-0.0055999999999999999,0.034799999999999998,0.2474184368599506,-0.12013716433452098,0.0077999999999999996,0,0,0,0,0,0.24238917760541165,-0.0162560479257879,0.017497597951899584,-0.032436253643068097,-0.0087485601856132512,0.1008535751104413,0.15228495234621542,0.11085127098727499,-0.012141778678416426,-0.20586980559304488,0.070819080162809467,-0.013109242869472898,-0.096537416324824196,-0.0083596212567394901,0.0023380829876542939,0,0,-0.0046761659753085877,-0.0019875917116045361,0,0.0023380829876542939,0,0,-0.0046761659753085877,-0.0019875917116045361,0,0,0,0,0,0,-1.0158682732506865,0.097397456751684527,-0.093350355174688329,-0.44339213428865376,0.014040047905418039,0.015528283866043989,-0.71199389570638294,-0.56883795558820838,0.043980340663357653,0.95911725775232182,-0.34727397846184838,0.06334715641862862,0.52795723889892887,0.036348421782117502,-0.010860276543209818,0,0,0.021720553086419635,0.0092293377778468466,0,-0.010860276543209818,0,0,0.021720553086419635,0.0092293377778468466,0
436,FRAME,NONE,431,431,4.3099999999999996,RECOVERY,1.1000000000000014,0,0,0,0,0,0.26801416159567942,0.12172584432117647,-0.0019316557823186617,0.81340218173447409,0.0014605152517784545,-0.019487780033989242,-0.018654982397179009,0.28788945129639121,-0.1183975505961818,0.025158641274009071,0.79150117356832672,0.0015936258494267741,0.010119853304738932,0.0010436048334501438,-0.13138637798400002,0.0055999999999999999,-0.034799999999999998,0.24737275596800004,-0.12015657871359997,-0.0077999999999999996,-0.13138637798400002,-0.0055999999999999999,0.034799999999999998,0.24737275596800004,-0.12015657871359997,0.0077999999999999996,0,0,0,0,0,0.23231426464096383,-0.01541216453021578,0.016595149704194914,-0.03492948473706918,-0.0085036068809257598,0.09909208323460289,0.14527998951713295,0.10521052176244161,-0.011697681912476582,-0.19634863751293238,0.067379239710813055,-0.012482472509773581,-0.091314752898924698,-0.007997583338615926,0.0022302719999999945,0,0,-0.004460543999999989,-0.0018959619004915718,0,0.0022302719999999945,0,0,-0.004460543999999989,-0.0018959619004915718,0,0,0,0,0,0,-1.0009508666883411,0.09596723444948177,-0.091979562092998568,-0.43688119098242678,0.013833878357382314,0.015300260479799181,-0.7015386992091307,-0.55914517229721517,0.044764219895299107,0.94483681440957612,-0.34059557501603388,0.062023519268174059,0.51645987431776919,0.036039063943439337,-0.010700799999999996,0,0,0.021401599999999993,0.0090937659258383263,0,-0.010700799999999996,0,0,0.021401599999999993,0.0090937659258383263,0
437,FRAME,NONE,432,432,4.3200000000000003,RECOVERY,1.1000000000000014,0,0,0,0,0,0.27028730971662018,0.12157581076077488,-0.0017699445558825148,0.81304125665503979,0.0013769022018868616,-0.018505985257574287,-0.017236862510751603,0.28891359504485919,-0.11851228697704801,0.023242402768078756,0.79215793373680565,0.0014719009358123453,0.0092325316817239138,0.00096543189905711813,-0.13136460756172841,0.0055999999999999999,-0.034799999999999998,0.24732921512345682,-0.12017508357253082,-0.0077999999999999996,-0.13136460756172841,-0.0055999999999999999,0.034799999999999998,0.24732921512345682,-0.12017508357253082,0.0077999999999999996,0,0,0,0,0,0.22233065178408529,-0.014582951466184501,0.015710878034840222,-0.037220127614773058,-0.008256562381104237,0.097252967966339463,0.13837833280517012,0.099668367541330682,-0.011246494280510444,-0.18697306930485336,0.064007168662488789,-0.011868772484109417,-0.086208218838468811,-0.0076388399778707034,0.0021240895061728792,0,0,-0.0042481790123457585,-0.0018057163930877695,0,0.0021240895061728792,0,0,-0.0042481790123457585,-0.0018057163930877695,0,0,0,0,0,0,-0.98540154670005353,0.094476426771994998,-0.090550701105946804,-0.43009443884350773,0.013618975300282547,0.015062577838200924,-0.69064061211894157,-0.54911354394504563,0.045403221286613449,0.92998394595882461,-0.33372486601374041,0.060721195841704524,0.50473199121243706,0.035693653317921903,-0.010534567901234578,0,0,0.021069135802469156,0.0089524518516112539,0,-0.010534567901234578,0,0,0.021069135802469156,0.0089524518516112539,0
438,FRAME,NONE,433,433,4.3300000000000001,RECOVERY,1.1000000000000014,0,0,0,0,0,0.27246111398807227,0.12143400006584536,-0.0016170015187278535,0.81265843031129026,0.0012957515700844121,-0.017542960158746995,-0.015887215883263091,0.28988281864721782,-0.11862248048179201,0.021419179887912004,0.7927813169415765,0.0013562503997445858,0.0083956889279695555,0.00089082803389272974,-0.13134389053945678,0.0055999999999999999,-0.034799999999999998,0.24728778107891358,-0.12019269304146173,-0.0077999999999999996,-0.13134389053945678,-0.0055999999999999999,0.034799999999999998,0.24728778107891358,-0.12019269304146173,0.0077999999999999996,0,0,0,0,0,0.21244700717747275,-0.01376898786860498,0.014845226115908128,-0.039310247695757167,-0.008007665899665891,0.095338658196164452,0.13158455981578701,0.094228250883540698,-0.010789617486744313,-0.17774895859375589,0.060704742390538247,-0.01126804859293949,-0.081220113074675956,-0.0072837102722574879,0.0020196033580247054,0,0,-0.0040392067160494108,-0.0017169128634593467,0,0.0020196033580247054,0,0,-0.0040392067160494108,-0.0017169128634593467,0,0,0,0,0,0,-0.96921477018560109,0.092924502268564316,-0.089063262845942653,-0.42302945849617346,0.01339526212439018,0.01481515121093918,-0.67929574943061788,-0.53873209560045821,0.045910935592696767,0.91452095925254462,-0.32667176292938693,0.059405690916318477,0.49277507560572253,0.035325306083237126,-0.010361520987654369,0,0,0.020723041975308738,0.0088053451852837528,0,-0.010361520987654369,0,0,0.020723041975308738,0.0088053451852837528,0
439,FRAME,NONE,434,434,4.3399999999999999,RECOVERY,1.1000000000000014,0,0,0,0,0,0.27453661774211463,0.12130025637987804,-0.0014726371023392564,0.81225569765085803,0.0012170817762220487,-0.016599444565751853,-0.014604941108111379,0.29079816006253001,-0.11872807932678289,0.019687423596203638,0.79337202858461642,0.0012465399639535555,0.0076081294202303947,0.00081975769361196838,-0.13132420961199998,0.0055999999999999999,-0.034799999999999998,0.24724841922399995,-0.1202094218298,-0.0077999999999999996,-0.13132420961199998,-0.0055999999999999999,0.034799999999999998,0.24724841922399995,-0.1202094218298,0.0077999999999999996,0,0,0,0,0,0.20267206739732854,-0.01297086701941374,0.013998638803474309,-0.041201885455689258,-0.0077571558374067923,0.093351567873559874,0.12490328788703021,0.088893725629321518,-0.010328275568656509,-0.16868265011980246,0.057473733403901051,-0.010680658665783048,-0.076352717326354361,-0.0069323338562059609,0.0019168819999999917,0,0,-0.0038337639999999834,-0.0016296094893820945,0,0.0019168819999999917,0,0,-0.0038337639999999834,-0.0016296094893820945,0,0,0,0,0,0,-0.95238499404474386,0.09131092948852812,-0.087516737945394024,-0.4156838305646931,0.013162662219976404,0.014557895867703634,-0.66750022613894955,-0.52799095370981153,0.046287036543912752,0.89844851846864193,-0.31944419418006298,0.058079937571709359,0.48058917115267535,0.0349302794737597,-0.010181599999999994,0,0,0.020363199999999988,0.0086523955557249455,0,-0.010181599999999994,0,0,0.020363199999999988,0.0086523955557249455,0
440,FRAME,NONE,435,435,4.3499999999999996,RECOVERY,1.1000000000000014,0,0,0,0,0,0.27651495199421144,0.12117441785519573,-0.0013366573067515033,0.8118350333875668,0.0011409088361907505,-0.015676154263895827,-0.013388890395482331,0.29166069315980425,-0.11882904599316514,0.018045526885515955,0.79393079160965452,0.0011426372264289248,0.0068686345814424682,0.00075218135676861052,-0.13130554678676545,0.0055999999999999999,-0.034799999999999998,0.24721109357353088,-0.12022528523124937,-0.0077999999999999996,-0.13130554678676545,-0.0055999999999999999,0.034799999999999998,0.24721109357353088,-0.12022528523124937,0.0077999999999999996,0,0,0,0,0,0.19301463176763767,-0.012189195782510312,0.013171563224046041,-0.042897045663546657,-0.0075052694912377971,0.091294090933166899,0.11833917389011482,0.083668431809344468,-0.0098638767558660578,-0.15977998822438305,0.054315858506936987,-0.010106449841505303,-0.071608329651622449,-0.0065851046827822939,0.0018159944691358496,0,0,-0.0036319889382716991,-0.0015438649523448478,0,0.0018159944691358496,0,0,-0.0036319889382716991,-0.0015438649523448478,0,0,0,0,0,0,-0.93490667517727721,0.089635176981228248,-0.085910617036712156,-0.40805513567335133,0.012921098977312907,0.014290727078184524,-0.65525015723875168,-0.5168805823592415,0.046530693210387886,0.88176914711688836,-0.3120494952649211,0.056748753546381932,0.46817377771971036,0.034504029631801873,-0.0099947456790123752,0,0,0.01998949135802475,0.0084935525924631494,0,-0.0099947456790123752,0,0,0.01998949135802475,0.0084935525924631494,0
441,FRAME,NONE,436,436,4.3600000000000003,RECOVERY,1.1000000000000014,0,0,0,0,0,0.27839735874103527,0.12105635356014016,-0.0012089696374155293,0.81139833692470398,0.0010671426902648408,-0.014773748358953022,-0.012237825392652528,0.2924715286987169,-0.11892535686190021,0.016491823831715977,0.79445834575475516,0.0010444109671234494,0.0061759628271979457,0.00068805559995632249,-0.13128788337782715,0.0055999999999999999,-0.034799999999999998,0.24717576675565431,-0.1202402991288469,-0.0077999999999999996,-0.13128788337782715,-0.0055999999999999999,0.034799999999999998,0.24717576675565431,-0.1202402991288469,0.0077999999999999996,0,0,0,0,0,0.1834835574234821,-0.011424591813395767,0.012364448674222307,-0.044397682920455317,-0.007252246864251282,0.089168591719982662,0.11189691739798316,0.078556113982136688,-0.0093976617044487509,-0.15104726717746469,0.051232743498602629,-0.009545683594855409,-0.066989241771960154,-0.0062422532635699234,0.0017170103950617252,0,0,-0.0034340207901234505,-0.0014597384375328315,0,0.0017170103950617252,0,0,-0.0034340207901234505,-0.0014597384375328315,0,0,0,0,0,0,-0.91677427048294913,0.087896713296001946,-0.084244390752303916,-0.40014095444641218,0.012670495786670717,0.014013560112071357,-0.64254165772480587,-0.50539147198588874,0.046644825121358591,0.8644757107470008,-0.30449483831074264,0.055407597960688885,0.45552819064353378,0.03404633921494761,-0.0098008987654320864,0,0,0.019601797530864173,0.0083287659259287383,0,-0.0098008987654320864,0,0,0.019601797530864173,0.0083287659259287383,0
442,FRAME,NONE,437,437,4.3700000000000001,RECOVERY,1.1000000000000014,0,0,0,0,0,0.28018509560566623,0.12094581105087229,-0.0010891470169905007,0.81094766738122759,0.00099601400301918487,-0.013892968471730186,-0.011150596798411643,0.29323181543944699,-0.11901699922725412,0.015024581541966661,0.79495544647962657,0.00095172355453181665,0.005528849746003265,0.00062733629149721204,-0.13127119999999995,0.0055999999999999999,-0.034799999999999998,0.24714239999999993,-0.12025448000000002,-0.0077999999999999996,-0.13127119999999995,-0.0055999999999999999,0.034799999999999998,0.24714239999999993,-0.12025448000000002,0.0077999999999999996,0,0,0,0,0,0.17408775106469102,-0.010677692016596692,0.011577750026939155,-0.045705708381539922,-0.0069983135001263777,0.086977420197901278,0.10558124662746865,0.073560602369626693,-0.008930980253438886,-0.14249047400944304,0.048225961740722134,-0.0089982978822915251,-0.062497765838751773,-0.0059041778984833416,0.0016199999999999429,0,0,-0.0032399999999998858,-0.001377289633826273,0,0.0016199999999999429,0,0,-0.0032399999999998858,-0.001377289633826273,0,0,0,0,0,0,-0.89798223686154899,0.086095006982190483,-0.082517549724579947,-0.39193886750815754,0.012410776038321438,0.013726310239054273,-0.62937084259192266,-0.49351462720073624,0.046628035177097293,0.84657323876537738,-0.29678647273406744,0.054063839606709095,0.44265101231569687,0.033551668491435191,-0.0095999999999999853,0,0,0.019199999999999971,0.0081579851853724739,0,-0.0095999999999999853,0,0,0.019199999999999971,0.0081579851853724739,0
443,FRAME,NONE,438,438,4.3799999999999999,RECOVERY,1.1000000000000014,0,0,0,0,0,0.28187958883012237,0.12084265122810639,-0.00097710115854036765,0.81048487112161327,0.00092741490262550602,-0.013034417989936565,-0.010125866300849166,0.29394274074610943,-0.11910397646696899,0.013642014351527116,0.7954228649895696,0.00086444500947761892,0.0049260075104229101,0.00056997204198665566,-0.13125547656291359,0.0055999999999999999,-0.034799999999999998,0.2471109531258272,-0.12026784492152343,-0.0077999999999999996,-0.13125547656291359,-0.0055999999999999999,0.034799999999999998,0.2471109531258272,-0.12026784492152343,0.0077999999999999996,0,0,0,0,0,0.16483616816977953,-0.0099491382329069157,0.01081192381882402,-0.046822953313851286,-0.0067437065458714283,0.084722875909866116,0.099396939589841846,0.068685821438121963,-0.0084651010009068051,-0.13411580240215715,0.04529701404392128,-0.008464406802721227,-0.058136221525646216,-0.0055712198937412196,0.0015250340987654455,0,0,-0.0030500681975308909,-0.001296578733825382,0,0.0015250340987654455,0,0,-0.0030500681975308909,-0.001296578733825382,0,0,0,0,0,0,-0.87852503121284553,0.084229526589133089,-0.080729584585949032,-0.38344645548286049,0.012141863122536388,0.013428892728823099,-0.61573382683489852,-0.48124081913986094,0.046487424132414523,0.8280440576069511,-0.28893119491224528,0.052702807127929463,0.42954113437275521,0.033024446798457896,-0.009391990123456791,0,0,0.018783980246913582,0.0079811599998716454,0,-0.009391990123456791,0,0,0.018783980246913582,0.0079811599998716454,0
444,FRAME,NONE,439,439,4.3899999999999997,RECOVERY,1.1000000000000014,0,0,0,0,0,0.2834823254502063,0.12074668700824841,-0.00087262001062383271,0.81001184743522647,0.00086135195811319707,-0.012198719480289293,-0.0091622966505891645,0.29460553186820942,-0.11918630124727225,0.012342265493923518,0.795861386760505,0.00078243541847739212,0.0043661253154903407,0.00051591189362238765,-0.13124069226508642,0.0055999999999999999,-0.034799999999999998,0.24708138453017284,-0.12028041157467653,-0.0077999999999999996,-0.13124069226508642,-0.0055999999999999999,0.034799999999999998,0.24708138453017284,-0.12028041157467653,0.0077999999999999996,0,0,0,0,0,0.15573780432346737,-0.0092395859395893159,0.010067431936103963,-0.047751178200407425,-0.0064886563253955132,0.08240722604778318,0.093348809240861044,0.063935785986829474,-0.0080012317707905956,-0.12592959285730401,0.042447337842477229,-0.0079442417397329358,-0.053906943151296668,-0.0052436889625141836,0.0014321840987654374,0,0,-0.0028643681975308749,-0.0012176664338288401,0,0.0014321840987654374,0,0,-0.0028643681975308749,-0.0012176664338288401,0,0,0,0,0,0,-0.85839711043660749,0.082299740666169033,-0.078879985968819913,-0.37466129899479406,0.011863680429586881,0.013121222851067657,-0.60162672544852935,-0.46856147040516549,0.046224464815766697,0.80888615906510586,-0.28093442610233055,0.051325138841592975,0.4161964218238518,0.032462287170615396,-0.0091768098765432175,0,0,0.018353619753086435,0.0077982400000647933,0,-0.0091768098765432175,0,0,0.018353619753086435,0.0077982400000647933,0
445,FRAME,NONE,440,440,4.4000000000000004,RECOVERY,1.1000000000000014,0,0,0,0,0,0.2849948826605927,0.12065772470961221,-0.00077548691155071808,0.80953047837629599,0.00079782941448093905,-0.011386473018098303,-0.0082585022634694676,0.29522145646584602,-0.1192640011023848,0.011123422494381035,0.79627181174641914,0.0007055601746829602,0.0038478686473969767,0.00046509826273637199,-0.131226825588,0.0055999999999999999,-0.034799999999999998,0.24705365117599998,-0.1202921982502,-0.0077999999999999996,-0.131226825588,-0.0055999999999999999,0.034799999999999998,0.24705365117599998,-0.1202921982502,0.0077999999999999996,0,0,0,0,0,0.14680169099656484,-0.0085497013507100771,0.0093447413217419631,-0.048492058477127259,-0.0062333908595257649,0.080032695332975329,0.087441707029317028,0.059314592030018654,-0.0075406117045914711,-0.11793807922085503,0.039678325521874669,-0.0074379040258893674,-0.04981229308916918,-0.0049219741503289116,0.0013415220000000262,0,0,-0.0026830440000000524,-0.0011406139338240862,0,0.0013415220000000262,0,0,-0.0026830440000000524,-0.0011406139338240862,0,0,0,0,0,0,-0.83759293143261548,0.080305117762638711,-0.076968244505602468,-0.36558097866823641,0.0115761513497444,0.012803215875477959,-0.58704565342761983,-0.45546856044798023,0.045834610655770547,0.7891142961950065,-0.27280042323329923,0.049947823484504515,0.4026139614123892,0.031855522807302257,-0.0089544000000000307,0,0,0.017908800000000061,0.0076091748149251237,0,-0.0089544000000000307,0,0,0.017908800000000061,0.0076091748149251237,0
446,FRAME,NONE,441,441,4.4100000000000001,RECOVERY,1.1000000000000014,0,0,0,0,0,0.28641892814667819,0.12057556394858206,-0.00068548053821353529,0.80904262966370155,0.00073684921475166787,-0.010598256634182835,-0.0074130488357585476,0.2957918237088098,-0.11933711348136408,0.0099835039095064176,0.79665495327094249,0.00063367733795960477,0.0033698794537069571,0.00041747241061580942,-0.13121385429017288,0.0055999999999999999,-0.034799999999999998,0.24702770858034576,-0.12030322385335301,-0.0077999999999999996,-0.13121385429017288,-0.0055999999999999999,0.034799999999999998,0.24702770858034576,-0.12030322385335301,0.0077999999999999996,0,0,0,0,0,0.13803689043952375,-0.0078801608581532366,0.0086443245014674944,-0.04904717542650848,-0.0059781356678815034,0.077601462021409232,0.081680522678971648,0.05482641477786987,-0.0070845395576751846,-0.11014730693340388,0.036991329377811244,-0.0069452852700428456,-0.045854663923048884,-0.0046065785063681385,0.001253120395061771,0,0,-0.002506240790123542,-0.0010654829375303376,0,0.001253120395061771,0,0,-0.002506240790123542,-0.0010654829375303376,0,0,0,0,0,0,-0.81610695110063214,0.078245126427880798,-0.074993850828704897,-0.35620307512745791,0.011279199273280178,0.012474787071743735,-0.57198672576696197,-0.44195346027869897,0.045332168868185418,0.76869198420818208,-0.26453499523682034,0.048538114550380949,0.38879171852545663,0.031216874608761078,-0.0087247012345679619,0,0,0.017449402469135924,0.0074139140737727871,0,-0.0087247012345679619,0,0,0.017449402469135924,0.0074139140737727871,0
447,FRAME,NONE,442,442,4.4199999999999999,RECOVERY,1.1000000000000014,0,0,0,0,0,0.28775622036561738,0.12049999754127703,-0.00060237484949292981,0.80855015167100608,0.00067841102416541876,-0.0098346268012234252,-0.0066244529616720478,0.29631798476140342,-0.11940569189353831,0.0089204763557129575,0.79701163833397537,0.00056665446928210329,0.002930775368935999,0.00037296669260900923,-0.13120175540123458,0.0055999999999999999,-0.034799999999999998,0.24700351080246913,-0.12031350790895061,-0.0077999999999999996,-0.13120175540123458,-0.0055999999999999999,0.034799999999999998,0.24700351080246913,-0.12031350790895061,0.0077999999999999996,0,0,0,0,0,0.12945249064716982,-0.0072316504805917618,0.0079666600990597365,-0.049418007273423742,-0.0057231135811717446,0.075115654039767124,0.076070183966610846,0.050475522824444674,-0.0066339683272277628,-0.10256423953669139,0.034387625617138262,-0.0064671417348817484,-0.042036458718660047,-0.00429763665815369,0.0011670524691358016,0,0,-0.0023341049382716032,-0.00099233565234863041,0,0.0011670524691358016,0,0,-0.0023341049382716032,-0.00099233565234863041,0,0,0,0,0,0,-0.79393362634042342,0.076119235211234301,-0.072956295570535706,-0.34652516899673041,0.010972747590465492,0.012135851709554767,-0.5564460574613499,-0.42800809008453067,0.044725266469501646,0.74759989175324715,-0.25614278893137943,0.047079992621171803,0.37472693090708287,0.030551628740300898,-0.0084876543209876192,0,0,0.016975308641975238,0.0072124074073851019,0,-0.0084876543209876192,0,0,0.016975308641975238,0.0072124074073851019,0
448,FRAME,NONE,443,443,4.4299999999999997,RECOVERY,1.1000000000000014,0,0,0,0,0,0.28900860877730067,0.12043081141061633,-0.00052593902435368368,0.80805488050455976,0.00062251225641376368,-0.0090961189581286531,-0.0058911817532302235,0.29680133416529869,-0.11946979284790864,0.0079322191187725898,0.79734270578328525,0.0005043345032619698,0.0025291502793337562,0.00033151967745273563,-0.13119050521600001,0.0055999999999999999,-0.034799999999999998,0.24698101043200002,-0.12032307056639999,-0.0077999999999999996,-0.13119050521600001,-0.0055999999999999999,0.034799999999999998,0.24698101043200002,-0.12032307056639999,0.0077999999999999996,0,0,0,0,0,0.1210576003854876,-0.0066048653220671079,0.0073122333409358677,-0.049605920457613834,-0.0054685445623810173,0.072577345235886687,0.070615656495895546,0.046266252976179256,-0.0061900342282851517,-0.09519530909833894,0.031868473599183655,-0.0060036854176194095,-0.038360125304907226,-0.0039955459315621205,0.001083392000000032,0,0,-0.0021667840000000639,-0.00092123478938263559,0,0.001083392000000032,0,0,-0.0021667840000000639,-0.00092123478938263559,0,0,0,0,0,0,-0.77106741405178469,0.073926912662041017,-0.070855069363506107,-0.33654484090033848,0.010656719691572027,0.011786325058601289,-0.54041976350559862,-0.41362617424975379,0.043989988579469508,0.72590643718769687,-0.24762419279011905,0.045642791330375999,0.36041411438460025,0.029826844711343739,-0.0082432000000000026,0,0,0.016486400000000005,0.0070046044444924127,0,-0.0082432000000000026,0,0,0.016486400000000005,0.0070046044444924127,0
449,FRAME,NONE,444,444,4.4400000000000004,RECOVERY,1.1000000000000014,0,0,0,0,0,0.2901780340258911,0.12036778449867387,-0.00045593739471355151,0.80755863916827431,0.00056914810183954819,-0.0083832480714929117,-0.0052116524624365368,0.297243309820927,-0.11952949257810401,0.0070165701737461787,0.79764900780595904,0.0004465807609297151,0.0021635728628378544,0.00029305577397776682,-0.13118007928854319,0.0055999999999999999,-0.034799999999999998,0.24696015857708639,-0.12033193260473826,-0.0077999999999999996,-0.13118007928854319,-0.0055999999999999999,0.034799999999999998,0.24696015857708639,-0.12033193260473826,0.0077999999999999996,0,0,0,0,0,0.11286134427086328,-0.0060005090417002485,0.0066815365501697709,-0.049612161056422986,-0.0052146455353088194,0.069988551726488241,0.065321943466665394,0.042202999339449598,-0.0057541685556383726,-0.088046110792937449,0.029435141761335881,-0.0055542859082742283,-0.034828176430968041,-0.0037010997639268153,0.0010022133580246855,0,0,-0.002004426716049371,-0.00085224356345878216,0,0.0010022133580246855,0,0,-0.002004426716049371,-0.00085224356345878216,0,0,0,0,0,0,-0.74750277113446972,0.071667627329638772,-0.068689662840023494,-0.32625967146254869,0.010331038966870895,0.011426122388572896,-0.52390395889449359,-0.39880002488529298,0.043140944869408948,0.70357484490251165,-0.23898313481540701,0.044193689680073214,0.34584984290386667,0.029055472691543467,-0.0079912790123456683,0,0,0.015982558024691337,0.0067904548148312038,0,-0.0079912790123456683,0,0,0.015982558024691337,0.0067904548148312038,0
450,FRAME,NONE,445,445,4.4500000000000002,RECOVERY,1.1000000000000014,0,0,0,0,0,0.29126652807237996,0.12031068868421067,-0.00039212937321029802,0.80706323881334896,0.00051831155753285032,-0.0076965092330594179,-0.0045842321059090746,0.29764539415208768,-0.1195848762190214,0.0061712969029138406,0.79793140861851197,0.00039324878509648523,0.0018325867507143954,0.00025749768217419932,-0.13117045242627159,0.0055999999999999999,-0.034799999999999998,0.24694090485254316,-0.12034011543766916,-0.0077999999999999996,-0.13117045242627159,-0.0055999999999999999,0.034799999999999998,0.24694090485254316,-0.12034011543766916,0.0077999999999999996,0,0,0,0,0,0.10487285789200525,-0.0054192933359571028,0.0060750696301730776,-0.049437846330296249,-0.0049616302189271488,0.067351228324607534,0.060194085439506578,0.038290252478473397,-0.0053272153308969727,-0.081123812200288706,0.027088810902875515,-0.0051198116240179451,-0.031443128446829893,-0.0034144364777312511,0.00092359150617284059,0,0,-0.0018471830123456812,-0.00078542569308601151,0,0.00092359150617284059,0,0,-0.0018471830123456812,-0.00078542569308601151,0,0,0,0,0,0,-0.72323415448826223,0.069340847763368255,-0.066459566632497996,-0.31566724130764046,0.009995628806633617,0.011055158969159644,-0.50689475862284172,-0.38352183809722828,0.042199904262477106,0.68054893150151363,-0.23022401195810227,0.042681059464381908,0.33103107433571471,0.028258986603953477,-0.0077318320987654152,0,0,0.01546366419753083,0.0065699081483114319,0,-0.0077318320987654152,0,0,0.01546366419753083,0.0065699081483114319,0
451,FRAME,NONE,446,446,4.46,RECOVERY,1.1000000000000014,0,0,0,0,0,0.29227621427857381,0.12025928870523933,-0.00033426937595619905,0.80657048007200316,0.00046999345927705788,-0.0070363782925615117,-0.0040072370919621344,0.29800911487049647,-0.11963603688472195,0.0053940939297404044,0.79819078402401655,0.0003441845284493562,0.0015347102939012565,0.0002247670444231418,-0.13116159868400001,0.0055999999999999999,-0.034799999999999998,0.246923197368,-0.12034764111859998,-0.0077999999999999996,-0.13116159868400001,-0.0055999999999999999,0.034799999999999998,0.246923197368,-0.12034764111859998,0.0077999999999999996,0,0,0,0,0,0.097101282964119129,-0.0048619374347319989,0.0054933405383168609,-0.049083956363043142,-0.0047097089660263665,0.064667265028791943,0.055237160095150679,0.034532562577505033,-0.0049101704703888305,-0.074435132162907175,0.024830661522173836,-0.0047006647189865901,-0.028207554944253747,-0.0031359200318477457,0.00084760200000000437,0,0,-0.0016952040000000087,-0.00072084540049255352,0,0.00084760200000000437,0,0,-0.0016952040000000087,-0.00072084540049255352,0,0,0,0,0,0,-0.69825602101292483,0.066946042512568152,-0.064164271373337842,-0.30476513105988423,0.0096504126011314282,0.010673350070051265,-0.48938827768543502,-0.36778590084302065,0.0411500707329579,0.65687800928230022,-0.22134617771174536,0.041155872845166856,0.31595158472175183,0.027412916474149378,-0.0074647999999999902,0,0,0.01492959999999998,0.0063429140740103862,0,-0.0074647999999999902,0,0,0.01492959999999998,0.0063429140740103862,0
452,FRAME,NONE,447,447,4.4699999999999998,RECOVERY,1.1000000000000014,0,0,0,0,0,0.29320930744288093,0.12021334208648533,-0.00028210674038290094,0.80608215447415843,0.00042418251530019872,-0.0064033125252663777,-0.0034789328502067992,0.29833604540363778,-0.11968307962842918,0.0046825942596556971,0.79842802184895545,0.00029923549071675344,0.0012684356518293204,0.0001947792815372444,-0.13115349135802468,0.0055999999999999999,-0.034799999999999998,0.24690698271604936,-0.12035453234567901,-0.0077999999999999996,-0.13115349135802468,-0.0055999999999999999,0.034799999999999998,0.24690698271604936,-0.12035453234567901,0.0077999999999999996,0,0,0,0,0,0.08955576250495538,-0.0043291676124113578,0.0049368657498684047,-0.04855132576812958,-0.0044590886046518216,0.061938483555823584,0.050456281988516032,0.030934534461612984,-0.0045042139162378148,-0.067986252014642701,0.022661887348640608,-0.0042966941671146079,-0.025124096752394857,-0.0028661781482482635,0.00077432098765434893,0,0,-0.0015486419753086979,-0.00065856741160580379,0,0.00077432098765434893,0,0,-0.0015486419753086979,-0.00065856741160580379,0,0,0,0,0,0,-0.67256282760824104,0.064482680126579137,-0.061803267694953132,-0.29355092134355948,0.0092953137406358473,0.010280610960937809,-0.47138063107707984,-0.35158589388614714,0.039994325561343302,0.63255765020293442,-0.21235062392516157,0.039616950688913743,0.30060618733603034,0.026516262198771068,-0.0071901234567901418,0,0,0.014380246913580284,0.0061094222222196626,0,-0.0071901234567901418,0,0,0.014380246913580284,0.0061094222222196626,0
453,FRAME,NONE,448,448,4.4800000000000004,RECOVERY,1.1000000000000014,0,0,0,0,0,0.29406811378789666,0.12017259907158034,-0.00023538563827427727,0.80560004594677748,0.00038086534182293756,-0.0057977513340106632,-0.0029975334637533792,0.29862780555972873,-0.11972612116304671,0.0040343688894475503,0.79864402177098937,0.00025825064510706403,0.0010322283588533594,0.00016744348145817652,-0.13114610298019752,0.0055999999999999999,-0.034799999999999998,0.24689220596039504,-0.1203608124668321,-0.0077999999999999996,-0.13114610298019752,-0.0055999999999999999,0.034799999999999998,0.24689220596039504,-0.1203608124668321,0.0077999999999999996,0,0,0,0,0,0.08224543602186353,-0.0038217167149288229,0.004406170712685311,-0.047840635431956324,-0.0042099722808413252,0.059166633898558238,0.045856602297024159,0.02750084469978209,-0.0041102839591619644,-0.061783979158848486,0.020583649043670604,-0.0039083257052083152,-0.022195431197533141,-0.0026055947878723244,0.00070382520987652224,0,0,-0.0014076504197530445,-0.00059865695604816027,0,0.00070382520987652224,0,0,-0.0014076504197530445,-0.00059865695604816027,0,0,0,0,0,0,-0.64614903117397393,0.061950229154739911,-0.059376046229752122,-0.28202219278293672,0.0089302556154181156,0.0098768569115090157,-0.45286793379256846,-0.33491527018036926,0.038748104042932163,0.60754904021581746,-0.20323914045411451,0.03802979089282861,0.28499018904785922,0.025583044654012094,-0.0069077432098765554,0,0,0.013815486419753111,0.0058693822222941061,0,-0.0069077432098765554,0,0,0.013815486419753111,0.0058693822222941061,0
454,FRAME,NONE,449,449,4.4900000000000002,RECOVERY,1.1000000000000014,0,0,0,0,0,0.29485503090007253,0.1201368025598256,-0.00019384498407477713,0.80512593239534935,0.00034002650038334896,-0.0052201169853933402,-0.002561201304027472,0.29888606229763343,-0.11976528530761242,0.0034469146764787273,0.79883969482982886,0.00022106897661258712,0.00082452702787865753,0.00014266738577979791,-0.131139405312,0.0055999999999999999,-0.034799999999999998,0.24687881062400002,-0.12036650548479998,-0.0077999999999999996,-0.131139405312,-0.0055999999999999999,0.034799999999999998,0.24687881062400002,-0.12036650548479998,0.0077999999999999996,0,0,0,0,0,0.075179434698970107,-0.0033403237037026509,0.0039017902931968379,-0.046952404264637954,-0.0039625593012075321,0.056353390890319911,0.041443308562974054,0.024236229058005598,-0.0037292518353791715,-0.055835271210326352,0.018597104539558318,-0.0035360983492580358,-0.019424292971437673,-0.0023545172551680217,0.00063619200000000363,0,0,-0.0012723840000000073,-0.00054117976715992167,0,0.00063619200000000363,0,0,-0.0012723840000000073,-0.00054117976715992167,0,0,0,0,0,0,-0.61900908860989778,0.059348158146390294,-0.056882097610144088,-0.27017652600229136,0.0085551616157496253,0.0094620031914547965,-0.43384630082670106,-0.31776865019594869,0.037407907567191256,0.58186511462835178,-0.19401062926582835,0.036410255110152841,0.26909707510461101,0.024604803275461957,-0.0066176000000000412,0,0,0.013235200000000082,0.005622743703449784,0,-0.0066176000000000412,0,0,0.013235200000000082,0.005622743703449784,0
455,FRAME,NONE,450,450,4.5,RECOVERY,1.1000000000000014,0,0,0,0,0,0.29557254762125701,0.12010568804734856,-0.00015721833856279004,0.80466158736776094,0.00030164853695458822,-0.0046708153802504024,-0.002168046668298017,0.29911253014088884,-0.11980070619975429,0.0029176634652410233,0.79901596386178053,0.00018752867812190331,0.00064374249942460594,0.00012035313635481609,-0.13113336933861727,0.0055999999999999999,-0.034799999999999998,0.24686673867723455,-0.1203716360621753,-0.0077999999999999996,-0.13113336933861727,-0.0055999999999999999,0.034799999999999998,0.24686673867723455,-0.1203716360621753,0.0077999999999999996,0,0,0,0,0,0.068366876573191279,-0.0028857332171851411,0.0034242692142575993,-0.045886980928659282,-0.0037170449739439637,0.053500350757257766,0.037221624429618495,0.021145471695863116,-0.0033621258078181393,-0.05014667686628145,0.016703436458354037,-0.0031801206030052584,-0.016813489695440921,-0.0021134987223630853,0.00057149928395062945,0,0,-0.0011429985679012589,-0.00048620208197916459,0,0.00057149928395062945,0,0,-0.0011429985679012589,-0.00048620208197916459,0,0,0,0,0,0,-0.59113745681578456,0.05667593565086982,-0.054320912468538082,-0.25801150162589787,0.0081699551319017374,0.0090359650704650244,-0.41431184717427605,-0.3001408042192788,0.035972723463062461,0.55551198779633415,-0.18466377311870952,0.034767656333993646,0.25292030782059738,0.023576111343207657,-0.0063196345679012236,0,0,0.012639269135802447,0.0053694562963599313,0,-0.0063196345679012236,0,0,0.012639269135802447,0.0053694562963599313,0
456,FRAME,NONE,451,451,4.5099999999999998,RECOVERY,1.1000000000000014,0,0,0,0,0,0.29622324389201715,0.12007898357247927,-0.00012523380796883245,0.8042087818008018,0.00026571202287076532,-0.0041502368585702495,-0.001816127419980329,0.29930897173155069,-0.11983252782376878,0.0024439811391530984,0.79917376355899594,0.00015746656455248195,0.00048825723396983913,0.00010039741133253621,-0.13112796526301229,0.0055999999999999999,-0.034799999999999998,0.24685593052602459,-0.12037622952643956,-0.0077999999999999996,-0.13112796526301229,-0.0055999999999999999,0.034799999999999998,0.24685593052602459,-0.12037622952643956,0.0077999999999999996,0,0,0,0,0,0.061816861687888996,-0.0024586951506375175,0.002974162485574393,-0.044644535515448863,-0.0034736204468628169,0.050609027640038176,0.033196809370798754,0.018233412973620022,-0.0030097973661179223,-0.044725031454399669,0.014903829077184128,-0.0028407452225781629,-0.014365886815025725,-0.0018829950283038685,0.00050982558024690173,0,0,-0.0010196511604938035,-0.00043379064123272304,0,0.00050982558024690173,0,0,-0.0010196511604938035,-0.00043379064123272304,0,0,0,0,0,0,-0.56252859269140876,0.053933030217518323,-0.051691981437343403,-0.24552470027803178,0.0077745595541458485,0.0085986578182296117,-0.39426068783009366,-0.28202644029778901,0.034450739000088659,0.52847045668841031,-0.17519763319401305,0.033086812104104461,0.23645362517280641,0.022502617141118432,-0.0060137876543209737,0,0,0.012027575308641947,0.0051094696299630593,0,-0.0060137876543209737,0,0,0.012027575308641947,0.0051094696299630593,0
457,FRAME,NONE,452,452,4.5199999999999996,RECOVERY,1.1000000000000014,0,0,0,0,0,0.29680979054642881,0.1200564096651556,-9.7613938611205525e-05,0.80376928585004226,0.00023219559759791119,-0.0036587570392628303,-0.0015034486317710143,0.29947719840036124,-0.11986090214707665,0.0020231628361530299,0.79931404044332421,0.00013071377367034005,0.00035642476312409141,8.2693235788738716e-05,-0.13112316250000003,0.0055999999999999999,-0.034799999999999998,0.24684632500000006,-0.12038031187499995,-0.0077999999999999996,-0.13112316250000003,-0.0055999999999999999,0.034799999999999998,0.24684632500000006,-0.12038031187499995,0.0077999999999999996,0,0,0,0,0,0.055538467212559617,-0.0020599642545668455,0.0025520358274645711,-0.043225051139883425,-0.0032324725411109652,0.047680850066293308,0.029374158413841753,0.015504942889907336,-0.0026731110278163661,-0.039577267732513244,0.013199483794473776,-0.0025183843609231692,-0.012084417191984793,-0.0016634463795407166,0.00045125000000001116,0,0,-0.00090250000000002232,-0.0003840126893799034,0,0.00045125000000001116,0,0,-0.00090250000000002232,-0.0003840126893799034,0,0,0,0,0,0,-0.53317695313654512,0.051118910395675628,-0.048994795148969379,-0.2327137025829687,0.0073688982727533594,0.0081499967044384794,-0.37368893778895435,-0.26342085918104607,0.032843901720848445,0.50073823509910431,-0.16560988042257918,0.031369074848653658,0.21968994833295824,0.021382673799314213,-0.005699999999999995,0,0,0.01139999999999999,0.0048427333330935962,0,-0.005699999999999995,0,0,0.01139999999999999,0.0048427333330935962,0
458,FRAME,NONE,453,453,4.5300000000000002,RECOVERY,1.1000000000000014,0,0,0,0,0,0.29733494905804286,0.12003767930016314,-7.4075607111577019e-05,0.80334487080400419,0.0002010760133959156,-0.0031967376953444477,-0.0012279622316366996,0.29961907058934883,-0.11988599004432511,0.0016524357845028334,0.79943775323488542,0.00010709887733401857,0.00024656889013014327,6.7128483741721876e-05,-0.13111892967032099,0.0055999999999999999,-0.034799999999999998,0.24683785934064195,-0.12038390978022716,-0.0077999999999999996,-0.13111892967032099,-0.0055999999999999999,0.034799999999999998,0.24683785934064195,-0.12038390978022716,0.0077999999999999996,0,0,0,0,0,0.049540742516850429,-0.0016902997521163309,0.0021584660888046346,-0.041628315422532799,-0.0029937835792466241,0.044717157355283171,0.025759001855523708,0.012964995789999101,-0.0023529193317009534,-0.034710266752417583,0.011591631468732544,-0.0022133637256050898,-0.0099720878483665603,-0.0014553415523175842,0.00039585224691357723,0,0,-0.00079170449382715447,-0.00033693597457085112,0,0.00039585224691357723,0,0,-0.00079170449382715447,-0.00033693597457085112,0,0,0,0,0,0,-0.50307699505096215,0.048233044734680992,-0.046228844235824747,-0.21957608916498159,0.0069528946779955844,0.0076898969987814489,-0.35259271204565423,-0.24431964465942979,0.03115482864898822,0.47231103417047171,-0.1558976416946023,0.029613955338813551,0.20262196790327563,0.020215571606198572,-0.0053782123456790031,0,0,0.010756424691358006,0.0045691970369104995,0,-0.0053782123456790031,0,0,0.010756424691358006,0.0045691970369104995,0
459,FRAME,NONE,454,454,4.54,RECOVERY,1.1000000000000014,0,0,0,0,0,0.29780157123627787,0.12002249785404384,-5.4329906258644715e-05,0.80293731108391386,0.00017232818193160698,-0.0027645276653465401,-0.00098756665186498956,0.29973649831616123,-0.11990796053371067,0.0013289575011046781,0.79954587307269886,8.6446499158238254e-05,0.00015698300615676021,5.3586404742387031e-05,-0.13111523459471602,0.0055999999999999999,-0.034799999999999998,0.24683046918943205,-0.12038705059449137,-0.0077999999999999996,-0.13111523459471602,-0.0055999999999999999,0.034799999999999998,0.24683046918943205,-0.12038705059449137,0.0077999999999999996,0,0,0,0,0,0.043832704187062053,-0.0013504649755393594,0.0017940416601342161,-0.039853911829271768,-0.0027577312063984411,0.041719195936300094,0.022356704970981366,0.01061854999671874,-0.0020500144548366017,-0.030131047049103809,0.01008153096058173,-0.0019261052541468982,-0.00803197783391928,-0.0012591349474167452,0.00034371261728390816,0,0,-0.00068742523456781631,-0.00029262874864169341,0,0.00034371261728390816,0,0,-0.00068742523456781631,-0.00029262874864169341,0,0,0,0,0,0,-0.47222317533443187,0.045274901783873958,-0.043393619330318565,-0.2061094406483448,0.0065264721601438844,0.0072182739709483927,-0.33096812559499161,-0.22471866811910046,0.029387123456139919,0.44318164390820691,-0.14605748415469355,0.027818239002000041,0.18524212778156093,0.019001942479762356,-0.0050483654320987474,0,0,0.010096730864197495,0.0042888103705604474,0,-0.0050483654320987474,0,0,0.010096730864197495,0.0042888103705604474,0
460,FRAME,NONE,455,455,4.5499999999999998,RECOVERY,1.1000000000000014,0,0,0,0,0,0.29821259887286966,0.12001056306545126,-3.8082026550791655e-05,0.80254838633066572,0.00014592522291602235,-0.0023624638018827997,-0.00078010648107025571,0.29983144158928321,-0.11992699033342184,0.0010498148435207572,0.79963938385409705,6.8576772251080603e-05,8.5929333451757685e-05,4.1945784793386973e-05,-0.131112044288,0.0055999999999999999,-0.034799999999999998,0.24682408857599999,-0.12038976235519999,-0.0077999999999999996,-0.131112044288,-0.0055999999999999999,0.034799999999999998,0.24682408857599999,-0.12038976235519999,0.0077999999999999996,0,0,0,0,0,0.038423330972923414,-0.001041227021703218,0.0014593628829680213,-0.037901210837784277,-0.0025244882032620934,0.038688115562412972,0.019172667715389266,0.0084706224276170916,-0.001765176862578155,-0.025846633874253445,0.0086704817856386729,-0.0016569989455650889,-0.0062672452927353415,-0.0010753027027223371,0.00029491200000002492,0,0,-0.00058982400000004984,-0.00025115976715964217,0,0.00029491200000002492,0,0,-0.00058982400000004984,-0.00025115976715964217,0,0,0,0,0,0,-0.44060995088674043,0.042243950092595475,-0.040488611064861214,-0.19231133765733904,0.0060895541094698174,0.0067350428906294045,-0.30881129343177505,-0.20461421446280048,0.027542494786883531,0.41334778067573863,-0.13608507424017757,0.025983617092346683,0.16754242380372694,0.017740355914778169,-0.0047104000000000685,0,0,0.0094208000000001371,0.0040015229629819515,0,-0.0047104000000000685,0,0,0.0094208000000001371,0.0040015229629819515,0
461,FRAME,NONE,456,456,4.5599999999999996,RECOVERY,1.1000000000000014,0,0,0,0,0,0.29857106333743644,0.12000156499878573,-2.5031133465460666e-05,0.8021798835808549,0.00012183851484909571,-0.001990871958533029,-0.00060337211934659643,0.29990591076471357,-0.11994326407096223,0.0008120248236196092,0.79971928270841164,5.3306520246936474e-05,3.163810030205337e-05,3.2080350687940287e-05,-0.13110932495313579,0.0055999999999999999,-0.034799999999999998,0.24681864990627161,-0.12039207378983456,-0.0077999999999999996,-0.13110932495313579,-0.0055999999999999999,0.034799999999999998,0.24681864990627161,-0.12039207378983456,0.0077999999999999996,0,0,0,0,0,0.033321558652177334,-0.00076335642638861948,0.0011550424564878714,-0.035769360900199151,-0.0022942222897235093,0.035624965401191165,0.016212324418288855,0.0065262657074627306,-0.0014991645590989311,-0.021864091435589036,0.007359829475778179,-0.0014064329122999645,-0.0046811293578447408,-0.00090432782912118178,0.00024953187654321122,0,0,-0.00049906375308642243,-0.00021259828938205438,0,0.00024953187654321122,0,0,-0.00049906375308642243,-0.00021259828938205438,0,0,0,0,0,0,-0.40823177860763316,0.039139658210182546,-0.03751331007185929,-0.17817936081622707,0.0056420639162443756,0.0062401190275139509,-0.28611833055078423,-0.18400282703764925,0.025624517459958696,0.38280175634288394,-0.12597562955185548,0.024106660687811185,0.14951472411984576,0.016431812041816284,-0.00436425679012348,0,0,0.0087285135802469601,0.0037072844444319131,0,-0.00436425679012348,0,0,0.0087285135802469601,0.0037072844444319131,0
462,FRAME,NONE,457,457,4.5700000000000003,RECOVERY,1.1000000000000014,0,0,0,0,0,0.29888008512129438,0.11999518601091601,-1.4870240475769102e-05,0.80183359953414679,0.00010003774797129065,-0.001650068016403582,-0.00045509943661005425,0.29996196690343246,-0.11995697362460382,0.00061253301480897649,0.79978658044361262,4.0448114005081312e-05,-7.6932537051371319e-06,2.3859228210963337e-05,-0.13110704197530865,0.0055999999999999999,-0.034799999999999998,0.2468140839506173,-0.12039401432098763,-0.0077999999999999996,-0.13110704197530865,-0.0055999999999999999,0.034799999999999998,0.2468140839506173,-0.12039401432098763,0.0077999999999999996,0,0,0,0,0,0.028536274800353437,-0.00051762685697302377,0.00088170584292377916,-0.033457279170711653,-0.002067095917932517,0.032530689984074004,0.013481143470616084,0.0047905658868641066,-0.0012526865133789811,-0.018190598747395766,0.0061509691946015632,-0.0011748657318088652,-0.003276950810338426,-0.00074666646188601142,0.0002076543209876765,0,0,-0.00041530864197535301,-0.00017701407827100391,0,0.0002076543209876765,0,0,-0.00041530864197535301,-0.00017701407827100391,0,0,0,0,0,0,-0.37508311539690226,0.035961494685976689,-0.034467206983723735,-0.16371109074929219,0.0051839249707392029,0.0057334176512922183,-0.26288535194683199,-0.16288142087803048,0.023636166125995395,0.3515371959911438,-0.11572359986056213,0.02218535318835288,0.13115057332579097,0.015076825731248454,-0.0040098765432098719,0,0,0.0080197530864197439,0.003406044444473344,0,-0.0040098765432098719,0,0,0.0080197530864197439,0.003406044444473344,0
463,FRAME,NONE,458,458,4.5800000000000001,RECOVERY,1.1000000000000014,0,0,0,0,0,0.29914287332857376,0.11999110072081512,-7.2860778238391472e-06,0.80151134291437143,8.0490979520777352e-05,-0.0013403589517884357,-0.00033296943418943085,0.30000172208245085,-0.11996831780122981,0.00044821284867169387,0.79984230209230367,2.9809205610759171e-05,-3.3900915904715146e-05,1.7147021450220059e-05,-0.131105159916,0.0055999999999999999,-0.034799999999999998,0.246810319832,-0.12039561407139998,-0.0077999999999999996,-0.131105159916,-0.0055999999999999999,0.034799999999999998,0.246810319832,-0.12039561407139998,0.0077999999999999996,0,0,0,0,0,0.024076313452341003,-0.00030481482284705572,0.0006399916730312178,-0.030963641966770435,-0.0018432660536724062,0.029406124996032255,0.010984627004262639,0.003268637289902121,-0.0010264412365790232,-0.014833347515766159,0.0050453574785669364,-0.00096272584853290691,-0.0020581178913289216,-0.00060279131449621269,0.00016936200000001141,0,0,-0.00033872400000002281,-0.0001444774004925875,0,0.00016936200000001141,0,0,-0.00033872400000002281,-0.0001444774004925875,0,0,0,0,0,0,-0.34115841815431952,0.03270892806931746,-0.03134979243286358,-0.1489041080808087,0.0047150606632256568,0.0052148540316540766,-0.23910847261471652,-0.14124732296394438,0.02157911449401223,0.31955091414514791,-0.10532256331796663,0.020220922818197155,0.11244114315056876,0.013674620212119333,-0.0036472000000000076,0,0,0.0072944000000000151,0.0030977525925304783,0,-0.0036472000000000076,0,0,0.0072944000000000151,0.0030977525925304783,0
464,FRAME,NONE,459,459,4.5899999999999999,RECOVERY,1.1000000000000014,0,0,0,0,0,0.2993627251133732,0.11998897598192428,-1.9589570486912884e-06,0.80121493692741008,6.3164691429148874e-05,-0.0010620439467745912,-0.00023460790974955063,0.30002733964923051,-0.1199775024493354,0.0003158660644936533,0.79988748759318395,2.1193597034423173e-05,-4.8855611531715565e-05,1.1803401921039082e-05,-0.13110364250706177,0.0055999999999999999,-0.034799999999999998,0.24680728501412352,-0.12039690386899748,-0.0077999999999999996,-0.13110364250706177,-0.0055999999999999999,0.034799999999999998,0.24680728501412352,-0.12039690386899748,0.0077999999999999996,0,0,0,0,0,0.019950449642306349,-0.00012569940273224095,0.0004305521532550901,-0.028286874931668218,-0.0016228839448996469,0.026251992887089477,0.0087283105643392415,0.001965619427585219,-0.00082110422349873646,-0.011799580464492808,0.0040445179282422306,-0.00077044727544492214,-0.001028127947327051,-0.00047317405764362477,0.00013473817283951917,0,0,-0.00026947634567903834,-0.00011505902642039434,0,0.00013473817283951917,0,0,-0.00026947634567903834,-0.00011505902642039434,0,0,0,0,0,0,-0.30645214377964775,0.029381426909543533,-0.02816055705168705,-0.13375599343504702,0.0042353943839749724,0.0046843434382892613,-0.2147838075492299,-0.11904735082723938,0.019453760667260955,0.28683907685456067,-0.094896210552086746,0.018216294800227111,0.093457349480237623,0.012224081744818278,-0.003276167901234557,0,0,0.006552335802469114,0.0027823585184091892,0,-0.003276167901234557,0,0,0.006552335802469114,0.0027823585184091892,0
465,FRAME,NONE,460,460,4.5999999999999996,RECOVERY,1.1000000000000014,0,0,0,0,0,0.29954302506175023,0.11998847085709612,1.4373687578465864e-06,0.80094622181889374,4.8023850572180604e-05,-0.00081541554457954921,-0.00015758512559656729,0.30004103447100255,-0.11998473988569978,0.00021222123938183772,0.79992319245086851,1.440026010186073e-05,-5.4463474851256166e-05,7.6835402973475632e-06,-0.13110245264479012,0.0055999999999999999,-0.034799999999999998,0.24680490528958024,-0.12039791525192839,-0.0077999999999999996,-0.13110245264479012,-0.0055999999999999999,0.034799999999999998,0.24680490528958024,-0.12039791525192839,0.0077999999999999996,0,0,0,0,0,0.016167393807599847,1.8938012194694826e-05,0.00025405347630022774,-0.025425142865777125,-0.0014060948763385444,0.023068898287118091,0.0067177627741285316,0.0008876902733573333,-0.00063736602323380409,-0.0090965659786749458,0.0031474332675252015,-0.00059839995252836467,-0.00018897090172416921,-0.00035830967959984712,0.00010386669135800256,0,0,-0.00020773338271600511,-8.883023012440372e-05,0,0.00010386669135800256,0,0,-0.00020773338271600511,-8.883023012440372e-05,0,0,0,0,0,0,-0.27095874917267032,0.025978459755995588,-0.02489899147260426,-0.11826432743628662,0.0037448495232586701,0.0041418011408878228,-0.18990747174517866,-0.096407391522446151,0.017268685352789248,0.25338811523707899,-0.084108008160665992,0.016157477578702738,0.073988954033469806,0.010730947712126975,-0.0028967209876543149,0,0,0.0057934419753086297,0.0024598118517418777,0,-0.0028967209876543149,0,0,0.0057934419753086297,0.0024598118517418777,0
466,FRAME,NONE,461,461,4.6100000000000003,RECOVERY,1.1000000000000014,0,0,0,0,0,0.29968724451702106,0.11998923659596686,3.2358489912356894e-06,0.80070705753516014,3.5031971721958029e-05,-0.0006007608516792679,-9.9415480503258204e-05,0.30004509345469765,-0.11999024976980008,0.00013393474492015436,0.79995043625853446,9.2255979838558804e-06,-5.2635029566198949e-05,4.6372083290421393e-06,-0.13110155238400001,0.0055999999999999999,-0.034799999999999998,0.24680310476800002,-0.12039868047359997,-0.0077999999999999996,-0.13110155238400001,-0.0055999999999999999,0.034799999999999998,0.24680310476800002,-0.12039868047359997,0.0077999999999999996,0,0,0,0,0,0.012735786041848947,0.00012831396069183773,0.00011117623702064491,-0.022376339192640975,-0.0011930379090286441,0.019857323205073416,0.0049585849929246481,3.7471597136295998e-05,-0.0004757305164429515,-0.0067318181597512275,0.0023623577650289107,-0.00044729772387086736,0.00045165113334234505,-0.00025855510340108527,7.6831999999977068e-05,0,0,-0.00015366399999995414,-6.5862789385556786e-05,0,7.6831999999977068e-05,0,0,-0.00015366399999995414,-6.5862789385556786e-05,0,0,0,0,0,0,-0.23467269123315021,0.022499495158012323,-0.021564586328023445,-0.10242669070879795,0.0032433494713479854,0.0035871424091394972,-0.16447558019735492,-0.073338803391748142,0.015026435312773256,0.21919203931135689,-0.072916156254876352,0.014042928568158976,0.054006135372857471,0.0091961543601988306,-0.0025087999999999829,0,0,0.0050175999999999658,0.0021300622222303334,0,-0.0025087999999999829,0,0,0.0050175999999999658,0.0021300622222303334,0
467,FRAME,NONE,462,462,4.6200000000000001,RECOVERY,1.1000000000000014,0,0,0,0,0,0.29979894084687309,0.11999091661460751,3.776283952914436e-06,0.80049932649157751,2.4151183352599067e-05,-0.00041836278911478104,-5.7557184994269474e-05,0.30004178390294528,-0.11999425449602864,7.7584876186813161e-05,0.79997043960616909,5.4543056244433842e-06,-4.5430452184409264e-05,2.5124382293258582e-06,-0.13110090293209872,0.0055999999999999999,-0.034799999999999998,0.24680180586419745,-0.1203992325077161,-0.0077999999999999996,-0.13110090293209872,-0.0055999999999999999,0.034799999999999998,0.24680180586419745,-0.1203992325077161,0.0077999999999999996,0,0,0,0,0,0.0096641901814824467,0.00020164314096083116,2.6158557135621033e-06,-0.01913807502507453,-0.0009838456037228546,0.016617621993486844,0.0034564109668894843,-0.00057908579447762953,-0.00033683731697833896,-0.0047127251924478078,0.0016891101424276744,-0.00031754138116518515,0.00089115180573298019,-0.00017438659239587051,5.3719135802457643e-05,0,0,-0.00010743827160491529,-4.6228985679797052e-05,0,5.3719135802457643e-05,0,0,-0.00010743827160491529,-4.6228985679797052e-05,0,0,0,0,0,0,-0.19758842686086792,0.018944001664934127,-0.018156832250354443,-0.086240663876859164,0.0027308176185143985,0.0030202825127342899,-0.1384842479005631,-0.049588855877275018,0.012717074742499279,0.18425909009887231,-0.061958176665599662,0.011896410496974808,0.033894636174203178,0.0076108444496403522,-0.0021123456790123406,0,0,0.0042246913580246811,0.0017930592595069572,0,-0.0021123456790123406,0,0,0.0042246913580246811,0.0017930592595069572,0
468,FRAME,NONE,463,463,4.6299999999999999,RECOVERY,1.1000000000000014,0,0,0,0,0,0.29988175665038935,0.11999314647735965,3.4054776976184248e-06,0.80032493645211333,1.5342296459161612e-05,-0.00026850139528948375,-2.9411940326243571e-05,0.3000335117388081,-0.11999698651613964,3.9680241071198221e-05,0.79998421846138301,2.8747703605521779e-06,-3.4811993451539345e-05,1.1494764811247293e-06,-0.1311004646431605,0.0055999999999999999,-0.034799999999999998,0.246800929286321,-0.12039960505331357,-0.0077999999999999996,-0.1311004646431605,-0.0055999999999999999,0.034799999999999998,0.246800929286321,-0.12039960505331357,0.0077999999999999996,0,0,0,0,0,0.0069610877091463609,0.00023813862914592876,-7.0916988872226912e-05,-0.015707667794900602,-0.00077864372702598887,0.013350016058531002,0.0022169064732175496,-0.00095430552040920436,-0.00022138902159296592,-0.0030466363577737812,0.0011231942317169175,-0.0002093695139313712,0.0011295438568264086,-0.00010633821440827821,3.4613728395077227e-05,0,0,-6.9227456790154455e-05,-3.0001604195417642e-05,0,3.4613728395077227e-05,0,0,-6.9227456790154455e-05,-3.0001604195417642e-05,0,0,0,0,0,0,-0.15970041295559509,0.015311447826100536,-0.014675219872006297,-0.069703827564744567,0.0022071773550292667,0.0024411367213620708,-0.1119295898496015,-0.025286731085427672,0.010348543759870765,0.14857600210209207,-0.050889825439492942,0.0097047123944828343,0.013440257673868946,0.0059810042202655114,-0.001707298765432136,0,0,0.0034145975308642719,0.0014487525927184275,0,-0.001707298765432136,0,0,0.0034145975308642719,0.0014487525927184275,0
469,FRAME,NONE,464,464,4.6399999999999997,RECOVERY,1.1000000000000014,0,0,0,0,0,0.29993943236321863,0.11999555370525315,2.4761280057149015e-06,0.80018579376582177,8.563818624564704e-06,-0.00015143887037507317,-1.2324895401493752e-05,0.3000226977925371,-0.1199986822764605,1.6652149031337532e-05,0.79999290349080343,1.2669153458159601e-06,-2.2839575047881091e-05,3.8567394116029383e-07,-0.13110019701199999,0.0055999999999999999,-0.034799999999999998,0.24680039402399997,-0.12039983253980001,-0.0077999999999999996,-0.13110019701199999,-0.0055999999999999999,0.034799999999999998,0.24680039402399997,-0.12039983253980001,0.0077999999999999996,0,0,0,0,0,0.0046348712517310549,0.00023701209013541694,-0.00010869589418538341,-0.012082128910641209,-0.00057755091930726684,0.010054588001545118,0.001245768963966324,-0.001084820416186183,-0.00012986644178092366,-0.0017412051504059666,0.0006713136336378156,-0.00012344713327552844,0.0011599569592103591,-5.4766507990560265e-05,1.9601999999991905e-05,0,0,-3.9203999999983811e-05,-1.7253933825428502e-05,0,1.9601999999991905e-05,0,0,-3.9203999999983811e-05,-1.7253933825428502e-05,0,0,0,0,0,0,-0.12100310641709459,0.01160130219085025,-0.011119239825387227,-0.052813762396724605,0.0016723520711638257,0.0018496203047125763,-0.084807721039262193,-0.00055407596982748331,0.007928088310849013,0.11213018062910089,-0.039386556741904943,0.0074558320096648825,-0.0075588313403871996,0.004312339048354148,-0.001293600000000023,0,0,0.002587200000000046,0.0010970918516706174,0,-0.001293600000000023,0,0,0.002587200000000046,0.0010970918516706174,0
470,FRAME,NONE,465,465,4.6500000000000004,RECOVERY,1.1000000000000014,0,0,0,0,0,0.29997574070928668,0.11999775860450608,1.3530741854070763e-06,0.80008394937504679,3.7771092008033842e-06,-6.7499317249619274e-05,-3.5830157526629035e-06,0.30001181533048438,-0.11999958384497526,4.8561380630788898e-06,0.79999764473405577,4.0582769504160888e-07,-1.1612854267332164e-05,5.4146321313524011e-08,-0.13110005866824692,0.0055999999999999999,-0.034799999999999998,0.24680011733649387,-0.12039995013199008,-0.0077999999999999996,-0.13110005866824692,-0.0055999999999999999,0.034799999999999998,0.24680011733649387,-0.12039995013199008,0.0077999999999999996,0,0,0,0,0,0.0026938390581744348,0.0001974739755725979,-0.00010997837137872459,-0.0082581538200124423,-0.00038067845943059558,0.0067312771885814221,0.00054872716812095622,-0.00096538703980575402,-6.2827255375985658e-05,-0.00080403274519176343,0.00033546309687881859,-6.0252873738073536e-05,0.00097836723001866466,-2.009143344119525e-05,8.7707654320941713e-06,0,0,-1.7541530864188343e-05,-8.0597671620052935e-06,0,8.7707654320941713e-06,0,0,-1.7541530864188343e-05,-8.0597671620052935e-06,0,0,0,0,0,0,-0.081490964145146963,0.0078130333085236568,-0.0074883827429070857,-0.035568048997077439,0.0011262651571895559,0.0012456485324758119,-0.057114756464349645,0.024702694598338626,0.0054529345272155694,0.074919912362601093,-0.027677516821200676,0.0051577874261723999,-0.028965712292187543,0.0026029595962442031,-0.00087119012345678146,0,0,0.0017423802469135629,0.00073802666648165038,0,-0.00087119012345678146,0,0,0.0017423802469135629,0.00073802666648165038,0
471,FRAME,NONE,466,466,4.6600000000000001,RECOVERY,1.1000000000000014,0,0,0,0,0,0.2999946071306866,0.11999937267146693,4.0203113914164753e-07,0.80002133361643979,9.3691511233899673e-07,-1.6923067867557721e-05,-4.1724852284263054e-07,0.30000339005174098,-0.11999993882156802,5.7149412750226272e-07,0.79999961275274101,6.1857871054489397e-08,-3.2722304475077969e-06,-1.6154727663611182e-08,-0.13110000737041971,0.0055999999999999999,-0.034799999999999998,0.24680001474083943,-0.12039999373514325,-0.0077999999999999996,-0.13110000737041971,-0.0055999999999999999,0.034799999999999998,0.24680001474083943,-0.12039999373514325,0.0077999999999999996,0,0,0,0,0,0.0011461863353801627,0.00011873373358988726,-7.4005179542650313e-05,-0.0042321044483177887,-0.00018812972698320629,0.003379870826833312,0.00013154077455235539,-0.00059076652421941045,-2.0807751236612271e-05,-0.00024280690315394449,0.00011776329721380208,-2.0291384752080445e-05,0.00058064271336660822,-2.7073160656762004e-06,2.2074320987286457e-06,0,0,-4.4148641974572914e-06,-2.4934004957954947e-06,0,2.2074320987286457e-06,0,0,-4.4148641974572914e-06,-2.4934004957954947e-06,0,0,0,0,0,0,-0.041158443039517982,0.0039461097284597315,-0.003782139256974364,-0.017964267990074792,0.00056884000337773281,0.0006291366743415575,-0.028846811119657992,0.031319093285325783,0.0028354706089334103,0.037344166622076853,-0.014836918548755129,0.0027033543316312301,-0.032557209263394248,0.0010853453103778184,-0.00044000987654314373,0,0,0.00088001975308628745,0.000371664074377831,0,-0.00044000987654314373,0,0,0.00088001975308628745,0.000371664074377831,0
472,FRAME,COMPLETE,467,467,4.6699999999999999,RECOVERY,1.1000000000000014,0,0,0,0,0,0.29999999999999999,0.12,0,0.80000000000000004,0,0,0,0.29999999999999999,-0.12,0,0.80000000000000004,0,0,0,-0.13109999999999999,0.0055999999999999999,-0.034799999999999998,0.24679999999999999,-0.12039999999999999,-0.0077999999999999996,-0.13109999999999999,-0.0055999999999999999,0.034799999999999998,0.24679999999999999,-0.12039999999999999,0.0077999999999999996,0,0,0,0,0,0,0,0,0,0,0,0,0,0,0,0,0,0,0,0,0,0,0,0,0,0,0,0,0,0,0,0,0,0,0,0,0,0,0,0,0,0,0,0,0,0,0,0,0,0,0,0,0,0,0,0,0,0,0,0,0,0
