schema,pp_serve_clip_v1
policy_hz,50.0000000000
frame,time_s,phase,event_mask,left_hip_pitch_joint,right_hip_pitch_joint,waist_yaw_joint,left_hip_roll_joint,right_hip_roll_joint,waist_roll_joint,left_hip_yaw_joint,right_hip_yaw_joint,waist_pitch_joint,left_knee_joint,right_knee_joint,head_yaw_joint,left_shoulder_pitch_joint,right_shoulder_pitch_joint,left_ankle_pitch_joint,right_ankle_pitch_joint,head_pitch_joint,left_shoulder_roll_joint,right_shoulder_roll_joint,left_ankle_roll_joint,right_ankle_roll_joint,left_shoulder_yaw_joint,right_shoulder_yaw_joint,left_elbow_joint,right_elbow_joint,left_wrist_roll_joint,right_wrist_roll_joint,left_wrist_pitch_joint,right_wrist_pitch_joint,left_wrist_yaw_joint,right_wrist_yaw_joint
0,0.0000000000,APPROACH_READY,0,-0.1310000000,-0.1310000000,0.0000000000,0.0060000000,-0.0060000000,0.0000000000,-0.0350000000,0.0350000000,0.0000000000,0.2470000000,0.2470000000,0.0000000000,0.3000000000,0.3000000000,-0.1200000000,-0.1200000000,0.0000000000,0.1200000000,-0.1200000000,-0.0080000000,0.0080000000,0.0000000000,0.0000000000,0.8000000000,0.8000000000,0.0000000000,0.0000000000,0.0000000000,0.0000000000,0.0000000000,0.0000000000
1,0.0200000000,APPROACH_READY,0,-0.1310426042,-0.1310426042,0.0000000000,0.0060000000,-0.0060000000,0.0000000000,-0.0350000000,0.0350000000,0.0000000000,0.2470000000,0.2470000000,0.0000000000,0.2989734146,0.2994661891,-0.1199573958,-0.1199573958,0.0000000000,0.1198925448,-0.1203993539,-0.0080000000,0.0080000000,-0.0008999515,0.0002619141,0.8003858152,0.7993721808,-0.0022366999,0.0003680542,0.0003256407,-0.0001894881,-0.0003774349,-0.0001164235
2,0.0400000000,APPROACH_READY,0,-0.1311684690,-0.1311684690,0.0000000000,0.0060000000,-0.0060000000,0.0000000000,-0.0350000000,0.0350000000,0.0000000000,0.2470000000,0.2470000000,0.0000000000,0.2959405879,0.2978891593,-0.1198315310,-0.1198315310,0.0000000000,0.1195750915,-0.1215791593,-0.0080000000,0.0080000000,-0.0035586654,0.0010356831,0.8015256235,0.7975174233,-0.0088445504,0.0014553916,0.0012876764,-0.0007492902,-0.0014924856,-0.0004603719
3,0.0600000000,APPROACH_READY,0,-0.1313746732,-0.1313746732,0.0000000000,0.0060000000,-0.0060000000,0.0000000000,-0.0350000000,0.0350000000,0.0000000000,0.2470000000,0.2470000000,0.0000000000,0.2909719144,0.2953055148,-0.1196253268,-0.1196253268,0.0000000000,0.1190550083,-0.1235120321,-0.0080000000,0.0080000000,-0.0079144307,0.0023033472,0.8033929691,0.7944787782,-0.0196701778,0.0032367740,0.0028637775,-0.0016664127,-0.0033192706,-0.0010238618
4,0.0800000000,APPROACH_READY,0,-0.1316582952,-0.1316582952,0.0000000000,0.0060000000,-0.0060000000,0.0000000000,-0.0350000000,0.0350000000,0.0000000000,0.2470000000,0.2470000000,0.0000000000,0.2841377885,0.2917518596,-0.1193417048,-0.1193417048,0.0000000000,0.1183396637,-0.1261705880,-0.0080000000,0.0080000000,-0.0139055365,0.0040469465,0.8059613961,0.7902992958,-0.0345602085,0.0056869636,0.0050316143,-0.0029278621,-0.0058319089,-0.0017989099
5,0.1000000000,APPROACH_READY,0,-0.1320164136,-0.1320164136,0.0000000000,0.0060000000,-0.0060000000,0.0000000000,-0.0350000000,0.0350000000,0.0000000000,0.2470000000,0.2470000000,0.0000000000,0.2755086047,0.2872647980,-0.1189835864,-0.1189835864,0.0000000000,0.1174364260,-0.1295274426,-0.0080000000,0.0080000000,-0.0214702717,0.0062485214,0.8092044484,0.7850220266,-0.0533612686,0.0087807223,0.0077688571,-0.0045206451,-0.0090045191,-0.0027775328
6,0.1200000000,APPROACH_READY,0,-0.1324461070,-0.1324461070,0.0000000000,0.0060000000,-0.0060000000,0.0000000000,-0.0350000000,0.0350000000,0.0000000000,0.2470000000,0.2470000000,0.0000000000,0.2651547573,0.2818809341,-0.1185538930,-0.1185538930,0.0000000000,0.1163526636,-0.1335552117,-0.0080000000,0.0080000000,-0.0305469255,0.0088901118,0.8130956703,0.7786900211,-0.0759199846,0.0124928120,0.0110531763,-0.0064317681,-0.0128112200,-0.0039517473
7,0.1400000000,APPROACH_READY,0,-0.1329444539,-0.1329444539,0.0000000000,0.0060000000,-0.0060000000,0.0000000000,-0.0350000000,0.0350000000,0.0000000000,0.2470000000,0.2470000000,0.0000000000,0.2531466409,0.2756368722,-0.1180555461,-0.1180555461,0.0000000000,0.1150957448,-0.1382265111,-0.0080000000,0.0080000000,-0.0410737869,0.0119537581,0.8176086059,0.7713463297,-0.1020829826,0.0167979949,0.0148622423,-0.0086482377,-0.0172261304,-0.0053135700
8,0.1600000000,APPROACH_READY,0,-0.1335085330,-0.1335085330,0.0000000000,0.0060000000,-0.0060000000,0.0000000000,-0.0350000000,0.0350000000,0.0000000000,0.2470000000,0.2470000000,0.0000000000,0.2395546498,0.2685692164,-0.1174914670,-0.1174914670,0.0000000000,0.1136730380,-0.1435139565,-0.0080000000,0.0080000000,-0.0529891449,0.0154215004,0.8227167992,0.7630340029,-0.1316968890,0.0216710329,0.0191737254,-0.0111570604,-0.0222233689,-0.0068550176
9,0.1800000000,APPROACH_READY,0,-0.1341354228,-0.1341354228,0.0000000000,0.0060000000,-0.0060000000,0.0000000000,-0.0350000000,0.0350000000,0.0000000000,0.2470000000,0.2470000000,0.0000000000,0.2244491784,0.2607145708,-0.1168645772,-0.1168645772,0.0000000000,0.1120919115,-0.1493901636,-0.0080000000,0.0080000000,-0.0662312886,0.0192753788,0.8283937943,0.7537960912,-0.1646083301,0.0270866879,0.0239652959,-0.0139452427,-0.0277770544,-0.0085681067
10,0.2000000000,APPROACH_READY,0,-0.1348222019,-0.1348222019,0.0000000000,0.0060000000,-0.0060000000,0.0000000000,-0.0350000000,0.0350000000,0.0000000000,0.2470000000,0.2470000000,0.0000000000,0.2079006212,0.2521095397,-0.1161777981,-0.1161777981,0.0000000000,0.1103597338,-0.1558277482,-0.0080000000,0.0080000000,-0.0807385069,0.0234974336,0.8346131354,0.7436756450,-0.2006639322,0.0330197220,0.0292146242,-0.0169997912,-0.0338613055,-0.0104448540
11,0.2200000000,APPROACH_READY,0,-0.1355659488,-0.1355659488,0.0000000000,0.0060000000,-0.0060000000,0.0000000000,-0.0350000000,0.0350000000,0.0000000000,0.2470000000,0.2470000000,0.0000000000,0.1899793727,0.2427907272,-0.1154340512,-0.1154340512,0.0000000000,0.1084838730,-0.1627993259,-0.0080000000,0.0080000000,-0.0964490890,0.0280697050,0.8413483665,0.7327157148,-0.2397103216,0.0394448973,0.0348993807,-0.0203077123,-0.0404502411,-0.0124772763
12,0.2400000000,APPROACH_READY,0,-0.1363637422,-0.1363637422,0.0000000000,0.0060000000,-0.0060000000,0.0000000000,-0.0350000000,0.0350000000,0.0000000000,0.2470000000,0.2470000000,0.0000000000,0.1707558272,0.2327947375,-0.1146362578,-0.1146362578,0.0000000000,0.1064716977,-0.1702775126,-0.0080000000,0.0080000000,-0.1133013238,0.0329742330,0.8485730318,0.7209593510,-0.2815941245,0.0463369756,0.0409972357,-0.0238560127,-0.0475179798,-0.0146573901
13,0.2600000000,APPROACH_READY,0,-0.1372126605,-0.1372126605,0.0000000000,0.0060000000,-0.0060000000,0.0000000000,-0.0350000000,0.0350000000,0.0000000000,0.2470000000,0.2470000000,0.0000000000,0.1503003792,0.2221581748,-0.1137873395,-0.1137873395,0.0000000000,0.1043305762,-0.1782349240,-0.0080000000,0.0080000000,-0.1312335005,0.0381930579,0.8562606753,0.7084496041,-0.3261619673,0.0536707189,0.0474858596,-0.0276316988,-0.0550386404,-0.0169772121
14,0.2800000000,APPROACH_READY,0,-0.1381097824,-0.1381097824,0.0000000000,0.0060000000,-0.0060000000,0.0000000000,-0.0350000000,0.0350000000,0.0000000000,0.2470000000,0.2470000000,0.0000000000,0.1286834231,0.2109176432,-0.1128902176,-0.1128902176,0.0000000000,0.1020678767,-0.1866441757,-0.0080000000,0.0080000000,-0.1501839080,0.0437082199,0.8643848411,0.6952295246,-0.3732604763,0.0614208893,0.0543429227,-0.0316217772,-0.0629863418,-0.0194287591
15,0.3000000000,APPROACH_READY,0,-0.1390521864,-0.1390521864,0.0000000000,0.0060000000,-0.0060000000,0.0000000000,-0.0350000000,0.0350000000,0.0000000000,0.2470000000,0.2470000000,0.0000000000,0.1059753534,0.1991097469,-0.1119478136,-0.1119478136,0.0000000000,0.0996909678,-0.1954778835,-0.0080000000,0.0080000000,-0.1700908354,0.0495017591,0.8729190734,0.6813421629,-0.4227362776,0.0695622488,0.0615460953,-0.0358132544,-0.0713352025,-0.0220040476
16,0.3200000000,APPROACH_READY,0,-0.1400369512,-0.1400369512,0.0000000000,0.0060000000,-0.0060000000,0.0000000000,-0.0350000000,0.0350000000,0.0000000000,0.2470000000,0.2470000000,0.0000000000,0.0822465644,0.1867710901,-0.1109630488,-0.1109630488,0.0000000000,0.0972072177,-0.2047086632,-0.0080000000,0.0080000000,-0.1908925717,0.0555557157,0.8818369163,0.6668305696,-0.4744359978,0.0780695594,0.0690730479,-0.0401931369,-0.0800593414,-0.0246950944
17,0.3400000000,APPROACH_READY,0,-0.1410611552,-0.1410611552,0.0000000000,0.0060000000,-0.0060000000,0.0000000000,-0.0350000000,0.0350000000,0.0000000000,0.2470000000,0.2470000000,0.0000000000,0.0575674506,0.1739382769,-0.1099388448,-0.1099388448,0.0000000000,0.0946239947,-0.2143091305,-0.0080000000,0.0080000000,-0.2125274060,0.0618521300,0.8911119138,0.6517377949,-0.5282062629,0.0869175830,0.0769014507,-0.0447484312,-0.0891328772,-0.0274939161
18,0.3600000000,APPROACH_READY,0,-0.1421218771,-0.1421218771,0.0000000000,0.0060000000,-0.0060000000,0.0000000000,-0.0350000000,0.0350000000,0.0000000000,0.2470000000,0.2470000000,0.0000000000,0.0320084064,0.1606479116,-0.1088781229,-0.1088781229,0.0000000000,0.0919486674,-0.2242519012,-0.0080000000,0.0080000000,-0.2349336273,0.0683730420,0.9007176100,0.6361068895,-0.5838936994,0.0960810817,0.0850089741,-0.0494661440,-0.0985299287,-0.0303925294
19,0.3800000000,APPROACH_READY,0,-0.1432161954,-0.1432161954,0.0000000000,0.0060000000,-0.0060000000,0.0000000000,-0.0350000000,0.0350000000,0.0000000000,0.2470000000,0.2470000000,0.0000000000,0.0056398263,0.1469365983,-0.1077838046,-0.1077838046,0.0000000000,0.0891886039,-0.2345095909,-0.0080000000,0.0080000000,-0.2580495247,0.0751004919,0.9106275491,0.6199809038,-0.6413449335,0.1055348174,0.0933732885,-0.0543332817,-0.1082246146,-0.0333829510
20,0.4000000000,APPROACH_READY,0,-0.1443411887,-0.1443411887,0.0000000000,0.0060000000,-0.0060000000,0.0000000000,-0.0350000000,0.0350000000,0.0000000000,0.2470000000,0.2470000000,0.0000000000,-0.0214678953,0.1328409411,-0.1066588113,-0.1066588113,0.0000000000,0.0863511726,-0.2450548153,-0.0080000000,0.0080000000,-0.2818133871,0.0820165200,0.9208152751,0.6034028883,-0.7004065915,0.1152535521,0.1019720642,-0.0593368508,-0.1181910536,-0.0364571975
21,0.4200000000,APPROACH_READY,0,-0.1454939356,-0.1454939356,0.0000000000,0.0060000000,-0.0060000000,0.0000000000,-0.0350000000,0.0350000000,0.0000000000,0.2470000000,0.2470000000,0.0000000000,-0.0492443639,0.1183975444,-0.1055060644,-0.1055060644,0.0000000000,0.0834437420,-0.2558601904,-0.0080000000,0.0080000000,-0.3061635037,0.0891031664,0.9312543322,0.5864158933,-0.7609252997,0.1252120479,0.1107829716,-0.0644638579,-0.1284033645,-0.0396072857
22,0.4400000000,APPROACH_READY,0,-0.1466715146,-0.1466715146,0.0000000000,0.0060000000,-0.0060000000,0.0000000000,-0.0350000000,0.0350000000,0.0000000000,0.2470000000,0.2470000000,0.0000000000,-0.0776191853,0.1036430121,-0.1043284854,-0.1043284854,0.0000000000,0.0804736804,-0.2668983316,-0.0080000000,0.0080000000,-0.3310381635,0.0963424713,0.9419182644,0.5690629694,-0.8227476845,0.1353850667,0.1197836810,-0.0697013095,-0.1388356661,-0.0428252321
23,0.4600000000,APPROACH_READY,0,-0.1478710043,-0.1478710043,0.0000000000,0.0060000000,-0.0060000000,0.0000000000,-0.0350000000,0.0350000000,0.0000000000,0.2470000000,0.2470000000,0.0000000000,-0.1065219648,0.0886139486,-0.1031289957,-0.1031289957,0.0000000000,0.0774483561,-0.2781418549,-0.0080000000,0.0080000000,-0.3563756554,0.1037164748,0.9527806158,0.5513871670,-0.8857203720,0.1457473706,0.1289518627,-0.0750362121,-0.1494620770,-0.0461030535
24,0.4800000000,APPROACH_READY,0,-0.1490894833,-0.1490894833,0.0000000000,0.0060000000,-0.0060000000,0.0000000000,-0.0350000000,0.0350000000,0.0000000000,0.2470000000,0.2470000000,0.0000000000,-0.1358823082,0.0733469579,-0.1019105167,-0.1019105167,0.0000000000,0.0743751374,-0.2895633759,-0.0080000000,0.0080000000,-0.3821142686,0.1112072172,0.9638149307,0.5334315367,-0.9496899886,0.1562737215,0.1382651872,-0.0804555723,-0.1602567162,-0.0494327665
25,0.5000000000,APPROACH_READY,0,-0.1503240302,-0.1503240302,0.0000000000,0.0060000000,-0.0060000000,0.0000000000,-0.0350000000,0.0350000000,0.0000000000,0.2470000000,0.2470000000,0.0000000000,-0.1656298209,0.0578786442,-0.1006759698,-0.1006759698,0.0000000000,0.0712613929,-0.3011355104,-0.0080000000,0.0080000000,-0.4081922921,0.1187967386,0.9749947529,0.5152391287,-1.0145031606,0.1669388814,0.1477013248,-0.0859463966,-0.1711937022,-0.0528063879
26,0.5200000000,APPROACH_READY,0,-0.1515717235,-0.1515717235,0.0000000000,0.0060000000,-0.0060000000,0.0000000000,-0.0350000000,0.0350000000,0.0000000000,0.2470000000,0.2470000000,0.0000000000,-0.1956941086,0.0422456118,-0.0994282765,-0.0994282765,0.0000000000,0.0681144907,-0.3128308740,-0.0080000000,0.0080000000,-0.4345480149,0.1264670792,0.9862936267,0.4968529937,-1.0800065143,0.1777176123,0.1572379457,-0.0914956914,-0.1822471538,-0.0562159342
27,0.5400000000,APPROACH_READY,0,-0.1528296418,-0.1528296418,0.0000000000,0.0060000000,-0.0060000000,0.0000000000,-0.0350000000,0.0350000000,0.0000000000,0.2470000000,0.2470000000,0.0000000000,-0.2260047767,0.0264844648,-0.0981703582,-0.0981703582,0.0000000000,0.0649417992,-0.3246220826,-0.0080000000,0.0080000000,-0.4611197260,0.1342002792,0.9976850962,0.4783161821,-1.1460466759,0.1885846762,0.1668527205,-0.0970904635,-0.1933911898,-0.0596534221
28,0.5600000000,APPROACH_READY,0,-0.1540948636,-0.1540948636,0.0000000000,0.0060000000,-0.0060000000,0.0000000000,-0.0350000000,0.0350000000,0.0000000000,0.2470000000,0.2470000000,0.0000000000,-0.2564914309,0.0106318073,-0.0969051364,-0.0969051364,0.0000000000,0.0617506869,-0.3364817519,-0.0080000000,0.0080000000,-0.4878457146,0.1419783787,1.0091427054,0.4596717444,-1.2124702719,0.1995148352,0.1765233193,-0.1027177192,-0.2045999290,-0.0631108684
29,0.5800000000,APPROACH_READY,0,-0.1553644676,-0.1553644676,0.0000000000,0.0060000000,-0.0060000000,0.0000000000,-0.0350000000,0.0350000000,0.0000000000,0.2470000000,0.2470000000,0.0000000000,-0.2870836768,-0.0052757564,-0.0956355324,-0.0956355324,0.0000000000,0.0585485220,-0.3483824975,-0.0080000000,0.0080000000,-0.5146642696,0.1497834180,1.0206399985,0.4409627309,-1.2791239283,0.2104828511,0.1862274127,-0.1083644651,-0.2158474900,-0.0665802896
30,0.6000000000,APPROACH_READY,0,-0.1566355324,-0.1566355324,0.0000000000,0.0060000000,-0.0060000000,0.0000000000,-0.0350000000,0.0350000000,0.0000000000,0.2470000000,0.2470000000,0.0000000000,-0.3177111199,-0.0212016222,-0.0943644676,-0.0943644676,0.0000000000,0.0553426730,-0.3602969353,-0.0080000000,0.0080000000,-0.5415136800,0.1575974371,1.0321505195,0.4222321922,-1.3458542717,0.2214634861,0.1959426708,-0.1140177078,-0.2271079916,-0.0700537026
31,0.6200000000,APPROACH_READY,0,-0.1579051364,-0.1579051364,0.0000000000,0.0060000000,-0.0060000000,0.0000000000,-0.0350000000,0.0350000000,0.0000000000,0.2470000000,0.2470000000,0.0000000000,-0.3483033658,-0.0371091859,-0.0930948636,-0.0930948636,0.0000000000,0.0521405081,-0.3721976810,-0.0080000000,0.0080000000,-0.5683322350,0.1654024764,1.0436478125,0.4035231787,-1.4125079281,0.2324315020,0.2056467642,-0.1196644537,-0.2383555527,-0.0735231238
32,0.6400000000,APPROACH_READY,0,-0.1591703582,-0.1591703582,0.0000000000,0.0060000000,-0.0060000000,0.0000000000,-0.0350000000,0.0350000000,0.0000000000,0.2470000000,0.2470000000,0.0000000000,-0.3787900200,-0.0529618434,-0.0918296418,-0.0918296418,0.0000000000,0.0489493958,-0.3840573502,-0.0080000000,0.0080000000,-0.5950582236,0.1731805759,1.0551054217,0.3848787410,-1.4789315241,0.2433616610,0.2153173630,-0.1252917095,-0.2495642918,-0.0769805701
33,0.6600000000,APPROACH_READY,0,-0.1604282765,-0.1604282765,0.0000000000,0.0060000000,-0.0060000000,0.0000000000,-0.0350000000,0.0350000000,0.0000000000,0.2470000000,0.2470000000,0.0000000000,-0.4091006882,-0.0687229904,-0.0905717235,-0.0905717235,0.0000000000,0.0457767043,-0.3958485588,-0.0080000000,0.0080000000,-0.6216299348,0.1809137759,1.0664968912,0.3663419294,-1.5449716857,0.2542287249,0.2249321378,-0.1308864815,-0.2607083278,-0.0804180580
34,0.6800000000,APPROACH_READY,0,-0.1616759698,-0.1616759698,0.0000000000,0.0060000000,-0.0060000000,0.0000000000,-0.0350000000,0.0350000000,0.0000000000,0.2470000000,0.2470000000,0.0000000000,-0.4391649758,-0.0843560228,-0.0893240302,-0.0893240302,0.0000000000,0.0426298021,-0.4075439225,-0.0080000000,0.0080000000,-0.6479856576,0.1885841165,1.0777957650,0.3479557944,-1.6104750394,0.2650074559,0.2344687587,-0.1364357764,-0.2717617795,-0.0838276043
35,0.7000000000,APPROACH_READY,0,-0.1629105167,-0.1629105167,0.0000000000,0.0060000000,-0.0060000000,0.0000000000,-0.0350000000,0.0350000000,0.0000000000,0.2470000000,0.2470000000,0.0000000000,-0.4689124885,-0.0998243365,-0.0880894833,-0.0880894833,0.0000000000,0.0395160576,-0.4191160570,-0.0080000000,0.0080000000,-0.6740636810,0.1961736379,1.0889755873,0.3297633864,-1.6752882114,0.2756726158,0.2439048963,-0.1419266007,-0.2826987655,-0.0872012257
36,0.7200000000,APPROACH_READY,0,-0.1641289957,-0.1641289957,0.0000000000,0.0060000000,-0.0060000000,0.0000000000,-0.0350000000,0.0350000000,0.0000000000,0.2470000000,0.2470000000,0.0000000000,-0.4982728319,-0.1150913272,-0.0868710043,-0.0868710043,0.0000000000,0.0364428389,-0.4305375780,-0.0080000000,0.0080000000,-0.6998022942,0.2036643803,1.1000099021,0.3118077561,-1.7392578280,0.2861989666,0.2532182208,-0.1473459609,-0.2934934046,-0.0905309387
37,0.7400000000,APPROACH_READY,0,-0.1653284854,-0.1653284854,0.0000000000,0.0060000000,-0.0060000000,0.0000000000,-0.0350000000,0.0350000000,0.0000000000,0.2470000000,0.2470000000,0.0000000000,-0.5271756114,-0.1301203907,-0.0856715146,-0.0856715146,0.0000000000,0.0334175146,-0.4417811012,-0.0080000000,0.0080000000,-0.7251397862,0.2110383838,1.1108722535,0.2941319537,-1.8022305155,0.2965612705,0.2623864025,-0.1526808635,-0.3041198156,-0.0938087601
38,0.7600000000,APPROACH_READY,0,-0.1665060644,-0.1665060644,0.0000000000,0.0060000000,-0.0060000000,0.0000000000,-0.0350000000,0.0350000000,0.0000000000,0.2470000000,0.2470000000,0.0000000000,-0.5555504328,-0.1448749230,-0.0844939356,-0.0844939356,0.0000000000,0.0304474530,-0.4528192425,-0.0080000000,0.0080000000,-0.7500144459,0.2182776887,1.1215361858,0.2767790298,-1.8640529003,0.3067342893,0.2713871119,-0.1579183151,-0.3145521171,-0.0970267065
39,0.7800000000,APPROACH_READY,0,-0.1676588113,-0.1676588113,0.0000000000,0.0060000000,-0.0060000000,0.0000000000,-0.0350000000,0.0350000000,0.0000000000,0.2470000000,0.2470000000,0.0000000000,-0.5833269015,-0.1593183198,-0.0833411887,-0.0833411887,0.0000000000,0.0275400224,-0.4636246175,-0.0080000000,0.0080000000,-0.7743645625,0.2253643351,1.1319752428,0.2597920349,-1.9245716085,0.3166927851,0.2801980193,-0.1630453222,-0.3247644281,-0.1001767947
40,0.8000000000,APPROACH_READY,0,-0.1687838046,-0.1687838046,0.0000000000,0.0060000000,-0.0060000000,0.0000000000,-0.0350000000,0.0350000000,0.0000000000,0.2470000000,0.2470000000,0.0000000000,-0.6104346231,-0.1734139769,-0.0822161954,-0.0822161954,0.0000000000,0.0247025911,-0.4741698420,-0.0080000000,0.0080000000,-0.7981284249,0.2322803632,1.1421629689,0.2432140193,-1.9836332665,0.3264115199,0.2887967950,-0.1680488913,-0.3347308671,-0.1032510412
41,0.8200000000,APPROACH_READY,0,-0.1698781229,-0.1698781229,0.0000000000,0.0060000000,-0.0060000000,0.0000000000,-0.0350000000,0.0350000000,0.0000000000,0.2470000000,0.2470000000,0.0000000000,-0.6368032032,-0.1871252902,-0.0811218771,-0.0811218771,0.0000000000,0.0219425276,-0.4844275317,-0.0080000000,0.0080000000,-0.8212443223,0.2390078131,1.1520729079,0.2270880336,-2.0410845006,0.3358652556,0.2971611094,-0.1729160289,-0.3444255530,-0.1062414628
42,0.8400000000,APPROACH_READY,0,-0.1709388448,-0.1709388448,0.0000000000,0.0060000000,-0.0060000000,0.0000000000,-0.0350000000,0.0350000000,0.0000000000,0.2470000000,0.2470000000,0.0000000000,-0.6623622473,-0.2004156555,-0.0800611552,-0.0800611552,0.0000000000,0.0192672003,-0.4943703023,-0.0080000000,0.0080000000,-0.8436505436,0.2455287251,1.1616786042,0.2114571282,-2.0967719371,0.3450287542,0.3052686328,-0.1776337417,-0.3538226044,-0.1091400761
43,0.8600000000,APPROACH_READY,0,-0.1719630488,-0.1719630488,0.0000000000,0.0060000000,-0.0060000000,0.0000000000,-0.0350000000,0.0350000000,0.0000000000,0.2470000000,0.2470000000,0.0000000000,-0.6870413611,-0.2132484687,-0.0790369512,-0.0790369512,0.0000000000,0.0166839773,-0.5039707696,-0.0080000000,0.0080000000,-0.8652853779,0.2518251394,1.1709536017,0.1963643535,-2.1505422022,0.3538767778,0.3130970356,-0.1821890361,-0.3628961402,-0.1119388978
44,0.8800000000,APPROACH_READY,0,-0.1729478136,-0.1729478136,0.0000000000,0.0060000000,-0.0060000000,0.0000000000,-0.0350000000,0.0350000000,0.0000000000,0.2470000000,0.2470000000,0.0000000000,-0.7107701501,-0.2255871255,-0.0780521864,-0.0780521864,0.0000000000,0.0142002272,-0.5132015493,-0.0080000000,0.0080000000,-0.8860871142,0.2578790960,1.1798714445,0.1818527602,-2.2022419224,0.3623840884,0.3206239882,-0.1865689186,-0.3716202791,-0.1146299446
45,0.9000000000,APPROACH_READY,0,-0.1738902176,-0.1738902176,0.0000000000,0.0060000000,-0.0060000000,0.0000000000,-0.0350000000,0.0350000000,0.0000000000,0.2470000000,0.2470000000,0.0000000000,-0.7334782198,-0.2373950218,-0.0771097824,-0.0771097824,0.0000000000,0.0118233183,-0.5220352572,-0.0080000000,0.0080000000,-0.9059940416,0.2636726352,1.1884056768,0.1679653985,-2.2517177237,0.3705254479,0.3278271608,-0.1907603957,-0.3799691399,-0.1172052331
46,0.9200000000,APPROACH_READY,0,-0.1747873395,-0.1747873395,0.0000000000,0.0060000000,-0.0060000000,0.0000000000,-0.0350000000,0.0350000000,0.0000000000,0.2470000000,0.2470000000,0.0000000000,-0.7550951759,-0.2486355534,-0.0762126605,-0.0762126605,0.0000000000,0.0095606188,-0.5304445089,-0.0080000000,0.0080000000,-0.9249444491,0.2691877972,1.1965298427,0.1547453190,-2.2988162327,0.3782756183,0.3346842239,-0.1947504741,-0.3879168412,-0.1196567801
47,0.9400000000,APPROACH_READY,0,-0.1756362578,-0.1756362578,0.0000000000,0.0060000000,-0.0060000000,0.0000000000,-0.0350000000,0.0350000000,0.0000000000,0.2470000000,0.2470000000,0.0000000000,-0.7755506239,-0.2592721161,-0.0753637422,-0.0753637422,0.0000000000,0.0074194973,-0.5384019202,-0.0080000000,0.0080000000,-0.9428766258,0.2744066221,1.2042174862,0.1422355721,-2.3433840755,0.3856093617,0.3411728478,-0.1985261602,-0.3954375018,-0.1219766021
48,0.9600000000,APPROACH_READY,0,-0.1764340512,-0.1764340512,0.0000000000,0.0060000000,-0.0060000000,0.0000000000,-0.0350000000,0.0350000000,0.0000000000,0.2470000000,0.2470000000,0.0000000000,-0.7947741694,-0.2692681058,-0.0745659488,-0.0745659488,0.0000000000,0.0054073220,-0.5458801069,-0.0080000000,0.0080000000,-0.9597288606,0.2793111501,1.2114421514,0.1304792083,-2.3852678784,0.3925014400,0.3472707028,-0.2020744606,-0.4025052406,-0.1241567159
49,0.9800000000,APPROACH_READY,0,-0.1771777981,-0.1771777981,0.0000000000,0.0060000000,-0.0060000000,0.0000000000,-0.0350000000,0.0350000000,0.0000000000,0.2470000000,0.2470000000,0.0000000000,-0.8126954180,-0.2785869183,-0.0738222019,-0.0738222019,0.0000000000,0.0035314612,-0.5528516847,-0.0080000000,0.0080000000,-0.9754394427,0.2838834214,1.2181773825,0.1195192781,-2.4243142678,0.3989266152,0.3529554593,-0.2053823818,-0.4090941761,-0.1261891382
50,1.0000000000,APPROACH_READY,0,-0.1778645772,-0.1778645772,0.0000000000,0.0060000000,-0.0060000000,0.0000000000,-0.0350000000,0.0350000000,0.0000000000,0.2470000000,0.2470000000,0.0000000000,-0.8292439751,-0.2871919494,-0.0731354228,-0.0731354228,0.0000000000,0.0017992835,-0.5592892692,-0.0080000000,0.0080000000,-0.9899466610,0.2881054762,1.2243967236,0.1093988319,-2.4603698699,0.4048596493,0.3582047876,-0.2084369302,-0.4151784273,-0.1280658855
51,1.0200000000,APPROACH_READY,0,-0.1784914670,-0.1784914670,0.0000000000,0.0060000000,-0.0060000000,0.0000000000,-0.0350000000,0.0350000000,0.0000000000,0.2470000000,0.2470000000,0.0000000000,-0.8443494465,-0.2950465950,-0.0725085330,-0.0725085330,0.0000000000,0.0002181570,-0.5651654763,-0.0080000000,0.0080000000,-1.0031888047,0.2919593547,1.2300737188,0.1001609202,-2.4932813110,0.4102753044,0.3629963581,-0.2112251125,-0.4207321127,-0.1297789746
52,1.0400000000,APPROACH_READY,0,-0.1790555461,-0.1790555461,0.0000000000,0.0060000000,-0.0060000000,0.0000000000,-0.0350000000,0.0350000000,0.0000000000,0.2470000000,0.2470000000,0.0000000000,-0.8579414376,-0.3021142508,-0.0719444539,-0.0719444539,0.0000000000,-0.0012045498,-0.5704529217,-0.0080000000,0.0080000000,-1.0151041627,0.2954270970,1.2351819121,0.0918485934,-2.5228952174,0.4151483423,0.3673078412,-0.2137339352,-0.4257293513,-0.1313204222
53,1.0600000000,APPROACH_READY,0,-0.1795538930,-0.1795538930,0.0000000000,0.0060000000,-0.0060000000,0.0000000000,-0.0350000000,0.0350000000,0.0000000000,0.2470000000,0.2470000000,0.0000000000,-0.8699495541,-0.3083583127,-0.0714461070,-0.0714461070,0.0000000000,-0.0024614686,-0.5751242211,-0.0080000000,0.0080000000,-1.0256310241,0.2984907432,1.2396948476,0.0845049020,-2.5490582154,0.4194535252,0.3711169072,-0.2159504048,-0.4301442616,-0.1326822449
54,1.0800000000,APPROACH_READY,0,-0.1799835864,-0.1799835864,0.0000000000,0.0060000000,-0.0060000000,0.0000000000,-0.0350000000,0.0350000000,0.0000000000,0.2470000000,0.2470000000,0.0000000000,-0.8803034014,-0.3137421766,-0.0710164136,-0.0710164136,0.0000000000,-0.0035452310,-0.5791519903,-0.0080000000,0.0080000000,-1.0347076779,0.3011323337,1.2435860695,0.0781728965,-2.5716169314,0.4231656150,0.3744012264,-0.2178615278,-0.4339509625,-0.1338564594
55,1.1000000000,APPROACH_READY,0,-0.1803417048,-0.1803417048,0.0000000000,0.0060000000,-0.0060000000,0.0000000000,-0.0350000000,0.0350000000,0.0000000000,0.2470000000,0.2470000000,0.0000000000,-0.8889325852,-0.3182292382,-0.0706582952,-0.0706582952,0.0000000000,-0.0044484687,-0.5825088449,-0.0080000000,0.0080000000,-1.0422724131,0.3033339085,1.2468291219,0.0728956273,-2.5904179915,0.4262593736,0.3771384692,-0.2194543108,-0.4371235727,-0.1348350823
56,1.1200000000,APPROACH_READY,0,-0.1806253268,-0.1806253268,0.0000000000,0.0060000000,-0.0060000000,0.0000000000,-0.0350000000,0.0350000000,0.0000000000,0.2470000000,0.2470000000,0.0000000000,-0.8957667111,-0.3217828934,-0.0703746732,-0.0703746732,0.0000000000,-0.0051638133,-0.5851674007,-0.0080000000,0.0080000000,-1.0482635189,0.3050775079,1.2493975488,0.0687161449,-2.6053080222,0.4287095632,0.3793063060,-0.2207157603,-0.4396362110,-0.1356101304
57,1.1400000000,APPROACH_READY,0,-0.1808315310,-0.1808315310,0.0000000000,0.0060000000,-0.0060000000,0.0000000000,-0.0350000000,0.0350000000,0.0000000000,0.2470000000,0.2470000000,0.0000000000,-0.9007353846,-0.3243665379,-0.0701684690,-0.0701684690,0.0000000000,-0.0056838965,-0.5871002735,-0.0080000000,0.0080000000,-1.0526192842,0.3063451720,1.2512648944,0.0656774998,-2.6161336496,0.4304909457,0.3808824071,-0.2216328828,-0.4414629961,-0.1361736203
58,1.1600000000,APPROACH_READY,0,-0.1809573958,-0.1809573958,0.0000000000,0.0060000000,-0.0060000000,0.0000000000,-0.0350000000,0.0350000000,0.0000000000,0.2470000000,0.2470000000,0.0000000000,-0.9037682113,-0.3259435677,-0.0700426042,-0.0700426042,0.0000000000,-0.0060013498,-0.5882800790,-0.0080000000,0.0080000000,-1.0552779981,0.3071189410,1.2524047027,0.0638227423,-2.6227415001,0.4315782830,0.3818444428,-0.2221926848,-0.4425780467,-0.1365175687
59,1.1800000000,SERVE_READY,1,-0.1810000000,-0.1810000000,0.0000000000,0.0060000000,-0.0060000000,0.0000000000,-0.0350000000,0.0350000000,0.0000000000,0.2470000000,0.2470000000,0.0000000000,-0.9047947967,-0.3264773786,-0.0700000000,-0.0700000000,0.0000000000,-0.0061088050,-0.5886794329,-0.0080000000,0.0080000000,-1.0561779496,0.3073808551,1.2527905179,0.0631949231,-2.6249782000,0.4319463372,0.3821700835,-0.2223821729,-0.4429554816,-0.1366339922
60,1.2000000000,SERVE_READY,0,-0.1810000000,-0.1810000000,0.0000000000,0.0060000000,-0.0060000000,0.0000000000,-0.0350000000,0.0350000000,0.0000000000,0.2470000000,0.2470000000,0.0000000000,-0.9047947967,-0.3264773786,-0.0700000000,-0.0700000000,0.0000000000,-0.0061088050,-0.5886794329,-0.0080000000,0.0080000000,-1.0561779496,0.3073808551,1.2527905179,0.0631949231,-2.6249782000,0.4319463372,0.3821700835,-0.2223821729,-0.4429554816,-0.1366339922
61,1.2200000000,SERVE_READY,0,-0.1810000000,-0.1810000000,0.0000000000,0.0060000000,-0.0060000000,0.0000000000,-0.0350000000,0.0350000000,0.0000000000,0.2470000000,0.2470000000,0.0000000000,-0.9047947967,-0.3264773786,-0.0700000000,-0.0700000000,0.0000000000,-0.0061088050,-0.5886794329,-0.0080000000,0.0080000000,-1.0561779496,0.3073808551,1.2527905179,0.0631949231,-2.6249782000,0.4319463372,0.3821700835,-0.2223821729,-0.4429554816,-0.1366339922
62,1.2400000000,SERVE_READY,0,-0.1810000000,-0.1810000000,0.0000000000,0.0060000000,-0.0060000000,0.0000000000,-0.0350000000,0.0350000000,0.0000000000,0.2470000000,0.2470000000,0.0000000000,-0.9047947967,-0.3264773786,-0.0700000000,-0.0700000000,0.0000000000,-0.0061088050,-0.5886794329,-0.0080000000,0.0080000000,-1.0561779496,0.3073808551,1.2527905179,0.0631949231,-2.6249782000,0.4319463372,0.3821700835,-0.2223821729,-0.4429554816,-0.1366339922
63,1.2600000000,SERVE_READY,0,-0.1810000000,-0.1810000000,0.0000000000,0.0060000000,-0.0060000000,0.0000000000,-0.0350000000,0.0350000000,0.0000000000,0.2470000000,0.2470000000,0.0000000000,-0.9047947967,-0.3264773786,-0.0700000000,-0.0700000000,0.0000000000,-0.0061088050,-0.5886794329,-0.0080000000,0.0080000000,-1.0561779496,0.3073808551,1.2527905179,0.0631949231,-2.6249782000,0.4319463372,0.3821700835,-0.2223821729,-0.4429554816,-0.1366339922
64,1.2800000000,SERVE_READY,0,-0.1810000000,-0.1810000000,0.0000000000,0.0060000000,-0.0060000000,0.0000000000,-0.0350000000,0.0350000000,0.0000000000,0.2470000000,0.2470000000,0.0000000000,-0.9047947967,-0.3264773786,-0.0700000000,-0.0700000000,0.0000000000,-0.0061088050,-0.5886794329,-0.0080000000,0.0080000000,-1.0561779496,0.3073808551,1.2527905179,0.0631949231,-2.6249782000,0.4319463372,0.3821700835,-0.2223821729,-0.4429554816,-0.1366339922
65,1.3000000000,SERVE_READY,0,-0.1810000000,-0.1810000000,0.0000000000,0.0060000000,-0.0060000000,0.0000000000,-0.0350000000,0.0350000000,0.0000000000,0.2470000000,0.2470000000,0.0000000000,-0.9047947967,-0.3264773786,-0.0700000000,-0.0700000000,0.0000000000,-0.0061088050,-0.5886794329,-0.0080000000,0.0080000000,-1.0561779496,0.3073808551,1.2527905179,0.0631949231,-2.6249782000,0.4319463372,0.3821700835,-0.2223821729,-0.4429554816,-0.1366339922
66,1.3200000000,SERVE_READY,0,-0.1810000000,-0.1810000000,0.0000000000,0.0060000000,-0.0060000000,0.0000000000,-0.0350000000,0.0350000000,0.0000000000,0.2470000000,0.2470000000,0.0000000000,-0.9047947967,-0.3264773786,-0.0700000000,-0.0700000000,0.0000000000,-0.0061088050,-0.5886794329,-0.0080000000,0.0080000000,-1.0561779496,0.3073808551,1.2527905179,0.0631949231,-2.6249782000,0.4319463372,0.3821700835,-0.2223821729,-0.4429554816,-0.1366339922
67,1.3400000000,SERVE_READY,0,-0.1810000000,-0.1810000000,0.0000000000,0.0060000000,-0.0060000000,0.0000000000,-0.0350000000,0.0350000000,0.0000000000,0.2470000000,0.2470000000,0.0000000000,-0.9047947967,-0.3264773786,-0.0700000000,-0.0700000000,0.0000000000,-0.0061088050,-0.5886794329,-0.0080000000,0.0080000000,-1.0561779496,0.3073808551,1.2527905179,0.0631949231,-2.6249782000,0.4319463372,0.3821700835,-0.2223821729,-0.4429554816,-0.1366339922
68,1.3600000000,SERVE_READY,0,-0.1810000000,-0.1810000000,0.0000000000,0.0060000000,-0.0060000000,0.0000000000,-0.0350000000,0.0350000000,0.0000000000,0.2470000000,0.2470000000,0.0000000000,-0.9047947967,-0.3264773786,-0.0700000000,-0.0700000000,0.0000000000,-0.0061088050,-0.5886794329,-0.0080000000,0.0080000000,-1.0561779496,0.3073808551,1.2527905179,0.0631949231,-2.6249782000,0.4319463372,0.3821700835,-0.2223821729,-0.4429554816,-0.1366339922
69,1.3800000000,SERVE_READY,0,-0.1810000000,-0.1810000000,0.0000000000,0.0060000000,-0.0060000000,0.0000000000,-0.0350000000,0.0350000000,0.0000000000,0.2470000000,0.2470000000,0.0000000000,-0.9047947967,-0.3264773786,-0.0700000000,-0.0700000000,0.0000000000,-0.0061088050,-0.5886794329,-0.0080000000,0.0080000000,-1.0561779496,0.3073808551,1.2527905179,0.0631949231,-2.6249782000,0.4319463372,0.3821700835,-0.2223821729,-0.4429554816,-0.1366339922
70,1.4000000000,SERVE_READY,0,-0.1810000000,-0.1810000000,0.0000000000,0.0060000000,-0.0060000000,0.0000000000,-0.0350000000,0.0350000000,0.0000000000,0.2470000000,0.2470000000,0.0000000000,-0.9047947967,-0.3264773786,-0.0700000000,-0.0700000000,0.0000000000,-0.0061088050,-0.5886794329,-0.0080000000,0.0080000000,-1.0561779496,0.3073808551,1.2527905179,0.0631949231,-2.6249782000,0.4319463372,0.3821700835,-0.2223821729,-0.4429554816,-0.1366339922
71,1.4200000000,SERVE_READY,0,-0.1810000000,-0.1810000000,0.0000000000,0.0060000000,-0.0060000000,0.0000000000,-0.0350000000,0.0350000000,0.0000000000,0.2470000000,0.2470000000,0.0000000000,-0.9047947967,-0.3264773786,-0.0700000000,-0.0700000000,0.0000000000,-0.0061088050,-0.5886794329,-0.0080000000,0.0080000000,-1.0561779496,0.3073808551,1.2527905179,0.0631949231,-2.6249782000,0.4319463372,0.3821700835,-0.2223821729,-0.4429554816,-0.1366339922
72,1.4400000000,SERVE_READY,0,-0.1810000000,-0.1810000000,0.0000000000,0.0060000000,-0.0060000000,0.0000000000,-0.0350000000,0.0350000000,0.0000000000,0.2470000000,0.2470000000,0.0000000000,-0.9047947967,-0.3264773786,-0.0700000000,-0.0700000000,0.0000000000,-0.0061088050,-0.5886794329,-0.0080000000,0.0080000000,-1.0561779496,0.3073808551,1.2527905179,0.0631949231,-2.6249782000,0.4319463372,0.3821700835,-0.2223821729,-0.4429554816,-0.1366339922
73,1.4600000000,SERVE_READY,0,-0.1810000000,-0.1810000000,0.0000000000,0.0060000000,-0.0060000000,0.0000000000,-0.0350000000,0.0350000000,0.0000000000,0.2470000000,0.2470000000,0.0000000000,-0.9047947967,-0.3264773786,-0.0700000000,-0.0700000000,0.0000000000,-0.0061088050,-0.5886794329,-0.0080000000,0.0080000000,-1.0561779496,0.3073808551,1.2527905179,0.0631949231,-2.6249782000,0.4319463372,0.3821700835,-0.2223821729,-0.4429554816,-0.1366339922
74,1.4800000000,SERVE_READY,0,-0.1810000000,-0.1810000000,0.0000000000,0.0060000000,-0.0060000000,0.0000000000,-0.0350000000,0.0350000000,0.0000000000,0.2470000000,0.2470000000,0.0000000000,-0.9047947967,-0.3264773786,-0.0700000000,-0.0700000000,0.0000000000,-0.0061088050,-0.5886794329,-0.0080000000,0.0080000000,-1.0561779496,0.3073808551,1.2527905179,0.0631949231,-2.6249782000,0.4319463372,0.3821700835,-0.2223821729,-0.4429554816,-0.1366339922
75,1.5000000000,SERVE_READY,0,-0.1810000000,-0.1810000000,0.0000000000,0.0060000000,-0.0060000000,0.0000000000,-0.0350000000,0.0350000000,0.0000000000,0.2470000000,0.2470000000,0.0000000000,-0.9047947967,-0.3264773786,-0.0700000000,-0.0700000000,0.0000000000,-0.0061088050,-0.5886794329,-0.0080000000,0.0080000000,-1.0561779496,0.3073808551,1.2527905179,0.0631949231,-2.6249782000,0.4319463372,0.3821700835,-0.2223821729,-0.4429554816,-0.1366339922
76,1.5200000000,SERVE_READY,0,-0.1810000000,-0.1810000000,0.0000000000,0.0060000000,-0.0060000000,0.0000000000,-0.0350000000,0.0350000000,0.0000000000,0.2470000000,0.2470000000,0.0000000000,-0.9047947967,-0.3264773786,-0.0700000000,-0.0700000000,0.0000000000,-0.0061088050,-0.5886794329,-0.0080000000,0.0080000000,-1.0561779496,0.3073808551,1.2527905179,0.0631949231,-2.6249782000,0.4319463372,0.3821700835,-0.2223821729,-0.4429554816,-0.1366339922
77,1.5400000000,SERVE_READY,0,-0.1810000000,-0.1810000000,0.0000000000,0.0060000000,-0.0060000000,0.0000000000,-0.0350000000,0.0350000000,0.0000000000,0.2470000000,0.2470000000,0.0000000000,-0.9047947967,-0.3264773786,-0.0700000000,-0.0700000000,0.0000000000,-0.0061088050,-0.5886794329,-0.0080000000,0.0080000000,-1.0561779496,0.3073808551,1.2527905179,0.0631949231,-2.6249782000,0.4319463372,0.3821700835,-0.2223821729,-0.4429554816,-0.1366339922
78,1.5600000000,SERVE_READY,0,-0.1810000000,-0.1810000000,0.0000000000,0.0060000000,-0.0060000000,0.0000000000,-0.0350000000,0.0350000000,0.0000000000,0.2470000000,0.2470000000,0.0000000000,-0.9047947967,-0.3264773786,-0.0700000000,-0.0700000000,0.0000000000,-0.0061088050,-0.5886794329,-0.0080000000,0.0080000000,-1.0561779496,0.3073808551,1.2527905179,0.0631949231,-2.6249782000,0.4319463372,0.3821700835,-0.2223821729,-0.4429554816,-0.1366339922
79,1.5800000000,SERVE_READY,0,-0.1810000000,-0.1810000000,0.0000000000,0.0060000000,-0.0060000000,0.0000000000,-0.0350000000,0.0350000000,0.0000000000,0.2470000000,0.2470000000,0.0000000000,-0.9047947967,-0.3264773786,-0.0700000000,-0.0700000000,0.0000000000,-0.0061088050,-0.5886794329,-0.0080000000,0.0080000000,-1.0561779496,0.3073808551,1.2527905179,0.0631949231,-2.6249782000,0.4319463372,0.3821700835,-0.2223821729,-0.4429554816,-0.1366339922
80,1.6000000000,SERVE_READY,0,-0.1810000000,-0.1810000000,0.0000000000,0.0060000000,-0.0060000000,0.0000000000,-0.0350000000,0.0350000000,0.0000000000,0.2470000000,0.2470000000,0.0000000000,-0.9047947967,-0.3264773786,-0.0700000000,-0.0700000000,0.0000000000,-0.0061088050,-0.5886794329,-0.0080000000,0.0080000000,-1.0561779496,0.3073808551,1.2527905179,0.0631949231,-2.6249782000,0.4319463372,0.3821700835,-0.2223821729,-0.4429554816,-0.1366339922
81,1.6200000000,SERVE_READY,0,-0.1810000000,-0.1810000000,0.0000000000,0.0060000000,-0.0060000000,0.0000000000,-0.0350000000,0.0350000000,0.0000000000,0.2470000000,0.2470000000,0.0000000000,-0.9047947967,-0.3264773786,-0.0700000000,-0.0700000000,0.0000000000,-0.0061088050,-0.5886794329,-0.0080000000,0.0080000000,-1.0561779496,0.3073808551,1.2527905179,0.0631949231,-2.6249782000,0.4319463372,0.3821700835,-0.2223821729,-0.4429554816,-0.1366339922
82,1.6400000000,SERVE_READY,0,-0.1810000000,-0.1810000000,0.0000000000,0.0060000000,-0.0060000000,0.0000000000,-0.0350000000,0.0350000000,0.0000000000,0.2470000000,0.2470000000,0.0000000000,-0.9047947967,-0.3264773786,-0.0700000000,-0.0700000000,0.0000000000,-0.0061088050,-0.5886794329,-0.0080000000,0.0080000000,-1.0561779496,0.3073808551,1.2527905179,0.0631949231,-2.6249782000,0.4319463372,0.3821700835,-0.2223821729,-0.4429554816,-0.1366339922
83,1.6600000000,SERVE_READY,0,-0.1810000000,-0.1810000000,0.0000000000,0.0060000000,-0.0060000000,0.0000000000,-0.0350000000,0.0350000000,0.0000000000,0.2470000000,0.2470000000,0.0000000000,-0.9047947967,-0.3264773786,-0.0700000000,-0.0700000000,0.0000000000,-0.0061088050,-0.5886794329,-0.0080000000,0.0080000000,-1.0561779496,0.3073808551,1.2527905179,0.0631949231,-2.6249782000,0.4319463372,0.3821700835,-0.2223821729,-0.4429554816,-0.1366339922
84,1.6800000000,SERVE_READY,0,-0.1810000000,-0.1810000000,0.0000000000,0.0060000000,-0.0060000000,0.0000000000,-0.0350000000,0.0350000000,0.0000000000,0.2470000000,0.2470000000,0.0000000000,-0.9047947967,-0.3264773786,-0.0700000000,-0.0700000000,0.0000000000,-0.0061088050,-0.5886794329,-0.0080000000,0.0080000000,-1.0561779496,0.3073808551,1.2527905179,0.0631949231,-2.6249782000,0.4319463372,0.3821700835,-0.2223821729,-0.4429554816,-0.1366339922
85,1.7000000000,PRE_SWING,2,-0.1810000000,-0.1810000000,0.0000000000,0.0060000000,-0.0060000000,0.0000000000,-0.0350000000,0.0350000000,0.0000000000,0.2470000000,0.2470000000,0.0000000000,-0.9047947967,-0.3264773786,-0.0700000000,-0.0700000000,0.0000000000,-0.0061088050,-0.5886794329,-0.0080000000,0.0080000000,-1.0561779496,0.3073808551,1.2527905179,0.0631949231,-2.6249782000,0.4319463372,0.3821700835,-0.2223821729,-0.4429554816,-0.1366339922
86,1.7200000000,PRE_SWING,0,-0.1810000000,-0.1810000000,0.0000000000,0.0060000000,-0.0060000000,0.0000000000,-0.0350000000,0.0350000000,0.0000000000,0.2470000000,0.2470000000,0.0000000000,-0.9047947967,-0.3262255639,-0.0700000000,-0.0700000000,0.0000000000,-0.0061088050,-0.5896542072,-0.0080000000,0.0080000000,-1.0561779496,0.3072485626,1.2527905179,0.0625280328,-2.6249782000,0.4306434244,0.3821700835,-0.2227268592,-0.4429554816,-0.1371173784
87,1.7400000000,PRE_SWING,0,-0.1810000000,-0.1810000000,0.0000000000,0.0060000000,-0.0060000000,0.0000000000,-0.0350000000,0.0350000000,0.0000000000,0.2470000000,0.2470000000,0.0000000000,-0.9047947967,-0.3259737492,-0.0700000000,-0.0700000000,0.0000000000,-0.0061088050,-0.5906289816,-0.0080000000,0.0080000000,-1.0561779496,0.3071162701,1.2527905179,0.0618611425,-2.6249782000,0.4293405116,0.3821700835,-0.2230715454,-0.4429554816,-0.1376007646
88,1.7600000000,PRE_SWING,0,-0.1810000000,-0.1810000000,0.0000000000,0.0060000000,-0.0060000000,0.0000000000,-0.0350000000,0.0350000000,0.0000000000,0.2470000000,0.2470000000,0.0000000000,-0.9047947967,-0.3256504387,-0.0700000000,-0.0700000000,0.0000000000,-0.0061088050,-0.5915443897,-0.0080000000,0.0080000000,-1.0561779496,0.3068356514,1.2527905179,0.0610337518,-2.6249782000,0.4278117865,0.3821700835,-0.2234412581,-0.4429554816,-0.1381305382
89,1.7800000000,PRE_SWING,0,-0.1810000000,-0.1810000000,0.0000000000,0.0060000000,-0.0060000000,0.0000000000,-0.0350000000,0.0350000000,0.0000000000,0.2470000000,0.2470000000,0.0000000000,-0.9047947967,-0.3253271282,-0.0700000000,-0.0700000000,0.0000000000,-0.0061088050,-0.5924597979,-0.0080000000,0.0080000000,-1.0561779496,0.3065550327,1.2527905179,0.0602063611,-2.6249782000,0.4262830615,0.3821700835,-0.2238109708,-0.4429554816,-0.1386603117
90,1.8000000000,PRE_SWING,0,-0.1810000000,-0.1810000000,0.0000000000,0.0060000000,-0.0060000000,0.0000000000,-0.0350000000,0.0350000000,0.0000000000,0.2470000000,0.2470000000,0.0000000000,-0.9047947967,-0.3248609006,-0.0700000000,-0.0700000000,0.0000000000,-0.0061088050,-0.5932564437,-0.0080000000,0.0080000000,-1.0561779496,0.3059777915,1.2527905179,0.0590579733,-2.6249782000,0.4243027270,0.3821700835,-0.2242307290,-0.4429554816,-0.1392828599
91,1.8200000000,PRE_SWING,0,-0.1810000000,-0.1810000000,0.0000000000,0.0060000000,-0.0060000000,0.0000000000,-0.0350000000,0.0350000000,0.0000000000,0.2470000000,0.2470000000,0.0000000000,-0.9047947967,-0.3243946731,-0.0700000000,-0.0700000000,0.0000000000,-0.0061088050,-0.5940530896,-0.0080000000,0.0080000000,-1.0561779496,0.3054005504,1.2527905179,0.0579095855,-2.6249782000,0.4223223925,0.3821700835,-0.2246504873,-0.4429554816,-0.1399054080
92,1.8400000000,PRE_SWING,0,-0.1810000000,-0.1810000000,0.0000000000,0.0060000000,-0.0060000000,0.0000000000,-0.0350000000,0.0350000000,0.0000000000,0.2470000000,0.2470000000,0.0000000000,-0.9047947967,-0.3239344358,-0.0700000000,-0.0700000000,0.0000000000,-0.0061088050,-0.5949138701,-0.0080000000,0.0080000000,-1.0561779496,0.3048128933,1.2527905179,0.0568230823,-2.6249782000,0.4200282097,0.3821700835,-0.2250747755,-0.4429554816,-0.1405546814
93,1.8600000000,PRE_SWING,0,-0.1810000000,-0.1810000000,0.0000000000,0.0060000000,-0.0060000000,0.0000000000,-0.0350000000,0.0350000000,0.0000000000,0.2470000000,0.2470000000,0.0000000000,-0.9047947967,-0.3234741986,-0.0700000000,-0.0700000000,0.0000000000,-0.0061088050,-0.5957746506,-0.0080000000,0.0080000000,-1.0561779496,0.3042252362,1.2527905179,0.0557365790,-2.6249782000,0.4177340269,0.3821700835,-0.2254990637,-0.4429554816,-0.1412039548
94,1.8800000000,PRE_SWING,0,-0.1810000000,-0.1810000000,0.0000000000,0.0060000000,-0.0060000000,0.0000000000,-0.0350000000,0.0350000000,0.0000000000,0.2470000000,0.2470000000,0.0000000000,-0.9047947967,-0.3230169415,-0.0700000000,-0.0700000000,0.0000000000,-0.0061088050,-0.5966675282,-0.0080000000,0.0080000000,-1.0561779496,0.3036323637,1.2527905179,0.0546810143,-2.6249782000,0.4152829349,0.3821700835,-0.2259256318,-0.4429554816,-0.1418665871
95,1.9000000000,PRE_SWING,0,-0.1810000000,-0.1810000000,0.0000000000,0.0060000000,-0.0060000000,0.0000000000,-0.0350000000,0.0350000000,0.0000000000,0.2470000000,0.2470000000,0.0000000000,-0.9047947967,-0.3225596845,-0.0700000000,-0.0700000000,0.0000000000,-0.0061088050,-0.5975604057,-0.0080000000,0.0080000000,-1.0561779496,0.3030394912,1.2527905179,0.0536254495,-2.6249782000,0.4128318429,0.3821700835,-0.2263521999,-0.4429554816,-0.1425292194
96,1.9200000000,PRE_SWING,0,-0.1810000000,-0.1810000000,0.0000000000,0.0060000000,-0.0060000000,0.0000000000,-0.0350000000,0.0350000000,0.0000000000,0.2470000000,0.2470000000,0.0000000000,-0.9047947967,-0.3222766668,-0.0700000000,-0.0700000000,0.0000000000,-0.0061088050,-0.5983568430,-0.0080000000,0.0080000000,-1.0561779496,0.3025412858,1.2527905179,0.0530917943,-2.6249782000,0.4102813452,0.3821700835,-0.2267675772,-0.4429554816,-0.1430980265
97,1.9400000000,PRE_SWING,0,-0.1810000000,-0.1810000000,0.0000000000,0.0060000000,-0.0060000000,0.0000000000,-0.0350000000,0.0350000000,0.0000000000,0.2470000000,0.2470000000,0.0000000000,-0.9047947967,-0.3219936490,-0.0700000000,-0.0700000000,0.0000000000,-0.0061088050,-0.5991532803,-0.0080000000,0.0080000000,-1.0561779496,0.3020430803,1.2527905179,0.0525581390,-2.6249782000,0.4077308476,0.3821700835,-0.2271829545,-0.4429554816,-0.1436668336
98,1.9600000000,PRE_SWING,0,-0.1810000000,-0.1810000000,0.0000000000,0.0060000000,-0.0060000000,0.0000000000,-0.0350000000,0.0350000000,0.0000000000,0.2470000000,0.2470000000,0.0000000000,-0.9047947967,-0.3218031973,-0.0700000000,-0.0700000000,0.0000000000,-0.0061088050,-0.6001192629,-0.0080000000,0.0080000000,-1.0561779496,0.3016724885,1.2527905179,0.0520320255,-2.6249782000,0.4051927477,0.3821700835,-0.2275613993,-0.4429554816,-0.1441660970
99,1.9800000000,PRE_SWING,0,-0.1810000000,-0.1810000000,0.0000000000,0.0060000000,-0.0060000000,0.0000000000,-0.0350000000,0.0350000000,0.0000000000,0.2470000000,0.2470000000,0.0000000000,-0.9047947967,-0.3216127455,-0.0700000000,-0.0700000000,0.0000000000,-0.0061088050,-0.6010852456,-0.0080000000,0.0080000000,-1.0561779496,0.3013018966,1.2527905179,0.0515059121,-2.6249782000,0.4026546478,0.3821700835,-0.2279398441,-0.4429554816,-0.1446653605
100,2.0000000000,PRE_SWING,0,-0.1810000000,-0.1810000000,0.0000000000,0.0060000000,-0.0060000000,0.0000000000,-0.0350000000,0.0350000000,0.0000000000,0.2470000000,0.2470000000,0.0000000000,-0.9047947967,-0.3216074407,-0.0700000000,-0.0700000000,0.0000000000,-0.0061088050,-0.6023902297,-0.0080000000,0.0080000000,-1.0561779496,0.3011865020,1.2527905179,0.0509948786,-2.6249782000,0.4001413733,0.3821700835,-0.2282444313,-0.4429554816,-0.1450255588
101,2.0200000000,PRE_SWING,0,-0.1810000000,-0.1810000000,0.0000000000,0.0060000000,-0.0060000000,0.0000000000,-0.0350000000,0.0350000000,0.0000000000,0.2470000000,0.2470000000,0.0000000000,-0.9047947967,-0.3216021359,-0.0700000000,-0.0700000000,0.0000000000,-0.0061088050,-0.6036952138,-0.0080000000,0.0080000000,-1.0561779496,0.3010711074,1.2527905179,0.0504838452,-2.6249782000,0.3976280987,0.3821700835,-0.2285490185,-0.4429554816,-0.1453857571
102,2.0400000000,PRE_SWING,0,-0.1810000000,-0.1810000000,0.0000000000,0.0060000000,-0.0060000000,0.0000000000,-0.0350000000,0.0350000000,0.0000000000,0.2470000000,0.2470000000,0.0000000000,-0.9047947967,-0.3217464983,-0.0700000000,-0.0700000000,0.0000000000,-0.0061088050,-0.6050277352,-0.0080000000,0.0080000000,-1.0561779496,0.3010734767,1.2527905179,0.0501624700,-2.6249782000,0.3952194154,0.3821700835,-0.2287537381,-0.4429554816,-0.1455301717
103,2.0600000000,PRE_SWING,0,-0.1810000000,-0.1810000000,0.0000000000,0.0060000000,-0.0060000000,0.0000000000,-0.0350000000,0.0350000000,0.0000000000,0.2470000000,0.2470000000,0.0000000000,-0.9047947967,-0.3218908608,-0.0700000000,-0.0700000000,0.0000000000,-0.0061088050,-0.6063602567,-0.0080000000,0.0080000000,-1.0561779496,0.3010758460,1.2527905179,0.0498410948,-2.6249782000,0.3928107321,0.3821700835,-0.2289584577,-0.4429554816,-0.1456745863
104,2.0800000000,PRE_SWING,0,-0.1810000000,-0.1810000000,0.0000000000,0.0060000000,-0.0060000000,0.0000000000,-0.0350000000,0.0350000000,0.0000000000,0.2470000000,0.2470000000,0.0000000000,-0.9047947967,-0.3221100867,-0.0700000000,-0.0700000000,0.0000000000,-0.0061088050,-0.6077065468,-0.0080000000,0.0080000000,-1.0561779496,0.3011371046,1.2527905179,0.0496145505,-2.6249782000,0.3904543668,0.3821700835,-0.2291132361,-0.4429554816,-0.1457111090
105,2.1000000000,PRE_SWING,0,-0.1810000000,-0.1810000000,0.0000000000,0.0060000000,-0.0060000000,0.0000000000,-0.0350000000,0.0350000000,0.0000000000,0.2470000000,0.2470000000,0.0000000000,-0.9047947967,-0.3223293126,-0.0700000000,-0.0700000000,0.0000000000,-0.0061088050,-0.6090528369,-0.0080000000,0.0080000000,-1.0561779496,0.3011983633,1.2527905179,0.0493880063,-2.6249782000,0.3880980015,0.3821700835,-0.2292680144,-0.4429554816,-0.1457476318
106,2.1200000000,PRE_SWING,0,-0.1810000000,-0.1810000000,0.0000000000,0.0060000000,-0.0060000000,0.0000000000,-0.0350000000,0.0350000000,0.0000000000,0.2470000000,0.2470000000,0.0000000000,-0.9047947967,-0.3225738257,-0.0700000000,-0.0700000000,0.0000000000,-0.0061088050,-0.6104686856,-0.0080000000,0.0080000000,-1.0561779496,0.3011854738,1.2527905179,0.0492533669,-2.6249782000,0.3858319968,0.3821700835,-0.2293484583,-0.4429554816,-0.1455947533
107,2.1400000000,PRE_SWING,0,-0.1810000000,-0.1810000000,0.0000000000,0.0060000000,-0.0060000000,0.0000000000,-0.0350000000,0.0350000000,0.0000000000,0.2470000000,0.2470000000,0.0000000000,-0.9047947967,-0.3228183389,-0.0700000000,-0.0700000000,0.0000000000,-0.0061088050,-0.6118845344,-0.0080000000,0.0080000000,-1.0561779496,0.3011725843,1.2527905179,0.0491187274,-2.6249782000,0.3835659921,0.3821700835,-0.2294289023,-0.4429554816,-0.1454418749
108,2.1600000000,PRE_SWING,0,-0.1810000000,-0.1810000000,0.0000000000,0.0060000000,-0.0060000000,0.0000000000,-0.0350000000,0.0350000000,0.0000000000,0.2470000000,0.2470000000,0.0000000000,-0.9047947967,-0.3229574149,-0.0700000000,-0.0700000000,0.0000000000,-0.0061088050,-0.6119293767,-0.0080000000,0.0080000000,-1.0561779496,0.3011776381,1.2527905179,0.0492469362,-2.6249782000,0.3835943399,0.3821700835,-0.2293571615,-0.4429554816,-0.1451786053
109,2.1800000000,PRE_SWING,0,-0.1810000000,-0.1810000000,0.0000000000,0.0060000000,-0.0060000000,0.0000000000,-0.0350000000,0.0350000000,0.0000000000,0.2470000000,0.2470000000,0.0000000000,-0.9047947967,-0.3238866865,-0.0700000000,-0.0700000000,0.0000000000,-0.0061088050,-0.6122290023,-0.0080000000,0.0080000000,-1.0561779496,0.3012114066,1.2527905179,0.0501035955,-2.6249782000,0.3837837531,0.3821700835,-0.2288778076,-0.4429554816,-0.1434195029
110,2.2000000000,PRE_SWING,0,-0.1810000000,-0.1810000000,0.0000000000,0.0060000000,-0.0060000000,0.0000000000,-0.0350000000,0.0350000000,0.0000000000,0.2470000000,0.2470000000,0.0000000000,-0.9047947967,-0.3262778800,-0.0700000000,-0.0700000000,0.0000000000,-0.0061088050,-0.6129999963,-0.0080000000,0.0080000000,-1.0561779496,0.3012982994,1.2527905179,0.0523079437,-2.6249782000,0.3842711495,0.3821700835,-0.2276443382,-0.4429554816,-0.1388929960
111,2.2200000000,PRE_SWING,0,-0.1810000000,-0.1810000000,0.0000000000,0.0060000000,-0.0060000000,0.0000000000,-0.0350000000,0.0350000000,0.0000000000,0.2470000000,0.2470000000,0.0000000000,-0.9047947967,-0.3306800431,-0.0700000000,-0.0700000000,0.0000000000,-0.0061088050,-0.6144193883,-0.0080000000,0.0080000000,-1.0561779496,0.3014582680,1.2527905179,0.0563661264,-2.6249782000,0.3851684412,0.3821700835,-0.2253735336,-0.4429554816,-0.1305597426
112,2.2400000000,PRE_SWING,0,-0.1810000000,-0.1810000000,0.0000000000,0.0060000000,-0.0060000000,0.0000000000,-0.0350000000,0.0350000000,0.0000000000,0.2470000000,0.2470000000,0.0000000000,-0.9047947967,-0.3375267610,-0.0700000000,-0.0700000000,0.0000000000,-0.0061088050,-0.6166269796,-0.0080000000,0.0080000000,-1.0561779496,0.3017070685,1.2527905179,0.0626778490,-2.6249782000,0.3865640059,0.3821700835,-0.2218417339,-0.4429554816,-0.1175989701
113,2.2600000000,PRE_SWING,0,-0.1810000000,-0.1810000000,0.0000000000,0.0060000000,-0.0060000000,0.0000000000,-0.0350000000,0.0350000000,0.0000000000,0.2470000000,0.2470000000,0.0000000000,-0.9047947967,-0.3471433729,-0.0700000000,-0.0700000000,0.0000000000,-0.0061088050,-0.6197276695,-0.0080000000,0.0080000000,-1.0561779496,0.3020565232,1.2527905179,0.0715430290,-2.6249782000,0.3885241573,0.3821700835,-0.2168811166,-0.4429554816,-0.0993948141
114,2.2800000000,PRE_SWING,0,-0.1810000000,-0.1810000000,0.0000000000,0.0060000000,-0.0060000000,0.0000000000,-0.0350000000,0.0350000000,0.0000000000,0.2470000000,0.2470000000,0.0000000000,-0.9047947967,-0.3597541886,-0.0700000000,-0.0700000000,0.0000000000,-0.0061088050,-0.6237937823,-0.0080000000,0.0080000000,-1.0561779496,0.3025147832,1.2527905179,0.0831684488,-2.6249782000,0.3910946165,0.3821700835,-0.2103759740,-0.4429554816,-0.0755226585
115,2.3000000000,PRE_SWING,0,-0.1810000000,-0.1810000000,0.0000000000,0.0060000000,-0.0060000000,0.0000000000,-0.0350000000,0.0350000000,0.0000000000,0.2470000000,0.2470000000,0.0000000000,-0.9047947967,-0.3754897045,-0.0700000000,-0.0700000000,0.0000000000,-0.0061088050,-0.6288673941,-0.0080000000,0.0080000000,-1.0561779496,0.3030865906,1.2527905179,0.0976744082,-2.6249782000,0.3943019825,0.3821700835,-0.2022589913,-0.4429554816,-0.0457354746
116,2.3200000000,PRE_SWING,0,-0.1810000000,-0.1810000000,0.0000000000,0.0060000000,-0.0060000000,0.0000000000,-0.0350000000,0.0350000000,0.0000000000,0.2470000000,0.2470000000,0.0000000000,-0.9047947967,-0.3943938205,-0.0700000000,-0.0700000000,0.0000000000,-0.0061088050,-0.6349626594,-0.0080000000,0.0080000000,-1.0561779496,0.3037735407,1.2527905179,0.1151013765,-2.6249782000,0.3981552034,0.3821700835,-0.1925075230,-0.4429554816,-0.0099501607
117,2.3400000000,PRE_SWING,0,-0.1810000000,-0.1810000000,0.0000000000,0.0060000000,-0.0060000000,0.0000000000,-0.0350000000,0.0350000000,0.0000000000,0.2470000000,0.2470000000,0.0000000000,-0.9047947967,-0.4164310559,-0.0700000000,-0.0700000000,0.0000000000,-0.0061088050,-0.6420681383,-0.0080000000,0.0080000000,-1.0561779496,0.3045743441,1.2527905179,0.1354166457,-2.6249782000,0.4026470472,0.3821700835,-0.1811398716,-0.4429554816,0.0317661189
118,2.3600000000,PRE_SWING,0,-0.1810000000,-0.1810000000,0.0000000000,0.0060000000,-0.0060000000,0.0000000000,-0.0350000000,0.0350000000,0.0000000000,0.2470000000,0.2470000000,0.0000000000,-0.9047947967,-0.4414937662,-0.0700000000,-0.0700000000,0.0000000000,-0.0061088050,-0.6501491228,-0.0080000000,0.0080000000,-1.0561779496,0.3054850892,1.2527905179,0.1585209822,-2.6249782000,0.4077555727,0.3821700835,-0.1682115642,-0.4429554816,0.0792095939
119,2.3800000000,PRE_SWING,0,-0.1810000000,-0.1810000000,0.0000000000,0.0060000000,-0.0060000000,0.0000000000,-0.0350000000,0.0350000000,0.0000000000,0.2470000000,0.2470000000,0.0000000000,-0.9047947967,-0.4694093590,-0.0700000000,-0.0700000000,0.0000000000,-0.0061088050,-0.6591499640,-0.0080000000,0.0080000000,-1.0561779496,0.3064995041,1.2527905179,0.1842552801,-2.6249782000,0.4134456005,0.3821700835,-0.1538116304,-0.4429554816,0.1320535489
120,2.4000000000,PRE_SWING,0,-0.1810000000,-0.1810000000,0.0000000000,0.0060000000,-0.0060000000,0.0000000000,-0.0350000000,0.0350000000,0.0000000000,0.2470000000,0.2470000000,0.0000000000,-0.9047947967,-0.4999475112,-0.0700000000,-0.0700000000,0.0000000000,-0.0061088050,-0.6689963986,-0.0080000000,0.0080000000,-1.0561779496,0.3076092194,1.2527905179,0.2124072133,-2.6249782000,0.4196701839,0.3821700835,-0.1380588800,-0.4429554816,0.1898619839
121,2.4200000000,PRE_SWING,0,-0.1810000000,-0.1810000000,0.0000000000,0.0060000000,-0.0060000000,0.0000000000,-0.0350000000,0.0350000000,0.0000000000,0.2470000000,0.2470000000,0.0000000000,-0.9047947967,-0.5328273844,-0.0700000000,-0.0700000000,0.0000000000,-0.0061088050,-0.6795978756,-0.0080000000,0.0080000000,-1.0561779496,0.3088040296,1.2527905179,0.2427178880,-2.6249782000,0.4263720797,0.3821700835,-0.1210981801,-0.4429554816,0.2521032750
122,2.4400000000,PRE_SWING,0,-0.1810000000,-0.1810000000,0.0000000000,0.0060000000,-0.0060000000,0.0000000000,-0.0350000000,0.0350000000,0.0000000000,0.2470000000,0.2470000000,0.0000000000,-0.9047947967,-0.5677248422,-0.0700000000,-0.0700000000,0.0000000000,-0.0061088050,-0.6908498837,-0.0080000000,0.0080000000,-1.0561779496,0.3100721561,1.2527905179,0.2748884953,-2.6249782000,0.4334852191,0.3821700835,-0.1030967325,-0.4429554816,0.3181638347
123,2.4600000000,PRE_SWING,0,-0.1810000000,-0.1810000000,0.0000000000,0.0060000000,-0.0060000000,0.0000000000,-0.0350000000,0.0350000000,0.0000000000,0.2470000000,0.2470000000,0.0000000000,-0.9047947967,-0.6042796661,-0.0700000000,-0.0700000000,0.0000000000,-0.0061088050,-0.7026362772,-0.0080000000,0.0080000000,-1.0561779496,0.3114005091,1.2527905179,0.3085869638,-2.6249782000,0.4409361791,0.3821700835,-0.0842403520,-0.4429554816,0.3873617729
124,2.4800000000,PRE_SWING,0,-0.1810000000,-0.1810000000,0.0000000000,0.0060000000,-0.0060000000,0.0000000000,-0.0350000000,0.0350000000,0.0000000000,0.2470000000,0.2470000000,0.0000000000,-0.9047947967,-0.6421027719,-0.0700000000,-0.0700000000,0.0000000000,-0.0061088050,-0.7148316037,-0.0080000000,0.0080000000,-1.0561779496,0.3127749497,1.2527905179,0.3434546121,-2.6249782000,0.4486456526,0.3821700835,-0.0647297431,-0.4429554816,0.4589605567
125,2.5000000000,PRE_SWING,0,-0.1810000000,-0.1810000000,0.0000000000,0.0060000000,-0.0060000000,0.0000000000,-0.0350000000,0.0350000000,0.0000000000,0.2470000000,0.2470000000,0.0000000000,-0.9047947967,-0.6807834263,-0.0700000000,-0.0700000000,0.0000000000,-0.0061088050,-0.7273034300,-0.0080000000,0.0080000000,-1.0561779496,0.3141805525,1.2527905179,0.3791128010,-2.6249782000,0.4565299201,0.3821700835,-0.0447767776,-0.4429554816,0.5321826721
126,2.5200000000,PRE_SWING,0,-0.1810000000,-0.1810000000,0.0000000000,0.0060000000,-0.0060000000,0.0000000000,-0.0350000000,0.0350000000,0.0000000000,0.2470000000,0.2470000000,0.0000000000,-0.9047947967,-0.7198964632,-0.0700000000,-0.0700000000,0.0000000000,-0.0061088050,-0.7399146698,-0.0080000000,0.0080000000,-1.0561779496,0.3156018674,1.2527905179,0.4151695865,-2.6249782000,0.4645023199,0.3821700835,-0.0246007727,-0.4429554816,0.6062232834
127,2.5400000000,PRE_SWING,0,-0.1810000000,-0.1810000000,0.0000000000,0.0060000000,-0.0060000000,0.0000000000,-0.0350000000,0.0350000000,0.0000000000,0.2470000000,0.2470000000,0.0000000000,-0.9047947967,-0.7590095002,-0.0700000000,-0.0700000000,0.0000000000,-0.0061088050,-0.7525259095,-0.0080000000,0.0080000000,-1.0561779496,0.3170231824,1.2527905179,0.4512263721,-2.6249782000,0.4724747198,0.3821700835,-0.0044247678,-0.4429554816,0.6802638948
128,2.5600000000,PRE_SWING,0,-0.1810000000,-0.1810000000,0.0000000000,0.0060000000,-0.0060000000,0.0000000000,-0.0350000000,0.0350000000,0.0000000000,0.2470000000,0.2470000000,0.0000000000,-0.9047947967,-0.7976901546,-0.0700000000,-0.0700000000,0.0000000000,-0.0061088050,-0.7649977359,-0.0080000000,0.0080000000,-1.0561779496,0.3184287852,1.2527905179,0.4868845610,-2.6249782000,0.4803589872,0.3821700835,0.0155281977,-0.4429554816,0.7534860102
129,2.5800000000,PRE_SWING,0,-0.1810000000,-0.1810000000,0.0000000000,0.0060000000,-0.0060000000,0.0000000000,-0.0350000000,0.0350000000,0.0000000000,0.2470000000,0.2470000000,0.0000000000,-0.9047947967,-0.8355132604,-0.0700000000,-0.0700000000,0.0000000000,-0.0061088050,-0.7771930623,-0.0080000000,0.0080000000,-1.0561779496,0.3198032258,1.2527905179,0.5217522093,-2.6249782000,0.4880684607,0.3821700835,0.0350388066,-0.4429554816,0.8250847940
130,2.6000000000,PRE_SWING,0,-0.1810000000,-0.1810000000,0.0000000000,0.0060000000,-0.0060000000,0.0000000000,-0.0350000000,0.0350000000,0.0000000000,0.2470000000,0.2470000000,0.0000000000,-0.9047947967,-0.8720680842,-0.0700000000,-0.0700000000,0.0000000000,-0.0061088050,-0.7889794559,-0.0080000000,0.0080000000,-1.0561779496,0.3211315788,1.2527905179,0.5554506778,-2.6249782000,0.4955194207,0.3821700835,0.0538951871,-0.4429554816,0.8942827322
131,2.6200000000,PRE_SWING,0,-0.1810000000,-0.1810000000,0.0000000000,0.0060000000,-0.0060000000,0.0000000000,-0.0350000000,0.0350000000,0.0000000000,0.2470000000,0.2470000000,0.0000000000,-0.9047947967,-0.9069655421,-0.0700000000,-0.0700000000,0.0000000000,-0.0061088050,-0.8002314639,-0.0080000000,0.0080000000,-1.0561779496,0.3223997053,1.2527905179,0.5876212851,-2.6249782000,0.5026325602,0.3821700835,0.0718966346,-0.4429554816,0.9603432919
132,2.6400000000,PRE_SWING,0,-0.1810000000,-0.1810000000,0.0000000000,0.0060000000,-0.0060000000,0.0000000000,-0.0350000000,0.0350000000,0.0000000000,0.2470000000,0.2470000000,0.0000000000,-0.9047947967,-0.9398454153,-0.0700000000,-0.0700000000,0.0000000000,-0.0061088050,-0.8108329410,-0.0080000000,0.0080000000,-1.0561779496,0.3235945155,1.2527905179,0.6179319598,-2.6249782000,0.5093344560,0.3821700835,0.0888573346,-0.4429554816,1.0225845830
133,2.6600000000,PRE_SWING,0,-0.1810000000,-0.1810000000,0.0000000000,0.0060000000,-0.0060000000,0.0000000000,-0.0350000000,0.0350000000,0.0000000000,0.2470000000,0.2470000000,0.0000000000,-0.9047947967,-0.9703835674,-0.0700000000,-0.0700000000,0.0000000000,-0.0061088050,-0.8206793755,-0.0080000000,0.0080000000,-1.0561779496,0.3247042308,1.2527905179,0.6460838930,-2.6249782000,0.5155590393,0.3821700835,0.1046100850,-0.4429554816,1.0803930180
134,2.6800000000,PRE_SWING,0,-0.1810000000,-0.1810000000,0.0000000000,0.0060000000,-0.0060000000,0.0000000000,-0.0350000000,0.0350000000,0.0000000000,0.2470000000,0.2470000000,0.0000000000,-0.9047947967,-0.9982991603,-0.0700000000,-0.0700000000,0.0000000000,-0.0061088050,-0.8296802167,-0.0080000000,0.0080000000,-1.0561779496,0.3257186457,1.2527905179,0.6718181909,-2.6249782000,0.5212490672,0.3821700835,0.1190100187,-0.4429554816,1.1332369730
135,2.7000000000,PRE_SWING,0,-0.1810000000,-0.1810000000,0.0000000000,0.0060000000,-0.0060000000,0.0000000000,-0.0350000000,0.0350000000,0.0000000000,0.2470000000,0.2470000000,0.0000000000,-0.9047947967,-1.0233618705,-0.0700000000,-0.0700000000,0.0000000000,-0.0061088050,-0.8377612012,-0.0080000000,0.0080000000,-1.0561779496,0.3266293908,1.2527905179,0.6949225274,-2.6249782000,0.5263575927,0.3821700835,0.1319383262,-0.4429554816,1.1806804480
136,2.7200000000,PRE_SWING,0,-0.1810000000,-0.1810000000,0.0000000000,0.0060000000,-0.0060000000,0.0000000000,-0.0350000000,0.0350000000,0.0000000000,0.2470000000,0.2470000000,0.0000000000,-0.9047947967,-1.0453991060,-0.0700000000,-0.0700000000,0.0000000000,-0.0061088050,-0.8448666801,-0.0080000000,0.0080000000,-1.0561779496,0.3274301942,1.2527905179,0.7152377965,-2.6249782000,0.5308494365,0.3821700835,0.1433059776,-0.4429554816,1.2223967276
137,2.7400000000,PRE_SWING,0,-0.1810000000,-0.1810000000,0.0000000000,0.0060000000,-0.0060000000,0.0000000000,-0.0350000000,0.0350000000,0.0000000000,0.2470000000,0.2470000000,0.0000000000,-0.9047947967,-1.0643032220,-0.0700000000,-0.0700000000,0.0000000000,-0.0061088050,-0.8509619455,-0.0080000000,0.0080000000,-1.0561779496,0.3281171442,1.2527905179,0.7326647649,-2.6249782000,0.5347026574,0.3821700835,0.1530574458,-0.4429554816,1.2581820415
138,2.7600000000,PRE_SWING,0,-0.1810000000,-0.1810000000,0.0000000000,0.0060000000,-0.0060000000,0.0000000000,-0.0350000000,0.0350000000,0.0000000000,0.2470000000,0.2470000000,0.0000000000,-0.9047947967,-1.0800387379,-0.0700000000,-0.0700000000,0.0000000000,-0.0061088050,-0.8560355572,-0.0080000000,0.0080000000,-1.0561779496,0.3286889517,1.2527905179,0.7471707242,-2.6249782000,0.5379100234,0.3821700835,0.1611744286,-0.4429554816,1.2879692254
139,2.7800000000,PRE_SWING,0,-0.1810000000,-0.1810000000,0.0000000000,0.0060000000,-0.0060000000,0.0000000000,-0.0350000000,0.0350000000,0.0000000000,0.2470000000,0.2470000000,0.0000000000,-0.9047947967,-1.0926495536,-0.0700000000,-0.0700000000,0.0000000000,-0.0061088050,-0.8601016700,-0.0080000000,0.0080000000,-1.0561779496,0.3291472117,1.2527905179,0.7587961441,-2.6249782000,0.5404804826,0.3821700835,0.1676795711,-0.4429554816,1.3118413810
140,2.8000000000,PRE_SWING,0,-0.1810000000,-0.1810000000,0.0000000000,0.0060000000,-0.0060000000,0.0000000000,-0.0350000000,0.0350000000,0.0000000000,0.2470000000,0.2470000000,0.0000000000,-0.9047947967,-1.1022661655,-0.0700000000,-0.0700000000,0.0000000000,-0.0061088050,-0.8632023599,-0.0080000000,0.0080000000,-1.0561779496,0.3294966664,1.2527905179,0.7676613241,-2.6249782000,0.5424406340,0.3821700835,0.1726401885,-0.4429554816,1.3300455370
141,2.8200000000,PRE_SWING,0,-0.1810000000,-0.1810000000,0.0000000000,0.0060000000,-0.0060000000,0.0000000000,-0.0350000000,0.0350000000,0.0000000000,0.2470000000,0.2470000000,0.0000000000,-0.9047947967,-1.1091128834,-0.0700000000,-0.0700000000,0.0000000000,-0.0061088050,-0.8654099512,-0.0080000000,0.0080000000,-1.0561779496,0.3297454669,1.2527905179,0.7739730467,-2.6249782000,0.5438361987,0.3821700835,0.1761719882,-0.4429554816,1.3430063095
142,2.8400000000,PRE_SWING,0,-0.1810000000,-0.1810000000,0.0000000000,0.0060000000,-0.0060000000,0.0000000000,-0.0350000000,0.0350000000,0.0000000000,0.2470000000,0.2470000000,0.0000000000,-0.9047947967,-1.1135150464,-0.0700000000,-0.0700000000,0.0000000000,-0.0061088050,-0.8668293433,-0.0080000000,0.0080000000,-1.0561779496,0.3299054355,1.2527905179,0.7780312294,-2.6249782000,0.5447334904,0.3821700835,0.1784427928,-0.4429554816,1.3513395629
143,2.8600000000,PRE_SWING,0,-0.1810000000,-0.1810000000,0.0000000000,0.0060000000,-0.0060000000,0.0000000000,-0.0350000000,0.0350000000,0.0000000000,0.2470000000,0.2470000000,0.0000000000,-0.9047947967,-1.1159062400,-0.0700000000,-0.0700000000,0.0000000000,-0.0061088050,-0.8676003372,-0.0080000000,0.0080000000,-1.0561779496,0.3299923283,1.2527905179,0.7802355776,-2.6249782000,0.5452208867,0.3821700835,0.1796762622,-0.4429554816,1.3558660698
144,2.8800000000,PRE_SWING,0,-0.1810000000,-0.1810000000,0.0000000000,0.0060000000,-0.0060000000,0.0000000000,-0.0350000000,0.0350000000,0.0000000000,0.2470000000,0.2470000000,0.0000000000,-0.9047947967,-1.1168355116,-0.0700000000,-0.0700000000,0.0000000000,-0.0061088050,-0.8678999628,-0.0080000000,0.0080000000,-1.0561779496,0.3300260968,1.2527905179,0.7810922369,-2.6249782000,0.5454102999,0.3821700835,0.1801556161,-0.4429554816,1.3576251722
145,2.9000000000,PRE_SWING,0,-0.1810000000,-0.1810000000,0.0000000000,0.0060000000,-0.0060000000,0.0000000000,-0.0350000000,0.0350000000,0.0000000000,0.2470000000,0.2470000000,0.0000000000,-0.9047947967,-1.1169745876,-0.0700000000,-0.0700000000,0.0000000000,-0.0061088050,-0.8679448052,-0.0080000000,0.0080000000,-1.0561779496,0.3300311506,1.2527905179,0.7812204456,-2.6249782000,0.5454386477,0.3821700835,0.1802273569,-0.4429554816,1.3578884418
146,2.9200000000,PRE_SWING,0,-0.1810000000,-0.1810000000,0.0000000000,0.0060000000,-0.0060000000,0.0000000000,-0.0350000000,0.0350000000,0.0000000000,0.2470000000,0.2470000000,0.0000000000,-0.9047947967,-1.1169745876,-0.0700000000,-0.0700000000,0.0000000000,-0.0061088050,-0.8679448052,-0.0080000000,0.0080000000,-1.0561779496,0.3300311506,1.2527905179,0.7812204456,-2.6249782000,0.5454386477,0.3821700835,0.1802273569,-0.4429554816,1.3578884418
147,2.9400000000,PRE_SWING,0,-0.1810000000,-0.1810000000,0.0000000000,0.0060000000,-0.0060000000,0.0000000000,-0.0350000000,0.0350000000,0.0000000000,0.2470000000,0.2470000000,0.0000000000,-0.9047947967,-1.1169745876,-0.0700000000,-0.0700000000,0.0000000000,-0.0061088050,-0.8679448052,-0.0080000000,0.0080000000,-1.0561779496,0.3300311506,1.2527905179,0.7812204456,-2.6249782000,0.5454386477,0.3821700835,0.1802273569,-0.4429554816,1.3578884418
148,2.9600000000,PRE_SWING,0,-0.1810000000,-0.1810000000,0.0000000000,0.0060000000,-0.0060000000,0.0000000000,-0.0350000000,0.0350000000,0.0000000000,0.2470000000,0.2470000000,0.0000000000,-0.9047947967,-1.1169745876,-0.0700000000,-0.0700000000,0.0000000000,-0.0061088050,-0.8679448052,-0.0080000000,0.0080000000,-1.0561779496,0.3300311506,1.2527905179,0.7812204456,-2.6249782000,0.5454386477,0.3821700835,0.1802273569,-0.4429554816,1.3578884418
149,2.9800000000,PRE_SWING,0,-0.1810000000,-0.1810000000,0.0000000000,0.0060000000,-0.0060000000,0.0000000000,-0.0350000000,0.0350000000,0.0000000000,0.2470000000,0.2470000000,0.0000000000,-0.9047947967,-1.1169745876,-0.0700000000,-0.0700000000,0.0000000000,-0.0061088050,-0.8679448052,-0.0080000000,0.0080000000,-1.0561779496,0.3300311506,1.2527905179,0.7812204456,-2.6249782000,0.5454386477,0.3821700835,0.1802273569,-0.4429554816,1.3578884418
150,3.0000000000,PRE_SWING,0,-0.1810000000,-0.1810000000,0.0000000000,0.0060000000,-0.0060000000,0.0000000000,-0.0350000000,0.0350000000,0.0000000000,0.2470000000,0.2470000000,0.0000000000,-0.9047947967,-1.1169745876,-0.0700000000,-0.0700000000,0.0000000000,-0.0061088050,-0.8679448052,-0.0080000000,0.0080000000,-1.0561779496,0.3300311506,1.2527905179,0.7812204456,-2.6249782000,0.5454386477,0.3821700835,0.1802273569,-0.4429554816,1.3578884418
151,3.0200000000,TOSS_COMMIT,4,-0.1810000000,-0.1810000000,0.0000000000,0.0060000000,-0.0060000000,0.0000000000,-0.0350000000,0.0350000000,0.0000000000,0.2470000000,0.2470000000,0.0000000000,-0.9047947967,-1.1169745876,-0.0700000000,-0.0700000000,0.0000000000,-0.0061088050,-0.8679448052,-0.0080000000,0.0080000000,-1.0561779496,0.3300311506,1.2527905179,0.7812204456,-2.6249782000,0.5454386477,0.3821700835,0.1802273569,-0.4429554816,1.3578884418
152,3.0400000000,TOSS_COMMIT,0,-0.1810000000,-0.1810000000,0.0000000000,0.0060000000,-0.0060000000,0.0000000000,-0.0350000000,0.0350000000,0.0000000000,0.2470000000,0.2470000000,0.0000000000,-0.8967006411,-1.1169745876,-0.0700000000,-0.0700000000,0.0000000000,-0.0061533855,-0.8679448052,-0.0080000000,0.0080000000,-1.0316846441,0.3300311506,1.2428962909,0.7812204456,-2.5984648744,0.5454386477,0.3732847600,0.1802273569,-0.4463156643,1.3578884418
153,3.0600000000,TOSS_COMMIT,0,-0.1810000000,-0.1810000000,0.0000000000,0.0060000000,-0.0060000000,0.0000000000,-0.0350000000,0.0350000000,0.0000000000,0.2470000000,0.2470000000,0.0000000000,-0.8805665639,-1.1169745876,-0.0700000000,-0.0700000000,0.0000000000,-0.0027974858,-0.8679448052,-0.0080000000,0.0080000000,-0.9740568522,0.3300311506,1.2202833648,0.7812204456,-2.5398454582,0.5454386477,0.3661009893,0.1802273569,-0.4378590428,1.3578884418
154,3.0800000000,TOSS_COMMIT,0,-0.1810000000,-0.1810000000,0.0000000000,0.0060000000,-0.0060000000,0.0000000000,-0.0350000000,0.0350000000,0.0000000000,0.2470000000,0.2470000000,0.0000000000,-0.8648651649,-1.1169745876,-0.0700000000,-0.0700000000,0.0000000000,0.0053121103,-0.8679448052,-0.0080000000,0.0080000000,-0.9019158708,0.3300311506,1.1915890723,0.7812204456,-2.4713759431,0.5454386477,0.3760637350,0.1802273569,-0.4097906946,1.3578884418
155,3.1000000000,TOSS_COMMIT,0,-0.1810000000,-0.1810000000,0.0000000000,0.0060000000,-0.0060000000,0.0000000000,-0.0350000000,0.0350000000,0.0000000000,0.2470000000,0.2470000000,0.0000000000,-0.8513188674,-1.1169745876,-0.0700000000,-0.0700000000,0.0000000000,0.0163421511,-0.8679448052,-0.0080000000,0.0080000000,-0.8242423077,0.3300311506,1.1587856155,0.7812204456,-2.4025265648,0.5454386477,0.4047823613,0.1802273569,-0.3629147228,1.3578884418
156,3.1200000000,TOSS_COMMIT,0,-0.1810000000,-0.1810000000,0.0000000000,0.0060000000,-0.0060000000,0.0000000000,-0.0350000000,0.0350000000,0.0000000000,0.2470000000,0.2470000000,0.0000000000,-0.8385766814,-1.1169745876,-0.0700000000,-0.0700000000,0.0000000000,0.0270211029,-0.8679448052,-0.0080000000,0.0080000000,-0.7452423077,0.3300311506,1.1218723841,0.7812204456,-2.3361224245,0.5454386477,0.4457312042,0.1802273569,-0.3042916594,1.3578884418
157,3.1400000000,TOSS_COMMIT,0,-0.1810000000,-0.1810000000,0.0000000000,0.0060000000,-0.0060000000,0.0000000000,-0.0350000000,0.0350000000,0.0000000000,0.2470000000,0.2470000000,0.0000000000,-0.8244707229,-1.1169745876,-0.0700000000,-0.0700000000,0.0000000000,0.0340686311,-0.8679448052,-0.0080000000,0.0080000000,-0.6670508870,0.3300311506,1.0805815816,0.7812204456,-2.2722872364,0.5454386477,0.4888904361,0.1802273569,-0.2431173982,1.3578884418
158,3.1600000000,TOSS_COMMIT,0,-0.1810000000,-0.1810000000,0.0000000000,0.0060000000,-0.0060000000,0.0000000000,-0.0350000000,0.0350000000,0.0000000000,0.2470000000,0.2470000000,0.0000000000,-0.8075856850,-1.1169745876,-0.0700000000,-0.0700000000,0.0000000000,0.0352368284,-0.8679448052,-0.0080000000,0.0080000000,-0.5915347415,0.3300311506,1.0354994797,0.7812204456,-2.2112054060,0.5454386477,0.5243729874,0.1802273569,-0.1873475594,1.3578884418
159,3.1800000000,TOSS_COMMIT,0,-0.1810000000,-0.1810000000,0.0000000000,0.0060000000,-0.0060000000,0.0000000000,-0.0350000000,0.0350000000,0.0000000000,0.2470000000,0.2470000000,0.0000000000,-0.7882482314,-1.1169745876,-0.0700000000,-0.0700000000,0.0000000000,0.0299530409,-0.8679448052,-0.0080000000,0.0080000000,-0.5213747952,0.3300311506,0.9886619953,0.7812204456,-2.1548505558,0.5454386477,0.5450441987,0.1802273569,-0.1414355187,1.3578884418
160,3.2000000000,TOSS_COMMIT,0,-0.1810000000,-0.1810000000,0.0000000000,0.0060000000,-0.0060000000,0.0000000000,-0.0350000000,0.0350000000,0.0000000000,0.2470000000,0.2470000000,0.0000000000,-0.7689519238,-1.1169745876,-0.0700000000,-0.0700000000,0.0000000000,0.0195628135,-0.8679448052,-0.0080000000,0.0080000000,-0.4604589089,0.3300311506,0.9436331551,0.7812204456,-2.1077021099,0.5454386477,0.5481351821,0.1802273569,-0.1052378299,1.3578884418
161,3.2200000000,TOSS_COMMIT,0,-0.1810000000,-0.1810000000,0.0000000000,0.0060000000,-0.0060000000,0.0000000000,-0.0350000000,0.0350000000,0.0000000000,0.2470000000,0.2470000000,0.0000000000,-0.7542199795,-1.1169745876,-0.0700000000,-0.0700000000,0.0000000000,0.0071727387,-0.8679448052,-0.0080000000,0.0080000000,-0.4135865055,0.3300311506,0.9050676875,0.7812204456,-2.0764530998,0.5454386477,0.5358500414,0.1802273569,-0.0740949019,1.3578884418
162,3.2400000000,TOSS_COMMIT,0,-0.1810000000,-0.1810000000,0.0000000000,0.0060000000,-0.0060000000,0.0000000000,-0.0350000000,0.0350000000,0.0000000000,0.2470000000,0.2470000000,0.0000000000,-0.7499063244,-1.1169745876,-0.0700000000,-0.0700000000,0.0000000000,-0.0029068113,-0.8679448052,-0.0080000000,0.0080000000,-0.3854864004,0.3300311506,0.8777578650,0.7812204456,-2.0687097177,0.5454386477,0.5149670394,0.1802273569,-0.0400882424,1.3578884418
163,3.2600000000,TOSS_COMMIT,0,-0.1810000000,-0.1810000000,0.0000000000,0.0060000000,-0.0060000000,0.0000000000,-0.0350000000,0.0350000000,0.0000000000,0.2470000000,0.2470000000,0.0000000000,-0.7619359103,-1.1169745876,-0.0700000000,-0.0700000000,0.0000000000,-0.0061190031,-0.8679448052,-0.0080000000,0.0080000000,-0.3791477993,0.3300311506,0.8651642193,0.7812204456,-2.0906831470,0.5454386477,0.4954341735,0.1802273569,0.0055244232,1.3578884418
164,3.2800000000,TOSS_COMMIT,0,-0.1810000000,-0.1810000000,0.0000000000,0.0060000000,-0.0060000000,0.0000000000,-0.0350000000,0.0350000000,0.0000000000,0.2470000000,0.2470000000,0.0000000000,-0.7944906044,-1.1169745876,-0.0700000000,-0.0700000000,0.0000000000,0.0009825700,-0.8679448052,-0.0080000000,0.0080000000,-0.3934643685,0.3300311506,0.8674273581,0.7812204456,-2.1438768293,0.5454386477,0.4879622985,0.1802273569,0.0686882927,1.3578884418
165,3.3000000000,TOSS_COMMIT,0,-0.1810000000,-0.1810000000,0.0000000000,0.0060000000,-0.0060000000,0.0000000000,-0.0350000000,0.0350000000,0.0000000000,0.2470000000,0.2470000000,0.0000000000,-0.8476838392,-1.1169745876,-0.0700000000,-0.0700000000,0.0000000000,0.0189807469,-0.8679448052,-0.0080000000,0.0080000000,-0.4201906203,0.3300311506,0.8788418673,0.7812204456,-2.2207907813,0.5454386477,0.5006373080,0.1802273569,0.1476882927,1.3578884418
166,3.3200000000,TOSS_COMMIT,0,-0.1810000000,-0.1810000000,0.0000000000,0.0060000000,-0.0060000000,0.0000000000,-0.0350000000,0.0350000000,0.0000000000,0.2470000000,0.2470000000,0.0000000000,-0.9150200363,-1.1169745876,-0.0700000000,-0.0700000000,0.0000000000,0.0434681213,-0.8679448052,-0.0080000000,0.0080000000,-0.4402054354,0.3300311506,0.8846619526,0.7812204456,-2.2997907813,0.5454386477,0.5346988231,0.1802273569,0.2266882927,1.3578884418
167,3.3400000000,RELEASE_VERIFY,8,-0.1810000000,-0.1810000000,0.0000000000,0.0060000000,-0.0060000000,0.0000000000,-0.0350000000,0.0350000000,0.0000000000,0.2470000000,0.2470000000,0.0000000000,-0.9826677047,-1.1169745876,-0.0700000000,-0.0700000000,0.0000000000,0.0627025345,-0.8679448052,-0.0080000000,0.0080000000,-0.4190472114,0.3300311506,0.8563454202,0.7812204456,-2.3401596657,0.5454386477,0.5804959989,0.1802273569,0.2651383296,1.3578884418
168,3.3600000000,RELEASE_VERIFY,0,-0.1810000000,-0.1810000000,0.0000000000,0.0060000000,-0.0060000000,0.0000000000,-0.0350000000,0.0350000000,0.0000000000,0.2470000000,0.2470000000,0.0000000000,-1.0319726470,-1.1169745876,-0.0700000000,-0.0700000000,0.0000000000,0.0728499339,-0.8679448052,-0.0080000000,0.0080000000,-0.3697422691,0.3300311506,0.8070404779,0.7812204456,-2.3401596657,0.5454386477,0.6189014168,0.1802273569,0.2651383296,1.3578884418
169,3.3800000000,RELEASE_VERIFY,0,-0.1810000000,-0.1810000000,0.0000000000,0.0060000000,-0.0060000000,0.0000000000,-0.0350000000,0.0350000000,0.0000000000,0.2470000000,0.2470000000,0.0000000000,-1.0647405924,-1.1169745876,-0.0700000000,-0.0700000000,0.0000000000,0.0748542720,-0.8679448052,-0.0080000000,0.0080000000,-0.3369743237,0.3300311506,0.7742725325,0.7812204456,-2.3401596657,0.5454386477,0.6176881015,0.1802273569,0.2651383296,1.3578884418
170,3.4000000000,SWING_COMMIT,16,-0.1810000000,-0.1810000000,0.0000000000,0.0060000000,-0.0060000000,0.0000000000,-0.0350000000,0.0350000000,0.0000000000,0.2470000000,0.2470000000,0.0000000000,-1.0794063854,-1.1169745876,-0.0700000000,-0.0700000000,0.0000000000,0.0793639856,-0.8679448052,-0.0080000000,0.0080000000,-0.3223085307,0.3300311506,0.7596067395,0.7812204456,-2.3401596657,0.5454386477,0.6147891646,0.1802273569,0.2651383296,1.3578884418
171,3.4200000000,SWING_COMMIT,0,-0.1810000000,-0.1810000000,0.0000000000,0.0060000000,-0.0060000000,0.0000000000,-0.0350000000,0.0350000000,0.0000000000,0.2470000000,0.2470000000,0.0000000000,-1.0707998784,-1.1169745876,-0.0700000000,-0.0700000000,0.0000000000,0.0879704926,-0.8679448052,-0.0080000000,0.0080000000,-0.3202373524,0.3300311506,0.7587390724,0.7812204456,-2.3401596657,0.5454386477,0.6233956716,0.1802273569,0.2651383296,1.3578884418
172,3.4400000000,SWING_COMMIT,0,-0.1810000000,-0.1810000000,0.0000000000,0.0060000000,-0.0060000000,0.0000000000,-0.0350000000,0.0350000000,0.0000000000,0.2470000000,0.2470000000,0.0000000000,-1.0454567434,-1.0447460162,-0.0700000000,-0.0700000000,0.0000000000,0.1098074150,-0.8553359522,-0.0080000000,0.0080000000,-0.3455804873,0.2923205102,0.7748375464,0.7089918742,-2.3401596657,0.6191210264,0.6487388066,0.1503414373,0.2651383296,1.3890609872
173,3.4600000000,SWING_COMMIT,0,-0.1810000000,-0.1810000000,0.0000000000,0.0060000000,-0.0060000000,0.0000000000,-0.0350000000,0.0350000000,0.0000000000,0.2470000000,0.2470000000,0.0000000000,-1.0042767103,-0.9657460162,-0.0700000000,-0.0700000000,0.0000000000,0.1345839620,-0.8462230142,-0.0080000000,0.0080000000,-0.3867605204,0.2557429611,0.8160175795,0.6299918742,-2.3401596657,0.6981210264,0.6864633514,0.1176566561,0.2651383296,1.3857731747
174,3.4800000000,SWING_COMMIT,0,-0.1810000000,-0.1810000000,0.0000000000,0.0060000000,-0.0060000000,0.0000000000,-0.0350000000,0.0350000000,0.0000000000,0.2470000000,0.2470000000,0.0000000000,-0.9638650421,-0.8867460162,-0.0700000000,-0.0700000000,0.0000000000,0.1502245875,-0.8397978324,-0.0080000000,0.0080000000,-0.4271721886,0.2398134217,0.8564292477,0.5509918742,-2.3401596657,0.7704115362,0.6958132888,0.0726629390,0.2651383296,1.3301226600
175,3.5000000000,SWING_COMMIT,0,-0.1810000000,-0.1810000000,0.0000000000,0.0060000000,-0.0060000000,0.0000000000,-0.0350000000,0.0350000000,0.0000000000,0.2470000000,0.2470000000,0.0000000000,-0.8873853730,-0.8077460162,-0.0700000000,-0.0700000000,0.0000000000,0.1325187180,-0.8236490779,-0.0080000000,0.0080000000,-0.4483131453,0.2322539248,0.8564292478,0.4788049927,-2.3401596657,0.8253414722,0.6296698420,0.0055312869,0.2651383296,1.2511226600
176,3.5200000000,SWING_COMMIT,0,-0.1810000000,-0.1810000000,0.0000000000,0.0060000000,-0.0060000000,0.0000000000,-0.0350000000,0.0350000000,0.0000000000,0.2470000000,0.2470000000,0.0000000000,-0.8287791763,-0.7347743624,-0.0700000000,-0.0700000000,0.0000000000,0.1383966518,-0.7928582906,-0.0080000000,0.0080000000,-0.4892460008,0.2359046020,0.8564292478,0.4265780860,-2.3401596657,0.8397760904,0.6103021802,-0.0657690467,0.2651383296,1.1757266848
177,3.5400000000,SWING_COMMIT,0,-0.1810000000,-0.1810000000,0.0000000000,0.0060000000,-0.0060000000,0.0000000000,-0.0350000000,0.0350000000,0.0000000000,0.2470000000,0.2470000000,0.0000000000,-0.7810895070,-0.7195163970,-0.0700000000,-0.0700000000,0.0000000000,0.1623869580,-0.7640767114,-0.0080000000,0.0080000000,-0.5667805455,0.2563755739,0.8566206030,0.3927041633,-2.3401845812,0.8034444845,0.5966645123,-0.1082608177,0.2648891130,1.1497864029
178,3.5600000000,SWING_COMMIT,0,-0.1810000000,-0.1810000000,0.0000000000,0.0060000000,-0.0060000000,0.0000000000,-0.0350000000,0.0350000000,0.0000000000,0.2470000000,0.2470000000,0.0000000000,-0.7363443024,-0.7419622990,-0.0700000000,-0.0700000000,0.0000000000,0.1949023107,-0.7378870439,-0.0080000000,0.0080000000,-0.6436058780,0.2968284172,0.8581564143,0.3786849400,-2.3405355862,0.7369763570,0.6045361539,-0.1331293940,0.2626609062,1.1490843273
179,3.5800000000,SWING_COMMIT,0,-0.1810000000,-0.1810000000,0.0000000000,0.0060000000,-0.0060000000,0.0000000000,-0.0350000000,0.0350000000,0.0000000000,0.2470000000,0.2470000000,0.0000000000,-0.6895653281,-0.7699524564,-0.0700000000,-0.0700000000,0.0000000000,0.2326594816,-0.7044494590,-0.0080000000,0.0080000000,-0.7062993505,0.3434486065,0.8602431324,0.3674271954,-2.3415329054,0.6634435975,0.6369123695,-0.1613827522,0.2555745743,1.1415783151
180,3.6000000000,SWING_COMMIT,0,-0.1810000000,-0.1810000000,0.0000000000,0.0060000000,-0.0060000000,0.0000000000,-0.0350000000,0.0350000000,0.0000000000,0.2470000000,0.2470000000,0.0000000000,-0.6188658024,-0.8078096952,-0.0700000000,-0.0700000000,0.0000000000,0.2560004393,-0.6652019193,-0.0080000000,0.0080000000,-0.6765175616,0.3979844408,0.8601543806,0.3647983045,-2.3390685250,0.5847749355,0.7117052599,-0.1893288985,0.2419833623,1.1296884316
181,3.6200000000,SWING_COMMIT,0,-0.1810000000,-0.1810000000,0.0000000000,0.0060000000,-0.0060000000,0.0000000000,-0.0350000000,0.0350000000,0.0000000000,0.2470000000,0.2470000000,0.0000000000,-0.5469836555,-0.8549258167,-0.0700000000,-0.0700000000,0.0000000000,0.2873113919,-0.6208685262,-0.0080000000,0.0080000000,-0.6375654934,0.4589150370,0.8549091353,0.3731337428,-2.3307836878,0.5057749355,0.7868477068,-0.2142694251,0.2184015961,1.1129211553
182,3.6400000000,SWING_COMMIT,0,-0.1810000000,-0.1810000000,0.0000000000,0.0060000000,-0.0060000000,0.0000000000,-0.0350000000,0.0350000000,0.0000000000,0.2470000000,0.2470000000,0.0000000000,-0.4782127583,-0.9089461158,-0.0700000000,-0.0700000000,0.0000000000,0.3298570333,-0.5715835926,-0.0080000000,0.0080000000,-0.6297919846,0.5201290844,0.8411511209,0.3917465733,-2.3152556178,0.4267749355,0.8512741680,-0.2302232569,0.1805321465,1.0924835708
183,3.6600000000,SWING_COMMIT,0,-0.1810000000,-0.1810000000,0.0000000000,0.0060000000,-0.0060000000,0.0000000000,-0.0350000000,0.0350000000,0.0000000000,0.2470000000,0.2470000000,0.0000000000,-0.4125464494,-0.9675812410,-0.0700000000,-0.0700000000,0.0000000000,0.3768029856,-0.5177782299,-0.0080000000,0.0080000000,-0.6405492592,0.5748300482,0.8158190574,0.4189640978,-2.2925721333,0.3477749355,0.8864163827,-0.2313143578,0.1252473079,1.0712742794
184,3.6800000000,SWING_COMMIT,0,-0.1810000000,-0.1810000000,0.0000000000,0.0060000000,-0.0060000000,0.0000000000,-0.0350000000,0.0350000000,0.0000000000,0.2470000000,0.2470000000,0.0000000000,-0.3474707216,-1.0314031964,-0.0700000000,-0.0700000000,0.0000000000,0.4224321672,-0.4618145751,-0.0080000000,0.0080000000,-0.6535253741,0.6227864897,0.7765344062,0.4556046108,-2.2635840373,0.2717038624,0.8931187700,-0.2165876671,0.0542910290,1.0508505974
185,3.7000000000,SWING_COMMIT,0,-0.1810000000,-0.1810000000,0.0000000000,0.0060000000,-0.0060000000,0.0000000000,-0.0350000000,0.0350000000,0.0000000000,0.2470000000,0.2470000000,0.0000000000,-0.2801651985,-1.1029056323,-0.0700000000,-0.0700000000,0.0000000000,0.4644747662,-0.4047442503,-0.0080000000,0.0080000000,-0.6637253253,0.6633594046,0.7218824660,0.5041794896,-2.2312080036,0.2009194067,0.8732940418,-0.1858496646,-0.0247089710,1.0354215944
186,3.7200000000,SWING_COMMIT,0,-0.1810000000,-0.1810000000,0.0000000000,0.0060000000,-0.0060000000,0.0000000000,-0.0350000000,0.0350000000,0.0000000000,0.2470000000,0.2470000000,0.0000000000,-0.2106209867,-1.1805608938,-0.0700000000,-0.0700000000,0.0000000000,0.4864248326,-0.3448313934,-0.0080000000,0.0080000000,-0.6372287249,0.6876373277,0.6782146238,0.5687116671,-2.1859938190,0.1289900275,0.8672372467,-0.1434735017,-0.1037089710,1.0296372427
187,3.7400000000,SWING_COMMIT,0,-0.1810000000,-0.1810000000,0.0000000000,0.0060000000,-0.0060000000,0.0000000000,-0.0350000000,0.0350000000,0.0000000000,0.2470000000,0.2470000000,0.0000000000,-0.1563692267,-1.2595608938,-0.0700000000,-0.0700000000,0.0000000000,0.4918152295,-0.2851441810,-0.0080000000,0.0080000000,-0.5897067974,0.6906429230,0.6450214818,0.6448293924,-2.1367391159,0.0518834149,0.8747450083,-0.0913720798,-0.1827089710,1.0271324451
188,3.7600000000,SWING_COMMIT,0,-0.1810000000,-0.1810000000,0.0000000000,0.0060000000,-0.0060000000,0.0000000000,-0.0350000000,0.0350000000,0.0000000000,0.2470000000,0.2470000000,0.0000000000,-0.1170600327,-1.3385608938,-0.0700000000,-0.0700000000,0.0000000000,0.4889333218,-0.2306489757,-0.0080000000,0.0080000000,-0.5480167214,0.6808142850,0.6131449004,0.7238293924,-2.1015627014,-0.0271165851,0.8790527359,-0.0322369292,-0.2370557027,1.0132331258
189,3.7800000000,FOLLOW_THROUGH,32,-0.1810000000,-0.1810000000,0.0000000000,0.0060000000,-0.0060000000,0.0000000000,-0.0350000000,0.0350000000,0.0000000000,0.2470000000,0.2470000000,0.0000000000,-0.0855865764,-1.4175608938,-0.0700000000,-0.0700000000,0.0000000000,0.4757572436,-0.1805081650,-0.0080000000,0.0080000000,-0.4928328338,0.6744407128,0.5838212434,0.8028293924,-2.0681561426,-0.1061165851,0.8917783283,0.0355426109,-0.2665647611,0.9787719827
190,3.8000000000,FOLLOW_THROUGH,0,-0.1810000000,-0.1810000000,0.0000000000,0.0060000000,-0.0060000000,0.0000000000,-0.0350000000,0.0350000000,0.0000000000,0.2470000000,0.2470000000,0.0000000000,-0.0722353559,-1.4965608938,-0.0700000000,-0.0700000000,0.0000000000,0.4804914581,-0.1275240423,-0.0080000000,0.0080000000,-0.4913889690,0.6815124103,0.5581264817,0.8818293924,-2.0598823543,-0.1851165851,0.8792164524,0.1098570407,-0.2996155102,0.9235995382
191,3.8200000000,FOLLOW_THROUGH,0,-0.1810000000,-0.1810000000,0.0000000000,0.0060000000,-0.0060000000,0.0000000000,-0.0350000000,0.0350000000,0.0000000000,0.2470000000,0.2470000000,0.0000000000,-0.0612038120,-1.5755608938,-0.0700000000,-0.0700000000,0.0000000000,0.4844031376,-0.0633151912,-0.0080000000,0.0080000000,-0.4901959651,0.7085844908,0.5368959963,0.9608293924,-2.0553029865,-0.2641165851,0.8688371103,0.1888570407,-0.3247058721,0.8523610128
192,3.8400000000,FOLLOW_THROUGH,0,-0.1810000000,-0.1810000000,0.0000000000,0.0060000000,-0.0060000000,0.0000000000,-0.0350000000,0.0350000000,0.0000000000,0.2470000000,0.2470000000,0.0000000000,-0.0527593325,-1.6534888851,-0.0700000000,-0.0700000000,0.0000000000,0.4873974689,-0.0127519646,-0.0080000000,0.0080000000,-0.4892827387,0.7649381981,0.5206443820,1.0398293924,-2.0531775156,-0.3167148833,0.8608918815,0.2590527306,-0.3425559511,0.7733610128
193,3.8600000000,FOLLOW_THROUGH,0,-0.1810000000,-0.1810000000,0.0000000000,0.0060000000,-0.0060000000,0.0000000000,-0.0350000000,0.0350000000,0.0000000000,0.2470000000,0.2470000000,0.0000000000,-0.0469609513,-1.7046044999,-0.0700000000,-0.0700000000,0.0000000000,0.4894535192,0.0091714478,-0.0080000000,0.0080000000,-0.4886556740,0.8284891870,0.5094852506,1.1188293924,-2.0524110117,-0.2783434548,0.8554363094,0.2485389984,-0.3541316467,0.6943610128
194,3.8800000000,FOLLOW_THROUGH,0,-0.1810000000,-0.1810000000,0.0000000000,0.0060000000,-0.0060000000,0.0000000000,-0.0350000000,0.0350000000,0.0000000000,0.2470000000,0.2470000000,0.0000000000,-0.0436176769,-1.7244958620,-0.0700000000,-0.0700000000,0.0000000000,0.4906390122,0.0069430837,-0.0080000000,0.0080000000,-0.4882941163,0.8953583285,0.5030510344,1.1877744162,-2.0522254988,-0.1993434548,0.8522906945,0.2014422961,-0.3605540192,0.6153610128
195,3.9000000000,FOLLOW_THROUGH,0,-0.1810000000,-0.1810000000,0.0000000000,0.0060000000,-0.0060000000,0.0000000000,-0.0350000000,0.0350000000,0.0000000000,0.2470000000,0.2470000000,0.0000000000,-0.0422468221,-1.7247363661,-0.0700000000,-0.0700000000,0.0000000000,0.4911251041,0.0061088050,-0.0080000000,0.0080000000,-0.4881458655,0.9640976992,0.5004127896,1.2141645340,-2.0522036558,-0.1203434548,0.8510008867,0.1754398154,-0.3631341174,0.5363610128
196,3.9200000000,FOLLOW_THROUGH,0,-0.1810000000,-0.1810000000,0.0000000000,0.0060000000,-0.0060000000,0.0000000000,-0.0350000000,0.0350000000,0.0000000000,0.2470000000,0.2470000000,0.0000000000,-0.0420323330,-1.7176418327,-0.0700000000,-0.0700000000,0.0000000000,0.4912011598,0.0061088050,-0.0080000000,0.0080000000,-0.4881226697,1.0430976992,0.5000000000,1.2119844614,-2.0522030913,-0.0413434548,0.8507990786,0.1820991383,-0.3635350051,0.4573610128
197,3.9400000000,FOLLOW_THROUGH,0,-0.1810000000,-0.1810000000,0.0000000000,0.0060000000,-0.0060000000,0.0000000000,-0.0350000000,0.0350000000,0.0000000000,0.2470000000,0.2470000000,0.0000000000,-0.0420323330,-1.7062594181,-0.0700000000,-0.0700000000,0.0000000000,0.4912011598,0.0061088050,-0.0080000000,0.0080000000,-0.4881226697,1.1220976992,0.5000000000,1.2074845525,-2.0522030913,0.0376565452,0.8507990786,0.1829324977,-0.3635350051,0.3783610128
198,3.9600000000,FOLLOW_THROUGH,0,-0.1810000000,-0.1810000000,0.0000000000,0.0060000000,-0.0060000000,0.0000000000,-0.0350000000,0.0350000000,0.0000000000,0.2470000000,0.2470000000,0.0000000000,-0.0420323330,-1.7015108920,-0.0700000000,-0.0700000000,0.0000000000,0.4912011598,0.0061088050,-0.0080000000,0.0080000000,-0.4881226697,1.2010976992,0.5000000000,1.2023614903,-2.0522030913,0.1166565452,0.8507990786,0.1850966921,-0.3635350051,0.3049726189
199,3.9800000000,FOLLOW_THROUGH,0,-0.1810000000,-0.1810000000,0.0000000000,0.0060000000,-0.0060000000,0.0000000000,-0.0350000000,0.0350000000,0.0000000000,0.2470000000,0.2470000000,0.0000000000,-0.0420323330,-1.7031714450,-0.0700000000,-0.0700000000,0.0000000000,0.4912011598,0.0061088050,-0.0080000000,0.0080000000,-0.4881226697,1.2691197801,0.5000000000,1.2003726200,-2.0522030913,0.1956565452,0.8507990786,0.1866940129,-0.3635350051,0.2707579586
200,4.0000000000,FOLLOW_THROUGH,0,-0.1810000000,-0.1810000000,0.0000000000,0.0060000000,-0.0060000000,0.0000000000,-0.0350000000,0.0350000000,0.0000000000,0.2470000000,0.2470000000,0.0000000000,-0.0420323330,-1.7030345797,-0.0700000000,-0.0700000000,0.0000000000,0.4912011598,0.0060496736,-0.0080000000,0.0080000000,-0.4881226697,1.2690241680,0.5000000000,1.2002595664,-2.0522030913,0.1956800362,0.8507990786,0.1866533442,-0.3635350051,0.2707174573
201,4.0200000000,FOLLOW_THROUGH,0,-0.1810000000,-0.1810000000,0.0000000000,0.0060000000,-0.0060000000,0.0000000000,-0.0350000000,0.0350000000,0.0000000000,0.2470000000,0.2470000000,0.0000000000,-0.0420323330,-1.7021124566,-0.0700000000,-0.0700000000,0.0000000000,0.4912011598,0.0056512786,-0.0080000000,0.0080000000,-0.4881226697,1.2683799859,0.5000000000,1.1994978738,-2.0522030913,0.1958383054,0.8507990786,0.1863793410,-0.3635350051,0.2704445823
202,4.0400000000,FOLLOW_THROUGH,0,-0.1810000000,-0.1810000000,0.0000000000,0.0060000000,-0.0060000000,0.0000000000,-0.0350000000,0.0350000000,0.0000000000,0.2470000000,0.2470000000,0.0000000000,-0.0420323330,-1.6997164714,-0.0700000000,-0.0700000000,0.0000000000,0.4912011598,0.0046161149,-0.0080000000,0.0080000000,-0.4881226697,1.2667061846,0.5000000000,1.1975187405,-2.0522030913,0.1962495419,0.8507990786,0.1856673887,-0.3635350051,0.2697355612
203,4.0600000000,FOLLOW_THROUGH,0,-0.1810000000,-0.1810000000,0.0000000000,0.0060000000,-0.0060000000,0.0000000000,-0.0350000000,0.0350000000,0.0000000000,0.2470000000,0.2470000000,0.0000000000,-0.0420323330,-1.6952590844,-0.0700000000,-0.0700000000,0.0000000000,0.4912011598,0.0026903411,-0.0080000000,0.0080000000,-0.4881226697,1.2635923174,0.5000000000,1.1938368469,-2.0522030913,0.1970145884,0.8507990786,0.1843429035,-0.3635350051,0.2684165291
204,4.0800000000,FOLLOW_THROUGH,0,-0.1810000000,-0.1810000000,0.0000000000,0.0060000000,-0.0060000000,0.0000000000,-0.0350000000,0.0350000000,0.0000000000,0.2470000000,0.2470000000,0.0000000000,-0.0420323330,-1.6882490081,-0.0700000000,-0.0700000000,0.0000000000,0.4912011598,-0.0003382991,-0.0080000000,0.0080000000,-0.4881226697,1.2586951777,0.5000000000,1.1880463793,-2.0522030913,0.1982177675,0.8507990786,0.1822599024,-0.3635350051,0.2663421041
205,4.1000000000,FOLLOW_THROUGH,0,-0.1810000000,-0.1810000000,0.0000000000,0.0060000000,-0.0060000000,0.0000000000,-0.0350000000,0.0350000000,0.0000000000,0.2470000000,0.2470000000,0.0000000000,-0.0420323330,-1.6782863949,-0.0700000000,-0.0700000000,0.0000000000,0.4912011598,-0.0046425561,-0.0080000000,0.0080000000,-0.4881226697,1.2517354375,0.5000000000,1.1798170553,-2.0522030913,0.1999277072,0.8507990786,0.1792995731,-0.3635350051,0.2633939630
206,4.1200000000,FOLLOW_THROUGH,0,-0.1810000000,-0.1810000000,0.0000000000,0.0060000000,-0.0060000000,0.0000000000,-0.0350000000,0.0350000000,0.0000000000,0.2470000000,0.2470000000,0.0000000000,-0.0420323330,-1.6650580240,-0.0700000000,-0.0700000000,0.0000000000,0.4912011598,-0.0103577543,-0.0080000000,0.0080000000,-0.4881226697,1.2424942854,0.5000000000,1.1688901480,-2.0522030913,0.2021981673,0.8507990786,0.1753688439,-0.3635350051,0.2594794173
207,4.1400000000,FOLLOW_THROUGH,0,-0.1810000000,-0.1810000000,0.0000000000,0.0060000000,-0.0060000000,0.0000000000,-0.0350000000,0.0350000000,0.0000000000,0.2470000000,0.2470000000,0.0000000000,-0.0420323330,-1.6483324888,-0.0700000000,-0.0700000000,0.0000000000,0.4912011598,-0.0175838707,-0.0080000000,0.0080000000,-0.4881226697,1.2308100641,0.5000000000,1.1550745110,-2.0522030913,0.2050688655,0.8507990786,0.1703989539,-0.3635350051,0.2545299891
208,4.1600000000,FOLLOW_THROUGH,0,-0.1810000000,-0.1810000000,0.0000000000,0.0060000000,-0.0060000000,0.0000000000,-0.0350000000,0.0350000000,0.0000000000,0.2470000000,0.2470000000,0.0000000000,-0.0420323330,-1.6279553850,-0.0700000000,-0.0700000000,0.0000000000,0.4912011598,-0.0263876144,-0.0080000000,0.0080000000,-0.4881226697,1.2165749087,0.5000000000,1.1382426029,-2.0522030913,0.2085663032,0.8507990786,0.1643440226,-0.3635350051,0.2484999870
209,4.1800000000,FOLLOW_THROUGH,0,-0.1810000000,-0.1810000000,0.0000000000,0.0060000000,-0.0060000000,0.0000000000,-0.0350000000,0.0350000000,0.0000000000,0.2470000000,0.2470000000,0.0000000000,-0.0420323330,-1.6038444969,-0.0700000000,-0.0700000000,0.0000000000,0.4912011598,-0.0368045059,-0.0080000000,0.0080000000,-0.4881226697,1.1997313847,0.5000000000,1.1183265120,-2.0522030913,0.2127045913,0.8507990786,0.1571796203,-0.3635350051,0.2413650817
210,4.2000000000,FOLLOW_THROUGH,0,-0.1810000000,-0.1810000000,0.0000000000,0.0060000000,-0.0060000000,0.0000000000,-0.0350000000,0.0350000000,0.0000000000,0.2470000000,0.2470000000,0.0000000000,-0.0420323330,-1.5759849857,-0.0700000000,-0.0700000000,0.0000000000,0.4912011598,-0.0488409560,-0.0080000000,0.0080000000,-0.4881226697,1.1802691258,0.5000000000,1.0953139811,-2.0522030913,0.2174862768,0.8507990786,0.1489013377,-0.3635350051,0.2331208822
211,4.2200000000,FOLLOW_THROUGH,0,-0.1810000000,-0.1810000000,0.0000000000,0.0060000000,-0.0060000000,0.0000000000,-0.0350000000,0.0350000000,0.0000000000,0.2470000000,0.2470000000,0.0000000000,-0.0420323330,-1.5444245765,-0.0700000000,-0.0700000000,0.0000000000,0.4912011598,-0.0624763458,-0.0080000000,0.0080000000,-0.4881226697,1.1582214721,0.5000000000,1.0692444321,-2.0522030913,0.2229031684,0.8507990786,0.1395233560,-0.3635350051,0.2237815112
212,4.2400000000,FOLLOW_THROUGH,0,-0.1810000000,-0.1810000000,0.0000000000,0.0060000000,-0.0060000000,0.0000000000,-0.0350000000,0.0350000000,0.0000000000,0.2470000000,0.2470000000,0.0000000000,-0.0420323330,-1.5092687457,-0.0700000000,-0.0700000000,0.0000000000,0.4912011598,-0.0776651050,-0.0080000000,0.0080000000,-0.4881226697,1.1336621080,0.5000000000,1.0402049906,-2.0522030913,0.2289371626,0.8507990786,0.1290770168,-0.3635350051,0.2133781813
213,4.2600000000,FOLLOW_THROUGH,0,-0.1810000000,-0.1810000000,0.0000000000,0.0060000000,-0.0060000000,0.0000000000,-0.0350000000,0.0350000000,0.0000000000,0.2470000000,0.2470000000,0.0000000000,-0.0420323330,-1.4706759084,-0.0700000000,-0.0700000000,0.0000000000,0.4912011598,-0.0943387918,-0.0080000000,0.0080000000,-0.4881226697,1.1067016998,0.5000000000,1.0083265109,-2.0522030913,0.2355610696,0.8507990786,0.1176093922,-0.3635350051,0.2019577709
214,4.2800000000,FOLLOW_THROUGH,0,-0.1810000000,-0.1810000000,0.0000000000,0.0060000000,-0.0060000000,0.0000000000,-0.0350000000,0.0350000000,0.0000000000,0.2470000000,0.2470000000,0.0000000000,-0.0420323330,-1.4288526058,-0.0700000000,-0.0700000000,0.0000000000,0.4912011598,-0.1124081720,-0.0080000000,0.0080000000,-0.4881226697,1.0774845346,0.5000000000,0.9737796003,-2.0522030913,0.2427394397,0.8507990786,0.1051818547,-0.3635350051,0.1895813997
215,4.3000000000,FOLLOW_THROUGH,0,-0.1810000000,-0.1810000000,0.0000000000,0.0060000000,-0.0060000000,0.0000000000,-0.0350000000,0.0350000000,0.0000000000,0.2470000000,0.2470000000,0.0000000000,-0.0420323330,-1.3840486927,-0.0700000000,-0.0700000000,0.0000000000,0.4912011598,-0.1317652980,-0.0080000000,0.0080000000,-0.4881226697,1.0461851571,0.5000000000,0.9367706438,-2.0522030913,0.2504293888,0.8507990786,0.0918686472,-0.3635350051,0.1763230048
216,4.3200000000,FOLLOW_THROUGH,0,-0.1810000000,-0.1810000000,0.0000000000,0.0060000000,-0.0060000000,0.0000000000,-0.0350000000,0.0350000000,0.0000000000,0.2470000000,0.2470000000,0.0000000000,-0.0420323330,-1.3365525246,-0.0700000000,-0.0700000000,0.0000000000,0.4912011598,-0.1522855884,-0.0080000000,0.0080000000,-0.4881226697,1.0130050085,0.5000000000,0.8975378293,-2.0522030913,0.2585814249,0.8507990786,0.0777554526,-0.3635350051,0.1622679165
217,4.3400000000,FOLLOW_THROUGH,0,-0.1810000000,-0.1810000000,0.0000000000,0.0060000000,-0.0060000000,0.0000000000,-0.0350000000,0.0350000000,0.0000000000,0.2470000000,0.2470000000,0.0000000000,-0.0420323330,-1.2866861456,-0.0700000000,-0.0700000000,0.0000000000,0.4912011598,-0.1738299072,-0.0080000000,0.0080000000,-0.4881226697,0.9781690642,0.5000000000,0.8563471715,-2.0522030913,0.2671402737,0.8507990786,0.0629379643,-0.3635350051,0.1475114344
218,4.3600000000,FOLLOW_THROUGH,0,-0.1810000000,-0.1810000000,0.0000000000,0.0060000000,-0.0060000000,0.0000000000,-0.0350000000,0.0350000000,0.0000000000,0.2470000000,0.2470000000,0.0000000000,-0.0420323330,-1.2348004750,-0.0700000000,-0.0700000000,0.0000000000,0.4912011598,-0.1962466425,-0.0080000000,0.0080000000,-0.4881226697,0.9419224716,0.5000000000,0.8134885374,-2.0522030913,0.2760457049,0.8507990786,0.0475204560,-0.3635350051,0.1321574025
219,4.3800000000,FOLLOW_THROUGH,0,-0.1810000000,-0.1810000000,0.0000000000,0.0060000000,-0.0060000000,0.0000000000,-0.0350000000,0.0350000000,0.0000000000,0.2470000000,0.2470000000,0.0000000000,-0.0420323330,-1.1812704956,-0.0700000000,-0.0700000000,0.0000000000,0.4912011598,-0.2193737867,-0.0080000000,0.0080000000,-0.4881226697,0.9045271882,0.5000000000,0.7692716702,-2.0522030913,0.2852333581,0.8507990786,0.0316143514,-0.3635350051,0.1163167860
220,4.4000000000,FOLLOW_THROUGH,0,-0.1810000000,-0.1810000000,0.0000000000,0.0060000000,-0.0060000000,0.0000000000,-0.0350000000,0.0350000000,0.0000000000,0.2470000000,0.2470000000,0.0000000000,-0.0420323330,-1.1264904405,-0.0700000000,-0.0700000000,0.0000000000,0.4912011598,-0.2430410147,-0.0080000000,0.0080000000,-0.4881226697,0.8662586196,0.5000000000,0.7240222147,-2.0522030913,0.2946355689,0.8507990786,0.0153367945,-0.3635350051,0.1001062465
221,4.4200000000,FOLLOW_THROUGH,0,-0.1810000000,-0.1810000000,0.0000000000,0.0060000000,-0.0060000000,0.0000000000,-0.0350000000,0.0350000000,0.0000000000,0.2470000000,0.2470000000,0.0000000000,-0.0420323330,-1.0708689805,-0.0700000000,-0.0700000000,0.0000000000,0.4912011598,-0.2670717642,-0.0080000000,0.0080000000,-0.4881226697,0.8274022575,0.5000000000,0.6780777414,-2.0522030913,0.3041821948,0.8507990786,-0.0011907807,-0.3635350051,0.0836467181
222,4.4400000000,FOLLOW_THROUGH,0,-0.1810000000,-0.1810000000,0.0000000000,0.0060000000,-0.0060000000,0.0000000000,-0.0350000000,0.0350000000,0.0000000000,0.2470000000,0.2470000000,0.0000000000,-0.0420323330,-1.0148244118,-0.0700000000,-0.0700000000,0.0000000000,0.4912011598,-0.2912853139,-0.0080000000,0.0080000000,-0.4881226697,0.7882503176,0.5000000000,0.6317837715,-2.0522030913,0.3138014412,0.8507990786,-0.0178440800,-0.3635350051,0.0670619832
223,4.4600000000,FOLLOW_THROUGH,0,-0.1810000000,-0.1810000000,0.0000000000,0.0060000000,-0.0060000000,0.0000000000,-0.0350000000,0.0350000000,0.0000000000,0.2470000000,0.2470000000,0.0000000000,-0.0420323330,-0.9587798431,-0.0700000000,-0.0700000000,0.0000000000,0.4912011598,-0.3154988637,-0.0080000000,0.0080000000,-0.4881226697,0.7490983778,0.5000000000,0.5854898017,-2.0522030913,0.3234206877,0.8507990786,-0.0344973794,-0.3635350051,0.0504772483
224,4.4800000000,FOLLOW_THROUGH,0,-0.1810000000,-0.1810000000,0.0000000000,0.0060000000,-0.0060000000,0.0000000000,-0.0350000000,0.0350000000,0.0000000000,0.2470000000,0.2470000000,0.0000000000,-0.0420323330,-0.9031583831,-0.0700000000,-0.0700000000,0.0000000000,0.4912011598,-0.3395296131,-0.0080000000,0.0080000000,-0.4881226697,0.7102420157,0.5000000000,0.5395453284,-2.0522030913,0.3329673135,0.8507990786,-0.0510249546,-0.3635350051,0.0340177199
225,4.5000000000,FOLLOW_THROUGH,0,-0.1810000000,-0.1810000000,0.0000000000,0.0060000000,-0.0060000000,0.0000000000,-0.0350000000,0.0350000000,0.0000000000,0.2470000000,0.2470000000,0.0000000000,-0.0420323330,-0.8483783279,-0.0700000000,-0.0700000000,0.0000000000,0.4912011598,-0.3631968412,-0.0080000000,0.0080000000,-0.4881226697,0.6719734470,0.5000000000,0.4942958729,-2.0522030913,0.3423695244,0.8507990786,-0.0673025115,-0.3635350051,0.0178071804
226,4.5200000000,FOLLOW_THROUGH,0,-0.1810000000,-0.1810000000,0.0000000000,0.0060000000,-0.0060000000,0.0000000000,-0.0350000000,0.0350000000,0.0000000000,0.2470000000,0.2470000000,0.0000000000,-0.0420323330,-0.7948483486,-0.0700000000,-0.0700000000,0.0000000000,0.4912011598,-0.3863239854,-0.0080000000,0.0080000000,-0.4881226697,0.6345781636,0.5000000000,0.4500790057,-2.0522030913,0.3515571776,0.8507990786,-0.0832086161,-0.3635350051,0.0019665639
227,4.5400000000,FOLLOW_THROUGH,0,-0.1810000000,-0.1810000000,0.0000000000,0.0060000000,-0.0060000000,0.0000000000,-0.0350000000,0.0350000000,0.0000000000,0.2470000000,0.2470000000,0.0000000000,-0.0420323330,-0.7429626780,-0.0700000000,-0.0700000000,0.0000000000,0.4912011598,-0.4087407207,-0.0080000000,0.0080000000,-0.4881226697,0.5983315710,0.5000000000,0.4072203716,-2.0522030913,0.3604626088,0.8507990786,-0.0986261244,-0.3635350051,-0.0133874680
228,4.5600000000,FOLLOW_THROUGH,0,-0.1810000000,-0.1810000000,0.0000000000,0.0060000000,-0.0060000000,0.0000000000,-0.0350000000,0.0350000000,0.0000000000,0.2470000000,0.2470000000,0.0000000000,-0.0420323330,-0.6930962990,-0.0700000000,-0.0700000000,0.0000000000,0.4912011598,-0.4302850394,-0.0080000000,0.0080000000,-0.4881226697,0.5634956267,0.5000000000,0.3660297138,-2.0522030913,0.3690214576,0.8507990786,-0.1134436126,-0.3635350051,-0.0281439501
229,4.5800000000,FOLLOW_THROUGH,0,-0.1810000000,-0.1810000000,0.0000000000,0.0060000000,-0.0060000000,0.0000000000,-0.0350000000,0.0350000000,0.0000000000,0.2470000000,0.2470000000,0.0000000000,-0.0420323330,-0.6456001309,-0.0700000000,-0.0700000000,0.0000000000,0.4912011598,-0.4508053299,-0.0080000000,0.0080000000,-0.4881226697,0.5303154781,0.5000000000,0.3267968993,-2.0522030913,0.3771734936,0.8507990786,-0.1275568072,-0.3635350051,-0.0421990384
230,4.6000000000,FOLLOW_THROUGH,0,-0.1810000000,-0.1810000000,0.0000000000,0.0060000000,-0.0060000000,0.0000000000,-0.0350000000,0.0350000000,0.0000000000,0.2470000000,0.2470000000,0.0000000000,-0.0420323330,-0.6007962178,-0.0700000000,-0.0700000000,0.0000000000,0.4912011598,-0.4701624559,-0.0080000000,0.0080000000,-0.4881226697,0.4990161007,0.5000000000,0.2897879428,-2.0522030913,0.3848634428,0.8507990786,-0.1408700148,-0.3635350051,-0.0554574333
231,4.6200000000,FOLLOW_THROUGH,0,-0.1810000000,-0.1810000000,0.0000000000,0.0060000000,-0.0060000000,0.0000000000,-0.0350000000,0.0350000000,0.0000000000,0.2470000000,0.2470000000,0.0000000000,-0.0420323330,-0.5589729152,-0.0700000000,-0.0700000000,0.0000000000,0.4912011598,-0.4882318361,-0.0080000000,0.0080000000,-0.4881226697,0.4697989354,0.5000000000,0.2552410322,-2.0522030913,0.3920418128,0.8507990786,-0.1532975523,-0.3635350051,-0.0678338045
232,4.6400000000,FOLLOW_THROUGH,0,-0.1810000000,-0.1810000000,0.0000000000,0.0060000000,-0.0060000000,0.0000000000,-0.0350000000,0.0350000000,0.0000000000,0.2470000000,0.2470000000,0.0000000000,-0.0420323330,-0.5203800778,-0.0700000000,-0.0700000000,0.0000000000,0.4912011598,-0.5049055229,-0.0080000000,0.0080000000,-0.4881226697,0.4428385273,0.5000000000,0.2233625524,-2.0522030913,0.3986657198,0.8507990786,-0.1647651769,-0.3635350051,-0.0792542149
233,4.6600000000,FOLLOW_THROUGH,0,-0.1810000000,-0.1810000000,0.0000000000,0.0060000000,-0.0060000000,0.0000000000,-0.0350000000,0.0350000000,0.0000000000,0.2470000000,0.2470000000,0.0000000000,-0.0420323330,-0.4852242470,-0.0700000000,-0.0700000000,0.0000000000,0.4912011598,-0.5200942821,-0.0080000000,0.0080000000,-0.4881226697,0.4182791631,0.5000000000,0.1943231110,-2.0522030913,0.4046997140,0.8507990786,-0.1752115161,-0.3635350051,-0.0896575448
234,4.6800000000,FOLLOW_THROUGH,0,-0.1810000000,-0.1810000000,0.0000000000,0.0060000000,-0.0060000000,0.0000000000,-0.0350000000,0.0350000000,0.0000000000,0.2470000000,0.2470000000,0.0000000000,-0.0420323330,-0.4536638379,-0.0700000000,-0.0700000000,0.0000000000,0.4912011598,-0.5337296718,-0.0080000000,0.0080000000,-0.4881226697,0.3962315094,0.5000000000,0.1682535620,-2.0522030913,0.4101166056,0.8507990786,-0.1845894978,-0.3635350051,-0.0989969158
235,4.7000000000,FOLLOW_THROUGH,0,-0.1810000000,-0.1810000000,0.0000000000,0.0060000000,-0.0060000000,0.0000000000,-0.0350000000,0.0350000000,0.0000000000,0.2470000000,0.2470000000,0.0000000000,-0.0420323330,-0.4258043267,-0.0700000000,-0.0700000000,0.0000000000,0.4912011598,-0.5457661220,-0.0080000000,0.0080000000,-0.4881226697,0.3767692505,0.5000000000,0.1452410311,-2.0522030913,0.4148982911,0.8507990786,-0.1928677804,-0.3635350051,-0.1072411153
236,4.7200000000,FOLLOW_THROUGH,0,-0.1810000000,-0.1810000000,0.0000000000,0.0060000000,-0.0060000000,0.0000000000,-0.0350000000,0.0350000000,0.0000000000,0.2470000000,0.2470000000,0.0000000000,-0.0420323330,-0.4016934386,-0.0700000000,-0.0700000000,0.0000000000,0.4912011598,-0.5561830134,-0.0080000000,0.0080000000,-0.4881226697,0.3599257265,0.5000000000,0.1253249402,-2.0522030913,0.4190365793,0.8507990786,-0.2000321827,-0.3635350051,-0.1143760206
237,4.7400000000,FOLLOW_THROUGH,0,-0.1810000000,-0.1810000000,0.0000000000,0.0060000000,-0.0060000000,0.0000000000,-0.0350000000,0.0350000000,0.0000000000,0.2470000000,0.2470000000,0.0000000000,-0.0420323330,-0.3813163348,-0.0700000000,-0.0700000000,0.0000000000,0.4912011598,-0.5649867571,-0.0080000000,0.0080000000,-0.4881226697,0.3456905711,0.5000000000,0.1084930321,-2.0522030913,0.4225340169,0.8507990786,-0.2060871140,-0.3635350051,-0.1204060227
238,4.7600000000,FOLLOW_THROUGH,0,-0.1810000000,-0.1810000000,0.0000000000,0.0060000000,-0.0060000000,0.0000000000,-0.0350000000,0.0350000000,0.0000000000,0.2470000000,0.2470000000,0.0000000000,-0.0420323330,-0.3645907996,-0.0700000000,-0.0700000000,0.0000000000,0.4912011598,-0.5722128735,-0.0080000000,0.0080000000,-0.4881226697,0.3340063498,0.5000000000,0.0946773951,-2.0522030913,0.4254047151,0.8507990786,-0.2110570040,-0.3635350051,-0.1253554509
239,4.7800000000,FOLLOW_THROUGH,0,-0.1810000000,-0.1810000000,0.0000000000,0.0060000000,-0.0060000000,0.0000000000,-0.0350000000,0.0350000000,0.0000000000,0.2470000000,0.2470000000,0.0000000000,-0.0420323330,-0.3513624287,-0.0700000000,-0.0700000000,0.0000000000,0.4912011598,-0.5779280717,-0.0080000000,0.0080000000,-0.4881226697,0.3247651977,0.5000000000,0.0837504878,-2.0522030913,0.4276751753,0.8507990786,-0.2149877332,-0.3635350051,-0.1292699966
240,4.8000000000,FOLLOW_THROUGH,0,-0.1810000000,-0.1810000000,0.0000000000,0.0060000000,-0.0060000000,0.0000000000,-0.0350000000,0.0350000000,0.0000000000,0.2470000000,0.2470000000,0.0000000000,-0.0420323330,-0.3413998155,-0.0700000000,-0.0700000000,0.0000000000,0.4912011598,-0.5822323288,-0.0080000000,0.0080000000,-0.4881226697,0.3178054576,0.5000000000,0.0755211638,-2.0522030913,0.4293851150,0.8507990786,-0.2179480625,-0.3635350051,-0.1322181377
241,4.8200000000,FOLLOW_THROUGH,0,-0.1810000000,-0.1810000000,0.0000000000,0.0060000000,-0.0060000000,0.0000000000,-0.0350000000,0.0350000000,0.0000000000,0.2470000000,0.2470000000,0.0000000000,-0.0420323330,-0.3343897392,-0.0700000000,-0.0700000000,0.0000000000,0.4912011598,-0.5852609689,-0.0080000000,0.0080000000,-0.4881226697,0.3129083179,0.5000000000,0.0697306962,-2.0522030913,0.4305882940,0.8507990786,-0.2200310636,-0.3635350051,-0.1342925627
242,4.8400000000,FOLLOW_THROUGH,0,-0.1810000000,-0.1810000000,0.0000000000,0.0060000000,-0.0060000000,0.0000000000,-0.0350000000,0.0350000000,0.0000000000,0.2470000000,0.2470000000,0.0000000000,-0.0420323330,-0.3299323522,-0.0700000000,-0.0700000000,0.0000000000,0.4912011598,-0.5871867427,-0.0080000000,0.0080000000,-0.4881226697,0.3097944506,0.5000000000,0.0660488026,-2.0522030913,0.4313533406,0.8507990786,-0.2213555488,-0.3635350051,-0.1356115948
243,4.8600000000,FOLLOW_THROUGH,0,-0.1810000000,-0.1810000000,0.0000000000,0.0060000000,-0.0060000000,0.0000000000,-0.0350000000,0.0350000000,0.0000000000,0.2470000000,0.2470000000,0.0000000000,-0.0420323330,-0.3275363670,-0.0700000000,-0.0700000000,0.0000000000,0.4912011598,-0.5882219065,-0.0080000000,0.0080000000,-0.4881226697,0.3081206493,0.5000000000,0.0640696693,-2.0522030913,0.4317645771,0.8507990786,-0.2220675011,-0.3635350051,-0.1363206159
244,4.8800000000,FOLLOW_THROUGH,0,-0.1810000000,-0.1810000000,0.0000000000,0.0060000000,-0.0060000000,0.0000000000,-0.0350000000,0.0350000000,0.0000000000,0.2470000000,0.2470000000,0.0000000000,-0.0420323330,-0.3266142439,-0.0700000000,-0.0700000000,0.0000000000,0.4912011598,-0.5886203014,-0.0080000000,0.0080000000,-0.4881226697,0.3074764672,0.5000000000,0.0633079767,-2.0522030913,0.4319228463,0.8507990786,-0.2223415043,-0.3635350051,-0.1365934909
245,4.9000000000,FOLLOW_THROUGH,64,-0.1810000000,-0.1810000000,0.0000000000,0.0060000000,-0.0060000000,0.0000000000,-0.0350000000,0.0350000000,0.0000000000,0.2470000000,0.2470000000,0.0000000000,-0.0420323330,-0.3264773786,-0.0700000000,-0.0700000000,0.0000000000,0.4912011598,-0.5886794329,-0.0080000000,0.0080000000,-0.4881226697,0.3073808551,0.5000000000,0.0631949231,-2.0522030913,0.4319463372,0.8507990786,-0.2223821729,-0.3635350051,-0.1366339922
246,4.9200000000,ACTIVE_RECOVERY,128,-0.1809979525,-0.1809979525,0.0000000000,0.0060000000,-0.0060000000,0.0000000000,-0.0350000000,0.0350000000,0.0000000000,0.2470000000,0.2470000000,0.0000000000,-0.0420183267,-0.3264517241,-0.0700020475,-0.0700020475,0.0000000000,0.4911859590,-0.5886602403,-0.0080000000,0.0080000000,-0.4881026809,0.3073682677,0.5000122851,0.0632250956,-2.0521190528,0.4319286489,0.8507642380,-0.2223730663,-0.3635201182,-0.1366283970
247,4.9400000000,ACTIVE_RECOVERY,0,-0.1809840180,-0.1809840180,0.0000000000,0.0060000000,-0.0060000000,0.0000000000,-0.0350000000,0.0350000000,0.0000000000,0.2470000000,0.2470000000,0.0000000000,-0.0419230061,-0.3262771319,-0.0700159820,-0.0700159820,0.0000000000,0.4910825094,-0.5885296245,-0.0080000000,0.0080000000,-0.4879666465,0.3072826041,0.5000958918,0.0634304349,-2.0515471267,0.4318082702,0.8505271298,-0.2223110909,-0.3634188051,-0.1365903186
248,4.9600000000,ACTIVE_RECOVERY,0,-0.1809473871,-0.1809473871,0.0000000000,0.0060000000,-0.0060000000,0.0000000000,-0.0350000000,0.0350000000,0.0000000000,0.2470000000,0.2470000000,0.0000000000,-0.0416724268,-0.3258181628,-0.0700526129,-0.0700526129,0.0000000000,0.4908105605,-0.5881862612,-0.0080000000,0.0080000000,-0.4876090387,0.3070574112,0.5003156774,0.0639702321,-2.0500436444,0.4314918183,0.8499038185,-0.2221481695,-0.3631524726,-0.1364902180
249,4.9800000000,ACTIVE_RECOVERY,0,-0.1808783897,-0.1808783897,0.0000000000,0.0060000000,-0.0060000000,0.0000000000,-0.0350000000,0.0350000000,0.0000000000,0.2470000000,0.2470000000,0.0000000000,-0.0412004398,-0.3249536564,-0.0701216103,-0.0701216103,0.0000000000,0.4902983221,-0.5875395078,-0.0080000000,0.0080000000,-0.4869354547,0.3066332414,0.5007296619,0.0649869850,-2.0472117102,0.4308957546,0.8487297597,-0.2218412936,-0.3626508130,-0.1363016701
250,5.0000000000,ACTIVE_RECOVERY,0,-0.1807684561,-0.1807684561,0.0000000000,0.0060000000,-0.0060000000,0.0000000000,-0.0350000000,0.0350000000,0.0000000000,0.2470000000,0.2470000000,0.0000000000,-0.0404484228,-0.3235762379,-0.0702315439,-0.0702315439,0.0000000000,0.4894821723,-0.5865090353,-0.0080000000,0.0080000000,-0.4858622328,0.3059574116,0.5013892636,0.0666069780,-2.0426995878,0.4299460461,0.8468591313,-0.2213523481,-0.3618515186,-0.1360012568
251,5.0200000000,ACTIVE_RECOVERY,0,-0.1806100775,-0.1806100775,0.0000000000,0.0060000000,-0.0060000000,0.0000000000,-0.0350000000,0.0350000000,0.0000000000,0.2470000000,0.2470000000,0.0000000000,-0.0393650110,-0.3215918262,-0.0703899225,-0.0703899225,0.0000000000,0.4883063662,-0.5850244598,-0.0080000000,0.0080000000,-0.4843160695,0.3049837609,0.5023395350,0.0689408606,-2.0361990883,0.4285778253,0.8441641646,-0.2206479367,-0.3606999956,-0.1355684589
252,5.0400000000,ACTIVE_RECOVERY,0,-0.1803967670,-0.1803967670,0.0000000000,0.0060000000,-0.0060000000,0.0000000000,-0.0350000000,0.0350000000,0.0000000000,0.2470000000,0.2470000000,0.0000000000,-0.0379058289,-0.3189191414,-0.0706032330,-0.0706032330,0.0000000000,0.4867227437,-0.5830249744,-0.0080000000,0.0080000000,-0.4822336352,0.3036724093,0.5036193983,0.0720842265,-2.0274439568,0.4267350511,0.8405344762,-0.2196992074,-0.3591490785,-0.1349855494
253,5.0600000000,ACTIVE_RECOVERY,0,-0.1801230198,-0.1801230198,0.0000000000,0.0060000000,-0.0060000000,0.0000000000,-0.0350000000,0.0350000000,0.0000000000,0.2470000000,0.2470000000,0.0000000000,-0.0360332210,-0.3154892128,-0.0708769802,-0.0708769802,0.0000000000,0.4846904381,-0.5804589807,-0.0080000000,0.0080000000,-0.4795611909,0.3019895163,0.5052618815,0.0761181931,-2.0162082597,0.4243701691,0.8358763988,-0.2184816775,-0.3571587447,-0.1342374859
254,5.0800000000,ACTIVE_RECOVERY,0,-0.1797842743,-0.1797842743,0.0000000000,0.0060000000,-0.0060000000,0.0000000000,-0.0350000000,0.0350000000,0.0000000000,0.2470000000,0.2470000000,0.0000000000,-0.0337159833,-0.3112448860,-0.0712157257,-0.0712157257,0.0000000000,0.4821755843,-0.5772837205,-0.0080000000,0.0080000000,-0.4762542045,0.2999070392,0.5072943540,0.0811099800,-2.0023047718,0.4214437722,0.8301123130,-0.2169750586,-0.3546958284,-0.1333118032
255,5.1000000000,ACTIVE_RECOVERY,0,-0.1793768729,-0.1793768729,0.0000000000,0.0060000000,-0.0060000000,0.0000000000,-0.0350000000,0.0350000000,0.0000000000,0.2470000000,0.2470000000,0.0000000000,-0.0309290942,-0.3061403308,-0.0716231271,-0.0716231271,0.0000000000,0.4791510268,-0.5734649074,-0.0080000000,0.0080000000,-0.4722769673,0.2974024913,0.5097387624,0.0871134884,-1.9855833635,0.4179242614,0.8231799782,-0.2151630824,-0.3517337350,-0.1321985056
256,5.1200000000,ACTIVE_RECOVERY,0,-0.1788980223,-0.1788980223,0.0000000000,0.0060000000,-0.0060000000,0.0000000000,-0.0350000000,0.0350000000,0.0000000000,0.2470000000,0.2470000000,0.0000000000,-0.0276534462,-0.3001405488,-0.0721019777,-0.0721019777,0.0000000000,0.4755960285,-0.5689763584,-0.0080000000,0.0080000000,-0.4676022102,0.2944587009,0.5126118663,0.0941698802,-1.9659293879,0.4137875057,0.8150318644,-0.2130333255,-0.3482521555,-0.1308899601
257,5.1400000000,ACTIVE_RECOVERY,0,-0.1783457543,-0.1783457543,0.0000000000,0.0060000000,-0.0060000000,0.0000000000,-0.0350000000,0.0350000000,0.0000000000,0.2470000000,0.2470000000,0.0000000000,-0.0238755763,-0.2932208813,-0.0726542457,-0.0726542457,0.0000000000,0.4714959784,-0.5637996258,-0.0080000000,0.0080000000,-0.4622107200,0.2910635690,0.5159254740,0.1023081568,-1.9432620681,0.4090165033,0.8056344832,-0.2105770346,-0.3442367809,-0.1293807886
258,5.1600000000,ACTIVE_RECOVERY,0,-0.1777188869,-0.1777188869,0.0000000000,0.0060000000,-0.0060000000,0.0000000000,-0.0350000000,0.0350000000,0.0000000000,0.2470000000,0.2470000000,0.0000000000,-0.0195873979,-0.2853665164,-0.0732811131,-0.0732811131,0.0000000000,0.4668421004,-0.5579236287,-0.0080000000,0.0080000000,-0.4560909563,0.2872098283,0.5196866784,0.1115457383,-1.9175328840,0.4036010419,0.7949677192,-0.2077889519,-0.3396790161,-0.1276677607
259,5.1800000000,ACTIVE_RECOVERY,0,-0.1770169846,-0.1770169846,0.0000000000,0.0060000000,-0.0060000000,0.0000000000,-0.0350000000,0.0350000000,0.0000000000,0.2470000000,0.2470000000,0.0000000000,-0.0147859319,-0.2765719974,-0.0739830154,-0.0739830154,0.0000000000,0.4616311609,-0.5513442847,-0.0080000000,0.0080000000,-0.4492386672,0.2828948013,0.5238980925,0.1218890428,-1.8887239600,0.3975373588,0.7830241615,-0.2046671404,-0.3345756945,-0.1257496862
260,5.2000000000,ACTIVE_RECOVERY,0,-0.1762403190,-0.1762403190,0.0000000000,0.0060000000,-0.0060000000,0.0000000000,-0.0350000000,0.0350000000,0.0000000000,0.2470000000,0.2470000000,0.0000000000,-0.0094730373,-0.2668407296,-0.0747596810,-0.0747596810,0.0000000000,0.4558651780,-0.5440641414,-0.0080000000,0.0080000000,-0.4416565061,0.2781201590,0.5285580858,0.1333340651,-1.8568464516,0.3908278021,0.7698084350,-0.2012128090,-0.3289287923,-0.1236273080
261,5.2200000000,ACTIVE_RECOVERY,0,-0.1753898301,-0.1753898301,0.0000000000,0.0060000000,-0.0060000000,0.0000000000,-0.0350000000,0.0350000000,0.0000000000,0.2470000000,0.2470000000,0.0000000000,-0.0036551433,-0.2561844885,-0.0756101699,-0.0756101699,0.0000000000,0.4495511287,-0.5360920083,-0.0080000000,0.0080000000,-0.4333536479,0.2728916789,0.5336610191,0.1458669558,-1.8219389328,0.3834804908,0.7553365317,-0.1974301377,-0.3227451426,-0.1213031941
262,5.2400000000,ACTIVE_RECOVERY,0,-0.1744670864,-0.1744670864,0.0000000000,0.0060000000,-0.0060000000,0.0000000000,-0.0350000000,0.0350000000,0.0000000000,0.2470000000,0.2470000000,0.0000000000,0.0026570203,-0.2446229274,-0.0765329136,-0.0765329136,0.0000000000,0.4427006580,-0.5274425884,-0.0080000000,0.0080000000,-0.4243454055,0.2672190040,0.5391974814,0.1594646006,-1.7840657833,0.3755089756,0.7396351418,-0.1933261027,-0.3160361498,-0.1187816310
263,5.2600000000,ACTIVE_RECOVERY,0,-0.1734742459,-0.1734742459,0.0000000000,0.0060000000,-0.0060000000,0.0000000000,-0.0350000000,0.0350000000,0.0000000000,0.2470000000,0.2470000000,0.0000000000,0.0094486915,-0.2321830848,-0.0775257541,-0.0775257541,0.0000000000,0.4353297870,-0.5181361098,-0.0080000000,0.0080000000,-0.4146528462,0.2611154006,0.5451545245,0.1740951994,-1.7433155755,0.3669318990,0.7227409858,-0.1889103020,-0.3088175042,-0.1160685157
264,5.2800000000,ACTIVE_RECOVERY,0,-0.1724140167,-0.1724140167,0.0000000000,0.0060000000,-0.0060000000,0.0000000000,-0.0350000000,0.0350000000,0.0000000000,0.2470000000,0.2470000000,0.0000000000,0.0167013450,-0.2188988923,-0.0785859833,-0.0785859833,0.0000000000,0.4274586206,-0.5081979572,-0.0080000000,0.0080000000,-0.4043024078,0.2545975173,0.5515158998,0.1897188449,-1.6997994618,0.3577726564,0.7047001449,-0.1841947805,-0.3011088954,-0.1131712487
265,5.3000000000,ACTIVE_RECOVERY,0,-0.1712896177,-0.1712896177,0.0000000000,0.0060000000,-0.0060000000,0.0000000000,-0.0350000000,0.0350000000,0.0000000000,0.2470000000,0.2470000000,0.0000000000,0.0243929610,-0.2048106821,-0.0797103823,-0.0797103823,0.0000000000,0.4191110567,-0.4976583039,-0.0080000000,0.0080000000,-0.3933255154,0.2476851430,0.5582622936,0.2062881021,-1.6536495615,0.3480590562,0.6855673930,-0.1791938548,-0.2929337278,-0.1100986263
266,5.3200000000,ACTIVE_RECOVERY,0,-0.1701047396,-0.1701047396,0.0000000000,0.0060000000,-0.0060000000,0.0000000000,-0.0350000000,0.0350000000,0.0000000000,0.2470000000,0.2470000000,0.0000000000,0.0324982939,-0.1899646946,-0.0808952604,-0.0808952604,0.0000000000,0.4103144936,-0.4865517432,-0.0080000000,0.0080000000,-0.3817581974,0.2404009657,0.5653715626,0.2237485872,-1.6050173483,0.3378229804,0.6654055277,-0.1739239391,-0.2843188339,-0.1068607336
267,5.3400000000,ACTIVE_RECOVERY,0,-0.1688635049,-0.1688635049,0.0000000000,0.0060000000,-0.0060000000,0.0000000000,-0.0350000000,0.0350000000,0.0000000000,0.2470000000,0.2470000000,0.0000000000,0.0409891415,-0.1744125863,-0.0821364951,-0.0821364951,0.0000000000,0.4010995389,-0.4749169203,-0.0080000000,0.0080000000,-0.3696407022,0.2327703304,0.5728189704,0.2420395468,-1.5540720373,0.3271000454,0.6442847021,-0.1684033700,-0.2752941892,-0.1034688367
268,5.3600000000,ACTIVE_RECOVERY,0,-0.1675704296,-0.1675704296,0.0000000000,0.0060000000,-0.0060000000,0.0000000000,-0.0350000000,0.0350000000,0.0000000000,0.2470000000,0.2470000000,0.0000000000,0.0498346132,-0.1582109369,-0.0834295704,-0.0834295704,0.0000000000,0.3914997174,-0.4627961637,-0.0080000000,0.0080000000,-0.3570171142,0.2248209982,0.5805774226,0.2610944367,-1.5009989719,0.3159292620,0.6222817554,-0.1626522318,-0.2658926260,-0.0999352757
269,5.3800000000,ACTIVE_RECOVERY,0,-0.1662303828,-0.1662303828,0.0000000000,0.0060000000,-0.0060000000,0.0000000000,-0.0350000000,0.0350000000,0.0000000000,0.2470000000,0.2470000000,0.0000000000,0.0590013993,-0.1414207577,-0.0847696172,-0.0847696172,0.0000000000,0.3815511794,-0.4502351169,-0.0080000000,0.0080000000,-0.3439349705,0.2165829040,0.5886177030,0.2808415013,-1.4459980113,0.3043526965,0.5994795451,-0.1566921818,-0.2561495481,-0.0962733571
270,5.4000000000,ACTIVE_RECOVERY,0,-0.1648485485,-0.1648485485,0.0000000000,0.0060000000,-0.0060000000,0.0000000000,-0.0350000000,0.0350000000,0.0000000000,0.2470000000,0.2470000000,0.0000000000,0.0684540397,-0.1241069987,-0.0861514515,-0.0861514515,0.0000000000,0.3712924093,-0.4372823703,-0.0080000000,0.0080000000,-0.3304448772,0.2080879156,0.5969087090,0.3012043523,-1.3892819175,0.2924151309,0.5759662776,-0.1505462753,-0.2461026451,-0.0924972462
271,5.4200000000,ACTIVE_RECOVERY,0,-0.1634303854,-0.1634303854,0.0000000000,0.0060000000,-0.0060000000,0.0000000000,-0.0350000000,0.0350000000,0.0000000000,0.2470000000,0.2470000000,0.0000000000,0.0781551926,-0.1063380564,-0.0875696146,-0.0875696146,0.0000000000,0.3607639333,-0.4239890925,-0.0080000000,0.0080000000,-0.3166001258,0.1993695918,0.6054176877,0.3221025481,-1.3310747426,0.2801637236,0.5518348400,-0.1442387914,-0.2357916063,-0.0886218605
272,5.4400000000,ACTIVE_RECOVERY,0,-0.1619815880,-0.1619815880,0.0000000000,0.0060000000,-0.0060000000,0.0000000000,-0.0350000000,0.0350000000,0.0000000000,0.2470000000,0.2470000000,0.0000000000,0.0880659032,-0.0881852813,-0.0890184120,-0.0890184120,0.0000000000,0.3500080284,-0.4104086623,-0.0080000000,0.0080000000,-0.3024563094,0.1904629405,0.6141104717,0.3434521727,-1.2716102154,0.2676476696,0.5271821313,-0.1377950574,-0.2252578354,-0.0846627612
273,5.4600000000,ACTIVE_RECOVERY,0,-0.1605080476,-0.1605080476,0.0000000000,0.0060000000,-0.0060000000,0.0000000000,-0.0350000000,0.0350000000,0.0000000000,0.2470000000,0.2470000000,0.0000000000,0.0981458728,-0.0697224860,-0.0904919524,-0.0904919524,0.0000000000,0.3390684298,-0.3965963001,-0.0080000000,0.0080000000,-0.2880709393,0.1814041780,0.6229517145,0.3651664146,-1.2111301294,0.2549178615,0.5021083939,-0.1312412748,-0.2145441646,-0.0806360469
274,5.4800000000,ACTIVE_RECOVERY,0,-0.1590158122,-0.1590158122,0.0000000000,0.0060000000,-0.0060000000,0.0000000000,-0.0350000000,0.0350000000,0.0000000000,0.2470000000,0.2470000000,0.0000000000,0.1083537276,-0.0510254521,-0.0919841878,-0.0919841878,0.0000000000,0.3279900399,-0.3826086998,-0.0080000000,0.0080000000,-0.2735030612,0.1722304864,0.6319051266,0.3871561463,-1.1498827293,0.2420265496,0.4767165446,-0.1246043440,-0.2036945689,-0.0765582454
275,5.5000000000,ACTIVE_RECOVERY,0,-0.1575110481,-0.1575110481,0.0000000000,0.0060000000,-0.0060000000,0.0000000000,-0.0350000000,0.0350000000,0.0000000000,0.2470000000,0.2470000000,0.0000000000,0.1186472872,-0.0321714387,-0.0934889519,-0.0934889519,0.0000000000,0.3168186363,-0.3685036600,-0.0080000000,0.0080000000,-0.2588128718,0.1629797728,0.6409337112,0.4093305029,-1.0881210984,0.2290270027,0.4511115064,-0.1179116898,-0.1927538803,-0.0724462069
276,5.5200000000,ACTIVE_RECOVERY,0,-0.1560000000,-0.1560000000,0.0000000000,0.0060000000,-0.0060000000,0.0000000000,-0.0350000000,0.0350000000,0.0000000000,0.2470000000,0.2470000000,0.0000000000,0.1289838335,-0.0132386893,-0.0950000000,-0.0950000000,0.0000000000,0.3056005799,-0.3543397164,-0.0080000000,0.0080000000,-0.2440613348,0.1536904275,0.6500000000,0.4315974616,-1.0261015457,0.2159731686,0.4253995393,-0.1111910865,-0.1817675026,-0.0683169961
277,5.5400000000,ACTIVE_RECOVERY,0,-0.1544889519,-0.1544889519,0.0000000000,0.0060000000,-0.0060000000,0.0000000000,-0.0350000000,0.0350000000,0.0000000000,0.2470000000,0.2470000000,0.0000000000,0.1393203798,0.0056940601,-0.0965110481,-0.0965110481,0.0000000000,0.2943825236,-0.3401757728,-0.0080000000,0.0080000000,-0.2293097979,0.1444010822,0.6590662888,0.4538644202,-0.9640819929,0.2029193345,0.3996875722,-0.1044704832,-0.1707811248,-0.0641877853
278,5.5600000000,ACTIVE_RECOVERY,0,-0.1529841878,-0.1529841878,0.0000000000,0.0060000000,-0.0060000000,0.0000000000,-0.0350000000,0.0350000000,0.0000000000,0.2470000000,0.2470000000,0.0000000000,0.1496139394,0.0245480735,-0.0980158122,-0.0980158122,0.0000000000,0.2832111200,-0.3260707331,-0.0080000000,0.0080000000,-0.2146196085,0.1351503687,0.6680948734,0.4760387768,-0.9023203620,0.1899197877,0.3740825339,-0.0977778289,-0.1598404363,-0.0600757468
279,5.5800000000,ACTIVE_RECOVERY,0,-0.1514919524,-0.1514919524,0.0000000000,0.0060000000,-0.0060000000,0.0000000000,-0.0350000000,0.0350000000,0.0000000000,0.2470000000,0.2470000000,0.0000000000,0.1598217941,0.0432451074,-0.0995080476,-0.0995080476,0.0000000000,0.2721327301,-0.3120831327,-0.0080000000,0.0080000000,-0.2000517304,0.1259766771,0.6770482855,0.4980285085,-0.8410729619,0.1770284758,0.3486906847,-0.0911408981,-0.1489908405,-0.0559979453
280,5.6000000000,ACTIVE_RECOVERY,0,-0.1500184120,-0.1500184120,0.0000000000,0.0060000000,-0.0060000000,0.0000000000,-0.0350000000,0.0350000000,0.0000000000,0.2470000000,0.2470000000,0.0000000000,0.1699017638,0.0617079027,-0.1009815880,-0.1009815880,0.0000000000,0.2611931315,-0.2982707705,-0.0080000000,0.0080000000,-0.1856663603,0.1169179146,0.6858895283,0.5197427504,-0.7805928759,0.1642986676,0.3236169473,-0.0845871155,-0.1382771697,-0.0519712310
281,5.6200000000,ACTIVE_RECOVERY,0,-0.1485696146,-0.1485696146,0.0000000000,0.0060000000,-0.0060000000,0.0000000000,-0.0350000000,0.0350000000,0.0000000000,0.2470000000,0.2470000000,0.0000000000,0.1798124744,0.0798606778,-0.1024303854,-0.1024303854,0.0000000000,0.2504372265,-0.2846903403,-0.0080000000,0.0080000000,-0.1715225439,0.1080112633,0.6945823123,0.5410923750,-0.7211283488,0.1517826136,0.2989642386,-0.0781433815,-0.1277433988,-0.0480121317
282,5.6400000000,ACTIVE_RECOVERY,0,-0.1471514515,-0.1471514515,0.0000000000,0.0060000000,-0.0060000000,0.0000000000,-0.0350000000,0.0350000000,0.0000000000,0.2470000000,0.2470000000,0.0000000000,0.1895136273,0.0976296201,-0.1038485485,-0.1038485485,0.0000000000,0.2399087506,-0.2713970625,-0.0080000000,0.0080000000,-0.1576777925,0.0992929394,0.7030912910,0.5619905708,-0.6629211738,0.1395312063,0.2748328010,-0.0718358976,-0.1174323600,-0.0441367460
283,5.6600000000,ACTIVE_RECOVERY,0,-0.1457696172,-0.1457696172,0.0000000000,0.0060000000,-0.0060000000,0.0000000000,-0.0350000000,0.0350000000,0.0000000000,0.2470000000,0.2470000000,0.0000000000,0.1989662677,0.1149433791,-0.1052303828,-0.1052303828,0.0000000000,0.2296499804,-0.2584443159,-0.0080000000,0.0080000000,-0.1441876992,0.0907979511,0.7113822970,0.5823534218,-0.6062050800,0.1275936407,0.2513195335,-0.0656899912,-0.1073854570,-0.0403606351
284,5.6800000000,ACTIVE_RECOVERY,0,-0.1444295704,-0.1444295704,0.0000000000,0.0060000000,-0.0060000000,0.0000000000,-0.0350000000,0.0350000000,0.0000000000,0.2470000000,0.2470000000,0.0000000000,0.2081330538,0.1317335583,-0.1065704296,-0.1065704296,0.0000000000,0.2197014425,-0.2458832692,-0.0080000000,0.0080000000,-0.1311055555,0.0825598569,0.7194225774,0.6021004864,-0.5512041195,0.1160170752,0.2285173231,-0.0597299411,-0.0976423792,-0.0366987165
285,5.7000000000,ACTIVE_RECOVERY,0,-0.1431364951,-0.1431364951,0.0000000000,0.0060000000,-0.0060000000,0.0000000000,-0.0350000000,0.0350000000,0.0000000000,0.2470000000,0.2470000000,0.0000000000,0.2169785255,0.1479352076,-0.1078635049,-0.1078635049,0.0000000000,0.2101016209,-0.2337625125,-0.0080000000,0.0080000000,-0.1184819675,0.0746105247,0.7271810296,0.6211553763,-0.4981310541,0.1048462919,0.2065143765,-0.0539788029,-0.0882408160,-0.0331651555
286,5.7200000000,ACTIVE_RECOVERY,0,-0.1418952604,-0.1418952604,0.0000000000,0.0060000000,-0.0060000000,0.0000000000,-0.0350000000,0.0350000000,0.0000000000,0.2470000000,0.2470000000,0.0000000000,0.2254693731,0.1634873160,-0.1091047396,-0.1091047396,0.0000000000,0.2008866662,-0.2221276897,-0.0080000000,0.0080000000,-0.1063644722,0.0669798894,0.7346284374,0.6394463359,-0.4471857430,0.0941233568,0.1853935508,-0.0484582338,-0.0792161712,-0.0297732586
287,5.7400000000,ACTIVE_RECOVERY,0,-0.1407103823,-0.1407103823,0.0000000000,0.0060000000,-0.0060000000,0.0000000000,-0.0350000000,0.0350000000,0.0000000000,0.2470000000,0.2470000000,0.0000000000,0.2335747060,0.1783333035,-0.1102896177,-0.1102896177,0.0000000000,0.1920901032,-0.2110211290,-0.0080000000,0.0080000000,-0.0947971542,0.0596957120,0.7417377064,0.6569068210,-0.3985535299,0.0838872810,0.1652316856,-0.0431883181,-0.0706012773,-0.0265353659
288,5.7600000000,ACTIVE_RECOVERY,0,-0.1395859833,-0.1395859833,0.0000000000,0.0060000000,-0.0060000000,0.0000000000,-0.0350000000,0.0350000000,0.0000000000,0.2470000000,0.2470000000,0.0000000000,0.2412663220,0.1924215137,-0.1114140167,-0.1114140167,0.0000000000,0.1837425392,-0.2004814757,-0.0080000000,0.0080000000,-0.0838202618,0.0527833378,0.7484841002,0.6734760782,-0.3524036296,0.0741736808,0.1460989337,-0.0381873925,-0.0624261097,-0.0234627435
289,5.7800000000,ACTIVE_RECOVERY,0,-0.1385257541,-0.1385257541,0.0000000000,0.0060000000,-0.0060000000,0.0000000000,-0.0350000000,0.0350000000,0.0000000000,0.2470000000,0.2470000000,0.0000000000,0.2485189755,0.2057057062,-0.1124742459,-0.1124742459,0.0000000000,0.1758713729,-0.1905433231,-0.0080000000,0.0080000000,-0.0734698235,0.0462654545,0.7548454755,0.6890997237,-0.3088875158,0.0650144382,0.1280580928,-0.0334718709,-0.0547175010,-0.0205654765
290,5.8000000000,ACTIVE_RECOVERY,0,-0.1375329136,-0.1375329136,0.0000000000,0.0060000000,-0.0060000000,0.0000000000,-0.0350000000,0.0350000000,0.0000000000,0.2470000000,0.2470000000,0.0000000000,0.2553106467,0.2181455488,-0.1134670864,-0.1134670864,0.0000000000,0.1685005018,-0.1812368444,-0.0080000000,0.0080000000,-0.0637772641,0.0401618511,0.7608025186,0.7037303225,-0.2681373080,0.0564373617,0.1111639367,-0.0290560703,-0.0474988553,-0.0178523612
291,5.8200000000,ACTIVE_RECOVERY,0,-0.1366101699,-0.1366101699,0.0000000000,0.0060000000,-0.0060000000,0.0000000000,-0.0350000000,0.0350000000,0.0000000000,0.2470000000,0.2470000000,0.0000000000,0.2616228103,0.2297071099,-0.1143898301,-0.1143898301,0.0000000000,0.1616500312,-0.1725874245,-0.0080000000,0.0080000000,-0.0547690218,0.0344891762,0.7663389809,0.7173279673,-0.2302641585,0.0484658464,0.0954625469,-0.0249520353,-0.0407898626,-0.0153307981
292,5.8400000000,ACTIVE_RECOVERY,0,-0.1357596810,-0.1357596810,0.0000000000,0.0060000000,-0.0060000000,0.0000000000,-0.0350000000,0.0350000000,0.0000000000,0.2470000000,0.2470000000,0.0000000000,0.2674407043,0.2403633509,-0.1152403190,-0.1152403190,0.0000000000,0.1553359819,-0.1646152915,-0.0080000000,0.0080000000,-0.0464661636,0.0292606961,0.7714419142,0.7298608580,-0.1953566397,0.0411185352,0.0809906436,-0.0211693639,-0.0346062129,-0.0130066842
293,5.8600000000,ACTIVE_RECOVERY,0,-0.1349830154,-0.1349830154,0.0000000000,0.0060000000,-0.0060000000,0.0000000000,-0.0350000000,0.0350000000,0.0000000000,0.2470000000,0.2470000000,0.0000000000,0.2727535988,0.2500946188,-0.1160169846,-0.1160169846,0.0000000000,0.1495699989,-0.1573351482,-0.0080000000,0.0080000000,-0.0388840024,0.0244860537,0.7761019075,0.7413058803,-0.1634791313,0.0344089785,0.0677749170,-0.0177150325,-0.0289593106,-0.0108843060
294,5.8800000000,ACTIVE_RECOVERY,0,-0.1342811131,-0.1342811131,0.0000000000,0.0060000000,-0.0060000000,0.0000000000,-0.0350000000,0.0350000000,0.0000000000,0.2470000000,0.2470000000,0.0000000000,0.2775550649,0.2588891378,-0.1167188869,-0.1167188869,0.0000000000,0.1443590595,-0.1507558042,-0.0080000000,0.0080000000,-0.0320317133,0.0201710268,0.7803133216,0.7516491848,-0.1346702073,0.0283452954,0.0558313594,-0.0145932210,-0.0238559891,-0.0089662315
295,5.9000000000,ACTIVE_RECOVERY,0,-0.1336542457,-0.1336542457,0.0000000000,0.0060000000,-0.0060000000,0.0000000000,-0.0350000000,0.0350000000,0.0000000000,0.2470000000,0.2470000000,0.0000000000,0.2818432432,0.2667435026,-0.1173457543,-0.1173457543,0.0000000000,0.1397051814,-0.1448798071,-0.0080000000,0.0080000000,-0.0259119496,0.0163172861,0.7840745260,0.7608867663,-0.1089410233,0.0229298339,0.0451645954,-0.0118051384,-0.0192982242,-0.0072532036
296,5.9200000000,ACTIVE_RECOVERY,0,-0.1331019777,-0.1331019777,0.0000000000,0.0060000000,-0.0060000000,0.0000000000,-0.0350000000,0.0350000000,0.0000000000,0.2470000000,0.2470000000,0.0000000000,0.2856211131,0.2736631702,-0.1178980223,-0.1178980223,0.0000000000,0.1356051313,-0.1397030745,-0.0080000000,0.0080000000,-0.0205204595,0.0129221542,0.7873881337,0.7690250429,-0.0862737034,0.0181588315,0.0357672141,-0.0093488475,-0.0152828496,-0.0057440321
297,5.9400000000,ACTIVE_RECOVERY,0,-0.1326231271,-0.1326231271,0.0000000000,0.0060000000,-0.0060000000,0.0000000000,-0.0350000000,0.0350000000,0.0000000000,0.2470000000,0.2470000000,0.0000000000,0.2888967612,0.2796629522,-0.1183768729,-0.1183768729,0.0000000000,0.1320501330,-0.1352145255,-0.0080000000,0.0080000000,-0.0158457024,0.0099783637,0.7902612376,0.7760814347,-0.0666197278,0.0140220759,0.0276191003,-0.0072190905,-0.0118012702,-0.0044354866
298,5.9600000000,ACTIVE_RECOVERY,0,-0.1322157257,-0.1322157257,0.0000000000,0.0060000000,-0.0060000000,0.0000000000,-0.0350000000,0.0350000000,0.0000000000,0.2470000000,0.2470000000,0.0000000000,0.2916836503,0.2847675074,-0.1187842743,-0.1187842743,0.0000000000,0.1290255756,-0.1313957123,-0.0080000000,0.0080000000,-0.0118684652,0.0074738159,0.7927056460,0.7820849431,-0.0498983195,0.0105025650,0.0206867656,-0.0054071143,-0.0088391767,-0.0033221890
299,5.9800000000,ACTIVE_RECOVERY,0,-0.1318769802,-0.1318769802,0.0000000000,0.0060000000,-0.0060000000,0.0000000000,-0.0350000000,0.0350000000,0.0000000000,0.2470000000,0.2470000000,0.0000000000,0.2940008880,0.2890118342,-0.1191230198,-0.1191230198,0.0000000000,0.1265107217,-0.1282204521,-0.0080000000,0.0080000000,-0.0085614788,0.0053913388,0.7947381185,0.7870767300,-0.0359948316,0.0075761681,0.0149226798,-0.0039004955,-0.0063762604,-0.0023965063
300,6.0000000000,ACTIVE_RECOVERY,0,-0.1316032330,-0.1316032330,0.0000000000,0.0060000000,-0.0060000000,0.0000000000,-0.0350000000,0.0350000000,0.0000000000,0.2470000000,0.2470000000,0.0000000000,0.2958734959,0.2924417628,-0.1193967670,-0.1193967670,0.0000000000,0.1244784161,-0.1256544585,-0.0080000000,0.0080000000,-0.0058890345,0.0037084458,0.7963806017,0.7911106966,-0.0247591345,0.0052112861,0.0102646024,-0.0026829655,-0.0043859266,-0.0016484428
301,6.0200000000,ACTIVE_RECOVERY,0,-0.1313899225,-0.1313899225,0.0000000000,0.0060000000,-0.0060000000,0.0000000000,-0.0350000000,0.0350000000,0.0000000000,0.2470000000,0.2470000000,0.0000000000,0.2973326780,0.2951144475,-0.1196100775,-0.1196100775,0.0000000000,0.1228947937,-0.1236549731,-0.0080000000,0.0080000000,-0.0038066002,0.0023970942,0.7976604650,0.7942540625,-0.0160040030,0.0033685119,0.0066349140,-0.0017342362,-0.0028350095,-0.0010655333
302,6.0400000000,ACTIVE_RECOVERY,0,-0.1312315439,-0.1312315439,0.0000000000,0.0060000000,-0.0060000000,0.0000000000,-0.0350000000,0.0350000000,0.0000000000,0.2470000000,0.2470000000,0.0000000000,0.2984160898,0.2970988593,-0.1197684561,-0.1197684561,0.0000000000,0.1217189875,-0.1221703976,-0.0080000000,0.0080000000,-0.0022604369,0.0014234434,0.7986107364,0.7965879451,-0.0095035035,0.0020002911,0.0039399473,-0.0010298249,-0.0016834865,-0.0006327354
303,6.0600000000,ACTIVE_RECOVERY,0,-0.1311216103,-0.1311216103,0.0000000000,0.0060000000,-0.0060000000,0.0000000000,-0.0350000000,0.0350000000,0.0000000000,0.2470000000,0.2470000000,0.0000000000,0.2991681068,0.2984762778,-0.1198783897,-0.1198783897,0.0000000000,0.1209028378,-0.1211399250,-0.0080000000,0.0080000000,-0.0011872150,0.0007476136,0.7992703381,0.7982079381,-0.0049913812,0.0010505826,0.0020693188,-0.0005408793,-0.0008841921,-0.0003323220
304,6.0800000000,ACTIVE_RECOVERY,0,-0.1310526129,-0.1310526129,0.0000000000,0.0060000000,-0.0060000000,0.0000000000,-0.0350000000,0.0350000000,0.0000000000,0.2470000000,0.2470000000,0.0000000000,0.2996400938,0.2993407842,-0.1199473871,-0.1199473871,0.0000000000,0.1203905993,-0.1204931716,-0.0080000000,0.0080000000,-0.0005136309,0.0003234439,0.7996843226,0.7992246910,-0.0021594469,0.0004545189,0.0008952600,-0.0002340034,-0.0003825326,-0.0001437742
305,6.1000000000,ACTIVE_RECOVERY,0,-0.1310159820,-0.1310159820,0.0000000000,0.0060000000,-0.0060000000,0.0000000000,-0.0350000000,0.0350000000,0.0000000000,0.2470000000,0.2470000000,0.0000000000,0.2998906730,0.2997997532,-0.1199840180,-0.1199840180,0.0000000000,0.1201186505,-0.1201498083,-0.0080000000,0.0080000000,-0.0001560232,0.0000982510,0.7999041082,0.7997644882,-0.0006559646,0.0001380670,0.0002719488,-0.0000710821,-0.0001162001,-0.0000436736
306,6.1200000000,ACTIVE_RECOVERY,0,-0.1310020475,-0.1310020475,0.0000000000,0.0060000000,-0.0060000000,0.0000000000,-0.0350000000,0.0350000000,0.0000000000,0.2470000000,0.2470000000,0.0000000000,0.2999859936,0.2999743455,-0.1199979525,-0.1199979525,0.0000000000,0.1200152008,-0.1200191926,-0.0080000000,0.0080000000,-0.0000199888,0.0000125874,0.7999877149,0.7999698275,-0.0000840385,0.0000176884,0.0000348406,-0.0000091066,-0.0000148869,-0.0000055952
307,6.1400000000,ACTIVE_RECOVERY,0,-0.1310000000,-0.1310000000,0.0000000000,0.0060000000,-0.0060000000,0.0000000000,-0.0350000000,0.0350000000,0.0000000000,0.2470000000,0.2470000000,0.0000000000,0.3000000000,0.3000000000,-0.1200000000,-0.1200000000,0.0000000000,0.1200000000,-0.1200000000,-0.0080000000,0.0080000000,0.0000000000,0.0000000000,0.8000000000,0.8000000000,0.0000000000,0.0000000000,0.0000000000,0.0000000000,0.0000000000,0.0000000000
308,6.1600000000,HANDOFF_READY,256,-0.1310000000,-0.1310000000,0.0000000000,0.0060000000,-0.0060000000,0.0000000000,-0.0350000000,0.0350000000,0.0000000000,0.2470000000,0.2470000000,0.0000000000,0.3000000000,0.3000000000,-0.1200000000,-0.1200000000,0.0000000000,0.1200000000,-0.1200000000,-0.0080000000,0.0080000000,0.0000000000,0.0000000000,0.8000000000,0.8000000000,0.0000000000,0.0000000000,0.0000000000,0.0000000000,0.0000000000,0.0000000000
309,6.1800000000,HANDOFF_READY,0,-0.1310000000,-0.1310000000,0.0000000000,0.0060000000,-0.0060000000,0.0000000000,-0.0350000000,0.0350000000,0.0000000000,0.2470000000,0.2470000000,0.0000000000,0.3000000000,0.3000000000,-0.1200000000,-0.1200000000,0.0000000000,0.1200000000,-0.1200000000,-0.0080000000,0.0080000000,0.0000000000,0.0000000000,0.8000000000,0.8000000000,0.0000000000,0.0000000000,0.0000000000,0.0000000000,0.0000000000,0.0000000000
310,6.2000000000,HANDOFF_READY,0,-0.1310000000,-0.1310000000,0.0000000000,0.0060000000,-0.0060000000,0.0000000000,-0.0350000000,0.0350000000,0.0000000000,0.2470000000,0.2470000000,0.0000000000,0.3000000000,0.3000000000,-0.1200000000,-0.1200000000,0.0000000000,0.1200000000,-0.1200000000,-0.0080000000,0.0080000000,0.0000000000,0.0000000000,0.8000000000,0.8000000000,0.0000000000,0.0000000000,0.0000000000,0.0000000000,0.0000000000,0.0000000000
311,6.2200000000,HANDOFF_READY,0,-0.1310000000,-0.1310000000,0.0000000000,0.0060000000,-0.0060000000,0.0000000000,-0.0350000000,0.0350000000,0.0000000000,0.2470000000,0.2470000000,0.0000000000,0.3000000000,0.3000000000,-0.1200000000,-0.1200000000,0.0000000000,0.1200000000,-0.1200000000,-0.0080000000,0.0080000000,0.0000000000,0.0000000000,0.8000000000,0.8000000000,0.0000000000,0.0000000000,0.0000000000,0.0000000000,0.0000000000,0.0000000000
312,6.2400000000,HANDOFF_READY,0,-0.1310000000,-0.1310000000,0.0000000000,0.0060000000,-0.0060000000,0.0000000000,-0.0350000000,0.0350000000,0.0000000000,0.2470000000,0.2470000000,0.0000000000,0.3000000000,0.3000000000,-0.1200000000,-0.1200000000,0.0000000000,0.1200000000,-0.1200000000,-0.0080000000,0.0080000000,0.0000000000,0.0000000000,0.8000000000,0.8000000000,0.0000000000,0.0000000000,0.0000000000,0.0000000000,0.0000000000,0.0000000000
313,6.2600000000,HANDOFF_READY,0,-0.1310000000,-0.1310000000,0.0000000000,0.0060000000,-0.0060000000,0.0000000000,-0.0350000000,0.0350000000,0.0000000000,0.2470000000,0.2470000000,0.0000000000,0.3000000000,0.3000000000,-0.1200000000,-0.1200000000,0.0000000000,0.1200000000,-0.1200000000,-0.0080000000,0.0080000000,0.0000000000,0.0000000000,0.8000000000,0.8000000000,0.0000000000,0.0000000000,0.0000000000,0.0000000000,0.0000000000,0.0000000000
314,6.2800000000,HANDOFF_READY,0,-0.1310000000,-0.1310000000,0.0000000000,0.0060000000,-0.0060000000,0.0000000000,-0.0350000000,0.0350000000,0.0000000000,0.2470000000,0.2470000000,0.0000000000,0.3000000000,0.3000000000,-0.1200000000,-0.1200000000,0.0000000000,0.1200000000,-0.1200000000,-0.0080000000,0.0080000000,0.0000000000,0.0000000000,0.8000000000,0.8000000000,0.0000000000,0.0000000000,0.0000000000,0.0000000000,0.0000000000,0.0000000000
315,6.3000000000,HANDOFF_READY,0,-0.1310000000,-0.1310000000,0.0000000000,0.0060000000,-0.0060000000,0.0000000000,-0.0350000000,0.0350000000,0.0000000000,0.2470000000,0.2470000000,0.0000000000,0.3000000000,0.3000000000,-0.1200000000,-0.1200000000,0.0000000000,0.1200000000,-0.1200000000,-0.0080000000,0.0080000000,0.0000000000,0.0000000000,0.8000000000,0.8000000000,0.0000000000,0.0000000000,0.0000000000,0.0000000000,0.0000000000,0.0000000000
316,6.3200000000,HANDOFF_READY,0,-0.1310000000,-0.1310000000,0.0000000000,0.0060000000,-0.0060000000,0.0000000000,-0.0350000000,0.0350000000,0.0000000000,0.2470000000,0.2470000000,0.0000000000,0.3000000000,0.3000000000,-0.1200000000,-0.1200000000,0.0000000000,0.1200000000,-0.1200000000,-0.0080000000,0.0080000000,0.0000000000,0.0000000000,0.8000000000,0.8000000000,0.0000000000,0.0000000000,0.0000000000,0.0000000000,0.0000000000,0.0000000000
317,6.3400000000,HANDOFF_READY,0,-0.1310000000,-0.1310000000,0.0000000000,0.0060000000,-0.0060000000,0.0000000000,-0.0350000000,0.0350000000,0.0000000000,0.2470000000,0.2470000000,0.0000000000,0.3000000000,0.3000000000,-0.1200000000,-0.1200000000,0.0000000000,0.1200000000,-0.1200000000,-0.0080000000,0.0080000000,0.0000000000,0.0000000000,0.8000000000,0.8000000000,0.0000000000,0.0000000000,0.0000000000,0.0000000000,0.0000000000,0.0000000000
318,6.3600000000,HANDOFF_READY,0,-0.1310000000,-0.1310000000,0.0000000000,0.0060000000,-0.0060000000,0.0000000000,-0.0350000000,0.0350000000,0.0000000000,0.2470000000,0.2470000000,0.0000000000,0.3000000000,0.3000000000,-0.1200000000,-0.1200000000,0.0000000000,0.1200000000,-0.1200000000,-0.0080000000,0.0080000000,0.0000000000,0.0000000000,0.8000000000,0.8000000000,0.0000000000,0.0000000000,0.0000000000,0.0000000000,0.0000000000,0.0000000000
319,6.3800000000,HANDOFF_READY,0,-0.1310000000,-0.1310000000,0.0000000000,0.0060000000,-0.0060000000,0.0000000000,-0.0350000000,0.0350000000,0.0000000000,0.2470000000,0.2470000000,0.0000000000,0.3000000000,0.3000000000,-0.1200000000,-0.1200000000,0.0000000000,0.1200000000,-0.1200000000,-0.0080000000,0.0080000000,0.0000000000,0.0000000000,0.8000000000,0.8000000000,0.0000000000,0.0000000000,0.0000000000,0.0000000000,0.0000000000,0.0000000000
320,6.4000000000,HANDOFF_READY,0,-0.1310000000,-0.1310000000,0.0000000000,0.0060000000,-0.0060000000,0.0000000000,-0.0350000000,0.0350000000,0.0000000000,0.2470000000,0.2470000000,0.0000000000,0.3000000000,0.3000000000,-0.1200000000,-0.1200000000,0.0000000000,0.1200000000,-0.1200000000,-0.0080000000,0.0080000000,0.0000000000,0.0000000000,0.8000000000,0.8000000000,0.0000000000,0.0000000000,0.0000000000,0.0000000000,0.0000000000,0.0000000000
321,6.4200000000,HANDOFF_READY,0,-0.1310000000,-0.1310000000,0.0000000000,0.0060000000,-0.0060000000,0.0000000000,-0.0350000000,0.0350000000,0.0000000000,0.2470000000,0.2470000000,0.0000000000,0.3000000000,0.3000000000,-0.1200000000,-0.1200000000,0.0000000000,0.1200000000,-0.1200000000,-0.0080000000,0.0080000000,0.0000000000,0.0000000000,0.8000000000,0.8000000000,0.0000000000,0.0000000000,0.0000000000,0.0000000000,0.0000000000,0.0000000000
322,6.4400000000,HANDOFF_READY,0,-0.1310000000,-0.1310000000,0.0000000000,0.0060000000,-0.0060000000,0.0000000000,-0.0350000000,0.0350000000,0.0000000000,0.2470000000,0.2470000000,0.0000000000,0.3000000000,0.3000000000,-0.1200000000,-0.1200000000,0.0000000000,0.1200000000,-0.1200000000,-0.0080000000,0.0080000000,0.0000000000,0.0000000000,0.8000000000,0.8000000000,0.0000000000,0.0000000000,0.0000000000,0.0000000000,0.0000000000,0.0000000000
323,6.4600000000,HANDOFF_READY,0,-0.1310000000,-0.1310000000,0.0000000000,0.0060000000,-0.0060000000,0.0000000000,-0.0350000000,0.0350000000,0.0000000000,0.2470000000,0.2470000000,0.0000000000,0.3000000000,0.3000000000,-0.1200000000,-0.1200000000,0.0000000000,0.1200000000,-0.1200000000,-0.0080000000,0.0080000000,0.0000000000,0.0000000000,0.8000000000,0.8000000000,0.0000000000,0.0000000000,0.0000000000,0.0000000000,0.0000000000,0.0000000000
324,6.4800000000,HANDOFF_READY,0,-0.1310000000,-0.1310000000,0.0000000000,0.0060000000,-0.0060000000,0.0000000000,-0.0350000000,0.0350000000,0.0000000000,0.2470000000,0.2470000000,0.0000000000,0.3000000000,0.3000000000,-0.1200000000,-0.1200000000,0.0000000000,0.1200000000,-0.1200000000,-0.0080000000,0.0080000000,0.0000000000,0.0000000000,0.8000000000,0.8000000000,0.0000000000,0.0000000000,0.0000000000,0.0000000000,0.0000000000,0.0000000000
325,6.5000000000,HANDOFF_READY,0,-0.1310000000,-0.1310000000,0.0000000000,0.0060000000,-0.0060000000,0.0000000000,-0.0350000000,0.0350000000,0.0000000000,0.2470000000,0.2470000000,0.0000000000,0.3000000000,0.3000000000,-0.1200000000,-0.1200000000,0.0000000000,0.1200000000,-0.1200000000,-0.0080000000,0.0080000000,0.0000000000,0.0000000000,0.8000000000,0.8000000000,0.0000000000,0.0000000000,0.0000000000,0.0000000000,0.0000000000,0.0000000000
326,6.5200000000,HANDOFF_READY,0,-0.1310000000,-0.1310000000,0.0000000000,0.0060000000,-0.0060000000,0.0000000000,-0.0350000000,0.0350000000,0.0000000000,0.2470000000,0.2470000000,0.0000000000,0.3000000000,0.3000000000,-0.1200000000,-0.1200000000,0.0000000000,0.1200000000,-0.1200000000,-0.0080000000,0.0080000000,0.0000000000,0.0000000000,0.8000000000,0.8000000000,0.0000000000,0.0000000000,0.0000000000,0.0000000000,0.0000000000,0.0000000000
327,6.5400000000,HANDOFF_READY,0,-0.1310000000,-0.1310000000,0.0000000000,0.0060000000,-0.0060000000,0.0000000000,-0.0350000000,0.0350000000,0.0000000000,0.2470000000,0.2470000000,0.0000000000,0.3000000000,0.3000000000,-0.1200000000,-0.1200000000,0.0000000000,0.1200000000,-0.1200000000,-0.0080000000,0.0080000000,0.0000000000,0.0000000000,0.8000000000,0.8000000000,0.0000000000,0.0000000000,0.0000000000,0.0000000000,0.0000000000,0.0000000000
328,6.5600000000,HANDOFF_READY,0,-0.1310000000,-0.1310000000,0.0000000000,0.0060000000,-0.0060000000,0.0000000000,-0.0350000000,0.0350000000,0.0000000000,0.2470000000,0.2470000000,0.0000000000,0.3000000000,0.3000000000,-0.1200000000,-0.1200000000,0.0000000000,0.1200000000,-0.1200000000,-0.0080000000,0.0080000000,0.0000000000,0.0000000000,0.8000000000,0.8000000000,0.0000000000,0.0000000000,0.0000000000,0.0000000000,0.0000000000,0.0000000000
329,6.5800000000,HANDOFF_READY,0,-0.1310000000,-0.1310000000,0.0000000000,0.0060000000,-0.0060000000,0.0000000000,-0.0350000000,0.0350000000,0.0000000000,0.2470000000,0.2470000000,0.0000000000,0.3000000000,0.3000000000,-0.1200000000,-0.1200000000,0.0000000000,0.1200000000,-0.1200000000,-0.0080000000,0.0080000000,0.0000000000,0.0000000000,0.8000000000,0.8000000000,0.0000000000,0.0000000000,0.0000000000,0.0000000000,0.0000000000,0.0000000000
330,6.6000000000,HANDOFF_READY,0,-0.1310000000,-0.1310000000,0.0000000000,0.0060000000,-0.0060000000,0.0000000000,-0.0350000000,0.0350000000,0.0000000000,0.2470000000,0.2470000000,0.0000000000,0.3000000000,0.3000000000,-0.1200000000,-0.1200000000,0.0000000000,0.1200000000,-0.1200000000,-0.0080000000,0.0080000000,0.0000000000,0.0000000000,0.8000000000,0.8000000000,0.0000000000,0.0000000000,0.0000000000,0.0000000000,0.0000000000,0.0000000000
331,6.6200000000,HANDOFF_READY,0,-0.1310000000,-0.1310000000,0.0000000000,0.0060000000,-0.0060000000,0.0000000000,-0.0350000000,0.0350000000,0.0000000000,0.2470000000,0.2470000000,0.0000000000,0.3000000000,0.3000000000,-0.1200000000,-0.1200000000,0.0000000000,0.1200000000,-0.1200000000,-0.0080000000,0.0080000000,0.0000000000,0.0000000000,0.8000000000,0.8000000000,0.0000000000,0.0000000000,0.0000000000,0.0000000000,0.0000000000,0.0000000000
332,6.6400000000,HANDOFF_READY,512,-0.1310000000,-0.1310000000,0.0000000000,0.0060000000,-0.0060000000,0.0000000000,-0.0350000000,0.0350000000,0.0000000000,0.2470000000,0.2470000000,0.0000000000,0.3000000000,0.3000000000,-0.1200000000,-0.1200000000,0.0000000000,0.1200000000,-0.1200000000,-0.0080000000,0.0080000000,0.0000000000,0.0000000000,0.8000000000,0.8000000000,0.0000000000,0.0000000000,0.0000000000,0.0000000000,0.0000000000,0.0000000000
